VARIANT DONE edaic30_encproj podfile 7.6 s
VARIANT DONE edaic30_encproj macfile 7.1 s
VARIANT DONE edaic30_encproj podfile_f64 8.1 s
VARIANT DONE edaic30_encproj podfile_thr8 10.6 s
VARIANT DONE edaic30_encproj podfile_ctHaswell 7.5 s
Fatal Python error: Illegal instruction

Current thread 0x00007b8e12940080 (most recent call first):
  File "/usr/local/lib/python3.12/dist-packages/sklearn/linear_model/_linear_loss.py", line 219 in weight_intercept_raw
  File "/usr/local/lib/python3.12/dist-packages/sklearn/linear_model/_linear_loss.py", line 337 in loss_gradient
  File "/usr/local/lib/python3.12/dist-packages/scipy/optimize/_optimize.py", line 74 in _compute_if_needed
  File "/usr/local/lib/python3.12/dist-packages/scipy/optimize/_optimize.py", line 80 in __call__
  File "/usr/local/lib/python3.12/dist-packages/scipy/_lib/_util.py", line 544 in __call__
  File "/usr/local/lib/python3.12/dist-packages/scipy/optimize/_differentiable_functions.py", line 362 in _update_fun
  File "/usr/local/lib/python3.12/dist-packages/scipy/optimize/_differentiable_functions.py", line 283 in __init__
  File "/usr/local/lib/python3.12/dist-packages/scipy/optimize/_optimize.py", line 310 in _prepare_scalar_function
  File "/usr/local/lib/python3.12/dist-packages/scipy/optimize/_lbfgsb_py.py", line 362 in _minimize_lbfgsb
  File "/usr/local/lib/python3.12/dist-packages/scipy/optimize/_minimize.py", line 784 in minimize
  File "/usr/local/lib/python3.12/dist-packages/sklearn/linear_model/_logistic.py", line 584 in _logistic_regression_path
  File "/usr/local/lib/python3.12/dist-packages/sklearn/linear_model/_logistic.py", line 1523 in fit
  File "/usr/local/lib/python3.12/dist-packages/sklearn/base.py", line 1403 in wrapper
  File "/workspace/t5_variant.py", line 22 in layer_oof
  File "/usr/local/lib/python3.12/dist-packages/joblib/parallel.py", line 607 in __call__
  File "/usr/local/lib/python3.12/dist-packages/joblib/externals/loky/process_executor.py", line 291 in __call__
  File "/usr/local/lib/python3.12/dist-packages/joblib/externals/loky/process_executor.py", line 490 in _process_worker
  File "/usr/lib/python3.12/multiprocessing/process.py", line 108 in run
  File "/usr/lib/python3.12/multiprocessing/process.py", line 314 in _bootstrap
  File "/usr/local/lib/python3.12/dist-packages/joblib/externals/loky/backend/popen_loky_posix.py", line 180 in <module>
  File "<frozen runpy>", line 88 in _run_code
  File "<frozen runpy>", line 198 in _run_module_as_main

Extension modules: psutil._psutil_linux, psutil._psutil_posix, numpy._core._multiarray_umath, numpy.linalg._umath_linalg, sklearn.__check_build._check_build, _cyutility, scipy._cyutility, scipy._lib._ccallback_c, scipy.sparse._sparsetools, charset_normalizer.md, numpy.random._common, numpy.random.bit_generator, numpy.random._bounded_integers, numpy.random._mt19937, numpy.random.mtrand, numpy.random._philox, numpy.random._pcg64, numpy.random._sfc64, numpy.random._generator, _csparsetools, scipy.sparse._csparsetools, scipy.special._ufuncs_cxx, scipy.linalg._fblas, scipy.linalg._flapack, scipy.linalg._batched_linalg, scipy.linalg._cythonized_array_utils, scipy.linalg._solve_toeplitz, scipy.linalg._internal_matfuncs, scipy.linalg._linalg_pythran, scipy.linalg.cython_blas, scipy.linalg.cython_lapack, scipy.linalg._decomp_update, scipy.special._ellip_harm_2, scipy.special._special_ufuncs, scipy.special._gufuncs, scipy.special._ufuncs, scipy.special._specfun, scipy.special._comb, scipy.sparse.linalg._dsolve._superlu, scipy.sparse.linalg._eigen.arpack._arpacklib, scipy.sparse.linalg._propack, scipy.spatial._ckdtree, scipy.spatial._hausdorff, scipy.spatial._distance_wrap, scipy._lib.messagestream, scipy.spatial._qhull, scipy.spatial._voronoi, scipy.spatial.transform._rotation_cy, scipy.spatial.transform._rigid_transform_cy, scipy.optimize._group_columns, scipy.optimize._trlib._trlib, scipy.optimize._lbfgsb, _moduleTNC, scipy.optimize._moduleTNC, scipy.optimize._slsqplib, scipy.optimize._minpack, scipy.optimize._lsq.givens_elimination, scipy.optimize._zeros, scipy._lib._uarray._uarray, scipy.linalg._decomp_interpolative, scipy.optimize._bglu_dense, scipy.optimize._lsap, scipy.optimize._direct, scipy.integrate._odepack, scipy.integrate._quadpack, scipy.integrate._vode, scipy.integrate._dop, scipy.interpolate._fitpack, scipy.interpolate._dierckx, scipy.interpolate._ppoly, scipy.interpolate._interpnd, scipy.interpolate._rbfinterp_pythran, scipy.interpolate._rgi_cython, scipy.special.cython_special, scipy.stats._stats, scipy.stats._biasedurn, scipy.stats._levy_stable.levyst, scipy.stats._stats_pythran, scipy.stats._ansari_swilk_statistics, scipy.sparse.csgraph._tools, scipy.sparse.csgraph._shortest_path, scipy.sparse.csgraph._traversal, scipy.sparse.csgraph._min_spanning_tree, scipy.sparse.csgraph._flow, scipy.sparse.csgraph._matching, scipy.sparse.csgraph._reordering, scipy.stats._sobol, scipy.stats._qmc_cy, scipy.stats._rcont.rcont, scipy.stats._qmvnt_cy, scipy.ndimage._nd_image, scipy.ndimage._rank_filter_1d, _ni_label, scipy.ndimage._ni_label, pandas._libs._cyutility, pandas._libs.tslibs.ccalendar, pandas._libs.tslibs.np_datetime, pandas._libs.tslibs.dtypes, pandas._libs.tslibs.base, pandas._libs.tslibs.nattype, pandas._libs.tslibs.timezones, pandas._libs.properties, pandas._libs.tslibs.fields, pandas._libs.tslibs.timedeltas, pandas._libs.tslibs.tzconversion, pandas._libs.tslibs.timestamps, pandas._libs.tslibs.offsets, pandas._libs.tslibs.strptime, pandas._libs.tslibs.parsing, pandas._libs.tslibs.conversion, pandas._libs.tslibs.period, pandas._libs.tslibs.vectorized, pandas._libs.ops_dispatch, pandas._libs.missing, pandas._libs.hashtable, pandas._libs.algos, pandas._libs.interval, pandas._libs.lib, pandas._libs.ops, pandas._libs.hashing, pandas._libs.arrays, pandas._libs.tslib, pandas._libs.sparse, pandas._libs.internals, pandas._libs.indexing, pandas._libs.index, pandas._libs.writers, pandas._libs.join, pandas._libs.window.aggregations, pandas._libs.window.indexers, pandas._libs.reshape, pandas._libs.groupby, pandas._libs.json, pandas._libs.parsers, pandas._libs.testing, sklearn._cyutility, sklearn.utils._isfinite, sklearn.utils.sparsefuncs_fast, sklearn.utils.murmurhash, sklearn.utils._openmp_helpers, sklearn.preprocessing._csr_polynomial_expansion, sklearn.preprocessing._target_encoder_fast, sklearn.utils._random, sklearn.utils._seq_dataset, sklearn.utils._cython_blas, sklearn.linear_model._cd_fast, sklearn.metrics.cluster._expected_mutual_info_fast, sklearn.metrics._dist_metrics, sklearn.metrics._pairwise_distances_reduction._datasets_pair, sklearn.metrics._pairwise_distances_reduction._base, sklearn.metrics._pairwise_distances_reduction._middle_term_computer, sklearn.utils._heap, sklearn.utils._sorting, sklearn.metrics._pairwise_distances_reduction._argkmin, sklearn.metrics._pairwise_distances_reduction._argkmin_classmode, sklearn.utils._vector_sentinel, sklearn.metrics._pairwise_distances_reduction._radius_neighbors, sklearn.metrics._pairwise_distances_reduction._radius_neighbors_classmode, sklearn.metrics._pairwise_fast, sklearn._loss._loss, sklearn.utils.arrayfuncs, sklearn.linear_model._sag_fast, sklearn.svm._liblinear, sklearn.svm._libsvm, sklearn.svm._libsvm_sparse, sklearn.utils._weight_vector, sklearn.linear_model._sgd_fast (total: 167)
Fatal Python error: Illegal instruction

Current thread 0x000079231636b080 (most recent call first):
  File "/usr/local/lib/python3.12/dist-packages/sklearn/linear_model/_linear_loss.py", line 219 in weight_intercept_raw
  File "/usr/local/lib/python3.12/dist-packages/sklearn/linear_model/_linear_loss.py", line 337 in loss_gradient
  File "/usr/local/lib/python3.12/dist-packages/scipy/optimize/_optimize.py", line 74 in _compute_if_needed
  File "/usr/local/lib/python3.12/dist-packages/scipy/optimize/_optimize.py", line 80 in __call__
  File "/usr/local/lib/python3.12/dist-packages/scipy/_lib/_util.py", line 544 in __call__
  File "/usr/local/lib/python3.12/dist-packages/scipy/optimize/_differentiable_functions.py", line 362 in _update_fun
  File "/usr/local/lib/python3.12/dist-packages/scipy/optimize/_differentiable_functions.py", line 283 in __init__
  File "/usr/local/lib/python3.12/dist-packages/scipy/optimize/_optimize.py", line 310 in _prepare_scalar_function
  File "/usr/local/lib/python3.12/dist-packages/scipy/optimize/_lbfgsb_py.py", line 362 in _minimize_lbfgsb
  File "/usr/local/lib/python3.12/dist-packages/scipy/optimize/_minimize.py", line 784 in minimize
  File "/usr/local/lib/python3.12/dist-packages/sklearn/linear_model/_logistic.py", line 584 in _logistic_regression_path
  File "/usr/local/lib/python3.12/dist-packages/sklearn/linear_model/_logistic.py", line 1523 in fit
  File "/usr/local/lib/python3.12/dist-packages/sklearn/base.py", line 1403 in wrapper
  File "/workspace/t5_variant.py", line 22 in layer_oof
  File "/usr/local/lib/python3.12/dist-packages/joblib/parallel.py", line 607 in __call__
  File "/usr/local/lib/python3.12/dist-packages/joblib/externals/loky/process_executor.py", line 291 in __call__
  File "/usr/local/lib/python3.12/dist-packages/joblib/externals/loky/process_executor.py", line 490 in _process_worker
  File "/usr/lib/python3.12/multiprocessing/process.py", line 108 in run
  File "/usr/lib/python3.12/multiprocessing/process.py", line 314 in _bootstrap
  File "/usr/local/lib/python3.12/dist-packages/joblib/externals/loky/backend/popen_loky_posix.py", line 180 in <module>
  File "<frozen runpy>", line 88 in _run_code
  File "<frozen runpy>", line 198 in _run_module_as_main

Extension modules: psutil._psutil_linux, psutil._psutil_posix, numpy._core._multiarray_umath, numpy.linalg._umath_linalg, sklearn.__check_build._check_build, _cyutility, scipy._cyutility, scipy._lib._ccallback_c, scipy.sparse._sparsetools, numpy.random._common, numpy.random.bit_generator, numpy.random._bounded_integers, numpy.random._mt19937, numpy.random.mtrand, numpy.random._philox, numpy.random._pcg64, numpy.random._sfc64, numpy.random._generator, charset_normalizer.md, _csparsetools, scipy.sparse._csparsetools, scipy.special._ufuncs_cxx, scipy.linalg._fblas, scipy.linalg._flapack, scipy.linalg._batched_linalg, scipy.linalg._cythonized_array_utils, scipy.linalg._solve_toeplitz, scipy.linalg._internal_matfuncs, scipy.linalg._linalg_pythran, scipy.linalg.cython_blas, scipy.linalg.cython_lapack, scipy.linalg._decomp_update, scipy.special._ellip_harm_2, scipy.special._special_ufuncs, scipy.special._gufuncs, scipy.special._ufuncs, scipy.special._specfun, scipy.special._comb, scipy.sparse.linalg._dsolve._superlu, scipy.sparse.linalg._eigen.arpack._arpacklib, scipy.sparse.linalg._propack, scipy.spatial._ckdtree, scipy.spatial._hausdorff, scipy.spatial._distance_wrap, scipy._lib.messagestream, scipy.spatial._qhull, scipy.spatial._voronoi, scipy.spatial.transform._rotation_cy, scipy.spatial.transform._rigid_transform_cy, scipy.optimize._group_columns, scipy.optimize._trlib._trlib, scipy.optimize._lbfgsb, _moduleTNC, scipy.optimize._moduleTNC, scipy.optimize._slsqplib, scipy.optimize._minpack, scipy.optimize._lsq.givens_elimination, scipy.optimize._zeros, scipy._lib._uarray._uarray, scipy.linalg._decomp_interpolative, scipy.optimize._bglu_dense, scipy.optimize._lsap, scipy.optimize._direct, scipy.integrate._odepack, scipy.integrate._quadpack, scipy.integrate._vode, scipy.integrate._dop, scipy.interpolate._fitpack, scipy.interpolate._dierckx, scipy.interpolate._ppoly, scipy.interpolate._interpnd, scipy.interpolate._rbfinterp_pythran, scipy.interpolate._rgi_cython, scipy.special.cython_special, scipy.stats._stats, scipy.stats._biasedurn, scipy.stats._levy_stable.levyst, scipy.stats._stats_pythran, scipy.stats._ansari_swilk_statistics, scipy.sparse.csgraph._tools, scipy.sparse.csgraph._shortest_path, scipy.sparse.csgraph._traversal, scipy.sparse.csgraph._min_spanning_tree, scipy.sparse.csgraph._flow, scipy.sparse.csgraph._matching, scipy.sparse.csgraph._reordering, scipy.stats._sobol, scipy.stats._qmc_cy, scipy.stats._rcont.rcont, scipy.stats._qmvnt_cy, scipy.ndimage._nd_image, scipy.ndimage._rank_filter_1d, _ni_label, scipy.ndimage._ni_label, pandas._libs._cyutility, pandas._libs.tslibs.ccalendar, pandas._libs.tslibs.np_datetime, pandas._libs.tslibs.dtypes, pandas._libs.tslibs.base, pandas._libs.tslibs.nattype, pandas._libs.tslibs.timezones, pandas._libs.properties, pandas._libs.tslibs.fields, pandas._libs.tslibs.timedeltas, pandas._libs.tslibs.tzconversion, pandas._libs.tslibs.timestamps, pandas._libs.tslibs.offsets, pandas._libs.tslibs.strptime, pandas._libs.tslibs.parsing, pandas._libs.tslibs.conversion, pandas._libs.tslibs.period, pandas._libs.tslibs.vectorized, pandas._libs.ops_dispatch, pandas._libs.missing, pandas._libs.hashtable, pandas._libs.algos, pandas._libs.interval, pandas._libs.lib, pandas._libs.ops, pandas._libs.hashing, pandas._libs.arrays, pandas._libs.tslib, pandas._libs.sparse, pandas._libs.internals, pandas._libs.indexing, pandas._libs.index, pandas._libs.writers, pandas._libs.join, pandas._libs.window.aggregations, pandas._libs.window.indexers, pandas._libs.reshape, pandas._libs.groupby, pandas._libs.json, pandas._libs.parsers, pandas._libs.testing, sklearn._cyutility, sklearn.utils._isfinite, sklearn.utils.sparsefuncs_fast, sklearn.utils.murmurhash, sklearn.utils._openmp_helpers, sklearn.preprocessing._csr_polynomial_expansion, sklearn.preprocessing._target_encoder_fast, sklearn.utils._random, sklearn.utils._seq_dataset, sklearn.utils._cython_blas, sklearn.linear_model._cd_fast, sklearn.metrics.cluster._expected_mutual_info_fast, sklearn.metrics._dist_metrics, sklearn.metrics._pairwise_distances_reduction._datasets_pair, sklearn.metrics._pairwise_distances_reduction._base, sklearn.metrics._pairwise_distances_reduction._middle_term_computer, sklearn.utils._heap, sklearn.utils._sorting, sklearn.metrics._pairwise_distances_reduction._argkmin, sklearn.metrics._pairwise_distances_reduction._argkmin_classmode, sklearn.utils._vector_sentinel, sklearn.metrics._pairwise_distances_reduction._radius_neighbors, sklearn.metrics._pairwise_distances_reduction._radius_neighbors_classmode, sklearn.metrics._pairwise_fast, sklearn._loss._loss, sklearn.utils.arrayfuncs, sklearn.linear_model._sag_fast, sklearn.svm._liblinear, sklearn.svm._libsvm, sklearn.svm._libsvm_sparse, sklearn.utils._weight_vector, sklearn.linear_model._sgd_fast (total: 167)
Fatal Python error: Illegal instruction

Current thread 0x000078b22203a080 (most recent call first):
  File "/usr/local/lib/python3.12/dist-packages/sklearn/linear_model/_linear_loss.py", line 219 in weight_intercept_raw
  File "/usr/local/lib/python3.12/dist-packages/sklearn/linear_model/_linear_loss.py", line 337 in loss_gradient
  File "/usr/local/lib/python3.12/dist-packages/scipy/optimize/_optimize.py", line 74 in _compute_if_needed
  File "/usr/local/lib/python3.12/dist-packages/scipy/optimize/_optimize.py", line 80 in __call__
  File "/usr/local/lib/python3.12/dist-packages/scipy/_lib/_util.py", line 544 in __call__
  File "/usr/local/lib/python3.12/dist-packages/scipy/optimize/_differentiable_functions.py", line 362 in _update_fun
  File "/usr/local/lib/python3.12/dist-packages/scipy/optimize/_differentiable_functions.py", line 283 in __init__
  File "/usr/local/lib/python3.12/dist-packages/scipy/optimize/_optimize.py", line 310 in _prepare_scalar_function
  File "/usr/local/lib/python3.12/dist-packages/scipy/optimize/_lbfgsb_py.py", line 362 in _minimize_lbfgsb
  File "/usr/local/lib/python3.12/dist-packages/scipy/optimize/_minimize.py", line 784 in minimize
  File "/usr/local/lib/python3.12/dist-packages/sklearn/linear_model/_logistic.py", line 584 in _logistic_regression_path
  File "/usr/local/lib/python3.12/dist-packages/sklearn/linear_model/_logistic.py", line 1523 in fit
  File "/usr/local/lib/python3.12/dist-packages/sklearn/base.py", line 1403 in wrapper
  File "/workspace/t5_variant.py", line 22 in layer_oof
  File "/usr/local/lib/python3.12/dist-packages/joblib/parallel.py", line 607 in __call__
  File "/usr/local/lib/python3.12/dist-packages/joblib/externals/loky/process_executor.py", line 291 in __call__
  File "/usr/local/lib/python3.12/dist-packages/joblib/externals/loky/process_executor.py", line 490 in _process_worker
  File "/usr/lib/python3.12/multiprocessing/process.py", line 108 in run
  File "/usr/lib/python3.12/multiprocessing/process.py", line 314 in _bootstrap
  File "/usr/local/lib/python3.12/dist-packages/joblib/externals/loky/backend/popen_loky_posix.py", line 180 in <module>
  File "<frozen runpy>", line 88 in _run_code
  File "<frozen runpy>", line 198 in _run_module_as_main

Extension modules: psutil._psutil_linux, psutil._psutil_posix, numpy._core._multiarray_umath, numpy.linalg._umath_linalg, sklearn.__check_build._check_build, _cyutility, scipy._cyutility, scipy._lib._ccallback_c, scipy.sparse._sparsetools, charset_normalizer.md, numpy.random._common, numpy.random.bit_generator, numpy.random._bounded_integers, numpy.random._mt19937, numpy.random.mtrand, numpy.random._philox, numpy.random._pcg64, numpy.random._sfc64, numpy.random._generator, _csparsetools, scipy.sparse._csparsetools, scipy.special._ufuncs_cxx, scipy.linalg._fblas, scipy.linalg._flapack, scipy.linalg._batched_linalg, scipy.linalg._cythonized_array_utils, scipy.linalg._solve_toeplitz, scipy.linalg._internal_matfuncs, scipy.linalg._linalg_pythran, scipy.linalg.cython_blas, scipy.linalg.cython_lapack, scipy.linalg._decomp_update, scipy.special._ellip_harm_2, scipy.special._special_ufuncs, scipy.special._gufuncs, scipy.special._ufuncs, scipy.special._specfun, scipy.special._comb, scipy.sparse.linalg._dsolve._superlu, scipy.sparse.linalg._eigen.arpack._arpacklib, scipy.sparse.linalg._propack, scipy.spatial._ckdtree, scipy.spatial._hausdorff, scipy.spatial._distance_wrap, scipy._lib.messagestream, scipy.spatial._qhull, scipy.spatial._voronoi, scipy.spatial.transform._rotation_cy, scipy.spatial.transform._rigid_transform_cy, scipy.optimize._group_columns, scipy.optimize._trlib._trlib, scipy.optimize._lbfgsb, _moduleTNC, scipy.optimize._moduleTNC, scipy.optimize._slsqplib, scipy.optimize._minpack, scipy.optimize._lsq.givens_elimination, scipy.optimize._zeros, scipy._lib._uarray._uarray, scipy.linalg._decomp_interpolative, scipy.optimize._bglu_dense, scipy.optimize._lsap, scipy.optimize._direct, scipy.integrate._odepack, scipy.integrate._quadpack, scipy.integrate._vode, scipy.integrate._dop, scipy.interpolate._fitpack, scipy.interpolate._dierckx, scipy.interpolate._ppoly, scipy.interpolate._interpnd, scipy.interpolate._rbfinterp_pythran, scipy.interpolate._rgi_cython, scipy.special.cython_special, scipy.stats._stats, scipy.stats._biasedurn, scipy.stats._levy_stable.levyst, scipy.stats._stats_pythran, scipy.stats._ansari_swilk_statistics, scipy.sparse.csgraph._tools, scipy.sparse.csgraph._shortest_path, scipy.sparse.csgraph._traversal, scipy.sparse.csgraph._min_spanning_tree, scipy.sparse.csgraph._flow, scipy.sparse.csgraph._matching, scipy.sparse.csgraph._reordering, scipy.stats._sobol, scipy.stats._qmc_cy, scipy.stats._rcont.rcont, scipy.stats._qmvnt_cy, scipy.ndimage._nd_image, scipy.ndimage._rank_filter_1d, _ni_label, scipy.ndimage._ni_label, pandas._libs._cyutility, pandas._libs.tslibs.ccalendar, pandas._libs.tslibs.np_datetime, pandas._libs.tslibs.dtypes, pandas._libs.tslibs.base, pandas._libs.tslibs.nattype, pandas._libs.tslibs.timezones, pandas._libs.properties, pandas._libs.tslibs.fields, pandas._libs.tslibs.timedeltas, pandas._libs.tslibs.tzconversion, pandas._libs.tslibs.timestamps, pandas._libs.tslibs.offsets, pandas._libs.tslibs.strptime, pandas._libs.tslibs.parsing, pandas._libs.tslibs.conversion, pandas._libs.tslibs.period, pandas._libs.tslibs.vectorized, pandas._libs.ops_dispatch, pandas._libs.missing, pandas._libs.hashtable, pandas._libs.algos, pandas._libs.interval, pandas._libs.lib, pandas._libs.ops, pandas._libs.hashing, pandas._libs.arrays, pandas._libs.tslib, pandas._libs.sparse, pandas._libs.internals, pandas._libs.indexing, pandas._libs.index, pandas._libs.writers, pandas._libs.join, pandas._libs.window.aggregations, pandas._libs.window.indexers, pandas._libs.reshape, pandas._libs.groupby, pandas._libs.json, pandas._libs.parsers, pandas._libs.testing, sklearn._cyutility, sklearn.utils._isfinite, sklearn.utils.sparsefuncs_fast, sklearn.utils.murmurhash, sklearn.utils._openmp_helpers, sklearn.preprocessing._csr_polynomial_expansion, sklearn.preprocessing._target_encoder_fast, sklearn.utils._random, sklearn.utils._seq_dataset, sklearn.utils._cython_blas, sklearn.linear_model._cd_fast, sklearn.metrics.cluster._expected_mutual_info_fast, sklearn.metrics._dist_metrics, sklearn.metrics._pairwise_distances_reduction._datasets_pair, sklearn.metrics._pairwise_distances_reduction._base, sklearn.metrics._pairwise_distances_reduction._middle_term_computer, sklearn.utils._heap, sklearn.utils._sorting, sklearn.metrics._pairwise_distances_reduction._argkmin, sklearn.metrics._pairwise_distances_reduction._argkmin_classmode, sklearn.utils._vector_sentinel, sklearn.metrics._pairwise_distances_reduction._radius_neighbors, sklearn.metrics._pairwise_distances_reduction._radius_neighbors_classmode, sklearn.metrics._pairwise_fast, sklearn._loss._loss, sklearn.utils.arrayfuncs, sklearn.linear_model._sag_fast, sklearn.svm._liblinear, sklearn.svm._libsvm, sklearn.svm._libsvm_sparse, sklearn.utils._weight_vector, sklearn.linear_model._sgd_fast (total: 167)
Fatal Python error: Illegal instruction

Current thread 0x000079bc9e649080 (most recent call first):
  File "/usr/local/lib/python3.12/dist-packages/sklearn/linear_model/_linear_loss.py", line 219 in weight_intercept_raw
  File "/usr/local/lib/python3.12/dist-packages/sklearn/linear_model/_linear_loss.py", line 337 in loss_gradient
  File "/usr/local/lib/python3.12/dist-packages/scipy/optimize/_optimize.py", line 74 in _compute_if_needed
  File "/usr/local/lib/python3.12/dist-packages/scipy/optimize/_optimize.py", line 80 in __call__
  File "/usr/local/lib/python3.12/dist-packages/scipy/_lib/_util.py", line 544 in __call__
  File "/usr/local/lib/python3.12/dist-packages/scipy/optimize/_differentiable_functions.py", line 362 in _update_fun
  File "/usr/local/lib/python3.12/dist-packages/scipy/optimize/_differentiable_functions.py", line 283 in __init__
  File "/usr/local/lib/python3.12/dist-packages/scipy/optimize/_optimize.py", line 310 in _prepare_scalar_function
  File "/usr/local/lib/python3.12/dist-packages/scipy/optimize/_lbfgsb_py.py", line 362 in _minimize_lbfgsb
  File "/usr/local/lib/python3.12/dist-packages/scipy/optimize/_minimize.py", line 784 in minimize
  File "/usr/local/lib/python3.12/dist-packages/sklearn/linear_model/_logistic.py", line 584 in _logistic_regression_path
  File "/usr/local/lib/python3.12/dist-packages/sklearn/linear_model/_logistic.py", line 1523 in fit
  File "/usr/local/lib/python3.12/dist-packages/sklearn/base.py", line 1403 in wrapper
  File "/workspace/t5_variant.py", line 22 in layer_oof
  File "/usr/local/lib/python3.12/dist-packages/joblib/parallel.py", line 607 in __call__
  File "/usr/local/lib/python3.12/dist-packages/joblib/externals/loky/process_executor.py", line 291 in __call__
  File "/usr/local/lib/python3.12/dist-packages/joblib/externals/loky/process_executor.py", line 490 in _process_worker
  File "/usr/lib/python3.12/multiprocessing/process.py", line 108 in run
  File "/usr/lib/python3.12/multiprocessing/process.py", line 314 in _bootstrap
  File "/usr/local/lib/python3.12/dist-packages/joblib/externals/loky/backend/popen_loky_posix.py", line 180 in <module>
  File "<frozen runpy>", line 88 in _run_code
  File "<frozen runpy>", line 198 in _run_module_as_main

Extension modules: psutil._psutil_linux, psutil._psutil_posix, numpy._core._multiarray_umath, numpy.linalg._umath_linalg, sklearn.__check_build._check_build, _cyutility, scipy._cyutility, scipy._lib._ccallback_c, scipy.sparse._sparsetools, numpy.random._common, numpy.random.bit_generator, numpy.random._bounded_integers, numpy.random._mt19937, numpy.random.mtrand, numpy.random._philox, numpy.random._pcg64, numpy.random._sfc64, numpy.random._generator, charset_normalizer.md, _csparsetools, scipy.sparse._csparsetools, scipy.special._ufuncs_cxx, scipy.linalg._fblas, scipy.linalg._flapack, scipy.linalg._batched_linalg, scipy.linalg._cythonized_array_utils, scipy.linalg._solve_toeplitz, scipy.linalg._internal_matfuncs, scipy.linalg._linalg_pythran, scipy.linalg.cython_blas, scipy.linalg.cython_lapack, scipy.linalg._decomp_update, scipy.special._ellip_harm_2, scipy.special._special_ufuncs, scipy.special._gufuncs, scipy.special._ufuncs, scipy.special._specfun, scipy.special._comb, scipy.sparse.linalg._dsolve._superlu, scipy.sparse.linalg._eigen.arpack._arpacklib, scipy.sparse.linalg._propack, scipy.spatial._ckdtree, scipy.spatial._hausdorff, scipy.spatial._distance_wrap, scipy._lib.messagestream, scipy.spatial._qhull, scipy.spatial._voronoi, scipy.spatial.transform._rotation_cy, scipy.spatial.transform._rigid_transform_cy, scipy.optimize._group_columns, scipy.optimize._trlib._trlib, scipy.optimize._lbfgsb, _moduleTNC, scipy.optimize._moduleTNC, scipy.optimize._slsqplib, scipy.optimize._minpack, scipy.optimize._lsq.givens_elimination, scipy.optimize._zeros, scipy._lib._uarray._uarray, scipy.linalg._decomp_interpolative, scipy.optimize._bglu_dense, scipy.optimize._lsap, scipy.optimize._direct, scipy.integrate._odepack, scipy.integrate._quadpack, scipy.integrate._vode, scipy.integrate._dop, scipy.interpolate._fitpack, scipy.interpolate._dierckx, scipy.interpolate._ppoly, scipy.interpolate._interpnd, scipy.interpolate._rbfinterp_pythran, scipy.interpolate._rgi_cython, scipy.special.cython_special, scipy.stats._stats, scipy.stats._biasedurn, scipy.stats._levy_stable.levyst, scipy.stats._stats_pythran, scipy.stats._ansari_swilk_statistics, scipy.sparse.csgraph._tools, scipy.sparse.csgraph._shortest_path, scipy.sparse.csgraph._traversal, scipy.sparse.csgraph._min_spanning_tree, scipy.sparse.csgraph._flow, scipy.sparse.csgraph._matching, scipy.sparse.csgraph._reordering, scipy.stats._sobol, scipy.stats._qmc_cy, scipy.stats._rcont.rcont, scipy.stats._qmvnt_cy, scipy.ndimage._nd_image, scipy.ndimage._rank_filter_1d, _ni_label, scipy.ndimage._ni_label, pandas._libs._cyutility, pandas._libs.tslibs.ccalendar, pandas._libs.tslibs.np_datetime, pandas._libs.tslibs.dtypes, pandas._libs.tslibs.base, pandas._libs.tslibs.nattype, pandas._libs.tslibs.timezones, pandas._libs.properties, pandas._libs.tslibs.fields, pandas._libs.tslibs.timedeltas, pandas._libs.tslibs.tzconversion, pandas._libs.tslibs.timestamps, pandas._libs.tslibs.offsets, pandas._libs.tslibs.strptime, pandas._libs.tslibs.parsing, pandas._libs.tslibs.conversion, pandas._libs.tslibs.period, pandas._libs.tslibs.vectorized, pandas._libs.ops_dispatch, pandas._libs.missing, pandas._libs.hashtable, pandas._libs.algos, pandas._libs.interval, pandas._libs.lib, pandas._libs.ops, pandas._libs.hashing, pandas._libs.arrays, pandas._libs.tslib, pandas._libs.sparse, pandas._libs.internals, pandas._libs.indexing, pandas._libs.index, pandas._libs.writers, pandas._libs.join, pandas._libs.window.aggregations, pandas._libs.window.indexers, pandas._libs.reshape, pandas._libs.groupby, pandas._libs.json, pandas._libs.parsers, pandas._libs.testing, sklearn._cyutility, sklearn.utils._isfinite, sklearn.utils.sparsefuncs_fast, sklearn.utils.murmurhash, sklearn.utils._openmp_helpers, sklearn.preprocessing._csr_polynomial_expansion, sklearn.preprocessing._target_encoder_fast, sklearn.utils._random, sklearn.utils._seq_dataset, sklearn.utils._cython_blas, sklearn.linear_model._cd_fast, sklearn.metrics.cluster._expected_mutual_info_fast, sklearn.metrics._dist_metrics, sklearn.metrics._pairwise_distances_reduction._datasets_pair, sklearn.metrics._pairwise_distances_reduction._base, sklearn.metrics._pairwise_distances_reduction._middle_term_computer, sklearn.utils._heap, sklearn.utils._sorting, sklearn.metrics._pairwise_distances_reduction._argkmin, sklearn.metrics._pairwise_distances_reduction._argkmin_classmode, sklearn.utils._vector_sentinel, sklearn.metrics._pairwise_distances_reduction._radius_neighbors, sklearn.metrics._pairwise_distances_reduction._radius_neighbors_classmode, sklearn.metrics._pairwise_fast, sklearn._loss._loss, sklearn.utils.arrayfuncs, sklearn.linear_model._sag_fast, sklearn.svm._liblinear, sklearn.svm._libsvm, sklearn.svm._libsvm_sparse, sklearn.utils._weight_vector, sklearn.linear_model._sgd_fast (total: 167)
Fatal Python error: Illegal instruction

Current thread 0x000076b8ab46c080 (most recent call first):
  File "/usr/local/lib/python3.12/dist-packages/sklearn/linear_model/_linear_loss.py", line 219 in weight_intercept_raw
  File "/usr/local/lib/python3.12/dist-packages/sklearn/linear_model/_linear_loss.py", line 337 in loss_gradient
  File "/usr/local/lib/python3.12/dist-packages/scipy/optimize/_optimize.py", line 74 in _compute_if_needed
  File "/usr/local/lib/python3.12/dist-packages/scipy/optimize/_optimize.py", line 80 in __call__
  File "/usr/local/lib/python3.12/dist-packages/scipy/_lib/_util.py", line 544 in __call__
  File "/usr/local/lib/python3.12/dist-packages/scipy/optimize/_differentiable_functions.py", line 362 in _update_fun
  File "/usr/local/lib/python3.12/dist-packages/scipy/optimize/_differentiable_functions.py", line 283 in __init__
  File "/usr/local/lib/python3.12/dist-packages/scipy/optimize/_optimize.py", line 310 in _prepare_scalar_function
  File "/usr/local/lib/python3.12/dist-packages/scipy/optimize/_lbfgsb_py.py", line 362 in _minimize_lbfgsb
  File "/usr/local/lib/python3.12/dist-packages/scipy/optimize/_minimize.py", line 784 in minimize
  File "/usr/local/lib/python3.12/dist-packages/sklearn/linear_model/_logistic.py", line 584 in _logistic_regression_path
  File "/usr/local/lib/python3.12/dist-packages/sklearn/linear_model/_logistic.py", line 1523 in fit
  File "/usr/local/lib/python3.12/dist-packages/sklearn/base.py", line 1403 in wrapper
  File "/workspace/t5_variant.py", line 22 in layer_oof
  File "/usr/local/lib/python3.12/dist-packages/joblib/parallel.py", line 607 in __call__
  File "/usr/local/lib/python3.12/dist-packages/joblib/externals/loky/process_executor.py", line 291 in __call__
  File "/usr/local/lib/python3.12/dist-packages/joblib/externals/loky/process_executor.py", line 490 in _process_worker
  File "/usr/lib/python3.12/multiprocessing/process.py", line 108 in run
  File "/usr/lib/python3.12/multiprocessing/process.py", line 314 in _bootstrap
  File "/usr/local/lib/python3.12/dist-packages/joblib/externals/loky/backend/popen_loky_posix.py", line 180 in <module>
  File "<frozen runpy>", line 88 in _run_code
  File "<frozen runpy>", line 198 in _run_module_as_main

Extension modules: psutil._psutil_linux, psutil._psutil_posix, numpy._core._multiarray_umath, numpy.linalg._umath_linalg, sklearn.__check_build._check_build, _cyutility, scipy._cyutility, scipy._lib._ccallback_c, scipy.sparse._sparsetools, charset_normalizer.md, numpy.random._common, numpy.random.bit_generator, numpy.random._bounded_integers, numpy.random._mt19937, numpy.random.mtrand, numpy.random._philox, numpy.random._pcg64, numpy.random._sfc64, numpy.random._generator, _csparsetools, scipy.sparse._csparsetools, scipy.special._ufuncs_cxx, scipy.linalg._fblas, scipy.linalg._flapack, scipy.linalg._batched_linalg, scipy.linalg._cythonized_array_utils, scipy.linalg._solve_toeplitz, scipy.linalg._internal_matfuncs, scipy.linalg._linalg_pythran, scipy.linalg.cython_blas, scipy.linalg.cython_lapack, scipy.linalg._decomp_update, scipy.special._ellip_harm_2, scipy.special._special_ufuncs, scipy.special._gufuncs, scipy.special._ufuncs, scipy.special._specfun, scipy.special._comb, scipy.sparse.linalg._dsolve._superlu, scipy.sparse.linalg._eigen.arpack._arpacklib, scipy.sparse.linalg._propack, scipy.spatial._ckdtree, scipy.spatial._hausdorff, scipy.spatial._distance_wrap, scipy._lib.messagestream, scipy.spatial._qhull, scipy.spatial._voronoi, scipy.spatial.transform._rotation_cy, scipy.spatial.transform._rigid_transform_cy, scipy.optimize._group_columns, scipy.optimize._trlib._trlib, scipy.optimize._lbfgsb, _moduleTNC, scipy.optimize._moduleTNC, scipy.optimize._slsqplib, scipy.optimize._minpack, scipy.optimize._lsq.givens_elimination, scipy.optimize._zeros, scipy._lib._uarray._uarray, scipy.linalg._decomp_interpolative, scipy.optimize._bglu_dense, scipy.optimize._lsap, scipy.optimize._direct, scipy.integrate._odepack, scipy.integrate._quadpack, scipy.integrate._vode, scipy.integrate._dop, scipy.interpolate._fitpack, scipy.interpolate._dierckx, scipy.interpolate._ppoly, scipy.interpolate._interpnd, scipy.interpolate._rbfinterp_pythran, scipy.interpolate._rgi_cython, scipy.special.cython_special, scipy.stats._stats, scipy.stats._biasedurn, scipy.stats._levy_stable.levyst, scipy.stats._stats_pythran, scipy.stats._ansari_swilk_statistics, scipy.sparse.csgraph._tools, scipy.sparse.csgraph._shortest_path, scipy.sparse.csgraph._traversal, scipy.sparse.csgraph._min_spanning_tree, scipy.sparse.csgraph._flow, scipy.sparse.csgraph._matching, scipy.sparse.csgraph._reordering, scipy.stats._sobol, scipy.stats._qmc_cy, scipy.stats._rcont.rcont, scipy.stats._qmvnt_cy, scipy.ndimage._nd_image, scipy.ndimage._rank_filter_1d, _ni_label, scipy.ndimage._ni_label, pandas._libs._cyutility, pandas._libs.tslibs.ccalendar, pandas._libs.tslibs.np_datetime, pandas._libs.tslibs.dtypes, pandas._libs.tslibs.base, pandas._libs.tslibs.nattype, pandas._libs.tslibs.timezones, pandas._libs.properties, pandas._libs.tslibs.fields, pandas._libs.tslibs.timedeltas, pandas._libs.tslibs.tzconversion, pandas._libs.tslibs.timestamps, pandas._libs.tslibs.offsets, pandas._libs.tslibs.strptime, pandas._libs.tslibs.parsing, pandas._libs.tslibs.conversion, pandas._libs.tslibs.period, pandas._libs.tslibs.vectorized, pandas._libs.ops_dispatch, pandas._libs.missing, pandas._libs.hashtable, pandas._libs.algos, pandas._libs.interval, pandas._libs.lib, pandas._libs.ops, pandas._libs.hashing, pandas._libs.arrays, pandas._libs.tslib, pandas._libs.sparse, pandas._libs.internals, pandas._libs.indexing, pandas._libs.index, pandas._libs.writers, pandas._libs.join, pandas._libs.window.aggregations, pandas._libs.window.indexers, pandas._libs.reshape, pandas._libs.groupby, pandas._libs.json, pandas._libs.parsers, pandas._libs.testing, sklearn._cyutility, sklearn.utils._isfinite, sklearn.utils.sparsefuncs_fast, sklearn.utils.murmurhash, sklearn.utils._openmp_helpers, sklearn.preprocessing._csr_polynomial_expansion, sklearn.preprocessing._target_encoder_fast, sklearn.utils._random, sklearn.utils._seq_dataset, sklearn.utils._cython_blas, sklearn.linear_model._cd_fast, sklearn.metrics.cluster._expected_mutual_info_fast, sklearn.metrics._dist_metrics, sklearn.metrics._pairwise_distances_reduction._datasets_pair, sklearn.metrics._pairwise_distances_reduction._base, sklearn.metrics._pairwise_distances_reduction._middle_term_computer, sklearn.utils._heap, sklearn.utils._sorting, sklearn.metrics._pairwise_distances_reduction._argkmin, sklearn.metrics._pairwise_distances_reduction._argkmin_classmode, sklearn.utils._vector_sentinel, sklearn.metrics._pairwise_distances_reduction._radius_neighbors, sklearn.metrics._pairwise_distances_reduction._radius_neighbors_classmode, sklearn.metrics._pairwise_fast, sklearn._loss._loss, sklearn.utils.arrayfuncs, sklearn.linear_model._sag_fast, sklearn.svm._liblinear, sklearn.svm._libsvm, sklearn.svm._libsvm_sparse, sklearn.utils._weight_vector, sklearn.linear_model._sgd_fast (total: 167)
Fatal Python error: Illegal instruction

Current thread 0x00007567ff82b080 (most recent call first):
  File "/usr/local/lib/python3.12/dist-packages/sklearn/linear_model/_linear_loss.py", line 219 in weight_intercept_raw
  File "/usr/local/lib/python3.12/dist-packages/sklearn/linear_model/_linear_loss.py", line 337 in loss_gradient
  File "/usr/local/lib/python3.12/dist-packages/scipy/optimize/_optimize.py", line 74 in _compute_if_needed
  File "/usr/local/lib/python3.12/dist-packages/scipy/optimize/_optimize.py", line 80 in __call__
  File "/usr/local/lib/python3.12/dist-packages/scipy/_lib/_util.py", line 544 in __call__
  File "/usr/local/lib/python3.12/dist-packages/scipy/optimize/_differentiable_functions.py", line 362 in _update_fun
  File "/usr/local/lib/python3.12/dist-packages/scipy/optimize/_differentiable_functions.py", line 283 in __init__
  File "/usr/local/lib/python3.12/dist-packages/scipy/optimize/_optimize.py", line 310 in _prepare_scalar_function
  File "/usr/local/lib/python3.12/dist-packages/scipy/optimize/_lbfgsb_py.py", line 362 in _minimize_lbfgsb
  File "/usr/local/lib/python3.12/dist-packages/scipy/optimize/_minimize.py", line 784 in minimize
  File "/usr/local/lib/python3.12/dist-packages/sklearn/linear_model/_logistic.py", line 584 in _logistic_regression_path
  File "/usr/local/lib/python3.12/dist-packages/sklearn/linear_model/_logistic.py", line 1523 in fit
  File "/usr/local/lib/python3.12/dist-packages/sklearn/base.py", line 1403 in wrapper
  File "/workspace/t5_variant.py", line 22 in layer_oof
  File "/usr/local/lib/python3.12/dist-packages/joblib/parallel.py", line 607 in __call__
  File "/usr/local/lib/python3.12/dist-packages/joblib/externals/loky/process_executor.py", line 291 in __call__
  File "/usr/local/lib/python3.12/dist-packages/joblib/externals/loky/process_executor.py", line 490 in _process_worker
  File "/usr/lib/python3.12/multiprocessing/process.py", line 108 in run
  File "/usr/lib/python3.12/multiprocessing/process.py", line 314 in _bootstrap
  File "/usr/local/lib/python3.12/dist-packages/joblib/externals/loky/backend/popen_loky_posix.py", line 180 in <module>
  File "<frozen runpy>", line 88 in _run_code
  File "<frozen runpy>", line 198 in _run_module_as_main

Extension modules: psutil._psutil_linux, psutil._psutil_posix, numpy._core._multiarray_umath, numpy.linalg._umath_linalg, sklearn.__check_build._check_build, _cyutility, scipy._cyutility, scipy._lib._ccallback_c, scipy.sparse._sparsetools, numpy.random._common, numpy.random.bit_generator, numpy.random._bounded_integers, numpy.random._mt19937, numpy.random.mtrand, numpy.random._philox, numpy.random._pcg64, numpy.random._sfc64, numpy.random._generator, charset_normalizer.md, _csparsetools, scipy.sparse._csparsetools, scipy.special._ufuncs_cxx, scipy.linalg._fblas, scipy.linalg._flapack, scipy.linalg._batched_linalg, scipy.linalg._cythonized_array_utils, scipy.linalg._solve_toeplitz, scipy.linalg._internal_matfuncs, scipy.linalg._linalg_pythran, scipy.linalg.cython_blas, scipy.linalg.cython_lapack, scipy.linalg._decomp_update, scipy.special._ellip_harm_2, scipy.special._special_ufuncs, scipy.special._gufuncs, scipy.special._ufuncs, scipy.special._specfun, scipy.special._comb, scipy.sparse.linalg._dsolve._superlu, scipy.sparse.linalg._eigen.arpack._arpacklib, scipy.sparse.linalg._propack, scipy.spatial._ckdtree, scipy.spatial._hausdorff, scipy.spatial._distance_wrap, scipy._lib.messagestream, scipy.spatial._qhull, scipy.spatial._voronoi, scipy.spatial.transform._rotation_cy, scipy.spatial.transform._rigid_transform_cy, scipy.optimize._group_columns, scipy.optimize._trlib._trlib, scipy.optimize._lbfgsb, _moduleTNC, scipy.optimize._moduleTNC, scipy.optimize._slsqplib, scipy.optimize._minpack, scipy.optimize._lsq.givens_elimination, scipy.optimize._zeros, scipy._lib._uarray._uarray, scipy.linalg._decomp_interpolative, scipy.optimize._bglu_dense, scipy.optimize._lsap, scipy.optimize._direct, scipy.integrate._odepack, scipy.integrate._quadpack, scipy.integrate._vode, scipy.integrate._dop, scipy.interpolate._fitpack, scipy.interpolate._dierckx, scipy.interpolate._ppoly, scipy.interpolate._interpnd, scipy.interpolate._rbfinterp_pythran, scipy.interpolate._rgi_cython, scipy.special.cython_special, scipy.stats._stats, scipy.stats._biasedurn, scipy.stats._levy_stable.levyst, scipy.stats._stats_pythran, scipy.stats._ansari_swilk_statistics, scipy.sparse.csgraph._tools, scipy.sparse.csgraph._shortest_path, scipy.sparse.csgraph._traversal, scipy.sparse.csgraph._min_spanning_tree, scipy.sparse.csgraph._flow, scipy.sparse.csgraph._matching, scipy.sparse.csgraph._reordering, scipy.stats._sobol, scipy.stats._qmc_cy, scipy.stats._rcont.rcont, scipy.stats._qmvnt_cy, scipy.ndimage._nd_image, scipy.ndimage._rank_filter_1d, _ni_label, scipy.ndimage._ni_label, pandas._libs._cyutility, pandas._libs.tslibs.ccalendar, pandas._libs.tslibs.np_datetime, pandas._libs.tslibs.dtypes, pandas._libs.tslibs.base, pandas._libs.tslibs.nattype, pandas._libs.tslibs.timezones, pandas._libs.properties, pandas._libs.tslibs.fields, pandas._libs.tslibs.timedeltas, pandas._libs.tslibs.tzconversion, pandas._libs.tslibs.timestamps, pandas._libs.tslibs.offsets, pandas._libs.tslibs.strptime, pandas._libs.tslibs.parsing, pandas._libs.tslibs.conversion, pandas._libs.tslibs.period, pandas._libs.tslibs.vectorized, pandas._libs.ops_dispatch, pandas._libs.missing, pandas._libs.hashtable, pandas._libs.algos, pandas._libs.interval, pandas._libs.lib, pandas._libs.ops, pandas._libs.hashing, pandas._libs.arrays, pandas._libs.tslib, pandas._libs.sparse, pandas._libs.internals, pandas._libs.indexing, pandas._libs.index, pandas._libs.writers, pandas._libs.join, pandas._libs.window.aggregations, pandas._libs.window.indexers, pandas._libs.reshape, pandas._libs.groupby, pandas._libs.json, pandas._libs.parsers, pandas._libs.testing, sklearn._cyutility, sklearn.utils._isfiniteFatal Python error: , Illegal instructionsklearn.utils.sparsefuncs_fast

Current thread 0x0000767f50dd6080,  (most recent call first):
sklearn.utils.murmurhash  File "/usr/local/lib/python3.12/dist-packages/sklearn/linear_model/_linear_loss.py, "sklearn.utils._openmp_helpers, line 219 in , weight_intercept_rawsklearn.preprocessing._csr_polynomial_expansion
  File "/usr/local/lib/python3.12/dist-packages/sklearn/linear_model/_linear_loss.py, "sklearn.preprocessing._target_encoder_fast, line 337 in , loss_gradientsklearn.utils._random
  File ", /usr/local/lib/python3.12/dist-packages/scipy/optimize/_optimize.pysklearn.utils._seq_dataset", line 74,  in sklearn.utils._cython_blas_compute_if_needed
  File , "sklearn.linear_model._cd_fast/usr/local/lib/python3.12/dist-packages/scipy/optimize/_optimize.py", line , 80sklearn.metrics.cluster._expected_mutual_info_fast in __call__
,   File sklearn.metrics._dist_metrics"/usr/local/lib/python3.12/dist-packages/scipy/_lib/_util.py", , line sklearn.metrics._pairwise_distances_reduction._datasets_pair544 in __call__, 
sklearn.metrics._pairwise_distances_reduction._base  File "/usr/local/lib/python3.12/dist-packages/scipy/optimize/_differentiable_functions.py, "sklearn.metrics._pairwise_distances_reduction._middle_term_computer, line 362 in , _update_funsklearn.utils._heap
  File ", /usr/local/lib/python3.12/dist-packages/scipy/optimize/_differentiable_functions.pysklearn.utils._sorting", line , 283sklearn.metrics._pairwise_distances_reduction._argkmin in __init__, 
sklearn.metrics._pairwise_distances_reduction._argkmin_classmode  File "/usr/local/lib/python3.12/dist-packages/scipy/optimize/_optimize.py, "sklearn.utils._vector_sentinel, line 310 in , _prepare_scalar_functionsklearn.metrics._pairwise_distances_reduction._radius_neighbors
  File ", /usr/local/lib/python3.12/dist-packages/scipy/optimize/_lbfgsb_py.pysklearn.metrics._pairwise_distances_reduction._radius_neighbors_classmode", line , 362sklearn.metrics._pairwise_fast in _minimize_lbfgsb
,   File sklearn._loss._loss"/usr/local/lib/python3.12/dist-packages/scipy/optimize/_minimize.py", sklearn.utils.arrayfuncs, line 784,  in sklearn.linear_model._sag_fastminimize
  File , "sklearn.svm._liblinear/usr/local/lib/python3.12/dist-packages/sklearn/linear_model/_logistic.py", sklearn.svm._libsvm, line 584 in , _logistic_regression_pathsklearn.svm._libsvm_sparse
  File ", /usr/local/lib/python3.12/dist-packages/sklearn/linear_model/_logistic.pysklearn.utils._weight_vector", , line sklearn.linear_model._sgd_fast1523 (total:  in 167fit)

  File "/usr/local/lib/python3.12/dist-packages/sklearn/base.py", line 1403 in wrapper
  File "/workspace/t5_variant.py", line 22 in layer_oof
  File "/usr/local/lib/python3.12/dist-packages/joblib/parallel.py", line 607 in __call__
  File "/usr/local/lib/python3.12/dist-packages/joblib/externals/loky/process_executor.py", line 291 in __call__
  File "/usr/local/lib/python3.12/dist-packages/joblib/externals/loky/process_executor.py", line 490 in _process_worker
  File "/usr/lib/python3.12/multiprocessing/process.py", line 108 in run
  File "/usr/lib/python3.12/multiprocessing/process.py", line 314 in _bootstrap
  File "/usr/local/lib/python3.12/dist-packages/joblib/externals/loky/backend/popen_loky_posix.py", line 180 in <module>
  File "<frozen runpy>", line 88 in _run_code
  File "<frozen runpy>", line 198 in _run_module_as_main

Extension modules: psutil._psutil_linux, psutil._psutil_posix, numpy._core._multiarray_umath, numpy.linalg._umath_linalg, sklearn.__check_build._check_build, _cyutility, scipy._cyutility, scipy._lib._ccallback_c, scipy.sparse._sparsetools, numpy.random._common, numpy.random.bit_generator, numpy.random._bounded_integers, numpy.random._mt19937, numpy.random.mtrand, numpy.random._philox, numpy.random._pcg64, numpy.random._sfc64, numpy.random._generator, charset_normalizer.md, _csparsetools, scipy.sparse._csparsetools, scipy.special._ufuncs_cxx, scipy.linalg._fblas, scipy.linalg._flapack, scipy.linalg._batched_linalg, scipy.linalg._cythonized_array_utils, scipy.linalg._solve_toeplitz, scipy.linalg._internal_matfuncs, scipy.linalg._linalg_pythran, scipy.linalg.cython_blas, scipy.linalg.cython_lapack, scipy.linalg._decomp_update, scipy.special._ellip_harm_2, scipy.special._special_ufuncs, scipy.special._gufuncs, scipy.special._ufuncs, scipy.special._specfun, scipy.special._comb, scipy.sparse.linalg._dsolve._superlu, scipy.sparse.linalg._eigen.arpack._arpacklib, scipy.sparse.linalg._propack, scipy.spatial._ckdtree, scipy.spatial._hausdorff, scipy.spatial._distance_wrap, scipy._lib.messagestream, scipy.spatial._qhull, scipy.spatial._voronoi, scipy.spatial.transform._rotation_cy, scipy.spatial.transform._rigid_transform_cy, scipy.optimize._group_columns, scipy.optimize._trlib._trlib, scipy.optimize._lbfgsb, _moduleTNC, scipy.optimize._moduleTNC, scipy.optimize._slsqplib, scipy.optimize._minpack, scipy.optimize._lsq.givens_elimination, scipy.optimize._zeros, scipy._lib._uarray._uarray, scipy.linalg._decomp_interpolative, scipy.optimize._bglu_dense, scipy.optimize._lsap, scipy.optimize._direct, scipy.integrate._odepack, scipy.integrate._quadpack, scipy.integrate._vode, scipy.integrate._dop, scipy.interpolate._fitpack, scipy.interpolate._dierckx, scipy.interpolate._ppoly, scipy.interpolate._interpnd, scipy.interpolate._rbfinterp_pythran, scipy.interpolate._rgi_cython, scipy.special.cython_special, scipy.stats._stats, scipy.stats._biasedurn, scipy.stats._levy_stable.levyst, scipy.stats._stats_pythran, scipy.stats._ansari_swilk_statistics, scipy.sparse.csgraph._tools, scipy.sparse.csgraph._shortest_path, scipy.sparse.csgraph._traversal, scipy.sparse.csgraph._min_spanning_tree, scipy.sparse.csgraph._flow, scipy.sparse.csgraph._matching, scipy.sparse.csgraph._reordering, scipy.stats._sobol, scipy.stats._qmc_cy, scipy.stats._rcont.rcont, scipy.stats._qmvnt_cy, scipy.ndimage._nd_image, scipy.ndimage._rank_filter_1d, _ni_label, scipy.ndimage._ni_label, pandas._libs._cyutility, pandas._libs.tslibs.ccalendar, pandas._libs.tslibs.np_datetime, pandas._libs.tslibs.dtypes, pandas._libs.tslibs.base, pandas._libs.tslibs.nattype, pandas._libs.tslibs.timezones, pandas._libs.properties, pandas._libs.tslibs.fields, pandas._libs.tslibs.timedeltas, pandas._libs.tslibs.tzconversion, pandas._libs.tslibs.timestamps, pandas._libs.tslibs.offsets, pandas._libs.tslibs.strptime, pandas._libs.tslibs.parsing, pandas._libs.tslibs.conversion, pandas._libs.tslibs.period, pandas._libs.tslibs.vectorized, pandas._libs.ops_dispatch, pandas._libs.missing, pandas._libs.hashtable, pandas._libs.algos, pandas._libs.interval, pandas._libs.lib, pandas._libs.ops, pandas._libs.hashing, pandas._libs.arrays, pandas._libs.tslib, pandas._libs.sparse, pandas._libs.internals, pandas._libs.indexing, pandas._libs.index, pandas._libs.writers, pandas._libs.join, pandas._libs.window.aggregations, pandas._libs.window.indexers, pandas._libs.reshape, pandas._libs.groupby, pandas._libs.json, pandas._libs.parsers, pandas._libs.testing, sklearn._cyutility, sklearn.utils._isfinite, sklearn.utils.sparsefuncs_fast, sklearn.utils.murmurhash, sklearn.utils._openmp_helpers, sklearn.preprocessing._csr_polynomial_expansion, sklearn.preprocessing._target_encoder_fast, sklearn.utils._random, sklearn.utils._seq_dataset, sklearn.utils._cython_blas, sklearn.linear_model._cd_fast, sklearn.metrics.cluster._expected_mutual_info_fast, sklearn.metrics._dist_metrics, sklearn.metrics._pairwise_distances_reduction._datasets_pair, sklearn.metrics._pairwise_distances_reduction._base, sklearn.metrics._pairwise_distances_reduction._middle_term_computer, sklearn.utils._heap, sklearn.utils._sorting, sklearn.metrics._pairwise_distances_reduction._argkmin, sklearn.metrics._pairwise_distances_reduction._argkmin_classmode, sklearn.utils._vector_sentinel, sklearn.metrics._pairwise_distances_reduction._radius_neighbors, sklearn.metrics._pairwise_distances_reduction._radius_neighbors_classmode, sklearn.metrics._pairwise_fast, sklearn._loss._loss, sklearn.utils.arrayfuncs, sklearn.linear_model._sag_fast, sklearn.svm._liblinear, sklearn.svm._libsvm, sklearn.svm._libsvm_sparse, sklearn.utils._weight_vector, sklearn.linear_model._sgd_fast (total: 167)
Fatal Python error: Illegal instruction

Current thread 0x000078c0fd81b080 (most recent call first):
  File "/usr/local/lib/python3.12/dist-packages/sklearn/linear_model/_linear_loss.py", line 219 in weight_intercept_raw
  File "/usr/local/lib/python3.12/dist-packages/sklearn/linear_model/_linear_loss.py", line 337 in loss_gradient
  File "/usr/local/lib/python3.12/dist-packages/scipy/optimize/_optimize.py", line 74 in _compute_if_needed
  File "/usr/local/lib/python3.12/dist-packages/scipy/optimize/_optimize.py", line 80 in __call__
  File "/usr/local/lib/python3.12/dist-packages/scipy/_lib/_util.py", line 544 in __call__
  File "/usr/local/lib/python3.12/dist-packages/scipy/optimize/_differentiable_functions.py", line 362 in _update_fun
  File "/usr/local/lib/python3.12/dist-packages/scipy/optimize/_differentiable_functions.py", line 283 in __init__
  File "/usr/local/lib/python3.12/dist-packages/scipy/optimize/_optimize.py", line 310 in _prepare_scalar_function
  File "/usr/local/lib/python3.12/dist-packages/scipy/optimize/_lbfgsb_py.py", line 362 in _minimize_lbfgsb
  File "/usr/local/lib/python3.12/dist-packages/scipy/optimize/_minimize.py", line 784 in minimize
  File "/usr/local/lib/python3.12/dist-packages/sklearn/linear_model/_logistic.py", line 584 in _logistic_regression_path
  File "/usr/local/lib/python3.12/dist-packages/sklearn/linear_model/_logistic.py", line 1523 in fit
  File "/usr/local/lib/python3.12/dist-packages/sklearn/base.py", line 1403 in wrapper
  File "/workspace/t5_variant.py", line 22 in layer_oof
  File "/usr/local/lib/python3.12/dist-packages/joblib/parallel.py", line 607 in __call__
  File "/usr/local/lib/python3.12/dist-packages/joblib/externals/loky/process_executor.py", line 291 in __call__
  File "/usr/local/lib/python3.12/dist-packages/joblib/externals/loky/process_executor.py", line 490 in _process_worker
  File "/usr/lib/python3.12/multiprocessing/process.py", line 108 in run
  File "/usr/lib/python3.12/multiprocessing/process.py", line 314 in _bootstrap
  File "/usr/local/lib/python3.12/dist-packages/joblib/externals/loky/backend/popen_loky_posix.py", line 180 in <module>
  File "<frozen runpy>", line 88 in _run_code
  File "<frozen runpy>", line 198 in _run_module_as_main

Extension modules: psutil._psutil_linux, psutil._psutil_posix, numpy._core._multiarray_umath, numpy.linalg._umath_linalg, sklearn.__check_build._check_build, _cyutility, scipy._cyutility, scipy._lib._ccallback_c, scipy.sparse._sparsetools, numpy.random._common, numpy.random.bit_generator, numpy.random._bounded_integers, numpy.random._mt19937, numpy.random.mtrand, numpy.random._philox, numpy.random._pcg64, numpy.random._sfc64, numpy.random._generator, charset_normalizer.md, _csparsetools, scipy.sparse._csparsetools, scipy.special._ufuncs_cxx, scipy.linalg._fblas, scipy.linalg._flapack, scipy.linalg._batched_linalg, scipy.linalg._cythonized_array_utils, scipy.linalg._solve_toeplitz, scipy.linalg._internal_matfuncs, scipy.linalg._linalg_pythran, scipy.linalg.cython_blas, scipy.linalg.cython_lapack, scipy.linalg._decomp_update, scipy.special._ellip_harm_2, scipy.special._special_ufuncs, scipy.special._gufuncs, scipy.special._ufuncs, scipy.special._specfun, scipy.special._comb, scipy.sparse.linalg._dsolve._superlu, scipy.sparse.linalg._eigen.arpack._arpacklib, scipy.sparse.linalg._propack, scipy.spatial._ckdtree, scipy.spatial._hausdorff, scipy.spatial._distance_wrap, scipy._lib.messagestream, scipy.spatial._qhull, scipy.spatial._voronoi, scipy.spatial.transform._rotation_cy, scipy.spatial.transform._rigid_transform_cy, scipy.optimize._group_columns, scipy.optimize._trlib._trlib, scipy.optimize._lbfgsb, _moduleTNC, scipy.optimize._moduleTNC, scipy.optimize._slsqplib, scipy.optimize._minpack, scipy.optimize._lsq.givens_elimination, scipy.optimize._zeros, scipy._lib._uarray._uarray, scipy.linalg._decomp_interpolative, scipy.optimize._bglu_dense, scipy.optimize._lsap, scipy.optimize._direct, scipy.integrate._odepack, scipy.integrate._quadpack, scipy.integrate._vode, scipy.integrate._dop, scipy.interpolate._fitpack, scipy.interpolate._dierckx, scipy.interpolate._ppoly, scipy.interpolate._interpnd, scipy.interpolate._rbfinterp_pythran, scipy.interpolate._rgi_cython, scipy.special.cython_special, scipy.stats._stats, scipy.stats._biasedurn, scipy.stats._levy_stable.levyst, scipy.stats._stats_pythran, scipy.stats._ansari_swilk_statistics, scipy.sparse.csgraph._tools, scipy.sparse.csgraph._shortest_path, scipy.sparse.csgraph._traversal, scipy.sparse.csgraph._min_spanning_tree, scipy.sparse.csgraph._flow, scipy.sparse.csgraph._matching, scipy.sparse.csgraph._reordering, scipy.stats._sobol, scipy.stats._qmc_cy, scipy.stats._rcont.rcont, scipy.stats._qmvnt_cy, scipy.ndimage._nd_image, scipy.ndimage._rank_filter_1d, _ni_label, scipy.ndimage._ni_label, pandas._libs._cyutility, pandas._libs.tslibs.ccalendar, pandas._libs.tslibs.np_datetime, pandas._libs.tslibs.dtypes, pandas._libs.tslibs.base, pandas._libs.tslibs.nattype, pandas._libs.tslibs.timezones, pandas._libs.properties, pandas._libs.tslibs.fields, pandas._libs.tslibs.timedeltas, pandas._libs.tslibs.tzconversion, pandas._libs.tslibs.timestamps, pandas._libs.tslibs.offsets, pandas._libs.tslibs.strptime, pandas._libs.tslibs.parsing, pandas._libs.tslibs.conversion, pandas._libs.tslibs.period, pandas._libs.tslibs.vectorized, pandas._libs.ops_dispatch, pandas._libs.missing, pandas._libs.hashtable, pandas._libs.algos, pandas._libs.interval, pandas._libs.lib, pandas._libs.ops, pandas._libs.hashing, pandas._libs.arrays, pandas._libs.tslib, pandas._libs.sparse, pandas._libs.internals, pandas._libs.indexing, pandas._libs.index, pandas._libs.writers, pandas._libs.join, pandas._libs.window.aggregations, pandas._libs.window.indexers, pandas._libs.reshape, pandas._libs.groupby, pandas._libs.json, pandas._libs.parsers, pandas._libs.testing, sklearn._cyutility, sklearn.utils._isfinite, sklearn.utils.sparsefuncs_fast, sklearn.utils.murmurhash, sklearn.utils._openmp_helpers, sklearn.preprocessing._csr_polynomial_expansion, sklearn.preprocessing._target_encoder_fast, sklearn.utils._random, sklearn.utils._seq_dataset, sklearn.utils._cython_blas, sklearn.linear_model._cd_fast, sklearn.metrics.cluster._expected_mutual_info_fast, sklearn.metrics._dist_metrics, sklearn.metrics._pairwise_distances_reduction._datasets_pair, sklearn.metrics._pairwise_distances_reduction._base, sklearn.metrics._pairwise_distances_reduction._middle_term_computer, sklearn.utils._heap, sklearn.utils._sorting, sklearn.metrics._pairwise_distances_reduction._argkmin, sklearn.metrics._pairwise_distances_reduction._argkmin_classmode, sklearn.utils._vector_sentinel, sklearn.metrics._pairwise_distances_reduction._radius_neighbors, sklearn.metrics._pairwise_distances_reduction._radius_neighbors_classmode, sklearn.metrics._pairwise_fast, sklearn._loss._loss, sklearn.utils.arrayfuncs, sklearn.linear_model._sag_fast, sklearn.svm._liblinear, sklearn.svm._libsvm, sklearn.svm._libsvm_sparse, sklearn.utils._weight_vector, sklearn.linear_model._sgd_fast (total: 167)
Fatal Python error: Fatal Python error: Illegal instructionIllegal instruction



Current thread 0xCurrent thread 0x00007d2396ecd08000007225ac628080 (most recent call first):
 (most recent call first):
  File   File ""/usr/local/lib/python3.12/dist-packages/sklearn/linear_model/_linear_loss.py/usr/local/lib/python3.12/dist-packages/sklearn/linear_model/_linear_loss.py"", line , line 219219 in  in weight_intercept_rawweight_intercept_raw

  File   File ""/usr/local/lib/python3.12/dist-packages/sklearn/linear_model/_linear_loss.py/usr/local/lib/python3.12/dist-packages/sklearn/linear_model/_linear_loss.py"", line , line 337337 in  in loss_gradientloss_gradient

  File   File ""/usr/local/lib/python3.12/dist-packages/scipy/optimize/_optimize.py/usr/local/lib/python3.12/dist-packages/scipy/optimize/_optimize.py"", line , line 7474 in  in _compute_if_needed_compute_if_needed

  File   File ""/usr/local/lib/python3.12/dist-packages/scipy/optimize/_optimize.py/usr/local/lib/python3.12/dist-packages/scipy/optimize/_optimize.py"", line , line 8080 in  in __call____call__

  File   File ""/usr/local/lib/python3.12/dist-packages/scipy/_lib/_util.py/usr/local/lib/python3.12/dist-packages/scipy/_lib/_util.py"", line , line 544544 in  in __call____call__

  File   File ""/usr/local/lib/python3.12/dist-packages/scipy/optimize/_differentiable_functions.py/usr/local/lib/python3.12/dist-packages/scipy/optimize/_differentiable_functions.py"", line , line 362362 in  in _update_fun_update_fun

  File   File ""/usr/local/lib/python3.12/dist-packages/scipy/optimize/_differentiable_functions.py/usr/local/lib/python3.12/dist-packages/scipy/optimize/_differentiable_functions.py"", line , line 283283 in  in __init____init__

  File   File ""/usr/local/lib/python3.12/dist-packages/scipy/optimize/_optimize.py/usr/local/lib/python3.12/dist-packages/scipy/optimize/_optimize.py"", line , line 310310 in  in _prepare_scalar_function_prepare_scalar_function

  File   File ""/usr/local/lib/python3.12/dist-packages/scipy/optimize/_lbfgsb_py.py/usr/local/lib/python3.12/dist-packages/scipy/optimize/_lbfgsb_py.py"", line , line 362362 in  in _minimize_lbfgsb_minimize_lbfgsb

  File   File ""/usr/local/lib/python3.12/dist-packages/scipy/optimize/_minimize.py/usr/local/lib/python3.12/dist-packages/scipy/optimize/_minimize.py"", line , line 784784 in  in minimizeminimize

  File   File ""/usr/local/lib/python3.12/dist-packages/sklearn/linear_model/_logistic.py/usr/local/lib/python3.12/dist-packages/sklearn/linear_model/_logistic.py"", line , line 584584 in  in _logistic_regression_path_logistic_regression_path

  File   File ""/usr/local/lib/python3.12/dist-packages/sklearn/linear_model/_logistic.py/usr/local/lib/python3.12/dist-packages/sklearn/linear_model/_logistic.py"", line , line 15231523 in  in fitfit

  File   File ""/usr/local/lib/python3.12/dist-packages/sklearn/base.py/usr/local/lib/python3.12/dist-packages/sklearn/base.py"", line , line 14031403 in  in wrapperwrapper

  File   File ""/workspace/t5_variant.py/workspace/t5_variant.py"", line , line 2222 in  in layer_ooflayer_oof

  File   File ""/usr/local/lib/python3.12/dist-packages/joblib/parallel.py/usr/local/lib/python3.12/dist-packages/joblib/parallel.py"", line , line 607607 in  in __call____call__

  File   File ""/usr/local/lib/python3.12/dist-packages/joblib/externals/loky/process_executor.py/usr/local/lib/python3.12/dist-packages/joblib/externals/loky/process_executor.py"", line , line 291291 in  in __call____call__

  File   File ""/usr/local/lib/python3.12/dist-packages/joblib/externals/loky/process_executor.py/usr/local/lib/python3.12/dist-packages/joblib/externals/loky/process_executor.py"", line , line 490490 in  in _process_worker_process_worker

  File   File ""/usr/lib/python3.12/multiprocessing/process.py/usr/lib/python3.12/multiprocessing/process.py"", line , line 108108 in  in runrun

  File   File ""/usr/lib/python3.12/multiprocessing/process.py/usr/lib/python3.12/multiprocessing/process.py"", line , line 314314 in  in _bootstrap_bootstrap

  File   File ""/usr/local/lib/python3.12/dist-packages/joblib/externals/loky/backend/popen_loky_posix.py/usr/local/lib/python3.12/dist-packages/joblib/externals/loky/backend/popen_loky_posix.py"", line , line 180180 in  in <module><module>

  File   File ""<frozen runpy><frozen runpy>"", line , line 8888 in  in _run_code_run_code

  File   File ""<frozen runpy><frozen runpy>"", line , line 198198 in  in _run_module_as_main_run_module_as_main


Extension modules: psutil._psutil_linux
Extension modules: psutil._psutil_linux, psutil._psutil_posix, psutil._psutil_posix, numpy._core._multiarray_umath, numpy._core._multiarray_umath, numpy.linalg._umath_linalg, numpy.linalg._umath_linalg, sklearn.__check_build._check_build, _cyutility, sklearn.__check_build._check_build, scipy._cyutility, _cyutility, scipy._lib._ccallback_c, scipy._cyutility, scipy.sparse._sparsetools, scipy._lib._ccallback_c, scipy.sparse._sparsetools, charset_normalizer.md, numpy.random._common, numpy.random._common, numpy.random.bit_generator, numpy.random.bit_generator, numpy.random._bounded_integers, numpy.random._bounded_integers, numpy.random._mt19937, numpy.random._mt19937, numpy.random.mtrand, numpy.random.mtrand, numpy.random._philox, numpy.random._philox, numpy.random._pcg64, numpy.random._pcg64, numpy.random._sfc64, numpy.random._sfc64, numpy.random._generator, numpy.random._generator, , charset_normalizer.md_csparsetools, , scipy.sparse._csparsetools_csparsetools, scipy.sparse._csparsetools, scipy.special._ufuncs_cxx, scipy.linalg._fblas, scipy.special._ufuncs_cxx, scipy.linalg._flapack, scipy.linalg._fblas, scipy.linalg._batched_linalg, scipy.linalg._flapack, scipy.linalg._cythonized_array_utils, scipy.linalg._batched_linalg, scipy.linalg._solve_toeplitz, scipy.linalg._cythonized_array_utils, scipy.linalg._internal_matfuncs, scipy.linalg._solve_toeplitz, scipy.linalg._linalg_pythran, scipy.linalg._internal_matfuncs, scipy.linalg.cython_blas, scipy.linalg._linalg_pythran, scipy.linalg.cython_lapack, scipy.linalg.cython_blas, scipy.linalg._decomp_update, scipy.linalg.cython_lapack, scipy.special._ellip_harm_2, scipy.linalg._decomp_update, scipy.special._special_ufuncs, , scipy.special._ellip_harm_2scipy.special._gufuncs, , scipy.special._special_ufuncsscipy.special._ufuncs, , scipy.special._gufuncsscipy.special._specfun, , scipy.special._ufuncsscipy.special._comb, scipy.special._specfun, scipy.sparse.linalg._dsolve._superlu, scipy.special._comb, scipy.sparse.linalg._eigen.arpack._arpacklib, scipy.sparse.linalg._dsolve._superlu, scipy.sparse.linalg._propack, scipy.sparse.linalg._eigen.arpack._arpacklib, scipy.spatial._ckdtree, scipy.sparse.linalg._propack, scipy.spatial._hausdorff, scipy.spatial._ckdtree, scipy.spatial._distance_wrap, scipy.spatial._hausdorff, scipy._lib.messagestream, scipy.spatial._distance_wrap, scipy.spatial._qhull, scipy._lib.messagestream, scipy.spatial._voronoi, scipy.spatial._qhull, scipy.spatial.transform._rotation_cy, scipy.spatial._voronoi, scipy.spatial.transform._rigid_transform_cy, scipy.spatial.transform._rotation_cy, scipy.optimize._group_columns, scipy.spatial.transform._rigid_transform_cy, scipy.optimize._trlib._trlib, scipy.optimize._group_columns, scipy.optimize._lbfgsb, scipy.optimize._trlib._trlib, _moduleTNC, scipy.optimize._lbfgsb, scipy.optimize._moduleTNC, _moduleTNC, scipy.optimize._slsqplib, scipy.optimize._moduleTNC, scipy.optimize._minpack, scipy.optimize._slsqplib, scipy.optimize._lsq.givens_elimination, scipy.optimize._minpack, scipy.optimize._zeros, scipy.optimize._lsq.givens_elimination, scipy._lib._uarray._uarray, scipy.optimize._zeros, scipy.linalg._decomp_interpolative, scipy._lib._uarray._uarray, scipy.optimize._bglu_dense, scipy.linalg._decomp_interpolative, scipy.optimize._lsap, scipy.optimize._bglu_dense, scipy.optimize._direct, scipy.optimize._lsap, scipy.integrate._odepack, scipy.optimize._direct, scipy.integrate._quadpack, scipy.integrate._odepack, scipy.integrate._vode, scipy.integrate._quadpack, scipy.integrate._dop, scipy.integrate._vode, scipy.interpolate._fitpack, scipy.integrate._dop, scipy.interpolate._dierckx, , scipy.interpolate._fitpackscipy.interpolate._ppoly, , scipy.interpolate._dierckxscipy.interpolate._interpnd, , scipy.interpolate._ppolyscipy.interpolate._rbfinterp_pythran, , scipy.interpolate._interpndscipy.interpolate._rgi_cython, scipy.interpolate._rbfinterp_pythran, scipy.special.cython_special, scipy.interpolate._rgi_cython, scipy.stats._stats, scipy.special.cython_special, scipy.stats._biasedurn, scipy.stats._stats, scipy.stats._levy_stable.levyst, scipy.stats._biasedurn, scipy.stats._stats_pythran, scipy.stats._levy_stable.levyst, scipy.stats._ansari_swilk_statistics, scipy.stats._stats_pythran, scipy.sparse.csgraph._tools, scipy.stats._ansari_swilk_statistics, scipy.sparse.csgraph._shortest_path, scipy.sparse.csgraph._tools, scipy.sparse.csgraph._traversal, scipy.sparse.csgraph._shortest_path, scipy.sparse.csgraph._min_spanning_tree, scipy.sparse.csgraph._traversal, scipy.sparse.csgraph._flow, scipy.sparse.csgraph._min_spanning_tree, scipy.sparse.csgraph._matching, scipy.sparse.csgraph._flow, scipy.sparse.csgraph._reordering, scipy.sparse.csgraph._matching, scipy.stats._sobol, scipy.sparse.csgraph._reordering, scipy.stats._qmc_cy, scipy.stats._sobol, scipy.stats._rcont.rcont, scipy.stats._qmc_cy, scipy.stats._qmvnt_cy, scipy.stats._rcont.rcont, scipy.ndimage._nd_image, scipy.stats._qmvnt_cy, scipy.ndimage._rank_filter_1d, scipy.ndimage._nd_image, _ni_label, scipy.ndimage._rank_filter_1d, scipy.ndimage._ni_label, _ni_label, pandas._libs._cyutility, scipy.ndimage._ni_label, pandas._libs.tslibs.ccalendar, , pandas._libs._cyutilitypandas._libs.tslibs.np_datetime, , pandas._libs.tslibs.ccalendarpandas._libs.tslibs.dtypes, , pandas._libs.tslibs.np_datetimepandas._libs.tslibs.base, pandas._libs.tslibs.dtypes, pandas._libs.tslibs.nattype, pandas._libs.tslibs.base, pandas._libs.tslibs.timezones, pandas._libs.tslibs.nattype, pandas._libs.properties, pandas._libs.tslibs.timezones, pandas._libs.tslibs.fields, pandas._libs.properties, pandas._libs.tslibs.timedeltas, pandas._libs.tslibs.fields, pandas._libs.tslibs.tzconversion, pandas._libs.tslibs.timedeltas, pandas._libs.tslibs.timestamps, pandas._libs.tslibs.tzconversion, pandas._libs.tslibs.offsets, pandas._libs.tslibs.timestamps, pandas._libs.tslibs.strptime, pandas._libs.tslibs.offsets, pandas._libs.tslibs.parsing, pandas._libs.tslibs.strptime, pandas._libs.tslibs.conversion, pandas._libs.tslibs.parsing, pandas._libs.tslibs.period, pandas._libs.tslibs.conversion, pandas._libs.tslibs.vectorized, pandas._libs.tslibs.period, pandas._libs.ops_dispatch, pandas._libs.tslibs.vectorized, pandas._libs.missing, pandas._libs.ops_dispatch, pandas._libs.hashtable, pandas._libs.missing, pandas._libs.algos, pandas._libs.hashtable, pandas._libs.interval, pandas._libs.algos, pandas._libs.lib, pandas._libs.interval, pandas._libs.ops, pandas._libs.lib, pandas._libs.hashing, pandas._libs.ops, pandas._libs.arrays, pandas._libs.hashing, , pandas._libs.arrayspandas._libs.tslib, pandas._libs.sparse, pandas._libs.tslib, pandas._libs.internals, pandas._libs.sparse, pandas._libs.indexing, pandas._libs.internals, pandas._libs.index, pandas._libs.indexing, pandas._libs.writers, pandas._libs.index, pandas._libs.join, pandas._libs.writers, , pandas._libs.joinpandas._libs.window.aggregations, pandas._libs.window.indexers, pandas._libs.window.aggregations, pandas._libs.reshape, pandas._libs.window.indexers, pandas._libs.groupby, pandas._libs.reshape, pandas._libs.json, pandas._libs.groupby, pandas._libs.parsers, pandas._libs.json, , pandas._libs.testingpandas._libs.parsers, sklearn._cyutility, pandas._libs.testing, sklearn.utils._isfinite, , sklearn._cyutilitysklearn.utils.sparsefuncs_fast, , sklearn.utils._isfinitesklearn.utils.murmurhash, , sklearn.utils.sparsefuncs_fastsklearn.utils._openmp_helpers, , sklearn.utils.murmurhashsklearn.preprocessing._csr_polynomial_expansion, sklearn.utils._openmp_helpers, sklearn.preprocessing._target_encoder_fast, sklearn.preprocessing._csr_polynomial_expansion, sklearn.utils._random, sklearn.preprocessing._target_encoder_fast, sklearn.utils._seq_dataset, sklearn.utils._random, sklearn.utils._cython_blas, sklearn.utils._seq_dataset, sklearn.linear_model._cd_fast, sklearn.utils._cython_blas, sklearn.metrics.cluster._expected_mutual_info_fast, sklearn.linear_model._cd_fast, sklearn.metrics._dist_metrics, sklearn.metrics.cluster._expected_mutual_info_fast, sklearn.metrics._pairwise_distances_reduction._datasets_pair, sklearn.metrics._dist_metrics, sklearn.metrics._pairwise_distances_reduction._base, sklearn.metrics._pairwise_distances_reduction._datasets_pair, sklearn.metrics._pairwise_distances_reduction._middle_term_computer, sklearn.metrics._pairwise_distances_reduction._base, sklearn.utils._heap, sklearn.metrics._pairwise_distances_reduction._middle_term_computer, sklearn.utils._sorting, sklearn.utils._heap, sklearn.metrics._pairwise_distances_reduction._argkmin, sklearn.utils._sorting, sklearn.metrics._pairwise_distances_reduction._argkmin_classmode, sklearn.metrics._pairwise_distances_reduction._argkmin, sklearn.utils._vector_sentinel, sklearn.metrics._pairwise_distances_reduction._argkmin_classmode, sklearn.metrics._pairwise_distances_reduction._radius_neighbors, sklearn.utils._vector_sentinel, sklearn.metrics._pairwise_distances_reduction._radius_neighbors_classmode, sklearn.metrics._pairwise_distances_reduction._radius_neighbors, sklearn.metrics._pairwise_fast, sklearn.metrics._pairwise_distances_reduction._radius_neighbors_classmode, sklearn._loss._loss, sklearn.metrics._pairwise_fast, sklearn.utils.arrayfuncs, sklearn._loss._loss, sklearn.linear_model._sag_fast, sklearn.utils.arrayfuncs, sklearn.svm._liblinear, sklearn.linear_model._sag_fast, sklearn.svm._libsvm, sklearn.svm._liblinear, sklearn.svm._libsvm_sparse, sklearn.svm._libsvm, sklearn.utils._weight_vector, sklearn.svm._libsvm_sparse, sklearn.linear_model._sgd_fast,  (total: sklearn.utils._weight_vector167)
, sklearn.linear_model._sgd_fast (total: 167)
Fatal Python error: Illegal instruction

Current thread 0x00007379d7150080 (most recent call first):
  File "/usr/local/lib/python3.12/dist-packages/sklearn/linear_model/_linear_loss.py", line 219 in weight_intercept_raw
  File "/usr/local/lib/python3.12/dist-packages/sklearn/linear_model/_linear_loss.py", line 337 in loss_gradient
  File "/usr/local/lib/python3.12/dist-packages/scipy/optimize/_optimize.py", line 74 in _compute_if_needed
  File "/usr/local/lib/python3.12/dist-packages/scipy/optimize/_optimize.py", line 80 in __call__
  File "/usr/local/lib/python3.12/dist-packages/scipy/_lib/_util.py", line 544 in __call__
  File "/usr/local/lib/python3.12/dist-packages/scipy/optimize/_differentiable_functions.py", line 362 in _update_fun
  File "/usr/local/lib/python3.12/dist-packages/scipy/optimize/_differentiable_functions.py", line 283 in __init__
  File "/usr/local/lib/python3.12/dist-packages/scipy/optimize/_optimize.py", line 310 in _prepare_scalar_function
  File "/usr/local/lib/python3.12/dist-packages/scipy/optimize/_lbfgsb_py.py", line 362 in _minimize_lbfgsb
  File "/usr/local/lib/python3.12/dist-packages/scipy/optimize/_minimize.py", line 784 in minimize
  File "/usr/local/lib/python3.12/dist-packages/sklearn/linear_model/_logistic.py", line 584 in _logistic_regression_path
  File "/usr/local/lib/python3.12/dist-packages/sklearn/linear_model/_logistic.py", line 1523 in fit
  File "/usr/local/lib/python3.12/dist-packages/sklearn/base.py", line 1403 in wrapper
  File "/workspace/t5_variant.py", line 22 in layer_oof
  File "/usr/local/lib/python3.12/dist-packages/joblib/parallel.py", line 607 in __call__
  File "/usr/local/lib/python3.12/dist-packages/joblib/externals/loky/process_executor.py", line 291 in __call__
  File "/usr/local/lib/python3.12/dist-packages/joblib/externals/loky/process_executor.py", line 490 in _process_worker
  File "/usr/lib/python3.12/multiprocessing/process.py", line 108 in run
  File "/usr/lib/python3.12/multiprocessing/process.py", line 314 in _bootstrap
  File "/usr/local/lib/python3.12/dist-packages/joblib/externals/loky/backend/popen_loky_posix.py", line 180 in <module>
  File "<frozen runpy>", line 88 in _run_code
  File "<frozen runpy>", line 198 in _run_module_as_main

Extension modules: psutil._psutil_linux, psutil._psutil_posix, numpy._core._multiarray_umath, numpy.linalg._umath_linalg, sklearn.__check_build._check_build, _cyutility, scipy._cyutility, scipy._lib._ccallback_c, scipy.sparse._sparsetools, charset_normalizer.md, numpy.random._common, numpy.random.bit_generator, numpy.random._bounded_integers, numpy.random._mt19937, numpy.random.mtrand, numpy.random._philox, numpy.random._pcg64, numpy.random._sfc64, numpy.random._generator, _csparsetools, scipy.sparse._csparsetools, scipy.special._ufuncs_cxx, scipy.linalg._fblas, scipy.linalg._flapack, scipy.linalg._batched_linalg, scipy.linalg._cythonized_array_utils, scipy.linalg._solve_toeplitz, scipy.linalg._internal_matfuncs, scipy.linalg._linalg_pythran, scipy.linalg.cython_blas, scipy.linalg.cython_lapack, scipy.linalg._decomp_update, scipy.special._ellip_harm_2, scipy.special._special_ufuncs, scipy.special._gufuncs, scipy.special._ufuncs, scipy.special._specfun, scipy.special._comb, scipy.sparse.linalg._dsolve._superlu, scipy.sparse.linalg._eigen.arpack._arpacklib, scipy.sparse.linalg._propack, scipy.spatial._ckdtree, scipy.spatial._hausdorff, scipy.spatial._distance_wrap, scipy._lib.messagestream, scipy.spatial._qhull, scipy.spatial._voronoi, scipy.spatial.transform._rotation_cy, scipy.spatial.transform._rigid_transform_cy, scipy.optimize._group_columns, scipy.optimize._trlib._trlib, scipy.optimize._lbfgsb, _moduleTNC, scipy.optimize._moduleTNC, scipy.optimize._slsqplib, scipy.optimize._minpack, scipy.optimize._lsq.givens_elimination, scipy.optimize._zeros, scipy._lib._uarray._uarray, scipy.linalg._decomp_interpolative, scipy.optimize._bglu_dense, scipy.optimize._lsap, scipy.optimize._direct, scipy.integrate._odepack, scipy.integrate._quadpack, scipy.integrate._vode, scipy.integrate._dop, scipy.interpolate._fitpack, scipy.interpolate._dierckx, scipy.interpolate._ppoly, scipy.interpolate._interpnd, scipy.interpolate._rbfinterp_pythran, scipy.interpolate._rgi_cython, scipy.special.cython_special, scipy.stats._stats, scipy.stats._biasedurn, scipy.stats._levy_stable.levyst, scipy.stats._stats_pythran, scipy.stats._ansari_swilk_statistics, scipy.sparse.csgraph._tools, scipy.sparse.csgraph._shortest_path, scipy.sparse.csgraph._traversal, scipy.sparse.csgraph._min_spanning_tree, scipy.sparse.csgraph._flow, scipy.sparse.csgraph._matching, scipy.sparse.csgraph._reordering, scipy.stats._sobol, scipy.stats._qmc_cy, scipy.stats._rcont.rcont, scipy.stats._qmvnt_cy, scipy.ndimage._nd_image, scipy.ndimage._rank_filter_1d, _ni_label, scipy.ndimage._ni_label, pandas._libs._cyutility, pandas._libs.tslibs.ccalendar, pandas._libs.tslibs.np_datetime, pandas._libs.tslibs.dtypes, pandas._libs.tslibs.base, pandas._libs.tslibs.nattype, pandas._libs.tslibs.timezones, pandas._libs.properties, pandas._libs.tslibs.fields, pandas._libs.tslibs.timedeltas, pandas._libs.tslibs.tzconversion, pandas._libs.tslibs.timestamps, pandas._libs.tslibs.offsets, pandas._libs.tslibs.strptime, pandas._libs.tslibs.parsing, pandas._libs.tslibs.conversion, pandas._libs.tslibs.period, pandas._libs.tslibs.vectorized, pandas._libs.ops_dispatch, pandas._libs.missing, pandas._libs.hashtable, pandas._libs.algos, pandas._libs.interval, pandas._libs.lib, pandas._libs.ops, pandas._libs.hashing, pandas._libs.arrays, pandas._libs.tslib, pandas._libs.sparse, pandas._libs.internals, pandas._libs.indexing, pandas._libs.index, pandas._libs.writers, pandas._libs.join, pandas._libs.window.aggregations, pandas._libs.window.indexers, pandas._libs.reshape, pandas._libs.groupby, pandas._libs.json, pandas._libs.parsers, pandas._libs.testing, sklearn._cyutility, sklearn.utils._isfinite, sklearn.utils.sparsefuncs_fast, sklearn.utils.murmurhash, sklearn.utils._openmp_helpers, sklearn.preprocessing._csr_polynomial_expansion, sklearn.preprocessing._target_encoder_fast, sklearn.utils._random, sklearn.utils._seq_dataset, sklearn.utils._cython_blas, sklearn.linear_model._cd_fast, sklearn.metrics.cluster._expected_mutual_info_fast, sklearn.metrics._dist_metrics, sklearn.metrics._pairwise_distances_reduction._datasets_pair, sklearn.metrics._pairwise_distances_reduction._base, sklearn.metrics._pairwise_distances_reduction._middle_term_computer, sklearn.utils._heap, sklearn.utils._sorting, sklearn.metrics._pairwise_distances_reduction._argkmin, sklearn.metrics._pairwise_distances_reduction._argkmin_classmode, sklearn.utils._vector_sentinel, sklearn.metrics._pairwise_distances_reduction._radius_neighbors, sklearn.metrics._pairwise_distances_reduction._radius_neighbors_classmode, sklearn.metrics._pairwise_fast, sklearn._loss._loss, sklearn.utils.arrayfuncs, sklearn.linear_model._sag_fast, sklearn.svm._liblinear, sklearn.svm._libsvm, sklearn.svm._libsvm_sparse, sklearn.utils._weight_vector, sklearn.linear_model._sgd_fast (total: 167)
Fatal Python error: Illegal instructionFatal Python error: Fatal Python error: 

Illegal instructionIllegal instructionCurrent thread 0x



00007e44ac215080Current thread 0xCurrent thread 0x (most recent call first):
00007c1775551080000073da26bcb080  File  (most recent call first):
 (most recent call first):
"  File   File /usr/local/lib/python3.12/dist-packages/sklearn/linear_model/_linear_loss.py"""/usr/local/lib/python3.12/dist-packages/sklearn/linear_model/_linear_loss.py/usr/local/lib/python3.12/dist-packages/sklearn/linear_model/_linear_loss.py, line ""219, line , line  in 219219weight_intercept_raw in  in 
weight_intercept_rawweight_intercept_raw  File 

"  File   File /usr/local/lib/python3.12/dist-packages/sklearn/linear_model/_linear_loss.py"""/usr/local/lib/python3.12/dist-packages/sklearn/linear_model/_linear_loss.py/usr/local/lib/python3.12/dist-packages/sklearn/linear_model/_linear_loss.py, line ""Fatal Python error: 337, line , line Illegal instruction in 337337

loss_gradient in  in Current thread 0x
loss_gradientloss_gradient000072a63764f080  File 

 (most recent call first):
"  File   File   File /usr/local/lib/python3.12/dist-packages/scipy/optimize/_optimize.py""""/usr/local/lib/python3.12/dist-packages/scipy/optimize/_optimize.py/usr/local/lib/python3.12/dist-packages/scipy/optimize/_optimize.py/usr/local/lib/python3.12/dist-packages/sklearn/linear_model/_linear_loss.py, line """74, line , line , line  in 7474219_compute_if_needed in  in  in 
_compute_if_needed_compute_if_neededweight_intercept_raw  File 


"  File   File   File /usr/local/lib/python3.12/dist-packages/scipy/optimize/_optimize.py""""/usr/local/lib/python3.12/dist-packages/scipy/optimize/_optimize.py/usr/local/lib/python3.12/dist-packages/scipy/optimize/_optimize.py/usr/local/lib/python3.12/dist-packages/sklearn/linear_model/_linear_loss.py, line """80, line , line , line  in 8080337__call__ in  in  in 
__call____call__loss_gradient  File 


"  File   File   File /usr/local/lib/python3.12/dist-packages/scipy/_lib/_util.py""""/usr/local/lib/python3.12/dist-packages/scipy/_lib/_util.py/usr/local/lib/python3.12/dist-packages/scipy/_lib/_util.py/usr/local/lib/python3.12/dist-packages/scipy/optimize/_optimize.py, line """544, line , line , line  in 54454474__call__ in  in  in 
__call____call___compute_if_needed  File 


"  File   File   File /usr/local/lib/python3.12/dist-packages/scipy/optimize/_differentiable_functions.py""""/usr/local/lib/python3.12/dist-packages/scipy/optimize/_differentiable_functions.py/usr/local/lib/python3.12/dist-packages/scipy/optimize/_differentiable_functions.py/usr/local/lib/python3.12/dist-packages/scipy/optimize/_optimize.py, line """362, line , line , line  in 36236280_update_fun in  in  in 
_update_fun_update_fun__call__  File 


"  File   File   File /usr/local/lib/python3.12/dist-packages/scipy/optimize/_differentiable_functions.py""""/usr/local/lib/python3.12/dist-packages/scipy/optimize/_differentiable_functions.py, line /usr/local/lib/python3.12/dist-packages/scipy/optimize/_differentiable_functions.py/usr/local/lib/python3.12/dist-packages/scipy/_lib/_util.py"283"", line  in , line , line 283__init__283544 in 
 in  in __init__  File __init____call__
"

  File /usr/local/lib/python3.12/dist-packages/scipy/optimize/_optimize.py  File   File """"/usr/local/lib/python3.12/dist-packages/scipy/optimize/_optimize.py, line /usr/local/lib/python3.12/dist-packages/scipy/optimize/_optimize.py/usr/local/lib/python3.12/dist-packages/scipy/optimize/_differentiable_functions.py"310"", line  in , line , line 310_prepare_scalar_function310362 in 
 in  in _prepare_scalar_function  File _prepare_scalar_function_update_fun
"

  File /usr/local/lib/python3.12/dist-packages/scipy/optimize/_lbfgsb_py.py  File   File """"/usr/local/lib/python3.12/dist-packages/scipy/optimize/_lbfgsb_py.py, line /usr/local/lib/python3.12/dist-packages/scipy/optimize/_lbfgsb_py.py/usr/local/lib/python3.12/dist-packages/scipy/optimize/_differentiable_functions.py"362"", line  in , line , line 362_minimize_lbfgsb362283 in 
 in  in _minimize_lbfgsb  File _minimize_lbfgsb__init__
"

  File /usr/local/lib/python3.12/dist-packages/scipy/optimize/_minimize.py  File   File """"/usr/local/lib/python3.12/dist-packages/scipy/optimize/_minimize.py/usr/local/lib/python3.12/dist-packages/scipy/optimize/_minimize.py, line /usr/local/lib/python3.12/dist-packages/scipy/optimize/_optimize.py""784", line , line  in , line 784784minimize310 in  in 
 in minimizeminimize  File _prepare_scalar_function

"
  File   File /usr/local/lib/python3.12/dist-packages/sklearn/linear_model/_logistic.py  File """"/usr/local/lib/python3.12/dist-packages/sklearn/linear_model/_logistic.py/usr/local/lib/python3.12/dist-packages/sklearn/linear_model/_logistic.py/usr/local/lib/python3.12/dist-packages/scipy/optimize/_lbfgsb_py.py, line """584, line , line , line  in 584584362_logistic_regression_path in  in  in 
_logistic_regression_path_logistic_regression_path_minimize_lbfgsb  File 


"  File   File   File /usr/local/lib/python3.12/dist-packages/sklearn/linear_model/_logistic.py""""/usr/local/lib/python3.12/dist-packages/sklearn/linear_model/_logistic.py/usr/local/lib/python3.12/dist-packages/sklearn/linear_model/_logistic.py/usr/local/lib/python3.12/dist-packages/scipy/optimize/_minimize.py", line "", line 1523, line 1523, line  in 1523 in 784fit in fit in 
fit
minimize  File 
  File 
"  File "  File /usr/local/lib/python3.12/dist-packages/sklearn/base.py"/usr/local/lib/python3.12/dist-packages/sklearn/base.py""/usr/local/lib/python3.12/dist-packages/sklearn/base.py"/usr/local/lib/python3.12/dist-packages/sklearn/linear_model/_logistic.py, line ", line "1403, line 1403, line  in 1403 in 584wrapper in wrapper in 
wrapper
_logistic_regression_path  File 
  File 
"  File "  File /workspace/t5_variant.py"/workspace/t5_variant.py""/workspace/t5_variant.py"/usr/local/lib/python3.12/dist-packages/sklearn/linear_model/_logistic.py, line ", line "22, line 22, line  in 22 in 1523layer_oof in layer_oof in 
layer_oof
fit  File 
  File 
"  File "  File /usr/local/lib/python3.12/dist-packages/joblib/parallel.py"/usr/local/lib/python3.12/dist-packages/joblib/parallel.py""/usr/local/lib/python3.12/dist-packages/joblib/parallel.py"/usr/local/lib/python3.12/dist-packages/sklearn/base.py, line ", line "607, line 607, line  in 607 in 1403__call__ in __call__ in 
__call__
wrapper  File 
  File 
"  File "  File /usr/local/lib/python3.12/dist-packages/joblib/externals/loky/process_executor.py"/usr/local/lib/python3.12/dist-packages/joblib/externals/loky/process_executor.py""/usr/local/lib/python3.12/dist-packages/joblib/externals/loky/process_executor.py"/workspace/t5_variant.py, line ", line "291, line 291, line  in 291 in 22__call__ in __call__ in 
__call__
layer_oof  File 
  File 
"  File "  File /usr/local/lib/python3.12/dist-packages/joblib/externals/loky/process_executor.py"/usr/local/lib/python3.12/dist-packages/joblib/externals/loky/process_executor.py""/usr/local/lib/python3.12/dist-packages/joblib/externals/loky/process_executor.py"/usr/local/lib/python3.12/dist-packages/joblib/parallel.py, line ", line "490, line 490, line  in 490 in 607_process_worker in _process_worker in 
_process_worker
__call__  File 
  File 
"  File "  File /usr/lib/python3.12/multiprocessing/process.py"/usr/lib/python3.12/multiprocessing/process.py""/usr/lib/python3.12/multiprocessing/process.py"/usr/local/lib/python3.12/dist-packages/joblib/externals/loky/process_executor.py, line ", line "108, line 108, line  in 108 in 291run in run in 
run
__call__  File 
  File 
"  File "  File /usr/lib/python3.12/multiprocessing/process.py"/usr/lib/python3.12/multiprocessing/process.py""/usr/lib/python3.12/multiprocessing/process.py"/usr/local/lib/python3.12/dist-packages/joblib/externals/loky/process_executor.py, line ", line "314, line 314, line  in 314 in 490_bootstrap in _bootstrap in 
_bootstrap
_process_worker  File 
  File 
"  File "  File /usr/local/lib/python3.12/dist-packages/joblib/externals/loky/backend/popen_loky_posix.py"/usr/local/lib/python3.12/dist-packages/joblib/externals/loky/backend/popen_loky_posix.py""/usr/local/lib/python3.12/dist-packages/joblib/externals/loky/backend/popen_loky_posix.py"/usr/lib/python3.12/multiprocessing/process.py, line ", line "180, line 180, line  in 180 in 108<module> in <module> in 
<module>
run  File 
  File 
"  File "  File <frozen runpy>"<frozen runpy>""<frozen runpy>"/usr/lib/python3.12/multiprocessing/process.py, line ", line "88, line 88, line  in 88 in 314_run_code in _run_code in 
_run_code
_bootstrap  File 
  File 
"  File "  File <frozen runpy>"<frozen runpy>""<frozen runpy>"/usr/local/lib/python3.12/dist-packages/joblib/externals/loky/backend/popen_loky_posix.py, line ", line "198, line 198, line  in 198 in 180_run_module_as_main in _run_module_as_main in 
_run_module_as_main
<module>

  File "<frozen runpy>", line 88 in _run_code
  File "<frozen runpy>", line 198 in _run_module_as_main

Extension modules: psutil._psutil_linux
Extension modules: 
Extension modules: , 
Extension modules: psutil._psutil_linuxpsutil._psutil_linuxpsutil._psutil_posixpsutil._psutil_linux, , , psutil._psutil_posix, psutil._psutil_posixpsutil._psutil_posixnumpy._core._multiarray_umath, , numpy._core._multiarray_umath, , numpy._core._multiarray_umathnumpy._core._multiarray_umathnumpy.linalg._umath_linalg, , numpy.linalg._umath_linalg, numpy.linalg._umath_linalgnumpy.linalg._umath_linalg, sklearn.__check_build._check_build, sklearn.__check_build._check_build, , , _cyutilitysklearn.__check_build._check_build, sklearn.__check_build._check_build_cyutility, , , scipy._cyutility_cyutility, _cyutility, , scipy._cyutilityscipy._cyutility, scipy._lib._ccallback_c, scipy._cyutility, scipy._lib._ccallback_c, scipy._lib._ccallback_c, scipy.sparse._sparsetools, scipy._lib._ccallback_c, scipy.sparse._sparsetoolsscipy.sparse._sparsetools, , scipy.sparse._sparsetoolscharset_normalizer.md, numpy.random._common, , , , charset_normalizer.mdnumpy.random._commoncharset_normalizer.mdnumpy.random.bit_generator, , numpy.random.bit_generator, numpy.random._common, numpy.random._common, numpy.random._bounded_integers, numpy.random._bounded_integers, numpy.random.bit_generator, numpy.random.bit_generator, numpy.random._mt19937, numpy.random._mt19937, numpy.random._bounded_integers, numpy.random._bounded_integers, numpy.random.mtrand, numpy.random.mtrand, , numpy.random._mt19937numpy.random._mt19937, numpy.random._philox, numpy.random._philox, numpy.random.mtrand, numpy.random.mtrand, numpy.random._pcg64, numpy.random._pcg64, , numpy.random._philoxnumpy.random._philox, numpy.random._sfc64numpy.random._sfc64, , , numpy.random._pcg64, numpy.random._pcg64numpy.random._generatornumpy.random._generator, , numpy.random._sfc64numpy.random._sfc64, , , _csparsetoolscharset_normalizer.md, , numpy.random._generatornumpy.random._generatorscipy.sparse._csparsetools, , _csparsetools_csparsetools, , , , _csparsetoolsscipy.special._ufuncs_cxxscipy.sparse._csparsetoolsscipy.sparse._csparsetools, , scipy.sparse._csparsetoolsscipy.linalg._fblas, , scipy.special._ufuncs_cxx, scipy.special._ufuncs_cxx, , scipy.linalg._flapackscipy.linalg._fblas, scipy.special._ufuncs_cxx, scipy.linalg._fblas, scipy.linalg._batched_linalg, scipy.linalg._flapack, scipy.linalg._fblas, scipy.linalg._flapack, scipy.linalg._cythonized_array_utils, scipy.linalg._batched_linalg, , scipy.linalg._flapackscipy.linalg._batched_linalg, scipy.linalg._solve_toeplitz, scipy.linalg._cythonized_array_utils, scipy.linalg._batched_linalg, scipy.linalg._cythonized_array_utils, scipy.linalg._internal_matfuncs, scipy.linalg._solve_toeplitz, , scipy.linalg._cythonized_array_utilsscipy.linalg._solve_toeplitz, scipy.linalg._linalg_pythran, scipy.linalg._internal_matfuncs, , scipy.linalg._solve_toeplitzscipy.linalg._internal_matfuncs, scipy.linalg.cython_blasscipy.linalg._linalg_pythran, , , , scipy.linalg._internal_matfuncsscipy.linalg._linalg_pythranscipy.linalg.cython_lapackscipy.linalg.cython_blas, , , scipy.linalg._linalg_pythran, scipy.linalg.cython_blasscipy.linalg._decomp_updatescipy.linalg.cython_lapack, , , , scipy.linalg.cython_blasscipy.linalg._decomp_updatescipy.linalg.cython_lapackscipy.special._ellip_harm_2, , , scipy.linalg.cython_lapack, scipy.linalg._decomp_updatescipy.special._ellip_harm_2scipy.special._special_ufuncs, , , scipy.linalg._decomp_update, scipy.special._ellip_harm_2scipy.special._special_ufuncsscipy.special._gufuncs, , , , scipy.special._ellip_harm_2scipy.special._special_ufuncsscipy.special._gufuncsscipy.special._ufuncs, , , scipy.special._special_ufuncs, scipy.special._gufuncsscipy.special._ufuncsscipy.special._specfun, , , , scipy.special._gufuncsscipy.special._ufuncsscipy.special._specfunscipy.special._comb, , , scipy.special._ufuncsscipy.special._specfun, scipy.special._comb, scipy.sparse.linalg._dsolve._superlu, scipy.special._comb, scipy.special._specfun, scipy.sparse.linalg._dsolve._superlu, scipy.sparse.linalg._eigen.arpack._arpacklib, scipy.sparse.linalg._dsolve._superlu, scipy.sparse.linalg._eigen.arpack._arpacklibscipy.special._comb, , , scipy.sparse.linalg._propackscipy.sparse.linalg._eigen.arpack._arpacklibscipy.sparse.linalg._propack, , , scipy.sparse.linalg._dsolve._superlu, scipy.spatial._ckdtreescipy.sparse.linalg._propackscipy.spatial._ckdtree, , , scipy.sparse.linalg._eigen.arpack._arpacklib, scipy.spatial._hausdorffscipy.spatial._ckdtreescipy.spatial._hausdorff, , , , scipy.sparse.linalg._propackscipy.spatial._distance_wrapscipy.spatial._hausdorffscipy.spatial._distance_wrap, , , , scipy.spatial._ckdtreescipy._lib.messagestreamscipy.spatial._distance_wrapscipy._lib.messagestream, , , , scipy.spatial._hausdorffscipy.spatial._qhullscipy._lib.messagestreamscipy.spatial._qhull, , , , scipy.spatial._distance_wrapscipy.spatial._voronoiscipy.spatial._qhullscipy.spatial._voronoi, , , , scipy._lib.messagestreamscipy.spatial.transform._rotation_cyscipy.spatial._voronoiscipy.spatial.transform._rotation_cy, , , scipy.spatial._qhull, scipy.spatial.transform._rigid_transform_cyscipy.spatial.transform._rotation_cyscipy.spatial.transform._rigid_transform_cy, , scipy.optimize._group_columns, , , scipy.spatial._voronoiscipy.spatial.transform._rigid_transform_cyscipy.optimize._group_columnsscipy.optimize._trlib._trlib, , , scipy.optimize._group_columns, scipy.spatial.transform._rotation_cyscipy.optimize._trlib._trlibscipy.optimize._lbfgsb, , , scipy.optimize._trlib._trlibscipy.optimize._lbfgsb, scipy.spatial.transform._rigid_transform_cy, _moduleTNC, scipy.optimize._lbfgsb, _moduleTNC, scipy.optimize._group_columns, scipy.optimize._moduleTNC, _moduleTNC, scipy.optimize._moduleTNC, , scipy.optimize._trlib._trlibscipy.optimize._slsqplib, scipy.optimize._moduleTNC, scipy.optimize._slsqplib, , scipy.optimize._lbfgsbscipy.optimize._minpack, scipy.optimize._slsqplib, scipy.optimize._minpack, , _moduleTNCscipy.optimize._lsq.givens_elimination, scipy.optimize._minpack, scipy.optimize._lsq.givens_elimination, scipy.optimize._moduleTNC, scipy.optimize._zeros, scipy.optimize._lsq.givens_elimination, scipy.optimize._zeros, , scipy.optimize._slsqplibscipy._lib._uarray._uarray, scipy.optimize._zeros, scipy._lib._uarray._uarray, scipy.optimize._minpack, scipy.linalg._decomp_interpolative, scipy._lib._uarray._uarray, scipy.linalg._decomp_interpolative, scipy.optimize._lsq.givens_elimination, scipy.optimize._bglu_dense, scipy.linalg._decomp_interpolative, scipy.optimize._bglu_dense, , scipy.optimize._zerosscipy.optimize._lsap, scipy.optimize._bglu_densescipy.optimize._lsap, , , , scipy._lib._uarray._uarrayscipy.optimize._directscipy.optimize._lsapscipy.optimize._direct, , , scipy.linalg._decomp_interpolative, scipy.integrate._odepackscipy.optimize._directscipy.integrate._odepack, , , , scipy.optimize._bglu_densescipy.integrate._quadpackscipy.integrate._quadpackscipy.integrate._odepack, , , scipy.optimize._lsap, scipy.integrate._vodescipy.integrate._vodescipy.integrate._quadpack, , , scipy.optimize._direct, scipy.integrate._dopscipy.integrate._dopscipy.integrate._vode, , , scipy.integrate._odepack, scipy.interpolate._fitpackscipy.interpolate._fitpackscipy.integrate._dop, , , scipy.integrate._quadpackscipy.interpolate._dierckx, scipy.interpolate._dierckx, scipy.interpolate._fitpack, scipy.integrate._vode, scipy.interpolate._ppoly, scipy.interpolate._ppoly, scipy.interpolate._dierckx, , scipy.integrate._dopscipy.interpolate._interpnd, scipy.interpolate._interpndscipy.interpolate._ppoly, , scipy.interpolate._rbfinterp_pythran, , scipy.interpolate._fitpackscipy.interpolate._rbfinterp_pythran, scipy.interpolate._interpnd, scipy.interpolate._rgi_cython, scipy.interpolate._dierckx, scipy.interpolate._rgi_cython, scipy.interpolate._rbfinterp_pythran, scipy.special.cython_special, scipy.interpolate._ppoly, scipy.special.cython_special, scipy.interpolate._rgi_cython, scipy.stats._stats, scipy.interpolate._interpnd, scipy.stats._stats, scipy.special.cython_special, scipy.stats._biasedurn, , scipy.interpolate._rbfinterp_pythranscipy.stats._biasedurn, scipy.stats._stats, scipy.stats._levy_stable.levyst, scipy.interpolate._rgi_cython, scipy.stats._levy_stable.levyst, , scipy.stats._biasedurnscipy.stats._stats_pythran, scipy.special.cython_special, scipy.stats._stats_pythran, scipy.stats._levy_stable.levyst, scipy.stats._ansari_swilk_statistics, scipy.stats._stats, scipy.stats._ansari_swilk_statistics, scipy.stats._stats_pythran, scipy.sparse.csgraph._tools, scipy.stats._biasedurn, scipy.sparse.csgraph._tools, scipy.stats._ansari_swilk_statistics, scipy.sparse.csgraph._shortest_path, scipy.stats._levy_stable.levyst, scipy.sparse.csgraph._shortest_path, scipy.sparse.csgraph._tools, scipy.sparse.csgraph._traversal, scipy.stats._stats_pythran, scipy.sparse.csgraph._traversal, scipy.sparse.csgraph._shortest_path, scipy.sparse.csgraph._min_spanning_tree, , scipy.stats._ansari_swilk_statisticsscipy.sparse.csgraph._min_spanning_tree, scipy.sparse.csgraph._traversal, scipy.sparse.csgraph._flow, , scipy.sparse.csgraph._toolsscipy.sparse.csgraph._flow, scipy.sparse.csgraph._min_spanning_tree, scipy.sparse.csgraph._matching, , scipy.sparse.csgraph._shortest_pathscipy.sparse.csgraph._matching, scipy.sparse.csgraph._flow, , scipy.sparse.csgraph._reorderingscipy.sparse.csgraph._traversal, scipy.sparse.csgraph._reordering, scipy.sparse.csgraph._matching, scipy.stats._sobol, scipy.sparse.csgraph._min_spanning_tree, scipy.stats._sobol, scipy.sparse.csgraph._reordering, scipy.stats._qmc_cy, scipy.sparse.csgraph._flow, scipy.stats._qmc_cy, scipy.stats._sobol, scipy.stats._rcont.rcont, , scipy.sparse.csgraph._matchingscipy.stats._rcont.rcont, scipy.stats._qmc_cy, scipy.stats._qmvnt_cy, scipy.sparse.csgraph._reordering, scipy.stats._qmvnt_cy, scipy.stats._rcont.rcont, scipy.ndimage._nd_image, scipy.stats._sobol, scipy.ndimage._nd_image, scipy.stats._qmvnt_cy, scipy.ndimage._rank_filter_1d, scipy.stats._qmc_cy, scipy.ndimage._rank_filter_1d, scipy.ndimage._nd_image, _ni_label, scipy.stats._rcont.rcont, _ni_label, scipy.ndimage._rank_filter_1d, scipy.ndimage._ni_label, scipy.stats._qmvnt_cy, scipy.ndimage._ni_label, _ni_label, pandas._libs._cyutility, scipy.ndimage._nd_image, pandas._libs._cyutility, scipy.ndimage._ni_label, pandas._libs.tslibs.ccalendar, scipy.ndimage._rank_filter_1d, pandas._libs.tslibs.ccalendar, pandas._libs._cyutility, pandas._libs.tslibs.np_datetime, _ni_label, pandas._libs.tslibs.np_datetime, pandas._libs.tslibs.ccalendar, pandas._libs.tslibs.dtypes, , scipy.ndimage._ni_labelpandas._libs.tslibs.dtypes, pandas._libs.tslibs.np_datetimepandas._libs.tslibs.base, , , pandas._libs._cyutilitypandas._libs.tslibs.base, pandas._libs.tslibs.dtypes, pandas._libs.tslibs.nattype, , pandas._libs.tslibs.ccalendar, pandas._libs.tslibs.nattypepandas._libs.tslibs.basepandas._libs.tslibs.timezones, , , pandas._libs.tslibs.np_datetime, pandas._libs.tslibs.nattypepandas._libs.tslibs.timezonespandas._libs.properties, , , pandas._libs.tslibs.dtypespandas._libs.tslibs.timezones, pandas._libs.properties, pandas._libs.tslibs.fields, pandas._libs.tslibs.base, pandas._libs.properties, , pandas._libs.tslibs.fieldspandas._libs.tslibs.timedeltas, pandas._libs.tslibs.nattype, pandas._libs.tslibs.fields, pandas._libs.tslibs.timedeltaspandas._libs.tslibs.tzconversion, , , pandas._libs.tslibs.timezones, pandas._libs.tslibs.timedeltaspandas._libs.tslibs.tzconversionpandas._libs.tslibs.timestamps, , , pandas._libs.properties, pandas._libs.tslibs.tzconversionpandas._libs.tslibs.timestampspandas._libs.tslibs.offsets, , , pandas._libs.tslibs.fields, pandas._libs.tslibs.timestampspandas._libs.tslibs.offsetspandas._libs.tslibs.strptime, , , , pandas._libs.tslibs.timedeltaspandas._libs.tslibs.offsetspandas._libs.tslibs.strptimepandas._libs.tslibs.parsing, , , pandas._libs.tslibs.tzconversion, pandas._libs.tslibs.strptimepandas._libs.tslibs.parsingpandas._libs.tslibs.conversion, , , , pandas._libs.tslibs.timestampspandas._libs.tslibs.parsingpandas._libs.tslibs.conversionpandas._libs.tslibs.period, , , , pandas._libs.tslibs.offsetspandas._libs.tslibs.conversionpandas._libs.tslibs.periodpandas._libs.tslibs.vectorized, , , pandas._libs.tslibs.strptime, pandas._libs.tslibs.periodpandas._libs.tslibs.vectorizedpandas._libs.ops_dispatch, , , pandas._libs.tslibs.vectorized, pandas._libs.ops_dispatchpandas._libs.tslibs.parsingpandas._libs.missing, , , pandas._libs.ops_dispatch, pandas._libs.missingpandas._libs.hashtablepandas._libs.tslibs.conversion, , , pandas._libs.missingpandas._libs.hashtable, pandas._libs.algos, pandas._libs.tslibs.period, pandas._libs.hashtable, pandas._libs.algos, pandas._libs.interval, , pandas._libs.tslibs.vectorizedpandas._libs.algos, pandas._libs.interval, pandas._libs.lib, , pandas._libs.ops_dispatchpandas._libs.interval, pandas._libs.lib, pandas._libs.ops, , pandas._libs.missingpandas._libs.ops, pandas._libs.lib, pandas._libs.hashing, pandas._libs.hashtable, pandas._libs.hashing, pandas._libs.ops, pandas._libs.arrays, pandas._libs.algos, pandas._libs.arrays, pandas._libs.hashing, pandas._libs.tslib, pandas._libs.interval, pandas._libs.tslib, pandas._libs.arrays, pandas._libs.sparse, pandas._libs.libpandas._libs.sparse, , , pandas._libs.tslib, pandas._libs.internalspandas._libs.internalspandas._libs.ops, , , pandas._libs.sparsepandas._libs.indexing, pandas._libs.indexing, pandas._libs.hashing, pandas._libs.internals, pandas._libs.index, pandas._libs.index, , pandas._libs.arrayspandas._libs.indexing, pandas._libs.writerspandas._libs.writers, , , pandas._libs.index, pandas._libs.joinpandas._libs.tslibpandas._libs.join, , pandas._libs.writers, pandas._libs.window.aggregations, pandas._libs.sparse, pandas._libs.window.aggregations, pandas._libs.join, pandas._libs.window.indexers, pandas._libs.internals, pandas._libs.window.indexers, pandas._libs.window.aggregations, pandas._libs.reshape, , pandas._libs.indexingpandas._libs.reshape, pandas._libs.window.indexers, pandas._libs.groupby, pandas._libs.index, pandas._libs.groupby, pandas._libs.reshape, pandas._libs.json, , pandas._libs.writerspandas._libs.json, pandas._libs.groupby, pandas._libs.parsers, , pandas._libs.joinpandas._libs.jsonpandas._libs.parsers, , pandas._libs.testingpandas._libs.parsers, , , pandas._libs.window.aggregationspandas._libs.testingsklearn._cyutility, , pandas._libs.testing, , pandas._libs.window.indexerssklearn.utils._isfinitesklearn._cyutility, , , sklearn._cyutility, pandas._libs.reshapesklearn.utils.sparsefuncs_fastsklearn.utils._isfinite, , , sklearn.utils._isfinite, pandas._libs.groupbysklearn.utils.murmurhashsklearn.utils.sparsefuncs_fast, sklearn.utils.sparsefuncs_fast, , , pandas._libs.json, sklearn.utils._openmp_helperssklearn.utils.murmurhashsklearn.utils.murmurhash, , , pandas._libs.parsers, sklearn.preprocessing._csr_polynomial_expansionsklearn.utils._openmp_helperssklearn.utils._openmp_helpers, , , pandas._libs.testing, sklearn.preprocessing._target_encoder_fastsklearn.preprocessing._csr_polynomial_expansionsklearn.preprocessing._csr_polynomial_expansion, , sklearn._cyutility, sklearn.utils._random, sklearn.preprocessing._target_encoder_fast, sklearn.preprocessing._target_encoder_fast, sklearn.utils._isfinite, sklearn.utils._seq_dataset, sklearn.utils._random, sklearn.utils._random, sklearn.utils.sparsefuncs_fast, sklearn.utils._cython_blas, sklearn.utils._seq_dataset, , sklearn.utils._seq_datasetsklearn.linear_model._cd_fast, sklearn.utils.murmurhash, sklearn.utils._cython_blas, sklearn.utils._cython_blas, sklearn.metrics.cluster._expected_mutual_info_fast, , sklearn.utils._openmp_helperssklearn.linear_model._cd_fastsklearn.linear_model._cd_fast, , , sklearn.metrics._dist_metrics, sklearn.preprocessing._csr_polynomial_expansionsklearn.metrics.cluster._expected_mutual_info_fastsklearn.metrics.cluster._expected_mutual_info_fast, sklearn.metrics._pairwise_distances_reduction._datasets_pair, , , sklearn.preprocessing._target_encoder_fast, sklearn.metrics._dist_metricssklearn.metrics._dist_metricssklearn.metrics._pairwise_distances_reduction._base, , , sklearn.utils._random, sklearn.metrics._pairwise_distances_reduction._datasets_pairsklearn.metrics._pairwise_distances_reduction._datasets_pairsklearn.metrics._pairwise_distances_reduction._middle_term_computer, , , sklearn.utils._seq_dataset, sklearn.metrics._pairwise_distances_reduction._basesklearn.metrics._pairwise_distances_reduction._basesklearn.utils._heap, , , sklearn.utils._cython_blas, sklearn.metrics._pairwise_distances_reduction._middle_term_computersklearn.metrics._pairwise_distances_reduction._middle_term_computersklearn.utils._sorting, , , sklearn.linear_model._cd_fast, sklearn.utils._heapsklearn.utils._heapsklearn.metrics._pairwise_distances_reduction._argkmin, , , sklearn.metrics.cluster._expected_mutual_info_fast, sklearn.utils._sortingsklearn.utils._sortingsklearn.metrics._pairwise_distances_reduction._argkmin_classmode, , , sklearn.metrics._dist_metrics, sklearn.metrics._pairwise_distances_reduction._argkminsklearn.metrics._pairwise_distances_reduction._argkminsklearn.utils._vector_sentinel, , , sklearn.metrics._pairwise_distances_reduction._datasets_pair, sklearn.metrics._pairwise_distances_reduction._argkmin_classmodesklearn.metrics._pairwise_distances_reduction._argkmin_classmodesklearn.metrics._pairwise_distances_reduction._radius_neighbors, , , sklearn.metrics._pairwise_distances_reduction._base, sklearn.utils._vector_sentinelsklearn.utils._vector_sentinelsklearn.metrics._pairwise_distances_reduction._radius_neighbors_classmode, , , sklearn.metrics._pairwise_distances_reduction._middle_term_computer, sklearn.metrics._pairwise_distances_reduction._radius_neighborssklearn.metrics._pairwise_distances_reduction._radius_neighborssklearn.metrics._pairwise_fast, , , sklearn.utils._heap, sklearn.metrics._pairwise_distances_reduction._radius_neighbors_classmodesklearn.metrics._pairwise_distances_reduction._radius_neighbors_classmodesklearn._loss._loss, , , sklearn.utils._sorting, sklearn.metrics._pairwise_fastsklearn.metrics._pairwise_fastsklearn.utils.arrayfuncs, , , sklearn.metrics._pairwise_distances_reduction._argkmin, sklearn.linear_model._sag_fastsklearn._loss._losssklearn._loss._loss, , sklearn.svm._liblinear, , sklearn.metrics._pairwise_distances_reduction._argkmin_classmodesklearn.utils.arrayfuncs, sklearn.utils.arrayfuncs, sklearn.svm._libsvm, , sklearn.utils._vector_sentinelsklearn.linear_model._sag_fast, sklearn.linear_model._sag_fast, sklearn.svm._libsvm_sparse, , sklearn.metrics._pairwise_distances_reduction._radius_neighborssklearn.svm._liblinear, sklearn.svm._liblinear, sklearn.utils._weight_vector, , sklearn.metrics._pairwise_distances_reduction._radius_neighbors_classmodesklearn.svm._libsvmsklearn.svm._libsvm, , sklearn.linear_model._sgd_fast, , sklearn.metrics._pairwise_fast (total: sklearn.svm._libsvm_sparsesklearn.svm._libsvm_sparse167, ), , sklearn._loss._loss
sklearn.utils._weight_vectorsklearn.utils._weight_vector, sklearn.utils.arrayfuncs, , sklearn.linear_model._sgd_fastsklearn.linear_model._sgd_fast,  (total:  (total: sklearn.linear_model._sag_fast167167)), 

sklearn.svm._liblinear, sklearn.svm._libsvm, sklearn.svm._libsvm_sparse, sklearn.utils._weight_vector, sklearn.linear_model._sgd_fast (total: 167)
Fatal Python error: Illegal instruction

Current thread 0x000070ed7f285080 (most recent call first):
  File "/usr/local/lib/python3.12/dist-packages/sklearn/linear_model/_linear_loss.py", line 219 in weight_intercept_raw
  File "/usr/local/lib/python3.12/dist-packages/sklearn/linear_model/_linear_loss.py", line 337 in loss_gradient
  File "/usr/local/lib/python3.12/dist-packages/scipy/optimize/_optimize.py", line 74 in _compute_if_needed
  File "/usr/local/lib/python3.12/dist-packages/scipy/optimize/_optimize.py", line 80 in __call__
  File "/usr/local/lib/python3.12/dist-packages/scipy/_lib/_util.py", line 544 in __call__
  File "/usr/local/lib/python3.12/dist-packages/scipy/optimize/_differentiable_functions.py", line 362 in _update_fun
  File "/usr/local/lib/python3.12/dist-packages/scipy/optimize/_differentiable_functions.py", line 283 in __init__
  File "/usr/local/lib/python3.12/dist-packages/scipy/optimize/_optimize.py", line 310 in _prepare_scalar_function
  File "/usr/local/lib/python3.12/dist-packages/scipy/optimize/_lbfgsb_py.py", line 362 in _minimize_lbfgsb
  File "/usr/local/lib/python3.12/dist-packages/scipy/optimize/_minimize.py", line 784 in minimize
  File "/usr/local/lib/python3.12/dist-packages/sklearn/linear_model/_logistic.py", line 584 in _logistic_regression_path
  File "/usr/local/lib/python3.12/dist-packages/sklearn/linear_model/_logistic.py", line 1523 in fit
  File "/usr/local/lib/python3.12/dist-packages/sklearn/base.py", line 1403 in wrapper
  File "/workspace/t5_variant.py", line 22 in layer_oof
  File "/usr/local/lib/python3.12/dist-packages/joblib/parallel.py", line 607 in __call__
  File "/usr/local/lib/python3.12/dist-packages/joblib/externals/loky/process_executor.py", line 291 in __call__
  File "/usr/local/lib/python3.12/dist-packages/joblib/externals/loky/process_executor.py", line 490 in _process_worker
  File "/usr/lib/python3.12/multiprocessing/process.py", line 108 in run
  File "/usr/lib/python3.12/multiprocessing/process.py", line 314 in _bootstrap
  File "/usr/local/lib/python3.12/dist-packages/joblib/externals/loky/backend/popen_loky_posix.py", line 180 in <module>
  File "<frozen runpy>", line 88 in _run_code
  File "<frozen runpy>", line 198 in _run_module_as_main

Extension modules: psutil._psutil_linux, psutil._psutil_posix, numpy._core._multiarray_umath, numpy.linalg._umath_linalg, sklearn.__check_build._check_build, _cyutility, scipy._cyutility, scipy._lib._ccallback_c, scipy.sparse._sparsetools, charset_normalizer.md, numpy.random._common, numpy.random.bit_generator, numpy.random._bounded_integers, numpy.random._mt19937, numpy.random.mtrand, numpy.random._philox, numpy.random._pcg64, numpy.random._sfc64, numpy.random._generator, _csparsetools, scipy.sparse._csparsetools, scipy.special._ufuncs_cxx, scipy.linalg._fblas, scipy.linalg._flapack, scipy.linalg._batched_linalg, scipy.linalg._cythonized_array_utils, scipy.linalg._solve_toeplitz, scipy.linalg._internal_matfuncs, scipy.linalg._linalg_pythran, scipy.linalg.cython_blas, scipy.linalg.cython_lapack, scipy.linalg._decomp_update, scipy.special._ellip_harm_2, scipy.special._special_ufuncs, scipy.special._gufuncs, scipy.special._ufuncs, scipy.special._specfun, scipy.special._comb, scipy.sparse.linalg._dsolve._superlu, scipy.sparse.linalg._eigen.arpack._arpacklib, scipy.sparse.linalg._propack, scipy.spatial._ckdtree, scipy.spatial._hausdorff, scipy.spatial._distance_wrap, scipy._lib.messagestream, scipy.spatial._qhull, scipy.spatial._voronoi, scipy.spatial.transform._rotation_cy, scipy.spatial.transform._rigid_transform_cy, scipy.optimize._group_columns, scipy.optimize._trlib._trlib, scipy.optimize._lbfgsb, _moduleTNC, scipy.optimize._moduleTNC, scipy.optimize._slsqplib, scipy.optimize._minpack, scipy.optimize._lsq.givens_elimination, scipy.optimize._zeros, scipy._lib._uarray._uarray, scipy.linalg._decomp_interpolative, scipy.optimize._bglu_dense, scipy.optimize._lsap, scipy.optimize._direct, scipy.integrate._odepack, scipy.integrate._quadpack, scipy.integrate._vode, scipy.integrate._dop, scipy.interpolate._fitpack, scipy.interpolate._dierckx, scipy.interpolate._ppoly, scipy.interpolate._interpnd, scipy.interpolate._rbfinterp_pythran, scipy.interpolate._rgi_cython, scipy.special.cython_special, scipy.stats._stats, scipy.stats._biasedurn, scipy.stats._levy_stable.levyst, scipy.stats._stats_pythran, scipy.stats._ansari_swilk_statistics, scipy.sparse.csgraph._tools, scipy.sparse.csgraph._shortest_path, scipy.sparse.csgraph._traversal, scipy.sparse.csgraph._min_spanning_tree, scipy.sparse.csgraph._flow, scipy.sparse.csgraph._matching, scipy.sparse.csgraph._reordering, scipy.stats._sobol, scipy.stats._qmc_cy, scipy.stats._rcont.rcont, scipy.stats._qmvnt_cy, scipy.ndimage._nd_image, scipy.ndimage._rank_filter_1d, _ni_label, scipy.ndimage._ni_label, pandas._libs._cyutility, pandas._libs.tslibs.ccalendar, pandas._libs.tslibs.np_datetime, pandas._libs.tslibs.dtypes, pandas._libs.tslibs.base, pandas._libs.tslibs.nattype, pandas._libs.tslibs.timezones, pandas._libs.properties, pandas._libs.tslibs.fields, pandas._libs.tslibs.timedeltas, pandas._libs.tslibs.tzconversion, pandas._libs.tslibs.timestamps, pandas._libs.tslibs.offsets, pandas._libs.tslibs.strptime, pandas._libs.tslibs.parsing, pandas._libs.tslibs.conversion, pandas._libs.tslibs.period, pandas._libs.tslibs.vectorized, pandas._libs.ops_dispatch, pandas._libs.missing, pandas._libs.hashtable, pandas._libs.algos, pandas._libs.interval, pandas._libs.lib, pandas._libs.ops, pandas._libs.hashing, pandas._libs.arrays, pandas._libs.tslib, pandas._libs.sparse, pandas._libs.internals, pandas._libs.indexing, pandas._libs.index, pandas._libs.writers, pandas._libs.join, pandas._libs.window.aggregations, pandas._libs.window.indexers, pandas._libs.reshape, pandas._libs.groupby, pandas._libs.json, pandas._libs.parsers, pandas._libs.testing, sklearn._cyutility, sklearn.utils._isfinite, sklearn.utils.sparsefuncs_fast, sklearn.utils.murmurhash, sklearn.utils._openmp_helpers, sklearn.preprocessing._csr_polynomial_expansion, sklearn.preprocessing._target_encoder_fast, sklearn.utils._random, sklearn.utils._seq_dataset, sklearn.utils._cython_blas, sklearn.linear_model._cd_fast, sklearn.metrics.cluster._expected_mutual_info_fast, sklearn.metrics._dist_metrics, sklearn.metrics._pairwise_distances_reduction._datasets_pair, sklearn.metrics._pairwise_distances_reduction._base, sklearn.metrics._pairwise_distances_reduction._middle_term_computer, sklearn.utils._heap, sklearn.utils._sorting, sklearn.metrics._pairwise_distances_reduction._argkmin, sklearn.metrics._pairwise_distances_reduction._argkmin_classmode, sklearn.utils._vector_sentinel, sklearn.metrics._pairwise_distances_reduction._radius_neighbors, sklearn.metrics._pairwise_distances_reduction._radius_neighbors_classmode, sklearn.metrics._pairwise_fast, sklearn._loss._loss, sklearn.utils.arrayfuncs, sklearn.linear_model._sag_fast, sklearn.svm._liblinear, sklearn.svm._libsvm, sklearn.svm._libsvm_sparse, sklearn.utils._weight_vector, sklearn.linear_model._sgd_fast (total: 167)
Fatal Python error: Illegal instruction

Current thread 0x0000730895319080 (most recent call first):
  File "/usr/local/lib/python3.12/dist-packages/sklearn/linear_model/_linear_loss.py", line 219 in weight_intercept_raw
  File "/usr/local/lib/python3.12/dist-packages/sklearn/linear_model/_linear_loss.py", line 337 in loss_gradient
  File "/usr/local/lib/python3.12/dist-packages/scipy/optimize/_optimize.py", line 74 in _compute_if_needed
  File "/usr/local/lib/python3.12/dist-packages/scipy/optimize/_optimize.py", line 80 in __call__
  File "/usr/local/lib/python3.12/dist-packages/scipy/_lib/_util.py", line 544 in __call__
  File "/usr/local/lib/python3.12/dist-packages/scipy/optimize/_differentiable_functions.py", line 362 in _update_fun
  File "/usr/local/lib/python3.12/dist-packages/scipy/optimize/_differentiable_functions.py", line 283 in __init__
  File "/usr/local/lib/python3.12/dist-packages/scipy/optimize/_optimize.py", line 310 in _prepare_scalar_function
  File "/usr/local/lib/python3.12/dist-packages/scipy/optimize/_lbfgsb_py.py", line 362 in _minimize_lbfgsb
  File "/usr/local/lib/python3.12/dist-packages/scipy/optimize/_minimize.py", line 784 in minimize
  File "/usr/local/lib/python3.12/dist-packages/sklearn/linear_model/_logistic.py", line 584 in _logistic_regression_path
  File "/usr/local/lib/python3.12/dist-packages/sklearn/linear_model/_logistic.py", line 1523 in fit
  File "/usr/local/lib/python3.12/dist-packages/sklearn/base.py", line 1403 in wrapper
  File "/workspace/t5_variant.py", line 22 in layer_oof
  File "/usr/local/lib/python3.12/dist-packages/joblib/parallel.py", line 607 in __call__
  File "/usr/local/lib/python3.12/dist-packages/joblib/externals/loky/process_executor.py", line 291 in __call__
  File "/usr/local/lib/python3.12/dist-packages/joblib/externals/loky/process_executor.py", line 490 in _process_worker
  File "/usr/lib/python3.12/multiprocessing/process.py", line 108 in run
  File "/usr/lib/python3.12/multiprocessing/process.py", line 314 in _bootstrap
  File "/usr/local/lib/python3.12/dist-packages/joblib/externals/loky/backend/popen_loky_posix.py", line 180 in <module>
  File "<frozen runpy>", line 88 in _run_code
  File "<frozen runpy>", line 198 in _run_module_as_main

Extension modules: psutil._psutil_linux, psutil._psutil_posix, numpy._core._multiarray_umath, numpy.linalg._umath_linalg, sklearn.__check_build._check_build, _cyutility, scipy._cyutility, scipy._lib._ccallback_c, scipy.sparse._sparsetools, numpy.random._common, numpy.random.bit_generator, numpy.random._bounded_integers, numpy.random._mt19937, numpy.random.mtrand, numpy.random._philox, numpy.random._pcg64, numpy.random._sfc64, numpy.random._generator, charset_normalizer.md, _csparsetools, scipy.sparse._csparsetools, scipy.special._ufuncs_cxx, scipy.linalg._fblas, scipy.linalg._flapack, scipy.linalg._batched_linalg, scipy.linalg._cythonized_array_utils, scipy.linalg._solve_toeplitz, scipy.linalg._internal_matfuncs, scipy.linalg._linalg_pythran, scipy.linalg.cython_blas, scipy.linalg.cython_lapack, scipy.linalg._decomp_update, scipy.special._ellip_harm_2, scipy.special._special_ufuncs, scipy.special._gufuncs, scipy.special._ufuncs, scipy.special._specfun, scipy.special._comb, scipy.sparse.linalg._dsolve._superlu, scipy.sparse.linalg._eigen.arpack._arpacklib, scipy.sparse.linalg._propack, scipy.spatial._ckdtree, scipy.spatial._hausdorff, scipy.spatial._distance_wrap, scipy._lib.messagestream, scipy.spatial._qhull, scipy.spatial._voronoi, scipy.spatial.transform._rotation_cy, scipy.spatial.transform._rigid_transform_cy, scipy.optimize._group_columns, scipy.optimize._trlib._trlib, scipy.optimize._lbfgsb, _moduleTNC, scipy.optimize._moduleTNC, scipy.optimize._slsqplib, scipy.optimize._minpack, scipy.optimize._lsq.givens_elimination, scipy.optimize._zeros, scipy._lib._uarray._uarray, scipy.linalg._decomp_interpolative, scipy.optimize._bglu_dense, scipy.optimize._lsap, scipy.optimize._direct, scipy.integrate._odepack, scipy.integrate._quadpack, scipy.integrate._vode, scipy.integrate._dop, scipy.interpolate._fitpack, scipy.interpolate._dierckx, scipy.interpolate._ppoly, scipy.interpolate._interpnd, scipy.interpolate._rbfinterp_pythran, scipy.interpolate._rgi_cython, scipy.special.cython_special, scipy.stats._stats, scipy.stats._biasedurn, scipy.stats._levy_stable.levyst, scipy.stats._stats_pythran, scipy.stats._ansari_swilk_statistics, scipy.sparse.csgraph._tools, scipy.sparse.csgraph._shortest_path, scipy.sparse.csgraph._traversal, scipy.sparse.csgraph._min_spanning_tree, scipy.sparse.csgraph._flow, scipy.sparse.csgraph._matching, scipy.sparse.csgraph._reordering, scipy.stats._sobol, scipy.stats._qmc_cy, scipy.stats._rcont.rcont, scipy.stats._qmvnt_cy, scipy.ndimage._nd_image, scipy.ndimage._rank_filter_1d, _ni_label, scipy.ndimage._ni_label, pandas._libs._cyutility, pandas._libs.tslibs.ccalendar, pandas._libs.tslibs.np_datetime, pandas._libs.tslibs.dtypes, pandas._libs.tslibs.base, pandas._libs.tslibs.nattype, pandas._libs.tslibs.timezones, pandas._libs.properties, pandas._libs.tslibs.fields, pandas._libs.tslibs.timedeltas, pandas._libs.tslibs.tzconversion, pandas._libs.tslibs.timestamps, pandas._libs.tslibs.offsets, pandas._libs.tslibs.strptime, pandas._libs.tslibs.parsing, pandas._libs.tslibs.conversion, pandas._libs.tslibs.period, pandas._libs.tslibs.vectorized, pandas._libs.ops_dispatch, pandas._libs.missing, pandas._libs.hashtable, pandas._libs.algos, pandas._libs.interval, pandas._libs.lib, pandas._libs.ops, pandas._libs.hashing, pandas._libs.arrays, pandas._libs.tslib, pandas._libs.sparse, pandas._libs.internals, pandas._libs.indexing, pandas._libs.index, pandas._libs.writers, pandas._libs.join, pandas._libs.window.aggregations, pandas._libs.window.indexers, pandas._libs.reshape, pandas._libs.groupby, pandas._libs.json, pandas._libs.parsers, pandas._libs.testing, sklearn._cyutility, sklearn.utils._isfinite, sklearn.utils.sparsefuncs_fast, sklearn.utils.murmurhash, sklearn.utils._openmp_helpers, sklearn.preprocessing._csr_polynomial_expansion, sklearn.preprocessing._target_encoder_fast, sklearn.utils._random, sklearn.utils._seq_dataset, sklearn.utils._cython_blas, sklearn.linear_model._cd_fast, sklearn.metrics.cluster._expected_mutual_info_fast, sklearn.metrics._dist_metrics, sklearn.metrics._pairwise_distances_reduction._datasets_pair, sklearn.metrics._pairwise_distances_reduction._base, sklearn.metrics._pairwise_distances_reduction._middle_term_computer, sklearn.utils._heap, sklearn.utils._sorting, sklearn.metrics._pairwise_distances_reduction._argkmin, sklearn.metrics._pairwise_distances_reduction._argkmin_classmode, sklearn.utils._vector_sentinel, sklearn.metrics._pairwise_distances_reduction._radius_neighbors, sklearn.metrics._pairwise_distances_reduction._radius_neighbors_classmode, sklearn.metrics._pairwise_fast, sklearn._loss._loss, sklearn.utils.arrayfuncs, sklearn.linear_model._sag_fast, sklearn.svm._liblinear, sklearn.svm._libsvm, sklearn.svm._libsvm_sparse, sklearn.utils._weight_vector, sklearn.linear_model._sgd_fast (total: 167)
Fatal Python error: Illegal instruction

Current thread 0x000070b1d5d48080 (most recent call first):
  File "/usr/local/lib/python3.12/dist-packages/sklearn/linear_model/_linear_loss.py", line 219 in weight_intercept_raw
  File "/usr/local/lib/python3.12/dist-packages/sklearn/linear_model/_linear_loss.py", line 337 in loss_gradient
  File "/usr/local/lib/python3.12/dist-packages/scipy/optimize/_optimize.py", line 74 in _compute_if_needed
  File "/usr/local/lib/python3.12/dist-packages/scipy/optimize/_optimize.py", line 80 in __call__
  File "/usr/local/lib/python3.12/dist-packages/scipy/_lib/_util.py", line 544 in __call__
  File "/usr/local/lib/python3.12/dist-packages/scipy/optimize/_differentiable_functions.py", line 362 in _update_fun
  File "/usr/local/lib/python3.12/dist-packages/scipy/optimize/_differentiable_functions.py", line 283 in __init__
  File "/usr/local/lib/python3.12/dist-packages/scipy/optimize/_optimize.py", line 310 in _prepare_scalar_function
  File "/usr/local/lib/python3.12/dist-packages/scipy/optimize/_lbfgsb_py.py", line 362 in _minimize_lbfgsb
  File "/usr/local/lib/python3.12/dist-packages/scipy/optimize/_minimize.py", line 784 in minimize
  File "/usr/local/lib/python3.12/dist-packages/sklearn/linear_model/_logistic.py", line 584 in _logistic_regression_path
  File "/usr/local/lib/python3.12/dist-packages/sklearn/linear_model/_logistic.py", line 1523 in fit
  File "/usr/local/lib/python3.12/dist-packages/sklearn/base.py", line 1403 in wrapper
  File "/workspace/t5_variant.py", line 22 in layer_oof
  File "/usr/local/lib/python3.12/dist-packages/joblib/parallel.py", line 607 in __call__
  File "/usr/local/lib/python3.12/dist-packages/joblib/externals/loky/process_executor.py", line 291 in __call__
  File "/usr/local/lib/python3.12/dist-packages/joblib/externals/loky/process_executor.py", line 490 in _process_worker
  File "/usr/lib/python3.12/multiprocessing/process.py", line 108 in run
  File "/usr/lib/python3.12/multiprocessing/process.py", line 314 in _bootstrap
  File "/usr/local/lib/python3.12/dist-packages/joblib/externals/loky/backend/popen_loky_posix.py", line 180 in <module>
  File "<frozen runpy>", line 88 in _run_code
  File "<frozen runpy>", line 198 in _run_module_as_main

Extension modules: psutil._psutil_linux, psutil._psutil_posix, numpy._core._multiarray_umath, numpy.linalg._umath_linalg, sklearn.__check_build._check_build, _cyutility, scipy._cyutility, scipy._lib._ccallback_c, scipy.sparse._sparsetools, numpy.random._common, numpy.random.bit_generator, numpy.random._bounded_integers, numpy.random._mt19937, numpy.random.mtrand, numpy.random._philox, numpy.random._pcg64, numpy.random._sfc64, numpy.random._generator, charset_normalizer.md, _csparsetools, scipy.sparse._csparsetools, scipy.special._ufuncs_cxx, scipy.linalg._fblas, scipy.linalg._flapack, scipy.linalg._batched_linalg, scipy.linalg._cythonized_array_utils, scipy.linalg._solve_toeplitz, scipy.linalg._internal_matfuncs, scipy.linalg._linalg_pythran, scipy.linalg.cython_blas, scipy.linalg.cython_lapack, scipy.linalg._decomp_update, scipy.special._ellip_harm_2, scipy.special._special_ufuncs, scipy.special._gufuncs, scipy.special._ufuncs, scipy.special._specfun, scipy.special._comb, scipy.sparse.linalg._dsolve._superlu, scipy.sparse.linalg._eigen.arpack._arpacklib, scipy.sparse.linalg._propack, scipy.spatial._ckdtree, scipy.spatial._hausdorff, scipy.spatial._distance_wrap, scipy._lib.messagestream, scipy.spatial._qhull, scipy.spatial._voronoi, scipy.spatial.transform._rotation_cy, scipy.spatial.transform._rigid_transform_cy, scipy.optimize._group_columns, scipy.optimize._trlib._trlib, scipy.optimize._lbfgsb, _moduleTNC, scipy.optimize._moduleTNC, scipy.optimize._slsqplib, scipy.optimize._minpack, scipy.optimize._lsq.givens_elimination, scipy.optimize._zeros, scipy._lib._uarray._uarray, scipy.linalg._decomp_interpolative, scipy.optimize._bglu_dense, scipy.optimize._lsap, scipy.optimize._direct, scipy.integrate._odepack, scipy.integrate._quadpack, scipy.integrate._vode, scipy.integrate._dop, scipy.interpolate._fitpack, scipy.interpolate._dierckx, scipy.interpolate._ppoly, scipy.interpolate._interpnd, scipy.interpolate._rbfinterp_pythran, scipy.interpolate._rgi_cython, scipy.special.cython_special, scipy.stats._stats, scipy.stats._biasedurn, scipy.stats._levy_stable.levyst, scipy.stats._stats_pythran, scipy.stats._ansari_swilk_statistics, scipy.sparse.csgraph._tools, scipy.sparse.csgraph._shortest_path, scipy.sparse.csgraph._traversal, scipy.sparse.csgraph._min_spanning_tree, scipy.sparse.csgraph._flow, scipy.sparse.csgraph._matching, scipy.sparse.csgraph._reordering, scipy.stats._sobol, scipy.stats._qmc_cy, scipy.stats._rcont.rcont, scipy.stats._qmvnt_cy, scipy.ndimage._nd_image, scipy.ndimage._rank_filter_1d, _ni_label, scipy.ndimage._ni_label, pandas._libs._cyutility, pandas._libs.tslibs.ccalendar, pandas._libs.tslibs.np_datetime, pandas._libs.tslibs.dtypes, pandas._libs.tslibs.base, pandas._libs.tslibs.nattype, pandas._libs.tslibs.timezones, pandas._libs.properties, pandas._libs.tslibs.fields, pandas._libs.tslibs.timedeltas, pandas._libs.tslibs.tzconversion, pandas._libs.tslibs.timestamps, pandas._libs.tslibs.offsets, pandas._libs.tslibs.strptime, pandas._libs.tslibs.parsing, pandas._libs.tslibs.conversion, pandas._libs.tslibs.period, pandas._libs.tslibs.vectorized, pandas._libs.ops_dispatch, pandas._libs.missing, pandas._libs.hashtable, pandas._libs.algos, pandas._libs.interval, pandas._libs.lib, pandas._libs.ops, pandas._libs.hashing, pandas._libs.arrays, pandas._libs.tslib, pandas._libs.sparse, pandas._libs.internals, pandas._libs.indexing, pandas._libs.index, pandas._libs.writers, pandas._libs.join, pandas._libs.window.aggregations, pandas._libs.window.indexers, pandas._libs.reshape, pandas._libs.groupby, pandas._libs.json, pandas._libs.parsers, pandas._libs.testing, sklearn._cyutility, sklearn.utils._isfinite, sklearn.utils.sparsefuncs_fast, sklearn.utils.murmurhash, sklearn.utils._openmp_helpers, sklearn.preprocessing._csr_polynomial_expansion, sklearn.preprocessing._target_encoder_fast, sklearn.utils._random, sklearn.utils._seq_dataset, sklearn.utils._cython_blas, sklearn.linear_model._cd_fast, sklearn.metrics.cluster._expected_mutual_info_fast, sklearn.metrics._dist_metrics, sklearn.metrics._pairwise_distances_reduction._datasets_pair, sklearn.metrics._pairwise_distances_reduction._base, sklearn.metrics._pairwise_distances_reduction._middle_term_computer, sklearn.utils._heap, sklearn.utils._sorting, sklearn.metrics._pairwise_distances_reduction._argkmin, sklearn.metrics._pairwise_distances_reduction._argkmin_classmode, sklearn.utils._vector_sentinel, sklearn.metrics._pairwise_distances_reduction._radius_neighbors, sklearn.metrics._pairwise_distances_reduction._radius_neighbors_classmode, sklearn.metrics._pairwise_fast, sklearn._loss._loss, sklearn.utils.arrayfuncs, sklearn.linear_model._sag_fast, sklearn.svm._liblinear, sklearn.svm._libsvm, sklearn.svm._libsvm_sparse, sklearn.utils._weight_vector, sklearn.linear_model._sgd_fast (total: 167)
Fatal Python error: Illegal instruction

Current thread 0x00007b2de1f1c080 (most recent call first):
  File "/usr/local/lib/python3.12/dist-packages/sklearn/linear_model/_linear_loss.py", line 219 in weight_intercept_raw
  File "/usr/local/lib/python3.12/dist-packages/sklearn/linear_model/_linear_loss.py", line 337 in loss_gradient
  File "/usr/local/lib/python3.12/dist-packages/scipy/optimize/_optimize.py", line 74 in _compute_if_needed
  File "/usr/local/lib/python3.12/dist-packages/scipy/optimize/_optimize.py", line 80 in __call__
  File "/usr/local/lib/python3.12/dist-packages/scipy/_lib/_util.py", line 544 in __call__
  File "/usr/local/lib/python3.12/dist-packages/scipy/optimize/_differentiable_functions.py", line 362 in _update_fun
  File "/usr/local/lib/python3.12/dist-packages/scipy/optimize/_differentiable_functions.py", line 283 in __init__
  File "/usr/local/lib/python3.12/dist-packages/scipy/optimize/_optimize.py", line 310 in _prepare_scalar_function
  File "/usr/local/lib/python3.12/dist-packages/scipy/optimize/_lbfgsb_py.py", line 362 in _minimize_lbfgsb
  File "/usr/local/lib/python3.12/dist-packages/scipy/optimize/_minimize.py", line 784 in minimize
  File "/usr/local/lib/python3.12/dist-packages/sklearn/linear_model/_logistic.py", line 584 in _logistic_regression_path
  File "/usr/local/lib/python3.12/dist-packages/sklearn/linear_model/_logistic.py", line 1523 in fit
  File "/usr/local/lib/python3.12/dist-packages/sklearn/base.py", line 1403 in wrapper
  File "/workspace/t5_variant.py", line 22 in layer_oof
  File "/usr/local/lib/python3.12/dist-packages/joblib/parallel.py", line 607 in __call__
  File "/usr/local/lib/python3.12/dist-packages/joblib/externals/loky/process_executor.py", line 291 in __call__
  File "/usr/local/lib/python3.12/dist-packages/joblib/externals/loky/process_executor.py", line 490 in _process_worker
  File "/usr/lib/python3.12/multiprocessing/process.py", line 108 in run
  File "/usr/lib/python3.12/multiprocessing/process.py", line 314 in _bootstrap
  File "/usr/local/lib/python3.12/dist-packages/joblib/externals/loky/backend/popen_loky_posix.py", line 180 in <module>
  File "<frozen runpy>", line 88 in _run_code
  File "<frozen runpy>", line 198 in _run_module_as_main

Extension modules: psutil._psutil_linux, psutil._psutil_posix, numpy._core._multiarray_umath, numpy.linalg._umath_linalg, sklearn.__check_build._check_build, _cyutility, scipy._cyutility, scipy._lib._ccallback_c, scipy.sparse._sparsetools, numpy.random._common, numpy.random.bit_generator, numpy.random._bounded_integers, numpy.random._mt19937, numpy.random.mtrand, numpy.random._philox, numpy.random._pcg64, numpy.random._sfc64, numpy.random._generator, charset_normalizer.md, _csparsetools, scipy.sparse._csparsetools, scipy.special._ufuncs_cxx, scipy.linalg._fblas, scipy.linalg._flapack, scipy.linalg._batched_linalg, scipy.linalg._cythonized_array_utils, scipy.linalg._solve_toeplitz, scipy.linalg._internal_matfuncs, scipy.linalg._linalg_pythran, scipy.linalg.cython_blas, scipy.linalg.cython_lapack, scipy.linalg._decomp_update, scipy.special._ellip_harm_2, scipy.special._special_ufuncs, scipy.special._gufuncs, scipy.special._ufuncs, scipy.special._specfun, scipy.special._comb, scipy.sparse.linalg._dsolve._superlu, scipy.sparse.linalg._eigen.arpack._arpacklib, scipy.sparse.linalg._propack, scipy.spatial._ckdtree, scipy.spatial._hausdorff, scipy.spatial._distance_wrap, scipy._lib.messagestream, scipy.spatial._qhull, scipy.spatial._voronoi, scipy.spatial.transform._rotation_cy, scipy.spatial.transform._rigid_transform_cy, scipy.optimize._group_columns, scipy.optimize._trlib._trlib, scipy.optimize._lbfgsb, _moduleTNC, scipy.optimize._moduleTNC, scipy.optimize._slsqplib, scipy.optimize._minpack, scipy.optimize._lsq.givens_elimination, scipy.optimize._zeros, scipy._lib._uarray._uarray, scipy.linalg._decomp_interpolative, scipy.optimize._bglu_dense, scipy.optimize._lsap, scipy.optimize._direct, scipy.integrate._odepack, scipy.integrate._quadpack, scipy.integrate._vode, scipy.integrate._dop, scipy.interpolate._fitpack, scipy.interpolate._dierckx, scipy.interpolate._ppoly, scipy.interpolate._interpnd, scipy.interpolate._rbfinterp_pythran, scipy.interpolate._rgi_cython, scipy.special.cython_special, scipy.stats._stats, scipy.stats._biasedurn, scipy.stats._levy_stable.levyst, scipy.stats._stats_pythran, scipy.stats._ansari_swilk_statistics, scipy.sparse.csgraph._tools, scipy.sparse.csgraph._shortest_path, scipy.sparse.csgraph._traversal, scipy.sparse.csgraph._min_spanning_tree, scipy.sparse.csgraph._flow, scipy.sparse.csgraph._matching, scipy.sparse.csgraph._reordering, scipy.stats._sobol, scipy.stats._qmc_cy, scipy.stats._rcont.rcont, scipy.stats._qmvnt_cy, scipy.ndimage._nd_image, scipy.ndimage._rank_filter_1d, _ni_label, scipy.ndimage._ni_label, pandas._libs._cyutility, pandas._libs.tslibs.ccalendar, pandas._libs.tslibs.np_datetime, pandas._libs.tslibs.dtypes, pandas._libs.tslibs.base, pandas._libs.tslibs.nattype, pandas._libs.tslibs.timezones, pandas._libs.properties, pandas._libs.tslibs.fields, pandas._libs.tslibs.timedeltas, pandas._libs.tslibs.tzconversion, pandas._libs.tslibs.timestamps, pandas._libs.tslibs.offsets, pandas._libs.tslibs.strptime, pandas._libs.tslibs.parsing, pandas._libs.tslibs.conversion, pandas._libs.tslibs.period, pandas._libs.tslibs.vectorized, pandas._libs.ops_dispatch, pandas._libs.missing, pandas._libs.hashtable, pandas._libs.algos, pandas._libs.interval, pandas._libs.lib, pandas._libs.ops, pandas._libs.hashing, pandas._libs.arrays, pandas._libs.tslib, pandas._libs.sparse, pandas._libs.internals, pandas._libs.indexing, pandas._libs.index, pandas._libs.writers, pandas._libs.join, pandas._libs.window.aggregations, pandas._libs.window.indexers, pandas._libs.reshape, pandas._libs.groupby, pandas._libs.json, pandas._libs.parsers, pandas._libs.testing, sklearn._cyutility, sklearn.utils._isfinite, sklearn.utils.sparsefuncs_fast, sklearn.utils.murmurhash, sklearn.utils._openmp_helpers, sklearn.preprocessing._csr_polynomial_expansion, sklearn.preprocessing._target_encoder_fast, sklearn.utils._random, sklearn.utils._seq_dataset, sklearn.utils._cython_blas, sklearn.linear_model._cd_fast, sklearn.metrics.cluster._expected_mutual_info_fast, sklearn.metrics._dist_metrics, sklearn.metrics._pairwise_distances_reduction._datasets_pair, sklearn.metrics._pairwise_distances_reduction._base, sklearn.metrics._pairwise_distances_reduction._middle_term_computer, sklearn.utils._heap, sklearn.utils._sorting, sklearn.metrics._pairwise_distances_reduction._argkmin, sklearn.metrics._pairwise_distances_reduction._argkmin_classmode, sklearn.utils._vector_sentinel, sklearn.metrics._pairwise_distances_reduction._radius_neighbors, sklearn.metrics._pairwise_distances_reduction._radius_neighbors_classmode, sklearn.metrics._pairwise_fast, sklearn._loss._loss, sklearn.utils.arrayfuncs, sklearn.linear_model._sag_fast, sklearn.svm._liblinear, sklearn.svm._libsvm, sklearn.svm._libsvm_sparse, sklearn.utils._weight_vector, sklearn.linear_model._sgd_fast (total: 167)
Fatal Python error: Illegal instruction

Current thread 0x0000704fad385080 (most recent call first):
  File "/usr/local/lib/python3.12/dist-packages/sklearn/linear_model/_linear_loss.py", line 219 in weight_intercept_raw
  File "/usr/local/lib/python3.12/dist-packages/sklearn/linear_model/_linear_loss.py", line 337 in loss_gradient
  File "/usr/local/lib/python3.12/dist-packages/scipy/optimize/_optimize.py", line 74 in _compute_if_needed
  File "/usr/local/lib/python3.12/dist-packages/scipy/optimize/_optimize.py", line 80 in __call__
  File "/usr/local/lib/python3.12/dist-packages/scipy/_lib/_util.py", line 544 in __call__
  File "/usr/local/lib/python3.12/dist-packages/scipy/optimize/_differentiable_functions.py", line 362 in _update_fun
  File "/usr/local/lib/python3.12/dist-packages/scipy/optimize/_differentiable_functions.py", line 283 in __init__
  File "/usr/local/lib/python3.12/dist-packages/scipy/optimize/_optimize.py", line 310 in _prepare_scalar_function
  File "/usr/local/lib/python3.12/dist-packages/scipy/optimize/_lbfgsb_py.py", line 362 in _minimize_lbfgsb
  File "/usr/local/lib/python3.12/dist-packages/scipy/optimize/_minimize.py", line 784 in minimize
  File "/usr/local/lib/python3.12/dist-packages/sklearn/linear_model/_logistic.py", line 584 in _logistic_regression_path
  File "/usr/local/lib/python3.12/dist-packages/sklearn/linear_model/_logistic.py", line 1523 in fit
  File "/usr/local/lib/python3.12/dist-packages/sklearn/base.py", line 1403 in wrapper
  File "/workspace/t5_variant.py", line 22 in layer_oof
  File "/usr/local/lib/python3.12/dist-packages/joblib/parallel.py", line 607 in __call__
  File "/usr/local/lib/python3.12/dist-packages/joblib/externals/loky/process_executor.py", line 291 in __call__
  File "/usr/local/lib/python3.12/dist-packages/joblib/externals/loky/process_executor.py", line 490 in _process_worker
  File "/usr/lib/python3.12/multiprocessing/process.py", line 108 in run
  File "/usr/lib/python3.12/multiprocessing/process.py", line 314 in _bootstrap
  File "/usr/local/lib/python3.12/dist-packages/joblib/externals/loky/backend/popen_loky_posix.py", line 180 in <module>
  File "<frozen runpy>", line 88 in _run_code
  File "<frozen runpy>", line 198 in _run_module_as_main

Extension modules: psutil._psutil_linux, psutil._psutil_posix, numpy._core._multiarray_umath, numpy.linalg._umath_linalg, sklearn.__check_build._check_build, _cyutility, scipy._cyutility, scipy._lib._ccallback_c, scipy.sparse._sparsetools, numpy.random._common, numpy.random.bit_generator, numpy.random._bounded_integers, numpy.random._mt19937, numpy.random.mtrand, numpy.random._philox, numpy.random._pcg64, numpy.random._sfc64, numpy.random._generator, charset_normalizer.md, _csparsetools, scipy.sparse._csparsetools, scipy.special._ufuncs_cxx, scipy.linalg._fblas, scipy.linalg._flapack, scipy.linalg._batched_linalg, scipy.linalg._cythonized_array_utils, scipy.linalg._solve_toeplitz, scipy.linalg._internal_matfuncs, scipy.linalg._linalg_pythran, scipy.linalg.cython_blas, scipy.linalg.cython_lapack, scipy.linalg._decomp_update, scipy.special._ellip_harm_2, scipy.special._special_ufuncs, scipy.special._gufuncs, scipy.special._ufuncs, scipy.special._specfun, scipy.special._comb, scipy.sparse.linalg._dsolve._superlu, scipy.sparse.linalg._eigen.arpack._arpacklib, scipy.sparse.linalg._propack, scipy.spatial._ckdtree, scipy.spatial._hausdorff, scipy.spatial._distance_wrap, scipy._lib.messagestream, scipy.spatial._qhull, scipy.spatial._voronoi, scipy.spatial.transform._rotation_cy, scipy.spatial.transform._rigid_transform_cy, scipy.optimize._group_columns, scipy.optimize._trlib._trlib, scipy.optimize._lbfgsb, _moduleTNC, scipy.optimize._moduleTNC, scipy.optimize._slsqplib, scipy.optimize._minpack, scipy.optimize._lsq.givens_elimination, scipy.optimize._zeros, scipy._lib._uarray._uarray, scipy.linalg._decomp_interpolative, scipy.optimize._bglu_dense, scipy.optimize._lsap, scipy.optimize._direct, scipy.integrate._odepack, scipy.integrate._quadpack, scipy.integrate._vode, scipy.integrate._dop, scipy.interpolate._fitpack, scipy.interpolate._dierckx, scipy.interpolate._ppoly, scipy.interpolate._interpnd, scipy.interpolate._rbfinterp_pythran, scipy.interpolate._rgi_cython, scipy.special.cython_special, scipy.stats._stats, scipy.stats._biasedurn, scipy.stats._levy_stable.levyst, scipy.stats._stats_pythran, scipy.stats._ansari_swilk_statistics, scipy.sparse.csgraph._tools, scipy.sparse.csgraph._shortest_path, scipy.sparse.csgraph._traversal, scipy.sparse.csgraph._min_spanning_tree, scipy.sparse.csgraph._flow, scipy.sparse.csgraph._matching, scipy.sparse.csgraph._reordering, scipy.stats._sobol, scipy.stats._qmc_cy, scipy.stats._rcont.rcont, scipy.stats._qmvnt_cy, scipy.ndimage._nd_image, scipy.ndimage._rank_filter_1d, _ni_label, scipy.ndimage._ni_label, pandas._libs._cyutility, pandas._libs.tslibs.ccalendar, pandas._libs.tslibs.np_datetime, pandas._libs.tslibs.dtypes, pandas._libs.tslibs.base, pandas._libs.tslibs.nattype, pandas._libs.tslibs.timezones, pandas._libs.properties, pandas._libs.tslibs.fields, pandas._libs.tslibs.timedeltas, pandas._libs.tslibs.tzconversion, pandas._libs.tslibs.timestamps, pandas._libs.tslibs.offsets, pandas._libs.tslibs.strptime, pandas._libs.tslibs.parsing, pandas._libs.tslibs.conversion, pandas._libs.tslibs.period, pandas._libs.tslibs.vectorized, pandas._libs.ops_dispatch, pandas._libs.missing, pandas._libs.hashtable, pandas._libs.algos, pandas._libs.interval, pandas._libs.lib, pandas._libs.ops, pandas._libs.hashing, pandas._libs.arrays, pandas._libs.tslib, pandas._libs.sparse, pandas._libs.internals, pandas._libs.indexing, pandas._libs.index, pandas._libs.writers, pandas._libs.join, pandas._libs.window.aggregations, pandas._libs.window.indexers, pandas._libs.reshape, pandas._libs.groupby, pandas._libs.json, pandas._libs.parsers, pandas._libs.testing, sklearn._cyutility, sklearn.utils._isfinite, sklearn.utils.sparsefuncs_fast, sklearn.utils.murmurhash, sklearn.utils._openmp_helpers, sklearn.preprocessing._csr_polynomial_expansion, sklearn.preprocessing._target_encoder_fast, sklearn.utils._random, sklearn.utils._seq_dataset, sklearn.utils._cython_blas, sklearn.linear_model._cd_fast, sklearn.metrics.cluster._expected_mutual_info_fast, sklearn.metrics._dist_metrics, sklearn.metrics._pairwise_distances_reduction._datasets_pair, sklearn.metrics._pairwise_distances_reduction._base, sklearn.metrics._pairwise_distances_reduction._middle_term_computer, sklearn.utils._heap, sklearn.utils._sorting, sklearn.metrics._pairwise_distances_reduction._argkmin, sklearn.metrics._pairwise_distances_reduction._argkmin_classmode, sklearn.utils._vector_sentinel, sklearn.metrics._pairwise_distances_reduction._radius_neighbors, sklearn.metrics._pairwise_distances_reduction._radius_neighbors_classmode, sklearn.metrics._pairwise_fast, sklearn._loss._loss, sklearn.utils.arrayfuncs, sklearn.linear_model._sag_fast, sklearn.svm._liblinear, sklearn.svm._libsvm, sklearn.svm._libsvm_sparse, sklearn.utils._weight_vector, sklearn.linear_model._sgd_fast (total: 167)
Fatal Python error: Illegal instruction

Current thread 0x00007974e9957080 (most recent call first):
  File "/usr/local/lib/python3.12/dist-packages/sklearn/linear_model/_linear_loss.py", line 219 in weight_intercept_raw
  File "/usr/local/lib/python3.12/dist-packages/sklearn/linear_model/_linear_loss.py", line 337 in loss_gradient
  File "/usr/local/lib/python3.12/dist-packages/scipy/optimize/_optimize.py", line 74 in _compute_if_needed
  File "/usr/local/lib/python3.12/dist-packages/scipy/optimize/_optimize.py", line 80 in __call__
  File "/usr/local/lib/python3.12/dist-packages/scipy/_lib/_util.py", line 544 in __call__
  File "/usr/local/lib/python3.12/dist-packages/scipy/optimize/_differentiable_functions.py", line 362 in _update_fun
  File "/usr/local/lib/python3.12/dist-packages/scipy/optimize/_differentiable_functions.py", line 283 in __init__
  File "/usr/local/lib/python3.12/dist-packages/scipy/optimize/_optimize.py", line 310 in _prepare_scalar_function
  File "/usr/local/lib/python3.12/dist-packages/scipy/optimize/_lbfgsb_py.py", line 362 in _minimize_lbfgsb
  File "/usr/local/lib/python3.12/dist-packages/scipy/optimize/_minimize.py", line 784 in minimize
  File "/usr/local/lib/python3.12/dist-packages/sklearn/linear_model/_logistic.py", line 584 in _logistic_regression_path
  File "/usr/local/lib/python3.12/dist-packages/sklearn/linear_model/_logistic.py", line 1523 in fit
  File "/usr/local/lib/python3.12/dist-packages/sklearn/base.py", line 1403 in wrapper
  File "/workspace/t5_variant.py", line 22 in layer_oof
  File "/usr/local/lib/python3.12/dist-packages/joblib/parallel.py", line 607 in __call__
  File "/usr/local/lib/python3.12/dist-packages/joblib/externals/loky/process_executor.py", line 291 in __call__
  File "/usr/local/lib/python3.12/dist-packages/joblib/externals/loky/process_executor.py", line 490 in _process_worker
  File "/usr/lib/python3.12/multiprocessing/process.py", line 108 in run
  File "/usr/lib/python3.12/multiprocessing/process.py", line 314 in _bootstrap
  File "/usr/local/lib/python3.12/dist-packages/joblib/externals/loky/backend/popen_loky_posix.py", line 180 in <module>
  File "<frozen runpy>", line 88 in _run_code
  File "<frozen runpy>", line 198 in _run_module_as_main

Extension modules: psutil._psutil_linux, psutil._psutil_posix, numpy._core._multiarray_umath, numpy.linalg._umath_linalg, sklearn.__check_build._check_build, _cyutility, scipy._cyutility, scipy._lib._ccallback_c, scipy.sparse._sparsetools, charset_normalizer.md, numpy.random._common, numpy.random.bit_generator, numpy.random._bounded_integers, numpy.random._mt19937, numpy.random.mtrand, numpy.random._philox, numpy.random._pcg64, numpy.random._sfc64, numpy.random._generator, _csparsetools, scipy.sparse._csparsetools, scipy.special._ufuncs_cxx, scipy.linalg._fblas, scipy.linalg._flapack, scipy.linalg._batched_linalg, scipy.linalg._cythonized_array_utils, scipy.linalg._solve_toeplitz, scipy.linalg._internal_matfuncs, scipy.linalg._linalg_pythran, scipy.linalg.cython_blas, scipy.linalg.cython_lapack, scipy.linalg._decomp_update, scipy.special._ellip_harm_2, scipy.special._special_ufuncs, scipy.special._gufuncs, scipy.special._ufuncs, scipy.special._specfun, scipy.special._comb, scipy.sparse.linalg._dsolve._superlu, scipy.sparse.linalg._eigen.arpack._arpacklib, scipy.sparse.linalg._propack, scipy.spatial._ckdtree, scipy.spatial._hausdorff, scipy.spatial._distance_wrap, scipy._lib.messagestream, scipy.spatial._qhull, scipy.spatial._voronoi, scipy.spatial.transform._rotation_cy, scipy.spatial.transform._rigid_transform_cy, scipy.optimize._group_columns, scipy.optimize._trlib._trlib, scipy.optimize._lbfgsb, _moduleTNC, scipy.optimize._moduleTNC, scipy.optimize._slsqplib, scipy.optimize._minpack, scipy.optimize._lsq.givens_elimination, scipy.optimize._zeros, scipy._lib._uarray._uarray, scipy.linalg._decomp_interpolative, scipy.optimize._bglu_dense, scipy.optimize._lsap, scipy.optimize._direct, scipy.integrate._odepack, scipy.integrate._quadpack, scipy.integrate._vode, scipy.integrate._dop, scipy.interpolate._fitpack, scipy.interpolate._dierckx, scipy.interpolate._ppoly, scipy.interpolate._interpnd, scipy.interpolate._rbfinterp_pythran, scipy.interpolate._rgi_cython, scipy.special.cython_special, scipy.stats._stats, scipy.stats._biasedurn, scipy.stats._levy_stable.levyst, scipy.stats._stats_pythran, scipy.stats._ansari_swilk_statistics, scipy.sparse.csgraph._tools, scipy.sparse.csgraph._shortest_path, scipy.sparse.csgraph._traversal, scipy.sparse.csgraph._min_spanning_tree, scipy.sparse.csgraph._flow, scipy.sparse.csgraph._matching, scipy.sparse.csgraph._reordering, scipy.stats._sobol, scipy.stats._qmc_cy, scipy.stats._rcont.rcont, scipy.stats._qmvnt_cy, scipy.ndimage._nd_image, scipy.ndimage._rank_filter_1d, _ni_label, scipy.ndimage._ni_label, pandas._libs._cyutility, pandas._libs.tslibs.ccalendar, pandas._libs.tslibs.np_datetime, pandas._libs.tslibs.dtypes, pandas._libs.tslibs.base, pandas._libs.tslibs.nattype, pandas._libs.tslibs.timezones, pandas._libs.properties, pandas._libs.tslibs.fields, pandas._libs.tslibs.timedeltas, pandas._libs.tslibs.tzconversion, pandas._libs.tslibs.timestamps, pandas._libs.tslibs.offsets, pandas._libs.tslibs.strptime, pandas._libs.tslibs.parsing, pandas._libs.tslibs.conversion, pandas._libs.tslibs.period, pandas._libs.tslibs.vectorized, pandas._libs.ops_dispatch, pandas._libs.missing, pandas._libs.hashtable, pandas._libs.algos, pandas._libs.interval, pandas._libs.lib, pandas._libs.ops, pandas._libs.hashing, pandas._libs.arrays, pandas._libs.tslib, pandas._libs.sparse, pandas._libs.internals, pandas._libs.indexing, pandas._libs.index, pandas._libs.writers, pandas._libs.join, pandas._libs.window.aggregations, pandas._libs.window.indexers, pandas._libs.reshape, pandas._libs.groupby, pandas._libs.json, pandas._libs.parsers, pandas._libs.testing, sklearn._cyutility, sklearn.utils._isfinite, sklearn.utils.sparsefuncs_fast, sklearn.utils.murmurhash, sklearn.utils._openmp_helpers, sklearn.preprocessing._csr_polynomial_expansion, sklearn.preprocessing._target_encoder_fast, sklearn.utils._random, sklearn.utils._seq_dataset, sklearn.utils._cython_blas, sklearn.linear_model._cd_fast, sklearn.metrics.cluster._expected_mutual_info_fast, sklearn.metrics._dist_metrics, sklearn.metrics._pairwise_distances_reduction._datasets_pair, sklearn.metrics._pairwise_distances_reduction._base, sklearn.metrics._pairwise_distances_reduction._middle_term_computer, sklearn.utils._heap, sklearn.utils._sorting, sklearn.metrics._pairwise_distances_reduction._argkmin, sklearn.metrics._pairwise_distances_reduction._argkmin_classmode, sklearn.utils._vector_sentinel, sklearn.metrics._pairwise_distances_reduction._radius_neighbors, sklearn.metrics._pairwise_distances_reduction._radius_neighbors_classmode, sklearn.metrics._pairwise_fast, sklearn._loss._loss, sklearn.utils.arrayfuncs, sklearn.linear_model._sag_fast, sklearn.svm._liblinear, sklearn.svm._libsvm, sklearn.svm._libsvm_sparse, sklearn.utils._weight_vector, sklearn.linear_model._sgd_fast (total: 167)
Fatal Python error: Illegal instruction

Current thread 0x000078c9f69c5080 (most recent call first):
  File "/usr/local/lib/python3.12/dist-packages/sklearn/linear_model/_linear_loss.py", line 219 in weight_intercept_raw
  File "/usr/local/lib/python3.12/dist-packages/sklearn/linear_model/_linear_loss.py", line 337 in loss_gradient
  File "/usr/local/lib/python3.12/dist-packages/scipy/optimize/_optimize.py", line 74 in _compute_if_needed
  File "/usr/local/lib/python3.12/dist-packages/scipy/optimize/_optimize.py", line 80 in __call__
  File "/usr/local/lib/python3.12/dist-packages/scipy/_lib/_util.py", line 544 in __call__
  File "/usr/local/lib/python3.12/dist-packages/scipy/optimize/_differentiable_functions.py", line 362 in _update_fun
  File "/usr/local/lib/python3.12/dist-packages/scipy/optimize/_differentiable_functions.py", line 283 in __init__
  File "/usr/local/lib/python3.12/dist-packages/scipy/optimize/_optimize.py", line 310 in _prepare_scalar_function
  File "/usr/local/lib/python3.12/dist-packages/scipy/optimize/_lbfgsb_py.py", line 362 in _minimize_lbfgsb
  File "/usr/local/lib/python3.12/dist-packages/scipy/optimize/_minimize.py", line 784 in minimize
  File "/usr/local/lib/python3.12/dist-packages/sklearn/linear_model/_logistic.py", line 584 in _logistic_regression_path
  File "/usr/local/lib/python3.12/dist-packages/sklearn/linear_model/_logistic.py", line 1523 in fit
  File "/usr/local/lib/python3.12/dist-packages/sklearn/base.py", line 1403 in wrapper
  File "/workspace/t5_variant.py", line 22 in layer_oof
  File "/usr/local/lib/python3.12/dist-packages/joblib/parallel.py", line 607 in __call__
  File "/usr/local/lib/python3.12/dist-packages/joblib/externals/loky/process_executor.py", line 291 in __call__
  File "/usr/local/lib/python3.12/dist-packages/joblib/externals/loky/process_executor.py", line 490 in _process_worker
  File "/usr/lib/python3.12/multiprocessing/process.py", line 108 in run
  File "/usr/lib/python3.12/multiprocessing/process.py", line 314 in _bootstrap
  File "/usr/local/lib/python3.12/dist-packages/joblib/externals/loky/backend/popen_loky_posix.py", line 180 in <module>
  File "<frozen runpy>", line 88 in _run_code
  File "<frozen runpy>", line 198 in _run_module_as_main

Extension modules: psutil._psutil_linux, psutil._psutil_posix, numpy._core._multiarray_umath, numpy.linalg._umath_linalg, sklearn.__check_build._check_build, _cyutility, scipy._cyutility, scipy._lib._ccallback_c, scipy.sparse._sparsetools, charset_normalizer.md, numpy.random._common, numpy.random.bit_generator, numpy.random._bounded_integers, numpy.random._mt19937, numpy.random.mtrand, numpy.random._philox, numpy.random._pcg64, numpy.random._sfc64, numpy.random._generator, _csparsetools, scipy.sparse._csparsetools, scipy.special._ufuncs_cxx, scipy.linalg._fblas, scipy.linalg._flapack, scipy.linalg._batched_linalg, scipy.linalg._cythonized_array_utils, scipy.linalg._solve_toeplitz, scipy.linalg._internal_matfuncs, scipy.linalg._linalg_pythran, scipy.linalg.cython_blas, scipy.linalg.cython_lapack, scipy.linalg._decomp_update, scipy.special._ellip_harm_2, scipy.special._special_ufuncs, scipy.special._gufuncs, scipy.special._ufuncs, scipy.special._specfun, scipy.special._comb, scipy.sparse.linalg._dsolve._superlu, scipy.sparse.linalg._eigen.arpack._arpacklib, scipy.sparse.linalg._propack, scipy.spatial._ckdtree, scipy.spatial._hausdorff, scipy.spatial._distance_wrap, scipy._lib.messagestream, scipy.spatial._qhull, scipy.spatial._voronoi, scipy.spatial.transform._rotation_cy, scipy.spatial.transform._rigid_transform_cy, scipy.optimize._group_columns, scipy.optimize._trlib._trlib, scipy.optimize._lbfgsb, _moduleTNC, scipy.optimize._moduleTNC, scipy.optimize._slsqplib, scipy.optimize._minpack, scipy.optimize._lsq.givens_elimination, scipy.optimize._zeros, scipy._lib._uarray._uarray, scipy.linalg._decomp_interpolative, scipy.optimize._bglu_dense, scipy.optimize._lsap, scipy.optimize._direct, scipy.integrate._odepack, scipy.integrate._quadpack, scipy.integrate._vode, scipy.integrate._dop, scipy.interpolate._fitpack, scipy.interpolate._dierckx, scipy.interpolate._ppoly, scipy.interpolate._interpnd, scipy.interpolate._rbfinterp_pythran, scipy.interpolate._rgi_cython, scipy.special.cython_special, scipy.stats._stats, scipy.stats._biasedurn, scipy.stats._levy_stable.levyst, scipy.stats._stats_pythran, scipy.stats._ansari_swilk_statistics, scipy.sparse.csgraph._tools, scipy.sparse.csgraph._shortest_path, scipy.sparse.csgraph._traversal, scipy.sparse.csgraph._min_spanning_tree, scipy.sparse.csgraph._flow, scipy.sparse.csgraph._matching, scipy.sparse.csgraph._reordering, scipy.stats._sobol, scipy.stats._qmc_cy, scipy.stats._rcont.rcont, scipy.stats._qmvnt_cy, scipy.ndimage._nd_image, scipy.ndimage._rank_filter_1d, _ni_label, scipy.ndimage._ni_label, pandas._libs._cyutility, pandas._libs.tslibs.ccalendar, pandas._libs.tslibs.np_datetime, pandas._libs.tslibs.dtypes, pandas._libs.tslibs.base, pandas._libs.tslibs.nattype, pandas._libs.tslibs.timezones, pandas._libs.properties, pandas._libs.tslibs.fields, pandas._libs.tslibs.timedeltas, pandas._libs.tslibs.tzconversion, pandas._libs.tslibs.timestamps, pandas._libs.tslibs.offsets, pandas._libs.tslibs.strptime, pandas._libs.tslibs.parsing, pandas._libs.tslibs.conversion, pandas._libs.tslibs.period, pandas._libs.tslibs.vectorized, pandas._libs.ops_dispatch, pandas._libs.missing, pandas._libs.hashtable, pandas._libs.algos, pandas._libs.interval, pandas._libs.lib, pandas._libs.ops, pandas._libs.hashing, pandas._libs.arrays, pandas._libs.tslib, pandas._libs.sparse, pandas._libs.internals, pandas._libs.indexing, pandas._libs.index, pandas._libs.writers, pandas._libs.join, pandas._libs.window.aggregations, pandas._libs.window.indexers, pandas._libs.reshape, pandas._libs.groupby, pandas._libs.json, pandas._libs.parsers, pandas._libs.testing, sklearn._cyutility, sklearn.utils._isfinite, sklearn.utils.sparsefuncs_fast, sklearn.utils.murmurhash, sklearn.utils._openmp_helpers, sklearn.preprocessing._csr_polynomial_expansion, sklearn.preprocessing._target_encoder_fast, sklearn.utils._random, sklearn.utils._seq_dataset, sklearn.utils._cython_blas, sklearn.linear_model._cd_fast, sklearn.metrics.cluster._expected_mutual_info_fast, sklearn.metrics._dist_metrics, sklearn.metrics._pairwise_distances_reduction._datasets_pair, sklearn.metrics._pairwise_distances_reduction._base, sklearn.metrics._pairwise_distances_reduction._middle_term_computer, sklearn.utils._heap, sklearn.utils._sorting, sklearn.metrics._pairwise_distances_reduction._argkmin, sklearn.metrics._pairwise_distances_reduction._argkmin_classmode, sklearn.utils._vector_sentinel, sklearn.metrics._pairwise_distances_reduction._radius_neighbors, sklearn.metrics._pairwise_distances_reduction._radius_neighbors_classmode, sklearn.metrics._pairwise_fast, sklearn._loss._loss, sklearn.utils.arrayfuncs, sklearn.linear_model._sag_fast, sklearn.svm._liblinear, sklearn.svm._libsvm, sklearn.svm._libsvm_sparse, sklearn.utils._weight_vector, sklearn.linear_model._sgd_fast (total: 167)
Fatal Python error: Illegal instruction

Current thread 0x0000707d94f6d080 (most recent call first):
  File "/usr/local/lib/python3.12/dist-packages/sklearn/linear_model/_linear_loss.py", line 219 in weight_intercept_raw
  File "/usr/local/lib/python3.12/dist-packages/sklearn/linear_model/_linear_loss.py", line 337 in loss_gradient
  File "/usr/local/lib/python3.12/dist-packages/scipy/optimize/_optimize.py", line 74 in _compute_if_needed
  File "/usr/local/lib/python3.12/dist-packages/scipy/optimize/_optimize.py", line 80 in __call__
  File "/usr/local/lib/python3.12/dist-packages/scipy/_lib/_util.py", line 544 in __call__
  File "/usr/local/lib/python3.12/dist-packages/scipy/optimize/_differentiable_functions.py", line 362 in _update_fun
  File "/usr/local/lib/python3.12/dist-packages/scipy/optimize/_differentiable_functions.py", line 283 in __init__
  File "/usr/local/lib/python3.12/dist-packages/scipy/optimize/_optimize.py", line 310 in _prepare_scalar_function
  File "/usr/local/lib/python3.12/dist-packages/scipy/optimize/_lbfgsb_py.py", line 362 in _minimize_lbfgsb
  File "/usr/local/lib/python3.12/dist-packages/scipy/optimize/_minimize.py", line 784 in minimize
  File "/usr/local/lib/python3.12/dist-packages/sklearn/linear_model/_logistic.py", line 584 in _logistic_regression_path
  File "/usr/local/lib/python3.12/dist-packages/sklearn/linear_model/_logistic.py", line 1523 in fit
  File "/usr/local/lib/python3.12/dist-packages/sklearn/base.py", line 1403 in wrapper
  File "/workspace/t5_variant.py", line 22 in layer_oof
  File "/usr/local/lib/python3.12/dist-packages/joblib/parallel.py", line 607 in __call__
  File "/usr/local/lib/python3.12/dist-packages/joblib/externals/loky/process_executor.py", line 291 in __call__
  File "/usr/local/lib/python3.12/dist-packages/joblib/externals/loky/process_executor.py", line 490 in _process_worker
  File "/usr/lib/python3.12/multiprocessing/process.py", line 108 in run
  File "/usr/lib/python3.12/multiprocessing/process.py", line 314 in _bootstrap
  File "/usr/local/lib/python3.12/dist-packages/joblib/externals/loky/backend/popen_loky_posix.py", line 180 in <module>
  File "<frozen runpy>", line 88 in _run_code
  File "<frozen runpy>", line 198 in _run_module_as_main

Extension modules: psutil._psutil_linux, psutil._psutil_posix, numpy._core._multiarray_umath, numpy.linalg._umath_linalg, sklearn.__check_build._check_build, _cyutility, scipy._cyutility, scipy._lib._ccallback_c, scipy.sparse._sparsetools, numpy.random._common, numpy.random.bit_generator, numpy.random._bounded_integers, numpy.random._mt19937, numpy.random.mtrand, numpy.random._philox, numpy.random._pcg64, numpy.random._sfc64, numpy.random._generator, charset_normalizer.md, _csparsetools, scipy.sparse._csparsetools, scipy.special._ufuncs_cxx, scipy.linalg._fblas, scipy.linalg._flapack, scipy.linalg._batched_linalg, scipy.linalg._cythonized_array_utils, scipy.linalg._solve_toeplitz, scipy.linalg._internal_matfuncs, scipy.linalg._linalg_pythran, scipy.linalg.cython_blas, scipy.linalg.cython_lapack, scipy.linalg._decomp_update, scipy.special._ellip_harm_2, scipy.special._special_ufuncs, scipy.special._gufuncs, scipy.special._ufuncs, scipy.special._specfun, scipy.special._comb, scipy.sparse.linalg._dsolve._superlu, scipy.sparse.linalg._eigen.arpack._arpacklib, scipy.sparse.linalg._propack, scipy.spatial._ckdtree, scipy.spatial._hausdorff, scipy.spatial._distance_wrap, scipy._lib.messagestream, scipy.spatial._qhull, scipy.spatial._voronoi, scipy.spatial.transform._rotation_cy, scipy.spatial.transform._rigid_transform_cy, scipy.optimize._group_columns, scipy.optimize._trlib._trlib, scipy.optimize._lbfgsb, _moduleTNC, scipy.optimize._moduleTNC, scipy.optimize._slsqplib, scipy.optimize._minpack, scipy.optimize._lsq.givens_elimination, scipy.optimize._zeros, scipy._lib._uarray._uarray, scipy.linalg._decomp_interpolative, scipy.optimize._bglu_dense, scipy.optimize._lsap, scipy.optimize._direct, scipy.integrate._odepack, scipy.integrate._quadpack, scipy.integrate._vode, scipy.integrate._dop, scipy.interpolate._fitpack, scipy.interpolate._dierckx, scipy.interpolate._ppoly, scipy.interpolate._interpnd, scipy.interpolate._rbfinterp_pythran, scipy.interpolate._rgi_cython, scipy.special.cython_special, scipy.stats._stats, scipy.stats._biasedurn, scipy.stats._levy_stable.levyst, scipy.stats._stats_pythran, scipy.stats._ansari_swilk_statistics, scipy.sparse.csgraph._tools, scipy.sparse.csgraph._shortest_path, scipy.sparse.csgraph._traversal, scipy.sparse.csgraph._min_spanning_tree, scipy.sparse.csgraph._flow, scipy.sparse.csgraph._matching, scipy.sparse.csgraph._reordering, scipy.stats._sobol, scipy.stats._qmc_cy, scipy.stats._rcont.rcont, scipy.stats._qmvnt_cy, scipy.ndimage._nd_image, scipy.ndimage._rank_filter_1d, _ni_label, scipy.ndimage._ni_label, pandas._libs._cyutility, pandas._libs.tslibs.ccalendar, pandas._libs.tslibs.np_datetime, pandas._libs.tslibs.dtypes, pandas._libs.tslibs.base, pandas._libs.tslibs.nattype, pandas._libs.tslibs.timezones, pandas._libs.properties, pandas._libs.tslibs.fields, pandas._libs.tslibs.timedeltas, pandas._libs.tslibs.tzconversion, pandas._libs.tslibs.timestamps, pandas._libs.tslibs.offsets, pandas._libs.tslibs.strptime, pandas._libs.tslibs.parsing, pandas._libs.tslibs.conversion, pandas._libs.tslibs.period, pandas._libs.tslibs.vectorized, pandas._libs.ops_dispatch, pandas._libs.missing, pandas._libs.hashtable, pandas._libs.algos, pandas._libs.interval, pandas._libs.lib, pandas._libs.ops, pandas._libs.hashing, pandas._libs.arrays, pandas._libs.tslib, pandas._libs.sparse, pandas._libs.internals, pandas._libs.indexing, pandas._libs.index, pandas._libs.writers, pandas._libs.join, pandas._libs.window.aggregations, pandas._libs.window.indexers, pandas._libs.reshape, pandas._libs.groupby, pandas._libs.json, pandas._libs.parsers, pandas._libs.testing, sklearn._cyutility, sklearn.utils._isfinite, sklearn.utils.sparsefuncs_fast, sklearn.utils.murmurhash, sklearn.utils._openmp_helpers, sklearn.preprocessing._csr_polynomial_expansion, sklearn.preprocessing._target_encoder_fast, sklearn.utils._random, sklearn.utils._seq_dataset, sklearn.utils._cython_blas, sklearn.linear_model._cd_fast, sklearn.metrics.cluster._expected_mutual_info_fast, sklearn.metrics._dist_metrics, sklearn.metrics._pairwise_distances_reduction._datasets_pair, sklearn.metrics._pairwise_distances_reduction._base, sklearn.metrics._pairwise_distances_reduction._middle_term_computer, sklearn.utils._heap, sklearn.utils._sorting, sklearn.metrics._pairwise_distances_reduction._argkmin, sklearn.metrics._pairwise_distances_reduction._argkmin_classmode, sklearn.utils._vector_sentinel, sklearn.metrics._pairwise_distances_reduction._radius_neighbors, sklearn.metrics._pairwise_distances_reduction._radius_neighbors_classmode, sklearn.metrics._pairwise_fast, sklearn._loss._loss, sklearn.utils.arrayfuncs, sklearn.linear_model._sag_fast, sklearn.svm._liblinear, sklearn.svm._libsvm, sklearn.svm._libsvm_sparse, sklearn.utils._weight_vector, sklearn.linear_model._sgd_fast (total: 167)
Fatal Python error: Illegal instruction

Current thread 0x000079e0b0dd4080 (most recent call first):
  File "/usr/local/lib/python3.12/dist-packages/sklearn/linear_model/_linear_loss.py", line 219 in weight_intercept_raw
  File "/usr/local/lib/python3.12/dist-packages/sklearn/linear_model/_linear_loss.py", line 337 in loss_gradient
  File "/usr/local/lib/python3.12/dist-packages/scipy/optimize/_optimize.py", line 74 in _compute_if_needed
  File "/usr/local/lib/python3.12/dist-packages/scipy/optimize/_optimize.py", line 80 in __call__
  File "/usr/local/lib/python3.12/dist-packages/scipy/_lib/_util.py", line 544 in __call__
  File "/usr/local/lib/python3.12/dist-packages/scipy/optimize/_differentiable_functions.py", line 362 in _update_fun
  File "/usr/local/lib/python3.12/dist-packages/scipy/optimize/_differentiable_functions.py", line 283 in __init__
  File "/usr/local/lib/python3.12/dist-packages/scipy/optimize/_optimize.py", line 310 in _prepare_scalar_function
  File "/usr/local/lib/python3.12/dist-packages/scipy/optimize/_lbfgsb_py.py", line 362 in _minimize_lbfgsb
  File "/usr/local/lib/python3.12/dist-packages/scipy/optimize/_minimize.py", line 784 in minimize
  File "/usr/local/lib/python3.12/dist-packages/sklearn/linear_model/_logistic.py", line 584 in _logistic_regression_path
  File "/usr/local/lib/python3.12/dist-packages/sklearn/linear_model/_logistic.py", line 1523 in fit
  File "/usr/local/lib/python3.12/dist-packages/sklearn/base.py", line 1403 in wrapper
  File "/workspace/t5_variant.py", line 22 in layer_oof
  File "/usr/local/lib/python3.12/dist-packages/joblib/parallel.py", line 607 in __call__
  File "/usr/local/lib/python3.12/dist-packages/joblib/externals/loky/process_executor.py", line 291 in __call__
  File "/usr/local/lib/python3.12/dist-packages/joblib/externals/loky/process_executor.py", line 490 in _process_worker
  File "/usr/lib/python3.12/multiprocessing/process.py", line 108 in run
  File "/usr/lib/python3.12/multiprocessing/process.py", line 314 in _bootstrap
  File "/usr/local/lib/python3.12/dist-packages/joblib/externals/loky/backend/popen_loky_posix.py", line 180 in <module>
  File "<frozen runpy>", line 88 in _run_code
  File "<frozen runpy>", line 198 in _run_module_as_main

Extension modules: psutil._psutil_linux, psutil._psutil_posix, numpy._core._multiarray_umath, numpy.linalg._umath_linalg, sklearn.__check_build._check_build, _cyutility, scipy._cyutility, scipy._lib._ccallback_c, scipy.sparse._sparsetools, charset_normalizer.md, numpy.random._common, numpy.random.bit_generator, numpy.random._bounded_integers, numpy.random._mt19937, numpy.random.mtrand, numpy.random._philox, numpy.random._pcg64, numpy.random._sfc64, numpy.random._generator, _csparsetools, scipy.sparse._csparsetools, scipy.special._ufuncs_cxx, scipy.linalg._fblas, scipy.linalg._flapack, scipy.linalg._batched_linalg, scipy.linalg._cythonized_array_utils, scipy.linalg._solve_toeplitz, scipy.linalg._internal_matfuncs, scipy.linalg._linalg_pythran, scipy.linalg.cython_blas, scipy.linalg.cython_lapack, scipy.linalg._decomp_update, scipy.special._ellip_harm_2, scipy.special._special_ufuncs, scipy.special._gufuncs, scipy.special._ufuncs, scipy.special._specfun, scipy.special._comb, scipy.sparse.linalg._dsolve._superlu, scipy.sparse.linalg._eigen.arpack._arpacklib, scipy.sparse.linalg._propack, scipy.spatial._ckdtree, scipy.spatial._hausdorff, scipy.spatial._distance_wrap, scipy._lib.messagestream, scipy.spatial._qhull, scipy.spatial._voronoi, scipy.spatial.transform._rotation_cy, scipy.spatial.transform._rigid_transform_cy, scipy.optimize._group_columns, scipy.optimize._trlib._trlib, scipy.optimize._lbfgsb, _moduleTNC, scipy.optimize._moduleTNC, scipy.optimize._slsqplib, scipy.optimize._minpack, scipy.optimize._lsq.givens_elimination, scipy.optimize._zeros, scipy._lib._uarray._uarray, scipy.linalg._decomp_interpolative, scipy.optimize._bglu_dense, scipy.optimize._lsap, scipy.optimize._direct, scipy.integrate._odepack, scipy.integrate._quadpack, scipy.integrate._vode, scipy.integrate._dop, scipy.interpolate._fitpack, scipy.interpolate._dierckx, scipy.interpolate._ppoly, scipy.interpolate._interpnd, scipy.interpolate._rbfinterp_pythran, scipy.interpolate._rgi_cython, scipy.special.cython_special, scipy.stats._stats, scipy.stats._biasedurn, scipy.stats._levy_stable.levyst, scipy.stats._stats_pythran, scipy.stats._ansari_swilk_statistics, scipy.sparse.csgraph._tools, scipy.sparse.csgraph._shortest_path, scipy.sparse.csgraph._traversal, scipy.sparse.csgraph._min_spanning_tree, scipy.sparse.csgraph._flow, scipy.sparse.csgraph._matching, scipy.sparse.csgraph._reordering, scipy.stats._sobol, scipy.stats._qmc_cy, scipy.stats._rcont.rcont, scipy.stats._qmvnt_cy, scipy.ndimage._nd_image, scipy.ndimage._rank_filter_1d, _ni_label, scipy.ndimage._ni_label, pandas._libs._cyutility, pandas._libs.tslibs.ccalendar, pandas._libs.tslibs.np_datetime, pandas._libs.tslibs.dtypes, pandas._libs.tslibs.base, pandas._libs.tslibs.nattype, pandas._libs.tslibs.timezones, pandas._libs.properties, pandas._libs.tslibs.fields, pandas._libs.tslibs.timedeltas, pandas._libs.tslibs.tzconversion, pandas._libs.tslibs.timestamps, pandas._libs.tslibs.offsets, pandas._libs.tslibs.strptime, pandas._libs.tslibs.parsing, pandas._libs.tslibs.conversion, pandas._libs.tslibs.period, pandas._libs.tslibs.vectorized, pandas._libs.ops_dispatch, pandas._libs.missing, pandas._libs.hashtable, pandas._libs.algos, pandas._libs.interval, pandas._libs.lib, pandas._libs.ops, pandas._libs.hashing, pandas._libs.arrays, pandas._libs.tslib, pandas._libs.sparse, pandas._libs.internals, pandas._libs.indexing, pandas._libs.index, pandas._libs.writers, pandas._libs.join, pandas._libs.window.aggregations, pandas._libs.window.indexers, pandas._libs.reshape, pandas._libs.groupby, pandas._libs.json, pandas._libs.parsers, pandas._libs.testing, sklearn._cyutility, sklearn.utils._isfinite, sklearn.utils.sparsefuncs_fast, sklearn.utils.murmurhash, sklearn.utils._openmp_helpers, sklearn.preprocessing._csr_polynomial_expansion, sklearn.preprocessing._target_encoder_fast, sklearn.utils._random, sklearn.utils._seq_dataset, sklearn.utils._cython_blas, sklearn.linear_model._cd_fast, sklearn.metrics.cluster._expected_mutual_info_fast, sklearn.metrics._dist_metrics, sklearn.metrics._pairwise_distances_reduction._datasets_pair, sklearn.metrics._pairwise_distances_reduction._base, sklearn.metrics._pairwise_distances_reduction._middle_term_computer, sklearn.utils._heap, sklearn.utils._sorting, sklearn.metrics._pairwise_distances_reduction._argkmin, sklearn.metrics._pairwise_distances_reduction._argkmin_classmode, sklearn.utils._vector_sentinel, sklearn.metrics._pairwise_distances_reduction._radius_neighbors, sklearn.metrics._pairwise_distances_reduction._radius_neighbors_classmode, sklearn.metrics._pairwise_fast, sklearn._loss._loss, sklearn.utils.arrayfuncs, sklearn.linear_model._sag_fast, sklearn.svm._liblinear, sklearn.svm._libsvm, sklearn.svm._libsvm_sparse, sklearn.utils._weight_vector, sklearn.linear_model._sgd_fast (total: 167)
Fatal Python error: Illegal instruction

Current thread 0x000079ecfb1fc080 (most recent call first):
  File "/usr/local/lib/python3.12/dist-packages/sklearn/linear_model/_linear_loss.py", line 219 in weight_intercept_raw
  File "/usr/local/lib/python3.12/dist-packages/sklearn/linear_model/_linear_loss.py", line 337 in loss_gradient
  File "/usr/local/lib/python3.12/dist-packages/scipy/optimize/_optimize.py", line 74 in _compute_if_needed
  File "/usr/local/lib/python3.12/dist-packages/scipy/optimize/_optimize.py", line 80 in __call__
  File "/usr/local/lib/python3.12/dist-packages/scipy/_lib/_util.py", line 544 in __call__
  File "/usr/local/lib/python3.12/dist-packages/scipy/optimize/_differentiable_functions.py", line 362 in _update_fun
  File "/usr/local/lib/python3.12/dist-packages/scipy/optimize/_differentiable_functions.py", line 283 in __init__
  File "/usr/local/lib/python3.12/dist-packages/scipy/optimize/_optimize.py", line 310 in _prepare_scalar_function
  File "/usr/local/lib/python3.12/dist-packages/scipy/optimize/_lbfgsb_py.py", line 362 in _minimize_lbfgsb
  File "/usr/local/lib/python3.12/dist-packages/scipy/optimize/_minimize.py", line 784 in minimize
  File "/usr/local/lib/python3.12/dist-packages/sklearn/linear_model/_logistic.py", line 584 in _logistic_regression_path
  File "/usr/local/lib/python3.12/dist-packages/sklearn/linear_model/_logistic.py", line 1523 in fit
  File "/usr/local/lib/python3.12/dist-packages/sklearn/base.py", line 1403 in wrapper
  File "/workspace/t5_variant.py", line 22 in layer_oof
  File "/usr/local/lib/python3.12/dist-packages/joblib/parallel.py", line 607 in __call__
  File "/usr/local/lib/python3.12/dist-packages/joblib/externals/loky/process_executor.py", line 291 in __call__
  File "/usr/local/lib/python3.12/dist-packages/joblib/externals/loky/process_executor.py", line 490 in _process_worker
  File "/usr/lib/python3.12/multiprocessing/process.py", line 108 in run
  File "/usr/lib/python3.12/multiprocessing/process.py", line 314 in _bootstrap
  File "/usr/local/lib/python3.12/dist-packages/joblib/externals/loky/backend/popen_loky_posix.py", line 180 in <module>
  File "<frozen runpy>", line 88 in _run_code
  File "<frozen runpy>", line 198 in _run_module_as_main

Extension modules: psutil._psutil_linux, psutil._psutil_posix, numpy._core._multiarray_umath, numpy.linalg._umath_linalg, sklearn.__check_build._check_build, _cyutility, scipy._cyutility, scipy._lib._ccallback_c, scipy.sparse._sparsetools, charset_normalizer.md, numpy.random._common, numpy.random.bit_generator, numpy.random._bounded_integers, numpy.random._mt19937, numpy.random.mtrand, numpy.random._philox, numpy.random._pcg64, numpy.random._sfc64, numpy.random._generator, _csparsetools, scipy.sparse._csparsetools, scipy.special._ufuncs_cxx, scipy.linalg._fblas, scipy.linalg._flapack, scipy.linalg._batched_linalg, scipy.linalg._cythonized_array_utils, scipy.linalg._solve_toeplitz, scipy.linalg._internal_matfuncs, scipy.linalg._linalg_pythran, scipy.linalg.cython_blas, scipy.linalg.cython_lapack, scipy.linalg._decomp_update, scipy.special._ellip_harm_2, scipy.special._special_ufuncs, scipy.special._gufuncs, scipy.special._ufuncs, scipy.special._specfun, scipy.special._comb, scipy.sparse.linalg._dsolve._superlu, scipy.sparse.linalg._eigen.arpack._arpacklib, scipy.sparse.linalg._propack, scipy.spatial._ckdtree, scipy.spatial._hausdorff, scipy.spatial._distance_wrap, scipy._lib.messagestream, scipy.spatial._qhull, scipy.spatial._voronoi, scipy.spatial.transform._rotation_cy, scipy.spatial.transform._rigid_transform_cy, scipy.optimize._group_columns, scipy.optimize._trlib._trlib, scipy.optimize._lbfgsb, _moduleTNC, scipy.optimize._moduleTNC, scipy.optimize._slsqplib, scipy.optimize._minpack, scipy.optimize._lsq.givens_elimination, scipy.optimize._zeros, scipy._lib._uarray._uarray, scipy.linalg._decomp_interpolative, scipy.optimize._bglu_dense, scipy.optimize._lsap, scipy.optimize._direct, scipy.integrate._odepack, scipy.integrate._quadpack, scipy.integrate._vode, scipy.integrate._dop, scipy.interpolate._fitpack, scipy.interpolate._dierckx, scipy.interpolate._ppoly, scipy.interpolate._interpnd, scipy.interpolate._rbfinterp_pythran, scipy.interpolate._rgi_cython, scipy.special.cython_special, scipy.stats._stats, scipy.stats._biasedurn, scipy.stats._levy_stable.levyst, scipy.stats._stats_pythran, scipy.stats._ansari_swilk_statistics, scipy.sparse.csgraph._tools, scipy.sparse.csgraph._shortest_path, scipy.sparse.csgraph._traversal, scipy.sparse.csgraph._min_spanning_tree, scipy.sparse.csgraph._flow, scipy.sparse.csgraph._matching, scipy.sparse.csgraph._reordering, scipy.stats._sobol, scipy.stats._qmc_cy, scipy.stats._rcont.rcont, scipy.stats._qmvnt_cy, scipy.ndimage._nd_image, scipy.ndimage._rank_filter_1d, _ni_label, scipy.ndimage._ni_label, pandas._libs._cyutility, pandas._libs.tslibs.ccalendar, pandas._libs.tslibs.np_datetime, pandas._libs.tslibs.dtypes, pandas._libs.tslibs.base, pandas._libs.tslibs.nattype, pandas._libs.tslibs.timezones, pandas._libs.properties, pandas._libs.tslibs.fields, pandas._libs.tslibs.timedeltas, pandas._libs.tslibs.tzconversion, pandas._libs.tslibs.timestamps, pandas._libs.tslibs.offsets, pandas._libs.tslibs.strptime, pandas._libs.tslibs.parsing, pandas._libs.tslibs.conversion, pandas._libs.tslibs.period, pandas._libs.tslibs.vectorized, pandas._libs.ops_dispatch, pandas._libs.missing, pandas._libs.hashtable, pandas._libs.algos, pandas._libs.interval, pandas._libs.lib, pandas._libs.ops, pandas._libs.hashing, pandas._libs.arrays, pandas._libs.tslib, pandas._libs.sparse, pandas._libs.internals, pandas._libs.indexing, pandas._libs.index, pandas._libs.writers, pandas._libs.join, pandas._libs.window.aggregations, pandas._libs.window.indexers, pandas._libs.reshape, pandas._libs.groupby, pandas._libs.json, pandas._libs.parsers, pandas._libs.testing, sklearn._cyutility, sklearn.utils._isfinite, sklearn.utils.sparsefuncs_fast, sklearn.utils.murmurhash, sklearn.utils._openmp_helpers, sklearn.preprocessing._csr_polynomial_expansion, sklearn.preprocessing._target_encoder_fast, sklearn.utils._random, sklearn.utils._seq_dataset, sklearn.utils._cython_blas, sklearn.linear_model._cd_fast, sklearn.metrics.cluster._expected_mutual_info_fast, sklearn.metrics._dist_metrics, sklearn.metrics._pairwise_distances_reduction._datasets_pair, sklearn.metrics._pairwise_distances_reduction._base, sklearn.metrics._pairwise_distances_reduction._middle_term_computer, sklearn.utils._heap, sklearn.utils._sorting, sklearn.metrics._pairwise_distances_reduction._argkmin, sklearn.metrics._pairwise_distances_reduction._argkmin_classmode, sklearn.utils._vector_sentinel, sklearn.metrics._pairwise_distances_reduction._radius_neighbors, sklearn.metrics._pairwise_distances_reduction._radius_neighbors_classmode, sklearn.metrics._pairwise_fast, sklearn._loss._loss, sklearn.utils.arrayfuncs, sklearn.linear_model._sag_fast, sklearn.svm._liblinear, sklearn.svm._libsvm, sklearn.svm._libsvm_sparse, sklearn.utils._weight_vector, sklearn.linear_model._sgd_fast (total: 167)
Fatal Python error: Illegal instruction

Current thread 0x0000799103479080 (most recent call first):
  File "/usr/local/lib/python3.12/dist-packages/sklearn/linear_model/_linear_loss.py", line 219 in weight_intercept_raw
  File "/usr/local/lib/python3.12/dist-packages/sklearn/linear_model/_linear_loss.py", line 337 in loss_gradient
  File "/usr/local/lib/python3.12/dist-packages/scipy/optimize/_optimize.py", line 74 in _compute_if_needed
  File "/usr/local/lib/python3.12/dist-packages/scipy/optimize/_optimize.py", line 80 in __call__
  File "/usr/local/lib/python3.12/dist-packages/scipy/_lib/_util.py", line 544 in __call__
  File "/usr/local/lib/python3.12/dist-packages/scipy/optimize/_differentiable_functions.py", line 362 in _update_fun
  File "/usr/local/lib/python3.12/dist-packages/scipy/optimize/_differentiable_functions.py", line 283 in __init__
  File "/usr/local/lib/python3.12/dist-packages/scipy/optimize/_optimize.py", line 310 in _prepare_scalar_function
  File "/usr/local/lib/python3.12/dist-packages/scipy/optimize/_lbfgsb_py.py", line 362 in _minimize_lbfgsb
  File "/usr/local/lib/python3.12/dist-packages/scipy/optimize/_minimize.py", line 784 in minimize
  File "/usr/local/lib/python3.12/dist-packages/sklearn/linear_model/_logistic.py", line 584 in _logistic_regression_path
  File "/usr/local/lib/python3.12/dist-packages/sklearn/linear_model/_logistic.py", line 1523 in fit
  File "/usr/local/lib/python3.12/dist-packages/sklearn/base.py", line 1403 in wrapper
  File "/workspace/t5_variant.py", line 22 in layer_oof
  File "/usr/local/lib/python3.12/dist-packages/joblib/parallel.py", line 607 in __call__
  File "/usr/local/lib/python3.12/dist-packages/joblib/externals/loky/process_executor.py", line 291 in __call__
  File "/usr/local/lib/python3.12/dist-packages/joblib/externals/loky/process_executor.py", line 490 in _process_worker
  File "/usr/lib/python3.12/multiprocessing/process.py", line 108 in run
  File "/usr/lib/python3.12/multiprocessing/process.py", line 314 in _bootstrap
  File "/usr/local/lib/python3.12/dist-packages/joblib/externals/loky/backend/popen_loky_posix.py", line 180 in <module>
  File "<frozen runpy>", line 88 in _run_code
  File "<frozen runpy>", line 198 in _run_module_as_main

Extension modules: psutil._psutil_linux, psutil._psutil_posix, numpy._core._multiarray_umath, numpy.linalg._umath_linalg, sklearn.__check_build._check_build, _cyutility, scipy._cyutility, scipy._lib._ccallback_c, scipy.sparse._sparsetools, numpy.random._common, numpy.random.bit_generator, numpy.random._bounded_integers, numpy.random._mt19937, numpy.random.mtrand, numpy.random._philox, numpy.random._pcg64, numpy.random._sfc64, numpy.random._generator, charset_normalizer.md, _csparsetools, scipy.sparse._csparsetools, scipy.special._ufuncs_cxx, scipy.linalg._fblas, scipy.linalg._flapack, scipy.linalg._batched_linalg, scipy.linalg._cythonized_array_utils, scipy.linalg._solve_toeplitz, scipy.linalg._internal_matfuncs, scipy.linalg._linalg_pythran, scipy.linalg.cython_blas, scipy.linalg.cython_lapack, scipy.linalg._decomp_update, scipy.special._ellip_harm_2, scipy.special._special_ufuncs, scipy.special._gufuncs, scipy.special._ufuncs, scipy.special._specfun, scipy.special._comb, scipy.sparse.linalg._dsolve._superlu, scipy.sparse.linalg._eigen.arpack._arpacklib, scipy.sparse.linalg._propack, scipy.spatial._ckdtree, scipy.spatial._hausdorff, scipy.spatial._distance_wrap, scipy._lib.messagestream, scipy.spatial._qhull, scipy.spatial._voronoi, scipy.spatial.transform._rotation_cy, scipy.spatial.transform._rigid_transform_cy, scipy.optimize._group_columns, scipy.optimize._trlib._trlib, scipy.optimize._lbfgsb, _moduleTNC, scipy.optimize._moduleTNC, scipy.optimize._slsqplib, scipy.optimize._minpack, scipy.optimize._lsq.givens_elimination, scipy.optimize._zeros, scipy._lib._uarray._uarray, scipy.linalg._decomp_interpolative, scipy.optimize._bglu_dense, scipy.optimize._lsap, scipy.optimize._direct, scipy.integrate._odepack, scipy.integrate._quadpack, scipy.integrate._vode, scipy.integrate._dop, scipy.interpolate._fitpack, scipy.interpolate._dierckx, scipy.interpolate._ppoly, scipy.interpolate._interpnd, scipy.interpolate._rbfinterp_pythran, scipy.interpolate._rgi_cython, scipy.special.cython_special, scipy.stats._stats, scipy.stats._biasedurn, scipy.stats._levy_stable.levyst, scipy.stats._stats_pythran, scipy.stats._ansari_swilk_statistics, scipy.sparse.csgraph._tools, scipy.sparse.csgraph._shortest_path, scipy.sparse.csgraph._traversal, scipy.sparse.csgraph._min_spanning_tree, scipy.sparse.csgraph._flow, scipy.sparse.csgraph._matching, scipy.sparse.csgraph._reordering, scipy.stats._sobol, scipy.stats._qmc_cy, scipy.stats._rcont.rcont, scipy.stats._qmvnt_cy, scipy.ndimage._nd_image, scipy.ndimage._rank_filter_1d, _ni_label, scipy.ndimage._ni_label, pandas._libs._cyutility, pandas._libs.tslibs.ccalendar, pandas._libs.tslibs.np_datetime, pandas._libs.tslibs.dtypes, pandas._libs.tslibs.base, pandas._libs.tslibs.nattype, pandas._libs.tslibs.timezones, pandas._libs.properties, pandas._libs.tslibs.fields, pandas._libs.tslibs.timedeltas, pandas._libs.tslibs.tzconversion, pandas._libs.tslibs.timestamps, pandas._libs.tslibs.offsets, pandas._libs.tslibs.strptime, pandas._libs.tslibs.parsing, pandas._libs.tslibs.conversion, pandas._libs.tslibs.period, pandas._libs.tslibs.vectorized, pandas._libs.ops_dispatch, pandas._libs.missing, pandas._libs.hashtable, pandas._libs.algos, pandas._libs.interval, pandas._libs.lib, pandas._libs.ops, pandas._libs.hashing, pandas._libs.arrays, pandas._libs.tslib, pandas._libs.sparse, pandas._libs.internals, pandas._libs.indexing, pandas._libs.index, pandas._libs.writers, pandas._libs.join, pandas._libs.window.aggregations, pandas._libs.window.indexers, pandas._libs.reshape, pandas._libs.groupby, pandas._libs.json, pandas._libs.parsers, pandas._libs.testing, sklearn._cyutility, sklearn.utils._isfinite, sklearn.utils.sparsefuncs_fast, sklearn.utils.murmurhash, sklearn.utils._openmp_helpers, sklearn.preprocessing._csr_polynomial_expansion, sklearn.preprocessing._target_encoder_fast, sklearn.utils._random, sklearn.utils._seq_dataset, sklearn.utils._cython_blas, sklearn.linear_model._cd_fast, sklearn.metrics.cluster._expected_mutual_info_fast, sklearn.metrics._dist_metrics, sklearn.metrics._pairwise_distances_reduction._datasets_pair, sklearn.metrics._pairwise_distances_reduction._base, sklearn.metrics._pairwise_distances_reduction._middle_term_computer, sklearn.utils._heap, sklearn.utils._sorting, sklearn.metrics._pairwise_distances_reduction._argkmin, sklearn.metrics._pairwise_distances_reduction._argkmin_classmode, sklearn.utils._vector_sentinel, sklearn.metrics._pairwise_distances_reduction._radius_neighbors, sklearn.metrics._pairwise_distances_reduction._radius_neighbors_classmode, sklearn.metrics._pairwise_fast, sklearn._loss._loss, sklearn.utils.arrayfuncs, sklearn.linear_model._sag_fast, sklearn.svm._liblinear, sklearn.svm._libsvm, sklearn.svm._libsvm_sparse, sklearn.utils._weight_vector, sklearn.linear_model._sgd_fast (total: 167)
Fatal Python error: Illegal instruction

Current thread 0x0000727da6b4d080 (most recent call first):
  File "/usr/local/lib/python3.12/dist-packages/sklearn/linear_model/_linear_loss.py", line 219 in weight_intercept_raw
  File "/usr/local/lib/python3.12/dist-packages/sklearn/linear_model/_linear_loss.py", line 337 in loss_gradient
  File "/usr/local/lib/python3.12/dist-packages/scipy/optimize/_optimize.py", line 74 in _compute_if_needed
  File "/usr/local/lib/python3.12/dist-packages/scipy/optimize/_optimize.py", line 80 in __call__
  File "/usr/local/lib/python3.12/dist-packages/scipy/_lib/_util.py", line 544 in __call__
  File "/usr/local/lib/python3.12/dist-packages/scipy/optimize/_differentiable_functions.py", line 362 in _update_fun
  File "/usr/local/lib/python3.12/dist-packages/scipy/optimize/_differentiable_functions.py", line 283 in __init__
  File "/usr/local/lib/python3.12/dist-packages/scipy/optimize/_optimize.py", line 310 in _prepare_scalar_function
  File "/usr/local/lib/python3.12/dist-packages/scipy/optimize/_lbfgsb_py.py", line 362 in _minimize_lbfgsb
  File "/usr/local/lib/python3.12/dist-packages/scipy/optimize/_minimize.py", line 784 in minimize
  File "/usr/local/lib/python3.12/dist-packages/sklearn/linear_model/_logistic.py", line 584 in _logistic_regression_path
  File "/usr/local/lib/python3.12/dist-packages/sklearn/linear_model/_logistic.py", line 1523 in fit
  File "/usr/local/lib/python3.12/dist-packages/sklearn/base.py", line 1403 in wrapper
  File "/workspace/t5_variant.py", line 22 in layer_oof
  File "/usr/local/lib/python3.12/dist-packages/joblib/parallel.py", line 607 in __call__
  File "/usr/local/lib/python3.12/dist-packages/joblib/externals/loky/process_executor.py", line 291 in __call__
  File "/usr/local/lib/python3.12/dist-packages/joblib/externals/loky/process_executor.py", line 490 in _process_worker
  File "/usr/lib/python3.12/multiprocessing/process.py", line 108 in run
  File "/usr/lib/python3.12/multiprocessing/process.py", line 314 in _bootstrap
  File "/usr/local/lib/python3.12/dist-packages/joblib/externals/loky/backend/popen_loky_posix.py", line 180 in <module>
  File "<frozen runpy>", line 88 in _run_code
  File "<frozen runpy>", line 198 in _run_module_as_main
Fatal Python error: Illegal instruction

Current thread 0x00007846d5a2c080 (most recent call first):
  File "/usr/local/lib/python3.12/dist-packages/sklearn/linear_model/_linear_loss.py", line 219 in weight_intercept_raw
  File "/usr/local/lib/python3.12/dist-packages/sklearn/linear_model/_linear_loss.py", line 337 in loss_gradient
  File "/usr/local/lib/python3.12/dist-packages/scipy/optimize/_optimize.py", line 74 in _compute_if_needed
  File "/usr/local/lib/python3.12/dist-packages/scipy/optimize/_optimize.py", line 80 in __call__

Extension modules:   File psutil._psutil_linux"/usr/local/lib/python3.12/dist-packages/scipy/_lib/_util.py", , line psutil._psutil_posix544 in __call__
  File , "numpy._core._multiarray_umath/usr/local/lib/python3.12/dist-packages/scipy/optimize/_differentiable_functions.py", line , 362numpy.linalg._umath_linalg in _update_fun
  File "/usr/local/lib/python3.12/dist-packages/scipy/optimize/_differentiable_functions.py", line 283 in , __init__sklearn.__check_build._check_build
  File , "_cyutility/usr/local/lib/python3.12/dist-packages/scipy/optimize/_optimize.py", , line scipy._cyutility310 in , _prepare_scalar_functionscipy._lib._ccallback_c
  File , "scipy.sparse._sparsetools/usr/local/lib/python3.12/dist-packages/scipy/optimize/_lbfgsb_py.py", , line numpy.random._common362 in , _minimize_lbfgsbnumpy.random.bit_generator
  File , "numpy.random._bounded_integers/usr/local/lib/python3.12/dist-packages/scipy/optimize/_minimize.py", numpy.random._mt19937, line 784,  in numpy.random.mtrandminimize
,   File numpy.random._philox"/usr/local/lib/python3.12/dist-packages/sklearn/linear_model/_logistic.py, "numpy.random._pcg64, line , 584numpy.random._sfc64 in _logistic_regression_path, 
numpy.random._generator  File "/usr/local/lib/python3.12/dist-packages/sklearn/linear_model/_logistic.py, "charset_normalizer.md, line 1523 in , fit_csparsetools
  File ", /usr/local/lib/python3.12/dist-packages/sklearn/base.pyscipy.sparse._csparsetools", line 1403,  in scipy.special._ufuncs_cxxwrapper
,   File scipy.linalg._fblas"/workspace/t5_variant.py, "scipy.linalg._flapack, line 22 in , layer_oofscipy.linalg._batched_linalg
  File , "scipy.linalg._cythonized_array_utils/usr/local/lib/python3.12/dist-packages/joblib/parallel.py", , line scipy.linalg._solve_toeplitz607 in , __call__scipy.linalg._internal_matfuncs
  File , "scipy.linalg._linalg_pythran/usr/local/lib/python3.12/dist-packages/joblib/externals/loky/process_executor.py", , line scipy.linalg.cython_blas291 in __call__, 
scipy.linalg.cython_lapack  File ", /usr/local/lib/python3.12/dist-packages/joblib/externals/loky/process_executor.pyscipy.linalg._decomp_update", line , 490scipy.special._ellip_harm_2 in _process_worker, 
scipy.special._special_ufuncs  File ", /usr/lib/python3.12/multiprocessing/process.pyscipy.special._gufuncs", line , 108scipy.special._ufuncs in run, 
scipy.special._specfun  File ", /usr/lib/python3.12/multiprocessing/process.pyscipy.special._comb", line 314,  in scipy.sparse.linalg._dsolve._superlu_bootstrap
,   File scipy.sparse.linalg._eigen.arpack._arpacklib"/usr/local/lib/python3.12/dist-packages/joblib/externals/loky/backend/popen_loky_posix.py", , line scipy.sparse.linalg._propack180 in , <module>scipy.spatial._ckdtree
  File , "scipy.spatial._hausdorff<frozen runpy>", , line scipy.spatial._distance_wrap88 in , _run_codescipy._lib.messagestream
  File , "scipy.spatial._qhull<frozen runpy>", , line scipy.spatial._voronoi198 in _run_module_as_main, 
scipy.spatial.transform._rotation_cy, scipy.spatial.transform._rigid_transform_cy, scipy.optimize._group_columns, scipy.optimize._trlib._trlib, scipy.optimize._lbfgsb, _moduleTNC, scipy.optimize._moduleTNC, scipy.optimize._slsqplib, scipy.optimize._minpack, scipy.optimize._lsq.givens_elimination, scipy.optimize._zeros, scipy._lib._uarray._uarray, scipy.linalg._decomp_interpolative, scipy.optimize._bglu_dense, scipy.optimize._lsap, scipy.optimize._direct, scipy.integrate._odepack, scipy.integrate._quadpack
Extension modules: , psutil._psutil_linuxscipy.integrate._vode, , scipy.integrate._doppsutil._psutil_posix, scipy.interpolate._fitpack, , numpy._core._multiarray_umathscipy.interpolate._dierckx, , scipy.interpolate._ppolynumpy.linalg._umath_linalg, scipy.interpolate._interpnd, scipy.interpolate._rbfinterp_pythran, scipy.interpolate._rgi_cython, sklearn.__check_build._check_build, scipy.special.cython_special, _cyutility, scipy.stats._stats, scipy._cyutility, scipy.stats._biasedurn, scipy._lib._ccallback_c, scipy.stats._levy_stable.levyst, scipy.sparse._sparsetools, scipy.stats._stats_pythran, , scipy.stats._ansari_swilk_statisticscharset_normalizer.md, scipy.sparse.csgraph._tools, numpy.random._common, scipy.sparse.csgraph._shortest_path, , numpy.random.bit_generatorscipy.sparse.csgraph._traversal, , numpy.random._bounded_integersscipy.sparse.csgraph._min_spanning_tree, , numpy.random._mt19937scipy.sparse.csgraph._flow, numpy.random.mtrand, scipy.sparse.csgraph._matching, numpy.random._philox, scipy.sparse.csgraph._reordering, numpy.random._pcg64, scipy.stats._sobol, numpy.random._sfc64, scipy.stats._qmc_cy, numpy.random._generator, scipy.stats._rcont.rcont, _csparsetools, scipy.stats._qmvnt_cy, scipy.sparse._csparsetools, scipy.ndimage._nd_image, , scipy.special._ufuncs_cxxscipy.ndimage._rank_filter_1d, scipy.linalg._fblas, _ni_label, scipy.linalg._flapack, scipy.ndimage._ni_label, scipy.linalg._batched_linalg, , pandas._libs._cyutilityscipy.linalg._cythonized_array_utils, , pandas._libs.tslibs.ccalendarscipy.linalg._solve_toeplitz, , pandas._libs.tslibs.np_datetimescipy.linalg._internal_matfuncs, , pandas._libs.tslibs.dtypesscipy.linalg._linalg_pythran, pandas._libs.tslibs.base, scipy.linalg.cython_blas, pandas._libs.tslibs.nattype, scipy.linalg.cython_lapack, , pandas._libs.tslibs.timezonesscipy.linalg._decomp_update, pandas._libs.properties, scipy.special._ellip_harm_2, , pandas._libs.tslibs.fieldsscipy.special._special_ufuncs, , pandas._libs.tslibs.timedeltasscipy.special._gufuncs, , pandas._libs.tslibs.tzconversionscipy.special._ufuncs, , pandas._libs.tslibs.timestampsscipy.special._specfun, , pandas._libs.tslibs.offsetsscipy.special._comb, pandas._libs.tslibs.strptime, scipy.sparse.linalg._dsolve._superlu, pandas._libs.tslibs.parsing, scipy.sparse.linalg._eigen.arpack._arpacklib, pandas._libs.tslibs.conversion, scipy.sparse.linalg._propack, pandas._libs.tslibs.period, scipy.spatial._ckdtree, pandas._libs.tslibs.vectorized, scipy.spatial._hausdorff, pandas._libs.ops_dispatch, scipy.spatial._distance_wrap, pandas._libs.missing, scipy._lib.messagestream, pandas._libs.hashtable, scipy.spatial._qhull, pandas._libs.algos, scipy.spatial._voronoi, pandas._libs.interval, scipy.spatial.transform._rotation_cy, pandas._libs.lib, scipy.spatial.transform._rigid_transform_cy, pandas._libs.ops, scipy.optimize._group_columns, pandas._libs.hashing, scipy.optimize._trlib._trlib, pandas._libs.arrays, scipy.optimize._lbfgsb, , pandas._libs.tslib_moduleTNC, , pandas._libs.sparsescipy.optimize._moduleTNC, , pandas._libs.internalsscipy.optimize._slsqplib, , pandas._libs.indexingscipy.optimize._minpack, , pandas._libs.indexscipy.optimize._lsq.givens_elimination, pandas._libs.writers, scipy.optimize._zeros, pandas._libs.join, scipy._lib._uarray._uarray, , pandas._libs.window.aggregationsscipy.linalg._decomp_interpolative, pandas._libs.window.indexers, scipy.optimize._bglu_dense, pandas._libs.reshape, scipy.optimize._lsap, pandas._libs.groupby, scipy.optimize._direct, pandas._libs.json, scipy.integrate._odepack, pandas._libs.parsers, scipy.integrate._quadpack, , pandas._libs.testingscipy.integrate._vode, , scipy.integrate._dopsklearn._cyutility, , scipy.interpolate._fitpacksklearn.utils._isfinite, , scipy.interpolate._dierckxsklearn.utils.sparsefuncs_fast, , scipy.interpolate._ppolysklearn.utils.murmurhash, , scipy.interpolate._interpndsklearn.utils._openmp_helpers, , scipy.interpolate._rbfinterp_pythransklearn.preprocessing._csr_polynomial_expansion, scipy.interpolate._rgi_cython, sklearn.preprocessing._target_encoder_fast, scipy.special.cython_special, sklearn.utils._random, scipy.stats._stats, sklearn.utils._seq_dataset, scipy.stats._biasedurn, sklearn.utils._cython_blas, scipy.stats._levy_stable.levyst, sklearn.linear_model._cd_fast, scipy.stats._stats_pythran, sklearn.metrics.cluster._expected_mutual_info_fast, scipy.stats._ansari_swilk_statistics, sklearn.metrics._dist_metrics, scipy.sparse.csgraph._tools, sklearn.metrics._pairwise_distances_reduction._datasets_pair, scipy.sparse.csgraph._shortest_path, sklearn.metrics._pairwise_distances_reduction._base, scipy.sparse.csgraph._traversal, sklearn.metrics._pairwise_distances_reduction._middle_term_computer, scipy.sparse.csgraph._min_spanning_tree, sklearn.utils._heap, scipy.sparse.csgraph._flow, sklearn.utils._sorting, scipy.sparse.csgraph._matching, sklearn.metrics._pairwise_distances_reduction._argkmin, scipy.sparse.csgraph._reordering, sklearn.metrics._pairwise_distances_reduction._argkmin_classmode, scipy.stats._sobol, sklearn.utils._vector_sentinel, scipy.stats._qmc_cy, sklearn.metrics._pairwise_distances_reduction._radius_neighbors, scipy.stats._rcont.rcont, sklearn.metrics._pairwise_distances_reduction._radius_neighbors_classmode, scipy.stats._qmvnt_cy, sklearn.metrics._pairwise_fast, scipy.ndimage._nd_image, sklearn._loss._loss, scipy.ndimage._rank_filter_1d, sklearn.utils.arrayfuncs, _ni_label, sklearn.linear_model._sag_fast, scipy.ndimage._ni_label, sklearn.svm._liblinear, , pandas._libs._cyutilitysklearn.svm._libsvm, , sklearn.svm._libsvm_sparsepandas._libs.tslibs.ccalendar, sklearn.utils._weight_vector, pandas._libs.tslibs.np_datetime, sklearn.linear_model._sgd_fast,  (total: pandas._libs.tslibs.dtypes167)
, pandas._libs.tslibs.base, pandas._libs.tslibs.nattype, pandas._libs.tslibs.timezones, pandas._libs.properties, pandas._libs.tslibs.fields, pandas._libs.tslibs.timedeltas, pandas._libs.tslibs.tzconversion, pandas._libs.tslibs.timestamps, pandas._libs.tslibs.offsets, pandas._libs.tslibs.strptime, pandas._libs.tslibs.parsing, pandas._libs.tslibs.conversion, pandas._libs.tslibs.period, pandas._libs.tslibs.vectorized, pandas._libs.ops_dispatch, pandas._libs.missing, pandas._libs.hashtable, pandas._libs.algos, pandas._libs.interval, pandas._libs.lib, pandas._libs.ops, pandas._libs.hashing, pandas._libs.arrays, pandas._libs.tslib, pandas._libs.sparse, pandas._libs.internals, pandas._libs.indexing, pandas._libs.index, pandas._libs.writers, pandas._libs.join, pandas._libs.window.aggregations, pandas._libs.window.indexers, pandas._libs.reshape, pandas._libs.groupby, pandas._libs.json, pandas._libs.parsers, pandas._libs.testing, sklearn._cyutility, sklearn.utils._isfinite, sklearn.utils.sparsefuncs_fast, sklearn.utils.murmurhash, sklearn.utils._openmp_helpers, sklearn.preprocessing._csr_polynomial_expansion, sklearn.preprocessing._target_encoder_fast, sklearn.utils._random, sklearn.utils._seq_dataset, sklearn.utils._cython_blas, sklearn.linear_model._cd_fast, sklearn.metrics.cluster._expected_mutual_info_fast, sklearn.metrics._dist_metrics, sklearn.metrics._pairwise_distances_reduction._datasets_pair, sklearn.metrics._pairwise_distances_reduction._base, sklearn.metrics._pairwise_distances_reduction._middle_term_computer, sklearn.utils._heap, sklearn.utils._sorting, sklearn.metrics._pairwise_distances_reduction._argkmin, sklearn.metrics._pairwise_distances_reduction._argkmin_classmode, sklearn.utils._vector_sentinel, sklearn.metrics._pairwise_distances_reduction._radius_neighbors, sklearn.metrics._pairwise_distances_reduction._radius_neighbors_classmode, sklearn.metrics._pairwise_fast, sklearn._loss._loss, sklearn.utils.arrayfuncs, sklearn.linear_model._sag_fast, sklearn.svm._liblinear, sklearn.svm._libsvm, sklearn.svm._libsvm_sparse, sklearn.utils._weight_vector, sklearn.linear_model._sgd_fast (total: 167)
Fatal Python error: Illegal instruction

Current thread 0x00007deafe243080 (most recent call first):
  File "/usr/local/lib/python3.12/dist-packages/sklearn/linear_model/_linear_loss.py", line 219 in weight_intercept_raw
  File "/usr/local/lib/python3.12/dist-packages/sklearn/linear_model/_linear_loss.py", line 337 in loss_gradient
  File "/usr/local/lib/python3.12/dist-packages/scipy/optimize/_optimize.py", line 74 in _compute_if_needed
  File "/usr/local/lib/python3.12/dist-packages/scipy/optimize/_optimize.py", line 80 in __call__
  File "/usr/local/lib/python3.12/dist-packages/scipy/_lib/_util.py", line 544 in __call__
  File "/usr/local/lib/python3.12/dist-packages/scipy/optimize/_differentiable_functions.py", line 362 in _update_fun
  File "/usr/local/lib/python3.12/dist-packages/scipy/optimize/_differentiable_functions.py", line 283 in __init__
  File "/usr/local/lib/python3.12/dist-packages/scipy/optimize/_optimize.py", line 310 in _prepare_scalar_function
  File "/usr/local/lib/python3.12/dist-packages/scipy/optimize/_lbfgsb_py.py", line 362 in _minimize_lbfgsb
  File "/usr/local/lib/python3.12/dist-packages/scipy/optimize/_minimize.py", line 784 in minimize
  File "/usr/local/lib/python3.12/dist-packages/sklearn/linear_model/_logistic.py", line 584 in _logistic_regression_path
  File "/usr/local/lib/python3.12/dist-packages/sklearn/linear_model/_logistic.py", line 1523 in fit
  File "/usr/local/lib/python3.12/dist-packages/sklearn/base.py", line 1403 in wrapper
  File "/workspace/t5_variant.py", line 22 in layer_oof
  File "/usr/local/lib/python3.12/dist-packages/joblib/parallel.py", line 607 in __call__
  File "/usr/local/lib/python3.12/dist-packages/joblib/externals/loky/process_executor.py", line 291 in __call__
  File "/usr/local/lib/python3.12/dist-packages/joblib/externals/loky/process_executor.py", line 490 in _process_worker
  File "/usr/lib/python3.12/multiprocessing/process.py", line 108 in run
  File "/usr/lib/python3.12/multiprocessing/process.py", line 314 in _bootstrap
  File "/usr/local/lib/python3.12/dist-packages/joblib/externals/loky/backend/popen_loky_posix.py", line 180 in <module>
  File "<frozen runpy>", line 88 in _run_code
  File "<frozen runpy>", line 198 in _run_module_as_main

Extension modules: psutil._psutil_linux, psutil._psutil_posix, numpy._core._multiarray_umath, numpy.linalg._umath_linalg, sklearn.__check_build._check_build, _cyutility, scipy._cyutility, scipy._lib._ccallback_c, scipy.sparse._sparsetools, numpy.random._common, numpy.random.bit_generator, numpy.random._bounded_integers, numpy.random._mt19937, numpy.random.mtrand, numpy.random._philox, numpy.random._pcg64, numpy.random._sfc64, numpy.random._generator, charset_normalizer.md, _csparsetools, scipy.sparse._csparsetools, scipy.special._ufuncs_cxx, scipy.linalg._fblas, scipy.linalg._flapack, scipy.linalg._batched_linalg, scipy.linalg._cythonized_array_utils, scipy.linalg._solve_toeplitz, scipy.linalg._internal_matfuncs, scipy.linalg._linalg_pythran, scipy.linalg.cython_blas, scipy.linalg.cython_lapack, scipy.linalg._decomp_update, scipy.special._ellip_harm_2, scipy.special._special_ufuncs, scipy.special._gufuncs, scipy.special._ufuncs, scipy.special._specfun, scipy.special._comb, scipy.sparse.linalg._dsolve._superlu, scipy.sparse.linalg._eigen.arpack._arpacklib, scipy.sparse.linalg._propack, scipy.spatial._ckdtree, scipy.spatial._hausdorff, scipy.spatial._distance_wrap, scipy._lib.messagestream, scipy.spatial._qhull, scipy.spatial._voronoi, scipy.spatial.transform._rotation_cy, scipy.spatial.transform._rigid_transform_cy, scipy.optimize._group_columns, scipy.optimize._trlib._trlib, scipy.optimize._lbfgsb, _moduleTNC, scipy.optimize._moduleTNC, scipy.optimize._slsqplib, scipy.optimize._minpack, scipy.optimize._lsq.givens_elimination, scipy.optimize._zeros, scipy._lib._uarray._uarray, scipy.linalg._decomp_interpolative, scipy.optimize._bglu_dense, scipy.optimize._lsap, scipy.optimize._direct, scipy.integrate._odepack, scipy.integrate._quadpack, scipy.integrate._vode, scipy.integrate._dop, scipy.interpolate._fitpack, scipy.interpolate._dierckx, scipy.interpolate._ppoly, scipy.interpolate._interpnd, scipy.interpolate._rbfinterp_pythran, scipy.interpolate._rgi_cython, scipy.special.cython_special, scipy.stats._stats, scipy.stats._biasedurn, scipy.stats._levy_stable.levyst, scipy.stats._stats_pythran, scipy.stats._ansari_swilk_statistics, scipy.sparse.csgraph._tools, scipy.sparse.csgraph._shortest_path, scipy.sparse.csgraph._traversal, scipy.sparse.csgraph._min_spanning_tree, scipy.sparse.csgraph._flow, scipy.sparse.csgraph._matching, scipy.sparse.csgraph._reordering, scipy.stats._sobol, scipy.stats._qmc_cy, scipy.stats._rcont.rcont, scipy.stats._qmvnt_cy, scipy.ndimage._nd_image, scipy.ndimage._rank_filter_1d, _ni_label, scipy.ndimage._ni_label, pandas._libs._cyutility, pandas._libs.tslibs.ccalendar, pandas._libs.tslibs.np_datetime, pandas._libs.tslibs.dtypes, pandas._libs.tslibs.base, pandas._libs.tslibs.nattype, pandas._libs.tslibs.timezones, pandas._libs.properties, pandas._libs.tslibs.fields, pandas._libs.tslibs.timedeltas, pandas._libs.tslibs.tzconversion, pandas._libs.tslibs.timestamps, pandas._libs.tslibs.offsets, pandas._libs.tslibs.strptime, pandas._libs.tslibs.parsing, pandas._libs.tslibs.conversion, pandas._libs.tslibs.period, pandas._libs.tslibs.vectorized, pandas._libs.ops_dispatch, pandas._libs.missing, pandas._libs.hashtable, pandas._libs.algos, pandas._libs.interval, pandas._libs.lib, pandas._libs.ops, pandas._libs.hashing, pandas._libs.arrays, pandas._libs.tslib, pandas._libs.sparse, pandas._libs.internals, pandas._libs.indexing, pandas._libs.index, pandas._libs.writers, pandas._libs.join, pandas._libs.window.aggregations, pandas._libs.window.indexers, pandas._libs.reshape, pandas._libs.groupby, pandas._libs.json, pandas._libs.parsers, pandas._libs.testing, sklearn._cyutility, sklearn.utils._isfinite, sklearn.utils.sparsefuncs_fast, sklearn.utils.murmurhash, sklearn.utils._openmp_helpers, sklearn.preprocessing._csr_polynomial_expansion, sklearn.preprocessing._target_encoder_fast, sklearn.utils._random, sklearn.utils._seq_dataset, sklearn.utils._cython_blas, sklearn.linear_model._cd_fast, sklearn.metrics.cluster._expected_mutual_info_fast, sklearn.metrics._dist_metrics, sklearn.metrics._pairwise_distances_reduction._datasets_pair, sklearn.metrics._pairwise_distances_reduction._base, sklearn.metrics._pairwise_distances_reduction._middle_term_computer, sklearn.utils._heap, sklearn.utils._sorting, sklearn.metrics._pairwise_distances_reduction._argkmin, sklearn.metrics._pairwise_distances_reduction._argkmin_classmode, sklearn.utils._vector_sentinel, sklearn.metrics._pairwise_distances_reduction._radius_neighbors, sklearn.metrics._pairwise_distances_reduction._radius_neighbors_classmode, sklearn.metrics._pairwise_fast, sklearn._loss._loss, sklearn.utils.arrayfuncs, sklearn.linear_model._sag_fast, sklearn.svm._liblinear, sklearn.svm._libsvm, sklearn.svm._libsvm_sparse, sklearn.utils._weight_vector, sklearn.linear_model._sgd_fast (total: 167)
Fatal Python error: Illegal instruction

Current thread 0x000075202ffdc080 (most recent call first):
  File "/usr/local/lib/python3.12/dist-packages/sklearn/linear_model/_linear_loss.py", line 219 in weight_intercept_raw
  File "/usr/local/lib/python3.12/dist-packages/sklearn/linear_model/_linear_loss.py", line 337 in loss_gradient
  File "/usr/local/lib/python3.12/dist-packages/scipy/optimize/_optimize.py", line 74 in _compute_if_needed
  File "/usr/local/lib/python3.12/dist-packages/scipy/optimize/_optimize.py", line 80 in __call__
  File "/usr/local/lib/python3.12/dist-packages/scipy/_lib/_util.py", line 544 in __call__
  File "/usr/local/lib/python3.12/dist-packages/scipy/optimize/_differentiable_functions.py", line 362 in _update_fun
  File "/usr/local/lib/python3.12/dist-packages/scipy/optimize/_differentiable_functions.py", line 283 in __init__
  File "/usr/local/lib/python3.12/dist-packages/scipy/optimize/_optimize.py", line 310 in _prepare_scalar_function
  File "/usr/local/lib/python3.12/dist-packages/scipy/optimize/_lbfgsb_py.py", line 362 in _minimize_lbfgsb
  File "/usr/local/lib/python3.12/dist-packages/scipy/optimize/_minimize.py", line 784 in minimize
  File "/usr/local/lib/python3.12/dist-packages/sklearn/linear_model/_logistic.py", line 584 in _logistic_regression_path
  File "/usr/local/lib/python3.12/dist-packages/sklearn/linear_model/_logistic.py", line 1523 in fit
  File "/usr/local/lib/python3.12/dist-packages/sklearn/base.py", line 1403 in wrapper
  File "/workspace/t5_variant.py", line 22 in layer_oof
  File "/usr/local/lib/python3.12/dist-packages/joblib/parallel.py", line 607 in __call__
  File "/usr/local/lib/python3.12/dist-packages/joblib/externals/loky/process_executor.py", line 291 in __call__
  File "/usr/local/lib/python3.12/dist-packages/joblib/externals/loky/process_executor.py", line 490 in _process_worker
  File "/usr/lib/python3.12/multiprocessing/process.py", line 108 in run
  File "/usr/lib/python3.12/multiprocessing/process.py", line 314 in _bootstrap
  File "/usr/local/lib/python3.12/dist-packages/joblib/externals/loky/backend/popen_loky_posix.py", line 180 in <module>
  File "<frozen runpy>", line 88 in _run_code
  File "<frozen runpy>", line 198 in _run_module_as_main

Extension modules: psutil._psutil_linux, psutil._psutil_posix, numpy._core._multiarray_umath, numpy.linalg._umath_linalg, sklearn.__check_build._check_build, _cyutility, scipy._cyutility, scipy._lib._ccallback_c, scipy.sparse._sparsetools, charset_normalizer.md, numpy.random._common, numpy.random.bit_generator, numpy.random._bounded_integers, numpy.random._mt19937, numpy.random.mtrand, numpy.random._philox, numpy.random._pcg64, numpy.random._sfc64, numpy.random._generator, _csparsetools, scipy.sparse._csparsetools, scipy.special._ufuncs_cxx, scipy.linalg._fblas, scipy.linalg._flapack, scipy.linalg._batched_linalg, scipy.linalg._cythonized_array_utils, scipy.linalg._solve_toeplitz, scipy.linalg._internal_matfuncs, scipy.linalg._linalg_pythran, scipy.linalg.cython_blas, scipy.linalg.cython_lapack, scipy.linalg._decomp_update, scipy.special._ellip_harm_2, scipy.special._special_ufuncs, scipy.special._gufuncs, scipy.special._ufuncs, scipy.special._specfun, scipy.special._comb, scipy.sparse.linalg._dsolve._superlu, scipy.sparse.linalg._eigen.arpack._arpacklib, scipy.sparse.linalg._propack, scipy.spatial._ckdtree, scipy.spatial._hausdorff, scipy.spatial._distance_wrap, scipy._lib.messagestream, scipy.spatial._qhull, scipy.spatial._voronoi, scipy.spatial.transform._rotation_cy, scipy.spatial.transform._rigid_transform_cy, scipy.optimize._group_columns, scipy.optimize._trlib._trlib, scipy.optimize._lbfgsb, _moduleTNC, scipy.optimize._moduleTNC, scipy.optimize._slsqplib, scipy.optimize._minpack, scipy.optimize._lsq.givens_elimination, scipy.optimize._zeros, scipy._lib._uarray._uarray, scipy.linalg._decomp_interpolative, scipy.optimize._bglu_dense, scipy.optimize._lsap, scipy.optimize._direct, scipy.integrate._odepack, scipy.integrate._quadpack, scipy.integrate._vode, scipy.integrate._dop, scipy.interpolate._fitpack, scipy.interpolate._dierckx, scipy.interpolate._ppoly, scipy.interpolate._interpnd, scipy.interpolate._rbfinterp_pythran, scipy.interpolate._rgi_cython, scipy.special.cython_special, scipy.stats._stats, scipy.stats._biasedurn, scipy.stats._levy_stable.levyst, scipy.stats._stats_pythran, scipy.stats._ansari_swilk_statistics, scipy.sparse.csgraph._tools, scipy.sparse.csgraph._shortest_path, scipy.sparse.csgraph._traversal, scipy.sparse.csgraph._min_spanning_tree, scipy.sparse.csgraph._flow, scipy.sparse.csgraph._matching, scipy.sparse.csgraph._reordering, scipy.stats._sobol, scipy.stats._qmc_cy, scipy.stats._rcont.rcont, scipy.stats._qmvnt_cy, scipy.ndimage._nd_image, scipy.ndimage._rank_filter_1d, _ni_label, scipy.ndimage._ni_label, pandas._libs._cyutility, pandas._libs.tslibs.ccalendar, pandas._libs.tslibs.np_datetime, pandas._libs.tslibs.dtypes, pandas._libs.tslibs.base, pandas._libs.tslibs.nattype, pandas._libs.tslibs.timezones, pandas._libs.properties, pandas._libs.tslibs.fields, pandas._libs.tslibs.timedeltas, pandas._libs.tslibs.tzconversion, pandas._libs.tslibs.timestamps, pandas._libs.tslibs.offsets, pandas._libs.tslibs.strptime, pandas._libs.tslibs.parsing, pandas._libs.tslibs.conversion, pandas._libs.tslibs.period, pandas._libs.tslibs.vectorized, pandas._libs.ops_dispatch, pandas._libs.missing, pandas._libs.hashtable, pandas._libs.algos, pandas._libs.interval, pandas._libs.lib, pandas._libs.ops, pandas._libs.hashing, pandas._libs.arrays, pandas._libs.tslib, pandas._libs.sparse, pandas._libs.internals, pandas._libs.indexing, pandas._libs.index, pandas._libs.writers, pandas._libs.join, pandas._libs.window.aggregations, pandas._libs.window.indexers, pandas._libs.reshape, pandas._libs.groupby, pandas._libs.json, pandas._libs.parsers, pandas._libs.testing, sklearn._cyutility, sklearn.utils._isfinite, sklearn.utils.sparsefuncs_fast, sklearn.utils.murmurhash, sklearn.utils._openmp_helpers, sklearn.preprocessing._csr_polynomial_expansion, sklearn.preprocessing._target_encoder_fast, sklearn.utils._random, sklearn.utils._seq_dataset, sklearn.utils._cython_blas, sklearn.linear_model._cd_fast, sklearn.metrics.cluster._expected_mutual_info_fast, sklearn.metrics._dist_metrics, sklearn.metrics._pairwise_distances_reduction._datasets_pair, sklearn.metrics._pairwise_distances_reduction._base, sklearn.metrics._pairwise_distances_reduction._middle_term_computer, sklearn.utils._heap, sklearn.utils._sorting, sklearn.metrics._pairwise_distances_reduction._argkmin, sklearn.metrics._pairwise_distances_reduction._argkmin_classmode, sklearn.utils._vector_sentinel, sklearn.metrics._pairwise_distances_reduction._radius_neighbors, sklearn.metrics._pairwise_distances_reduction._radius_neighbors_classmode, sklearn.metrics._pairwise_fast, sklearn._loss._loss, sklearn.utils.arrayfuncs, sklearn.linear_model._sag_fast, sklearn.svm._liblinear, sklearn.svm._libsvm, sklearn.svm._libsvm_sparse, sklearn.utils._weight_vector, sklearn.linear_model._sgd_fast (total: 167)
Fatal Python error: Illegal instruction

Current thread 0x00007ad5faa13080 (most recent call first):
  File "/usr/local/lib/python3.12/dist-packages/sklearn/linear_model/_linear_loss.py", line 219 in weight_intercept_raw
  File "/usr/local/lib/python3.12/dist-packages/sklearn/linear_model/_linear_loss.py", line 337 in loss_gradient
  File "/usr/local/lib/python3.12/dist-packages/scipy/optimize/_optimize.py", line 74 in _compute_if_needed
  File "/usr/local/lib/python3.12/dist-packages/scipy/optimize/_optimize.py", line 80 in __call__
  File "/usr/local/lib/python3.12/dist-packages/scipy/_lib/_util.py", line 544 in __call__
  File "/usr/local/lib/python3.12/dist-packages/scipy/optimize/_differentiable_functions.py", line 362 in _update_fun
  File "/usr/local/lib/python3.12/dist-packages/scipy/optimize/_differentiable_functions.py", line 283 in __init__
  File "/usr/local/lib/python3.12/dist-packages/scipy/optimize/_optimize.py", line 310 in _prepare_scalar_function
  File "/usr/local/lib/python3.12/dist-packages/scipy/optimize/_lbfgsb_py.py", line 362 in _minimize_lbfgsb
  File "/usr/local/lib/python3.12/dist-packages/scipy/optimize/_minimize.py", line 784 in minimize
  File "/usr/local/lib/python3.12/dist-packages/sklearn/linear_model/_logistic.py", line 584 in _logistic_regression_path
  File "/usr/local/lib/python3.12/dist-packages/sklearn/linear_model/_logistic.py", line 1523 in fit
  File "/usr/local/lib/python3.12/dist-packages/sklearn/base.py", line 1403 in wrapper
  File "/workspace/t5_variant.py", line 22 in layer_oof
  File "/usr/local/lib/python3.12/dist-packages/joblib/parallel.py", line 607 in __call__
  File "/usr/local/lib/python3.12/dist-packages/joblib/externals/loky/process_executor.py", line 291 in __call__
  File "/usr/local/lib/python3.12/dist-packages/joblib/externals/loky/process_executor.py", line 490 in _process_worker
  File "/usr/lib/python3.12/multiprocessing/process.py", line 108 in run
  File "/usr/lib/python3.12/multiprocessing/process.py", line 314 in _bootstrap
  File "/usr/local/lib/python3.12/dist-packages/joblib/externals/loky/backend/popen_loky_posix.py", line 180 in <module>
  File "<frozen runpy>", line 88 in _run_code
  File "<frozen runpy>", line 198 in _run_module_as_main

Extension modules: psutil._psutil_linux, psutil._psutil_posix, numpy._core._multiarray_umath, numpy.linalg._umath_linalg, sklearn.__check_build._check_build, _cyutility, scipy._cyutility, scipy._lib._ccallback_c, scipy.sparse._sparsetools, charset_normalizer.md, numpy.random._common, numpy.random.bit_generator, numpy.random._bounded_integers, numpy.random._mt19937, numpy.random.mtrand, numpy.random._philox, numpy.random._pcg64, numpy.random._sfc64, numpy.random._generator, _csparsetools, scipy.sparse._csparsetools, scipy.special._ufuncs_cxx, scipy.linalg._fblas, scipy.linalg._flapack, scipy.linalg._batched_linalg, scipy.linalg._cythonized_array_utils, scipy.linalg._solve_toeplitz, scipy.linalg._internal_matfuncs, scipy.linalg._linalg_pythran, scipy.linalg.cython_blas, scipy.linalg.cython_lapack, scipy.linalg._decomp_update, scipy.special._ellip_harm_2, scipy.special._special_ufuncs, scipy.special._gufuncs, scipy.special._ufuncs, scipy.special._specfun, scipy.special._comb, scipy.sparse.linalg._dsolve._superlu, scipy.sparse.linalg._eigen.arpack._arpacklib, scipy.sparse.linalg._propack, scipy.spatial._ckdtree, scipy.spatial._hausdorff, scipy.spatial._distance_wrap, scipy._lib.messagestream, scipy.spatial._qhull, scipy.spatial._voronoi, scipy.spatial.transform._rotation_cy, scipy.spatial.transform._rigid_transform_cy, scipy.optimize._group_columns, scipy.optimize._trlib._trlib, scipy.optimize._lbfgsb, _moduleTNC, scipy.optimize._moduleTNC, scipy.optimize._slsqplib, scipy.optimize._minpack, scipy.optimize._lsq.givens_elimination, scipy.optimize._zeros, scipy._lib._uarray._uarray, scipy.linalg._decomp_interpolative, scipy.optimize._bglu_dense, scipy.optimize._lsap, scipy.optimize._direct, scipy.integrate._odepack, scipy.integrate._quadpack, scipy.integrate._vode, scipy.integrate._dop, scipy.interpolate._fitpack, scipy.interpolate._dierckx, scipy.interpolate._ppoly, scipy.interpolate._interpnd, scipy.interpolate._rbfinterp_pythran, scipy.interpolate._rgi_cython, scipy.special.cython_special, scipy.stats._stats, scipy.stats._biasedurn, scipy.stats._levy_stable.levyst, scipy.stats._stats_pythran, scipy.stats._ansari_swilk_statistics, scipy.sparse.csgraph._tools, scipy.sparse.csgraph._shortest_path, scipy.sparse.csgraph._traversal, scipy.sparse.csgraph._min_spanning_tree, scipy.sparse.csgraph._flow, scipy.sparse.csgraph._matching, scipy.sparse.csgraph._reordering, scipy.stats._sobol, scipy.stats._qmc_cy, scipy.stats._rcont.rcont, scipy.stats._qmvnt_cy, scipy.ndimage._nd_image, scipy.ndimage._rank_filter_1d, _ni_label, scipy.ndimage._ni_label, pandas._libs._cyutility, pandas._libs.tslibs.ccalendar, pandas._libs.tslibs.np_datetime, pandas._libs.tslibs.dtypes, pandas._libs.tslibs.base, pandas._libs.tslibs.nattype, pandas._libs.tslibs.timezones, pandas._libs.properties, pandas._libs.tslibs.fields, pandas._libs.tslibs.timedeltas, pandas._libs.tslibs.tzconversion, pandas._libs.tslibs.timestamps, pandas._libs.tslibs.offsets, pandas._libs.tslibs.strptime, pandas._libs.tslibs.parsing, pandas._libs.tslibs.conversion, pandas._libs.tslibs.period, pandas._libs.tslibs.vectorized, pandas._libs.ops_dispatch, pandas._libs.missing, pandas._libs.hashtable, pandas._libs.algos, pandas._libs.interval, pandas._libs.lib, pandas._libs.ops, pandas._libs.hashing, pandas._libs.arrays, pandas._libs.tslib, pandas._libs.sparse, pandas._libs.internals, pandas._libs.indexing, pandas._libs.index, pandas._libs.writers, pandas._libs.join, pandas._libs.window.aggregations, pandas._libs.window.indexers, pandas._libs.reshape, pandas._libs.groupby, pandas._libs.json, pandas._libs.parsers, pandas._libs.testing, sklearn._cyutility, sklearn.utils._isfinite, sklearn.utils.sparsefuncs_fast, sklearn.utils.murmurhash, sklearn.utils._openmp_helpers, sklearn.preprocessing._csr_polynomial_expansion, sklearn.preprocessing._target_encoder_fast, sklearn.utils._random, sklearn.utils._seq_dataset, sklearn.utils._cython_blas, sklearn.linear_model._cd_fast, sklearn.metrics.cluster._expected_mutual_info_fast, sklearn.metrics._dist_metrics, sklearn.metrics._pairwise_distances_reduction._datasets_pair, sklearn.metrics._pairwise_distances_reduction._base, sklearn.metrics._pairwise_distances_reduction._middle_term_computer, sklearn.utils._heap, sklearn.utils._sorting, sklearn.metrics._pairwise_distances_reduction._argkmin, sklearn.metrics._pairwise_distances_reduction._argkmin_classmode, sklearn.utils._vector_sentinel, sklearn.metrics._pairwise_distances_reduction._radius_neighbors, sklearn.metrics._pairwise_distances_reduction._radius_neighbors_classmode, sklearn.metrics._pairwise_fast, sklearn._loss._loss, sklearn.utils.arrayfuncs, sklearn.linear_model._sag_fast, sklearn.svm._liblinear, sklearn.svm._libsvm, sklearn.svm._libsvm_sparse, sklearn.utils._weight_vector, sklearn.linear_model._sgd_fast (total: 167)
Traceback (most recent call last):
  File "/workspace/t5_variant.py", line 31, in <module>
    rows = sorted(Parallel(n_jobs=nj)(delayed(layer_oof)(X, l) for l in range(X.shape[1])), key=lambda r: r[0])
                  ^^^^^^^^^^^^^^^^^^^^^^^^^^^^^^^^^^^^^^^^^^^^^^^^^^^^^^^^^^^^^^^^^^^^^^^^
  File "/usr/local/lib/python3.12/dist-packages/joblib/parallel.py", line 2098, in __call__
    return output if self.return_generator else list(output)
                                                ^^^^^^^^^^^^
  File "/usr/local/lib/python3.12/dist-packages/joblib/parallel.py", line 1704, in _get_outputs
    yield from self._retrieve()
  File "/usr/local/lib/python3.12/dist-packages/joblib/parallel.py", line 1806, in _retrieve
    self._raise_error_fast()
  File "/usr/local/lib/python3.12/dist-packages/joblib/parallel.py", line 1885, in _raise_error_fast
    error_job.get_result(self.timeout)
  File "/usr/local/lib/python3.12/dist-packages/joblib/parallel.py", line 780, in get_result
    return self._return_or_raise()
           ^^^^^^^^^^^^^^^^^^^^^^^
  File "/usr/local/lib/python3.12/dist-packages/joblib/parallel.py", line 795, in _return_or_raise
    raise self._result
joblib.externals.loky.process_executor.TerminatedWorkerError: A worker process managed by the executor was unexpectedly terminated. This could be caused by a segmentation fault while calling the function or by an excessive memory usage causing the Operating System to kill the worker.

The exit codes of the workers are {SIGILL(-4)}
Detailed tracebacks of the workers should have been printed to stderr in the executor process if faulthandler was not disabled.
VARIANT DONE edaic30_encproj podfile_ctZen 7.3 s
VARIANT DONE edaic30_encproj podfile_ctSapphireRapids 6.9 s
VARIANT DONE edaic30_encproj podfile_ctSandybridge 7.2 s
VARIANT DONE edaic30_encproj podfile_ctPrescott 7.1 s
