speaker,task,p_orig,mass_orig,p_lowpass,mass_lowpass,p_reversed,mass_reversed,p_noise,mass_noise
34,vowel,0.10232124943023715,0.9394852593541145,0.06279978762805981,0.9472759515047073,0.13208984930842246,0.9450246766209602,0.09672208212742099,0.9462502002716064
34,vowel,0.07697499672514152,0.931832417845726,0.06326058421720605,0.94831682741642,0.10376532423591417,0.9291324242949486,0.07697549810852419,0.9460978806018829
34,vowel,0.07532466845141973,0.9344672560691833,0.06143317556356473,0.9462529271841049,0.09402617655310366,0.9287735149264336,0.0775332945575867,0.9335843846201897
34,vowel,0.07532460934433441,0.9397076070308685,0.061433695388154866,0.9532899223268032,0.10820834841211484,0.9410213828086853,0.08390407687497997,0.9428075775504112
34,vowel,0.12254216017251261,0.943168081343174,0.06854782682728788,0.9521239548921585,0.11922545165026878,0.9406766518950462,0.09879104212829512,0.948283739387989
34,vowel,0.06955390432902331,0.9244321063160896,0.07808827981544744,0.9450697675347328,0.07587067338634458,0.930447094142437,0.08820705912220367,0.9353946074843407
34,vowel,0.057081408082958404,0.933773972094059,0.062341331698041215,0.9469035677611828,0.06280000057974906,0.9300694912672043,0.06466630178068175,0.9391348138451576
34,vowel,0.0833061946983858,0.9331798627972603,0.06805084054514303,0.946838304400444,0.12423202445330714,0.9420714303851128,0.07160324769286346,0.9456249624490738
34,vowel,0.07587017368492902,0.9406960532069206,0.06279903072890224,0.9491831436753273,0.08330624688421795,0.9446738660335541,0.07697409473753458,0.9472286403179169
34,vowel,0.09672230733217048,0.9296055287122726,0.06854741639011257,0.9461898356676102,0.14321252251078262,0.9337984621524811,0.08037497150773334,0.9412278458476067
34,vowel,0.07587163184024848,0.9271068572998047,0.07809013392348703,0.9470157325267792,0.07370928346192297,0.9322295263409615,0.06658227198833161,0.9407753571867943
34,vowel,0.09139703044280052,0.9311796054244041,0.09809322727356913,0.9450830668210983,0.11438728460475778,0.9341588914394379,0.10160977646795431,0.9422825947403908
36,vowel,0.10670917976268705,0.9457860365509987,0.09740838511978724,0.9519732743501663,0.11518409483380285,0.9460244402289391,0.08095145568114222,0.949226014316082
36,vowel,0.09740783244247715,0.9486919641494751,0.09948812308870232,0.9515647813677788,0.1044971145691723,0.9498227462172508,0.06609544033598085,0.9489001631736755
36,vowel,0.09536471864259383,0.945366658270359,0.08572519709924918,0.9464284107089043,0.09948682744067007,0.9435508251190186,0.0695533416915022,0.9488777071237564
36,vowel,0.1120350272297563,0.943961963057518,0.07532510444415813,0.946147546172142,0.09469294237790167,0.9428418725728989,0.06466400369013184,0.9487156569957733
36,vowel,0.10972240948455196,0.9489386007189751,0.10304277975916083,0.9522454962134361,0.12004309388732075,0.946337878704071,0.07532510977155638,0.9502250403165817
36,vowel,0.09809361059991625,0.9500575363636017,0.07057126863138924,0.947911448776722,0.059219215747567173,0.9502655081450939,0.08330468712609186,0.9538381695747375
45,vowel,0.09204946617623841,0.9436980336904526,0.0821218339682516,0.9424569830298424,0.07809202353047784,0.937704972922802,0.07371039320718059,0.9452203288674355
45,vowel,0.11048921352338625,0.9473674520850182,0.08390325318417505,0.9460113123059273,0.10161277239455317,0.9414293393492699,0.09402775019952937,0.9443969577550888
45,vowel,0.09536316016830314,0.9412211403250694,0.0927012687269702,0.9447616785764694,0.10089382508413877,0.9386491701006889,0.06419335516896553,0.9356287010014057
45,vowel,0.06234057235287426,0.9363254904747009,0.07922293156577745,0.9484535306692123,0.0851128041786125,0.9334682524204254,0.08695650615321526,0.9408609792590141
45,vowel,0.06955907953193888,0.9352317228913307,0.09809772900174228,0.9397737383842468,0.08451233021907072,0.9333566576242447,0.04850409609491597,0.9378373622894287
45,vowel,0.08757971333853096,0.9385951086878777,0.08820526539340909,0.9355356022715569,0.0882049854106647,0.9357358068227768,0.0753236252967672,0.9455377236008644
45,vowel,0.059222712211755006,0.9413535967469215,0.07922608848940117,0.9412126839160919,0.07424997923375551,0.9382058680057526,0.06098663704849999,0.9437815584242344
45,vowel,0.10670829894540669,0.9418844431638718,0.09139818672056696,0.944917842745781,0.07424660703878722,0.940479040145874,0.06054148153523929,0.939086027443409
48,vowel,0.12767261534991625,0.9484503343701363,0.08757947790459057,0.947761781513691,0.11518149756723016,0.9411693215370178,0.07532614796788913,0.9461083263158798
48,vowel,0.07424979291155705,0.9374355673789978,0.09672516151486976,0.9427008032798767,0.079229803663844,0.9410165846347809,0.05033918934043039,0.9469298720359802
48,vowel,0.10745604722043164,0.9434528574347496,0.08757801486933656,0.9511922150850296,0.1112584798736817,0.9482312574982643,0.07697601521344785,0.9466432332992554
48,vowel,0.07006069659632021,0.9328135177493095,0.08094990511837288,0.9393565878272057,0.07753050137075422,0.9343297258019447,0.0737110964338925,0.9291549474000931
48,vowel,0.11438559480880035,0.9375271126627922,0.09075021557653182,0.947030745446682,0.11758924614431061,0.9459788277745247,0.06755835653277513,0.944271132349968
48,vowel,0.1184061818321892,0.9395209476351738,0.07809006956251059,0.9448442161083221,0.12338781152044727,0.9412237405776978,0.06855113675412886,0.9437709674239159
48,vowel,0.08757921381897757,0.9456578195095062,0.1074573027761963,0.9411361590027809,0.07809465910131536,0.9265436306595802,0.05666203857047589,0.936990212649107
49,vowel,0.04209574736834074,0.9429396763443947,0.0907533130178224,0.9494257047772408,0.04304979187187181,0.944577232003212,0.07478421409495063,0.9411222785711288
49,vowel,0.10160489770625393,0.9386249482631683,0.0940241866203415,0.9468480199575424,0.11125889565486233,0.9452945962548256,0.0839033118863515,0.9465206265449524
49,vowel,0.11517950048924933,0.931896761059761,0.1001867859656871,0.9489069804549217,0.12170453090427238,0.9296029210090637,0.08572193636453639,0.9449008852243423
49,vowel,0.09672130472576602,0.9426478818058968,0.09139664791304648,0.9471999853849411,0.09878723327256769,0.939250536262989,0.07809214402041362,0.9435637444257736
49,vowel,0.08695493399582764,0.9346902891993523,0.10449408873347449,0.9449685961008072,0.14225170694174616,0.9432765990495682,0.08271083355425325,0.9408921003341675
49,vowel,0.09878743533045628,0.940240241587162,0.09809443884885018,0.9469456896185875,0.11517894653745202,0.9404636025428772,0.08820431764275412,0.9447026625275612
49,vowel,0.08037289757848319,0.9328033477067947,0.09604162414389913,0.9452744871377945,0.11203447662392611,0.937596321105957,0.07532497018572562,0.9422121196985245
49,vowel,0.10972280361396654,0.9449766799807549,0.0960416086475428,0.9471979960799217,0.11759124462730698,0.9403849169611931,0.06658031090230698,0.9441668912768364
51,vowel,0.10670383933213876,0.9434799253940582,0.08390409161270386,0.938635379076004,0.09204767688697912,0.9372679218649864,0.06706754025673392,0.9486196711659431
51,vowel,0.12942803619888837,0.9477199986577034,0.09672277042793058,0.9520172700285912,0.0721285349723507,0.9372952580451965,0.07264929590660732,0.950369581580162
51,vowel,0.09879405110491252,0.9423932805657387,0.09204830068362342,0.9499740898609161,0.1167899366755912,0.9345974698662758,0.07753152044174517,0.9476664364337921
51,vowel,0.11281439645943661,0.9477871432900429,0.09469533926930171,0.9508865103125572,0.12855075672780097,0.9472458809614182,0.0660968537652856,0.947272002696991
51,vowel,0.09536452498086562,0.9331568777561188,0.0907481506922491,0.9476573839783669,0.08633708304256917,0.9354424178600311,0.07006026508422203,0.9426947012543678
51,vowel,0.10019094713549784,0.9467505067586899,0.09948758533712686,0.9497373774647713,0.080952919268064,0.9402155578136444,0.08271243753644532,0.9498205929994583
51,vowel,0.13479741203272702,0.9490999281406403,0.09336280145065708,0.9497676193714142,0.11840585849202176,0.9414709508419037,0.10160933441115662,0.949836753308773
51,vowel,0.10160871656705132,0.9514274746179581,0.07809075302076535,0.9500181004405022,0.09672295975961138,0.9470351785421371,0.06755760622193444,0.9500437825918198
52,vowel,0.12854305427710525,0.9428766816854477,0.0839049210103145,0.9460654109716415,0.12594543843659003,0.9437792003154755,0.06657984366658341,0.9453674256801605
52,vowel,0.09603969926948536,0.944341704249382,0.10896443995118006,0.9510993808507919,0.10089437950147927,0.9449632540345192,0.07108693746871783,0.9494638070464134
52,vowel,0.11048534406721389,0.9480710700154305,0.08390194606864644,0.9468287229537964,0.10522637061010773,0.9409531280398369,0.06657968073354291,0.9443389847874641
52,vowel,0.08037216393128181,0.9489297866821289,0.08271308772038614,0.9509904384613037,0.0809503130766522,0.946121409535408,0.06805284579064808,0.9469900652766228
52,vowel,0.11281844071796893,0.9458795338869095,0.09948677244020551,0.9529526084661484,0.10449586559132606,0.9389543235301971,0.07865551832220571,0.9529827013611794
52,vowel,0.07642457926628271,0.9418324679136276,0.10018964091581702,0.9570078626275063,0.09948897629720677,0.944118469953537,0.08572305854809904,0.9504058510065079
52,vowel,0.08511632097484637,0.9450044929981232,0.09336354759928706,0.952076755464077,0.10972781896024077,0.9488097950816154,0.07809148593817991,0.9485627934336662
52,vowel,0.10449426720095373,0.9469678401947021,0.07809199263501686,0.9476162046194077,0.06955307530367588,0.9454547613859177,0.06955352282757106,0.9447111561894417
53,vowel,0.07424165470332393,0.9430963322520256,0.09270133437360699,0.948709599673748,0.10895980916218012,0.9406447634100914,0.10018774323769207,0.9436638727784157
53,vowel,0.09336452763079939,0.933056652545929,0.09270558784059145,0.9485204443335533,0.07697535598412966,0.9299894124269485,0.0637254103614999,0.9363379254937172
53,vowel,0.09878947603791756,0.9504851624369621,0.10376948637455678,0.9514381065964699,0.10745576290096624,0.945258304476738,0.07006145763201821,0.9476071447134018
53,vowel,0.13298925597072095,0.9483499825000763,0.09270537427883081,0.9467063844203949,0.11759693037461956,0.9443260580301285,0.07108734121287126,0.9459692239761353
53,vowel,0.09948810563547228,0.9443480297923088,0.09205002438630072,0.9423695802688599,0.13756074450386488,0.9434155076742172,0.09809794005291785,0.9426603391766548
53,vowel,0.05835791837591531,0.9345536828041077,0.09010839040422816,0.9480691254138947,0.08820839918227298,0.9386631548404694,0.06326011883112415,0.9467646144330502
53,vowel,0.0967240069463442,0.9441345557570457,0.07979600444522714,0.9509270265698433,0.083307385249372,0.937496155500412,0.07587263618408796,0.942028321325779
53,vowel,0.09604230341586836,0.9469911530613899,0.09010988275643518,0.951976828277111,0.11922240940682431,0.9478511810302734,0.06561692334675115,0.9497569352388382
54,vowel,0.08633592917040955,0.9473587200045586,0.08947028922904736,0.9502130150794983,0.105226479939045,0.9506110399961472,0.08037032308479611,0.9503030404448509
54,vowel,0.09402380441230612,0.9361338317394257,0.09204722202907856,0.9477286115288734,0.07264843154252919,0.9406393393874168,0.08212002929186002,0.941744975745678
54,vowel,0.0940275109808708,0.9361423328518867,0.08390393898813954,0.9470799118280411,0.08883699636881508,0.9326693639159203,0.07057265182056219,0.9423719197511673
54,vowel,0.07979553923618228,0.9384799748659134,0.09336172895784939,0.9536780416965485,0.10304029234410285,0.9383025169372559,0.07478277364513429,0.946914441883564
54,vowel,0.07264854250709257,0.9345251247286797,0.0920472325045455,0.9481209963560104,0.12338777932484751,0.9464120119810104,0.061433935633334324,0.9482137449085712
54,vowel,0.10670844994661063,0.9387111738324165,0.09270273367759865,0.9424440488219261,0.09604139256474507,0.9441190883517265,0.07424269901509177,0.9428539574146271
54,vowel,0.0758721556313849,0.9355594292283058,0.08511630798611568,0.9415294453501701,0.08511439107711805,0.9375954195857048,0.057504170515394304,0.9337975010275841
54,vowel,0.10019307848626054,0.9393287226557732,0.08390589651976318,0.9436988085508347,0.09741204751305142,0.9290359765291214,0.0775356957012356,0.9376040324568748
55,vowel,0.10596916281017564,0.9405877217650414,0.1037667470039341,0.9482553601264954,0.090112818615579,0.9383552744984627,0.07587253145803538,0.9505540505051613
55,vowel,0.09075042548165593,0.9362538754940033,0.09536432954701339,0.9526903629302979,0.10304131926440956,0.9395528212189674,0.07212359747821118,0.948482982814312
55,vowel,0.08390688991339366,0.9374701529741287,0.10304047111786663,0.9490722939372063,0.11518463214456867,0.9364895150065422,0.10523134095328285,0.9451636672019958
55,vowel,0.12853913692937277,0.9390662610530853,0.08390221622259508,0.9475065097212791,0.09740367025231284,0.9375741109251976,0.07642031025089756,0.9429183304309845
55,vowel,0.14129944120487098,0.9373568743467331,0.08094826412692993,0.9472539946436882,0.1530689861073602,0.9448611736297607,0.07264928975454651,0.9456843137741089
55,vowel,0.1394179143454841,0.9419027864933014,0.11517804648441798,0.9483432918787003,0.12854490752545267,0.9412075504660606,0.12854705711324482,0.9476079195737839
55,vowel,0.09075451800858682,0.9281167462468147,0.08820371876540223,0.9442321583628654,0.0994896511471133,0.9383389502763748,0.06955295670706682,0.9441564604640007
55,vowel,0.10089038599095036,0.9419341087341309,0.09536291436108217,0.9528583362698555,0.09469046414102056,0.946414940059185,0.05835538957913277,0.9442148841917515
56,vowel,0.10160705007232175,0.9312364682555199,0.08947118055485173,0.9476657882332802,0.12254636663738623,0.9314686208963394,0.08695827552297554,0.9469494447112083
56,vowel,0.09536318757795995,0.9277101904153824,0.0769734322230388,0.9406611770391464,0.1480680463547373,0.9140667170286179,0.08450617884423181,0.9293837696313858
56,vowel,0.12423125329515666,0.9299238324165344,0.08695457828433867,0.9481300711631775,0.14225219821747154,0.9430573433637619,0.07809039996051205,0.9452700391411781
56,vowel,0.09948314287985532,0.9410596340894699,0.1159770328657296,0.9464733675122261,0.11597872146036996,0.938359834253788,0.08450691187244676,0.9439372718334198
56,vowel,0.10596540618324313,0.9329458698630333,0.09604021820244574,0.9503088444471359,0.10304282338109978,0.9382668882608414,0.07641971378762406,0.9419968500733376
56,vowel,0.08820515997718635,0.9263289496302605,0.09139526567824872,0.9513418525457382,0.13119701321807695,0.923558309674263,0.10522700245095534,0.9428201243281364
56,vowel,0.12004260629763978,0.9378481581807137,0.09270160783956978,0.9456349164247513,0.14130260108701917,0.9333739429712296,0.08036895025892288,0.9420788437128067
56,vowel,0.0376173996199193,0.9208593592047691,0.04778927116886076,0.930036686360836,0.0402470361703385,0.9278769083321095,0.059657479153858294,0.9207323491573334
60,vowel,0.0940270715875545,0.9320664703845978,0.10522485000270074,0.9531673565506935,0.1225464156962275,0.930657871067524,0.0888378974942886,0.9429433569312096
60,vowel,0.06466587033935166,0.9326333589851856,0.08633917019831402,0.9494709372520447,0.06658185053606944,0.9332486353814602,0.06955455172848557,0.94831982254982
60,vowel,0.12338392884160336,0.9391520097851753,0.1008952924406705,0.9522034451365471,0.1294193679886051,0.9431235864758492,0.061886971122551995,0.9443463310599327
60,vowel,0.08695697388671013,0.9290351644158363,0.07424306218787,0.9485743343830109,0.10089660756580877,0.9320367202162743,0.07697348550910668,0.9486260041594505
60,vowel,0.12680127763407312,0.9383223056793213,0.09402260345912791,0.9461743161082268,0.12086884007981895,0.9356659203767776,0.06234264340287972,0.9370337948203087
60,vowel,0.1571585409326917,0.9403984844684601,0.08153345928495352,0.9491065815091133,0.10522719574488205,0.9447364211082458,0.06513922951209875,0.9437924139201641
60,vowel,0.0907517660811711,0.9318843930959702,0.07160184258124234,0.9479890391230583,0.07809150525374585,0.9314814135432243,0.08095101124023907,0.9483233615756035
61,vowel,0.130303042629411,0.9363878592848778,0.08633574042058957,0.9492550268769264,0.1001867425718079,0.9399430528283119,0.09075058868209805,0.9413629695773125
61,vowel,0.08572401495728628,0.9352206587791443,0.09010950536665029,0.9485694542527199,0.11840412507777887,0.9492437019944191,0.10019097103922509,0.9410529732704163
61,vowel,0.09139607969829844,0.927186593413353,0.08633629611047168,0.9420058205723763,0.09469181483276909,0.9354058876633644,0.07753050711937003,0.9410047680139542
61,vowel,0.09536461698813503,0.9356778487563133,0.07979313460264588,0.946272186934948,0.07532424546636875,0.9403698220849037,0.08390308907142396,0.9423836469650269
61,vowel,0.0974054717328677,0.9366772845387459,0.08270926781785211,0.9439347609877586,0.09878804117378065,0.9313512220978737,0.08153201180130298,0.9471981897950172
61,vowel,0.06658044857537121,0.9289099276065826,0.08695324348001404,0.9453812018036842,0.08572337507744057,0.9289251416921616,0.09809563754944757,0.9407162144780159
61,vowel,0.11759012302714153,0.9313664585351944,0.09204539410729438,0.9475269392132759,0.09536494352762974,0.9253174215555191,0.07642043077954733,0.9409506693482399
62,vowel,0.08883450296414716,0.9394500404596329,0.10376325488083601,0.9523590430617332,0.0882048414039311,0.9399459213018417,0.07108612556277168,0.9495795667171478
62,vowel,0.12004186136322753,0.9433316588401794,0.10670727846506557,0.9488350749015808,0.10670647479112227,0.9403606653213501,0.08450703670601728,0.9421276971697807
62,vowel,0.10232279157944901,0.9422243610024452,0.10089732701413347,0.9482750594615936,0.11840739362992816,0.9441030323505402,0.07371058176542268,0.9415072053670883
62,vowel,0.09139854332417634,0.9462996274232864,0.09879016251231322,0.9512492567300797,0.08153445011653358,0.9428554698824883,0.0875795375627159,0.9468495026230812
62,vowel,0.08820557263301333,0.942220464348793,0.08633574771327202,0.9471037164330482,0.11203359347240362,0.9407123327255249,0.07979448333675072,0.9397009089589119
62,vowel,0.10160619206816106,0.9398543611168861,0.08757759887520544,0.9459902867674828,0.10596462630690165,0.941802129149437,0.06609590570990792,0.9458290860056877
62,vowel,0.13298764791375223,0.9431021958589554,0.13119619187387388,0.9417034313082695,0.10161234565243234,0.9457523450255394,0.11438830258840771,0.9457432776689529
62,vowel,0.0946934763247888,0.9375195279717445,0.1001874548328765,0.9506523460149765,0.10972349620760569,0.9433578774333,0.09270309453363182,0.9474910944700241
63,vowel,0.07979864087955194,0.9341065883636475,0.08633978363114848,0.9503911584615707,0.09270610213790596,0.9411682039499283,0.06905158633268486,0.9438365325331688
63,vowel,0.10160601050216321,0.939003087580204,0.08036930802059494,0.9458273202180862,0.09469283752980916,0.9455001503229141,0.08037048530848141,0.9463821053504944
63,vowel,0.07478397422448325,0.9427743405103683,0.054608354504444546,0.9525326304137707,0.05381102015205193,0.9434965141117573,0.06707152694656408,0.942512534558773
63,vowel,0.1001879453036536,0.9493805691599846,0.0953653502828883,0.9490857124328613,0.10449402587378889,0.9493733868002892,0.07264784083047637,0.9482476264238358
63,vowel,0.09011010136304357,0.9415135383605957,0.09536567849685464,0.9521557837724686,0.0786589529256865,0.9396365210413933,0.08095070973038035,0.9460282325744629
63,vowel,0.1037654680504179,0.9399227797985077,0.0967219122073517,0.9479189664125443,0.06854899739746635,0.9356247708201408,0.07057134915280579,0.9467215910553932
63,vowel,0.07979570254269351,0.942840613424778,0.07922464175001007,0.9487039968371391,0.08271250790577621,0.9443647488951683,0.08094981906714514,0.9497524350881577
64,vowel,0.1074544817072601,0.9341289773583412,0.07371043265701918,0.9411423951387405,0.10745393384393215,0.9408577382564545,0.06372747607283953,0.9395691007375717
64,vowel,0.07265052646647718,0.933945506811142,0.0815337949785055,0.9470799714326859,0.09075260516067858,0.9351498335599899,0.07697427030234509,0.9433980211615562
64,vowel,0.07370815810509536,0.9384670853614807,0.09469281722232652,0.9468026906251907,0.07006052426103339,0.9359349086880684,0.08633744721786353,0.9454553723335266
64,vowel,0.07809243213063734,0.9362794533371925,0.07697383672064224,0.9474368244409561,0.1338898891586592,0.9339335262775421,0.06905120457912121,0.9439818039536476
64,vowel,0.08572431238162836,0.9349939599633217,0.07532504990917067,0.940685398876667,0.10377009472196516,0.9323605820536613,0.07057284665450897,0.93918027728796
64,vowel,0.09011032768346719,0.93721654266119,0.08212138341853284,0.9482788071036339,0.1159843666713893,0.9355496242642403,0.06514029472403092,0.9445119127631187
65,vowel,0.13848409154176106,0.9446741789579391,0.09740896206223812,0.9514609053730965,0.10449815962302877,0.9359130710363388,0.05624671449018047,0.9408329427242279
65,vowel,0.08271030856902549,0.9375002384185791,0.09204775051259216,0.9520974680781364,0.10304220082496057,0.9421227127313614,0.0592195067789279,0.9415184110403061
65,vowel,0.09270462761517717,0.942099541425705,0.08883574165047994,0.9493766129016876,0.09809669290800868,0.9417944774031639,0.07264983769608443,0.9450303688645363
65,vowel,0.12170508535100019,0.9390445500612259,0.09336211258158256,0.9505893364548683,0.1008964779250188,0.9376617148518562,0.06609698137816832,0.9380468130111694
65,vowel,0.12087146551032277,0.9447732642292976,0.1135993552382086,0.9554970636963844,0.12338334095123359,0.9461094066500664,0.08572590165804143,0.941069133579731
65,vowel,0.09740647575551277,0.9399885013699532,0.0927035222974204,0.953833781182766,0.09879008711200234,0.9461558535695076,0.07212627033231835,0.9455389305949211
65,vowel,0.10160714347910996,0.936142310500145,0.08947046000526106,0.9433681443333626,0.1008963159392899,0.9333042129874229,0.07006153883324757,0.9401530772447586
71,vowel,0.11203265590055073,0.926541693508625,0.07641865868218897,0.9451575428247452,0.13030553286190308,0.937616840004921,0.09604292884008817,0.9442883059382439
71,vowel,0.08633928821265976,0.9333163127303123,0.09740514385956661,0.9494418278336525,0.1016052054364115,0.9303075075149536,0.0797973882081595,0.9419622644782066
71,vowel,0.08390353827685348,0.9363199099898338,0.0737069450367582,0.9413499757647514,0.10745418853725035,0.9337770044803619,0.09948627799664937,0.938611313700676
71,vowel,0.08390278396380585,0.9298494681715965,0.0851105343384306,0.9439324736595154,0.09469286536930277,0.9268774464726448,0.07212462948215141,0.9439748674631119
71,vowel,0.0792229751126562,0.9276089072227478,0.08633534823527995,0.9426647797226906,0.0737071146292952,0.9261618182063103,0.08094923495848409,0.9388552904129028
71,vowel,0.09074951624243444,0.9307409301400185,0.07370570285971234,0.9434433504939079,0.09740463560369553,0.9256166145205498,0.10018738227306066,0.9429051652550697
71,vowel,0.0863358347361312,0.9375896528363228,0.07056984596934648,0.9462096467614174,0.09672110431605563,0.93727857619524,0.08695518521732552,0.9479902163147926
72,vowel,0.0646649819977386,0.9321395568549633,0.08211917752654715,0.9467405676841736,0.08511420019185216,0.9398058876395226,0.06805303138755793,0.9373918250203133
72,vowel,0.11048684223791327,0.9370853379368782,0.07752839270212905,0.948120690882206,0.1044919638139871,0.9444491192698479,0.08036950007309714,0.9464431181550026
72,vowel,0.10376744390597682,0.9274679869413376,0.12594189389078553,0.9498215690255165,0.098790214334892,0.9281780272722244,0.12680979476004042,0.9450629949569702
72,vowel,0.10303859963370449,0.9308886528015137,0.11438466010945805,0.9503077194094658,0.11048658575516025,0.9407301768660545,0.10018848350484698,0.9436338469386101
72,vowel,0.07160293389990849,0.9349624142050743,0.0967199418787066,0.9483128860592842,0.06955324859292066,0.9384926781058311,0.10523002578680239,0.9377789944410324
72,vowel,0.12422819439272505,0.9328762069344521,0.08511120608098023,0.9486350789666176,0.12593897992433567,0.9401142299175262,0.08390456914120338,0.9397930279374123
72,vowel,0.09604020709558733,0.9292331039905548,0.08571982914810192,0.946493849158287,0.1067083051980513,0.9328439831733704,0.07587066514423292,0.942827895283699
72,vowel,0.11438873857321381,0.9323664531111717,0.10160681333186944,0.9461550787091255,0.07057247780618837,0.922831118106842,0.07642219778209733,0.9432311952114105
73,vowel,0.0685489866478308,0.9242891073226929,0.0627978281565044,0.9458391889929771,0.08450788881277915,0.9290890097618103,0.09809498656685846,0.9423451870679855
73,vowel,0.09879165853689915,0.9374295249581337,0.07532520841272847,0.9489379376173019,0.09672462165875817,0.9366234093904495,0.056663217967594916,0.9425427466630936
73,vowel,0.06188668231697283,0.929701779037714,0.06561469382057974,0.9459937252104282,0.10745379798108144,0.9358321651816368,0.06854768687203892,0.9426199197769165
73,vowel,0.09204637274983742,0.9363999664783478,0.07922285826565008,0.9493001624941826,0.09075043769326499,0.9335680231451988,0.0632626867750866,0.9435457475483418
73,vowel,0.0731755995654293,0.9251937568187714,0.06755662778845606,0.9461466744542122,0.09536424782183964,0.9367229118943214,0.06805183776807011,0.9452386647462845
73,vowel,0.08330567525466219,0.9390676617622375,0.07641850081049141,0.9440530985593796,0.09604008411107742,0.9396796822547913,0.07370777111375944,0.9422178342938423
73,vowel,0.10522817154188892,0.9380215257406235,0.09269980544731064,0.9471639171242714,0.09270139032458172,0.9384530186653137,0.11203648619675394,0.9389095976948738
73,vowel,0.0769736303097505,0.9235523641109467,0.05835381755460783,0.9471831396222115,0.10018828617616826,0.9369302913546562,0.06234190166878508,0.9465030319988728
74,vowel,0.09075093276327413,0.944361686706543,0.07753041884757758,0.9506535828113556,0.08757804265730715,0.9442244693636894,0.06706909466357512,0.9482090994715691
74,vowel,0.08390616335710316,0.9378224462270737,0.09879106580357877,0.9467153549194336,0.08330806073881085,0.9340309426188469,0.06955513477955341,0.9456552490592003
74,vowel,0.10820590238554248,0.9368757903575897,0.09270118083422395,0.9463878571987152,0.09740582099823257,0.9309889525175095,0.07424327743559996,0.9464853331446648
74,vowel,0.08511305245516479,0.9390541836619377,0.07317514542589067,0.9442213252186775,0.08450628329020092,0.9423845484852791,0.06805187289312865,0.9420592039823532
74,vowel,0.08633650793494116,0.9387675449252129,0.07057016273477701,0.9412791803479195,0.09402395593343511,0.9374382197856903,0.07317700725196612,0.9390665963292122
74,vowel,0.10232119583643477,0.9284151569008827,0.08037044642385408,0.9484782069921494,0.12423432495043284,0.9363923892378807,0.08450669770813048,0.9419718086719513
74,vowel,0.09672247518067356,0.9438499361276627,0.08758026474731757,0.9469468742609024,0.10089709079073547,0.9417451694607735,0.06904988740723172,0.9460970908403397
75,vowel,0.11438546705461056,0.9419608414173126,0.08883420242152278,0.9482473060488701,0.07865474670425193,0.9366817101836205,0.08271032864445245,0.9430685117840767
75,vowel,0.07532408423939706,0.9384570643305779,0.08211840509684822,0.9468530863523483,0.08757762320361322,0.9351403638720512,0.08037046561186037,0.9443858861923218
75,vowel,0.10896370562287207,0.9409698992967606,0.09469382089982262,0.9523496404290199,0.08330611451185545,0.9325293079018593,0.09879261349234125,0.9431440383195877
75,vowel,0.08390718705582804,0.94355758279562,0.08883558788569247,0.9478989690542221,0.09010912943852063,0.9381749927997589,0.07424755251047652,0.9445617571473122
75,vowel,0.09604009641162942,0.9445199519395828,0.09336257049130309,0.94902054220438,0.10972385508804697,0.9433918669819832,0.07160459279766414,0.9425196722149849
75,vowel,0.09010720627830872,0.9380619749426842,0.09336046160884243,0.94900032132864,0.07212332511751497,0.9386707842350006,0.06854853104423073,0.9451696053147316
75,vowel,0.10449128184417368,0.9538529962301254,0.08757757829433578,0.9464321285486221,0.11597794516053121,0.9488678425550461,0.07108470951235216,0.9461365193128586
76,vowel,0.06904812552438898,0.9345125779509544,0.06805018073731726,0.9456003233790398,0.08633697693717583,0.9315541833639145,0.08153209752801845,0.9400549456477165
76,vowel,0.1167810752921933,0.9346214309334755,0.07808985018380636,0.9466939195990562,0.12423270152067753,0.9353822097182274,0.07809281520537924,0.9423305168747902
76,vowel,0.07264734359560678,0.9426706433296204,0.06854770322675244,0.9448667913675308,0.06188604609227725,0.937481913715601,0.08511359859706695,0.9427402019500732
76,vowel,0.07478377754041733,0.937702551484108,0.08883495834627314,0.9482637271285057,0.08572407982690927,0.9384158477187157,0.07424402077696632,0.942553274333477
76,vowel,0.08695976150226245,0.9275642707943916,0.07641960796955664,0.9400776848196983,0.08634063260880986,0.9297904372215271,0.07160509212743078,0.9417438507080078
76,vowel,0.15005781331577686,0.9336056113243103,0.09878933708430944,0.9554483070969582,0.17444127765358114,0.9338873028755188,0.10746128478562726,0.9436381682753563
76,vowel,0.08153195931414553,0.9361869543790817,0.07865599807316898,0.9436001032590866,0.09204860223162653,0.941131241619587,0.06561649958354313,0.9408946223556995
76,vowel,0.07006060138072677,0.9273573830723763,0.07370730214440949,0.9429316148161888,0.09336322707823379,0.9329748451709747,0.06234227106840449,0.9405167996883392
80,vowel,0.0857220298354586,0.935255266726017,0.0907468744864785,0.9457719177007675,0.09740365674880075,0.937788188457489,0.07160249275755678,0.9464861005544662
80,vowel,0.10896089145131223,0.9440842941403389,0.0940261747275696,0.9495635032653809,0.09270250501647999,0.9368552938103676,0.07478384951112922,0.9441735967993736
80,vowel,0.09948772907129184,0.9406999200582504,0.09011266022078052,0.9413034170866013,0.0907506550488216,0.9420308992266655,0.06707395498700466,0.9345254153013229
80,vowel,0.10232206998037514,0.9384743347764015,0.07587022663625886,0.9468096271157265,0.08094992188100632,0.9385892450809479,0.05624646715218816,0.9430568963289261
80,vowel,0.09204674021883534,0.9468511268496513,0.0780896162994659,0.9451641738414764,0.10018748315042478,0.9398345947265625,0.06561692365904369,0.9439774639904499
80,vowel,0.0803727446714628,0.9323688745498657,0.06805112865974451,0.9448287487030029,0.07160314429898654,0.9347684159874916,0.06755933022858596,0.9432066455483437
80,vowel,0.10895839033570358,0.934028796851635,0.06955161433068321,0.9459397494792938,0.0907509463573734,0.940733827650547,0.08330596643551004,0.9452023953199387
80,vowel,0.13298138748071947,0.9408260583877563,0.07865262033652007,0.9490349888801575,0.09402573987110027,0.9394017457962036,0.07587032805989777,0.9430464580655098
81,vowel,0.10972320902984062,0.9394884258508682,0.06706612590960973,0.9469648376107216,0.10745514899523309,0.9441666603088379,0.05922098884909313,0.945823397487402
81,vowel,0.08695435903611368,0.9370888471603394,0.07697149896794717,0.946828193962574,0.09074928506291258,0.9305049628019333,0.07586974470915549,0.9439323246479034
81,vowel,0.10972113011585133,0.9489942789077759,0.09536370288289786,0.9476166591048241,0.11125875561007156,0.9395076930522919,0.11840646374693059,0.9417368993163109
81,vowel,0.082709147522852,0.9413695260882378,0.08695339226415338,0.9465417265892029,0.08757720981725406,0.9322982728481293,0.12254512928286843,0.9467007964849472
81,vowel,0.10670650578158881,0.931819349527359,0.07212241275768572,0.942149356007576,0.1412997233478016,0.930030956864357,0.11281551743574514,0.9407874271273613
81,vowel,0.07697120831124425,0.9367804676294327,0.07264648010552881,0.946203738451004,0.08820192196378522,0.9394566863775253,0.0637247508075896,0.9445031844079494
81,vowel,0.10304059500847841,0.942456342279911,0.09469469401124286,0.9460645541548729,0.09469441580872916,0.9359974414110184,0.06280101979335512,0.9484360925853252
81,vowel,0.08883570388899543,0.9389991238713264,0.0863386510668726,0.9485447481274605,0.10160616750644935,0.9353710189461708,0.06561875428527808,0.9463541060686111
82,vowel,0.06955481403020881,0.9258968532085419,0.09878927147506536,0.9489295035600662,0.09270595062709673,0.9312320128083229,0.07317786138243197,0.9425886049866676
82,vowel,0.07922598972874947,0.9368610233068466,0.08633954211057163,0.9482633918523788,0.09139974088519656,0.9402626752853394,0.0786570797680336,0.9467582404613495
82,vowel,0.07478393128544387,0.932312935590744,0.0946939562942236,0.9507003128528595,0.08758019521248021,0.9362836554646492,0.07697413508937924,0.9437411651015282
82,vowel,0.06955539085353249,0.9310825392603874,0.09075234128560415,0.9470313861966133,0.08450743044449809,0.9432168155908585,0.0927059872003956,0.9458843916654587
82,vowel,0.060542088609892006,0.9293348267674446,0.08634081954294864,0.9505349099636078,0.08947235603985411,0.9352560713887215,0.08330749725085286,0.9442037492990494
82,vowel,0.06280076382579663,0.9244764894247055,0.08883253604275085,0.9519647806882858,0.08695969347433698,0.9375519454479218,0.06955595513398946,0.9374928623437881
82,vowel,0.10896234101363284,0.9408962801098824,0.08390455568656136,0.9421988129615784,0.10522901914575704,0.9401067793369293,0.06466526180173314,0.9416919648647308
82,vowel,0.06234171814399884,0.9281714893877506,0.09469238229687908,0.9464206323027611,0.08037164968233657,0.9433609694242477,0.06143385960522512,0.9394314140081406
83,vowel,0.09075015068427554,0.9334504529833794,0.07532355454303731,0.9454514682292938,0.11125735840284338,0.9390643164515495,0.06514113148221316,0.940404262393713
83,vowel,0.06805337485079474,0.9368372783064842,0.08036870416714391,0.9458826333284378,0.08153738521041846,0.9403370097279549,0.07370925739760721,0.9420672282576561
83,vowel,0.06854939584544033,0.9386939331889153,0.08511348531206521,0.9477779865264893,0.09075259467198116,0.936013363301754,0.0710864631332286,0.9416387304663658
83,vowel,0.10089490635981331,0.9401733875274658,0.07753284029115425,0.940513364970684,0.08450802804357462,0.9413616955280304,0.05750581983368696,0.9438693150877953
83,vowel,0.07809105273287324,0.9360191151499748,0.09878669339763686,0.9470974057912827,0.08450746523156481,0.9358538761734962,0.07641966007498674,0.9447425007820129
83,vowel,0.11125667348441366,0.9278317466378212,0.07586916848167065,0.9459699392318726,0.1023186003099199,0.9326890632510185,0.08883509913018178,0.9478891715407372
83,vowel,0.0901095256734696,0.9338469281792641,0.06561612952931427,0.941861055791378,0.10089646033283371,0.9339741915464401,0.06658184660309846,0.9408942759037018
83,vowel,0.09075085512506698,0.9361249804496765,0.08820690662790061,0.9483174085617065,0.10232323465015428,0.9385904222726822,0.06755915229226901,0.9430641084909439
85,vowel,0.11281523971599497,0.9371049776673317,0.11048732201604228,0.9477010816335678,0.09469227134623569,0.936318889260292,0.09270192948861994,0.9396237954497337
85,vowel,0.11359759443213584,0.9387784078717232,0.0953667279258172,0.944892518222332,0.10232071086213469,0.9455694630742073,0.06854895690329835,0.9455431699752808
85,vowel,0.09878833089534403,0.9296941608190536,0.112032308968909,0.9527216777205467,0.08153258570534927,0.9317920729517937,0.08883389518864535,0.948411114513874
85,vowel,0.09672382909956476,0.9435493275523186,0.0980975548356578,0.9495709240436554,0.08633842244102403,0.94618821144104,0.07265200870854914,0.9439745619893074
85,vowel,0.0974064291938197,0.9348831921815872,0.10232243670350948,0.9510850310325623,0.10671008317939105,0.9409465715289116,0.08212365750077023,0.9447502419352531
85,vowel,0.07160321019544831,0.9298751577734947,0.09809340234306908,0.9479178041219711,0.11922421544260332,0.9401857182383537,0.07979547342952142,0.9402660951018333
85,vowel,0.09469158669870632,0.934229239821434,0.0764189623780033,0.9398469552397728,0.10745200702403732,0.9341922327876091,0.08511356878731487,0.9433199390769005
85,vowel,0.1413035231631513,0.9460649490356445,0.08212143275284323,0.948811799287796,0.0940254577576137,0.9432368502020836,0.0705733504705649,0.9418903663754463
86,vowel,0.09336517261210797,0.9402641654014587,0.09139762287883413,0.9497462958097458,0.08450778905451076,0.9320723563432693,0.07264983855215726,0.9382757991552353
86,vowel,0.07979490613505444,0.945552758872509,0.09336394506831777,0.9486585557460785,0.09336138803894248,0.9380865320563316,0.06326142851494151,0.9485535584390163
86,vowel,0.06372669332119671,0.9355137087404728,0.08094948574539787,0.9477323889732361,0.08271154738762061,0.9373130649328232,0.07265077940870046,0.9446736425161362
86,vowel,0.07809022299638801,0.9368848875164986,0.08572178546669677,0.9507424235343933,0.09809513226272831,0.9438140019774437,0.08695663194385521,0.9427656903862953
86,vowel,0.09139633370162618,0.9362867251038551,0.1001895275424908,0.9423275366425514,0.09402571174068093,0.9385222271084785,0.07212612134439234,0.9474933445453644
86,vowel,0.09878640499297837,0.9443675130605698,0.08883394351090043,0.9476119801402092,0.08695394194208252,0.9368917271494865,0.07752905214966684,0.9442250728607178
86,vowel,0.0815324028226596,0.9438004568219185,0.08211940839120069,0.9506011307239532,0.09336085007417254,0.9462746530771255,0.07478344233227335,0.9464400112628937
86,vowel,0.13030295087698074,0.9453782439231873,0.09010709438497852,0.9443057551980019,0.10449622435497956,0.9386838674545288,0.12338650732272481,0.9394014552235603
87,vowel,0.0792236428900052,0.9430124163627625,0.07371063566677057,0.9424121826887131,0.09672130053590074,0.9400104433298111,0.07532585940577136,0.9479310289025307
87,vowel,0.09536501386096045,0.9378536194562912,0.07922602638082953,0.9405422434210777,0.10670935416368343,0.9389897659420967,0.07532658541397164,0.9455174803733826
87,vowel,0.04850520994487605,0.9345854632556438,0.07753053472825375,0.9447698667645454,0.06905065026061319,0.943006195127964,0.08330663010067155,0.9462332129478455
87,vowel,0.11125804942064481,0.9399665519595146,0.0726497239981259,0.942635141313076,0.10820676593199528,0.9393685087561607,0.06706940017048678,0.9404671937227249
87,vowel,0.09270331914779527,0.9373399764299393,0.07317908767044647,0.9386142194271088,0.08820530572496654,0.937488004565239,0.06904902156717684,0.9425141736865044
87,vowel,0.08450696342024482,0.9328666627407074,0.06143529608188982,0.9273079372942448,0.09402568604997918,0.9356512278318405,0.08820460061273282,0.9386691153049469
87,vowel,0.06234049764891849,0.93746492639184,0.06854786382511928,0.9317738637328148,0.09075057782535223,0.9389739856123924,0.06419478191593501,0.9343540295958519
87,vowel,0.09270129080593253,0.9418762624263763,0.07160352846949247,0.939578153192997,0.08037147761633069,0.9384885430335999,0.07865501606886584,0.9443747028708458
105,vowel,0.08633535702289358,0.9415793120861053,0.09948356100668453,0.943036288022995,0.08390190739447609,0.9408314451575279,0.07057183453748293,0.9451956525444984
105,vowel,0.10745474763866204,0.9417753592133522,0.10449060181661896,0.9471157863736153,0.09204931585386422,0.9358969256281853,0.07865505268016813,0.9453937858343124
105,vowel,0.08633923264663144,0.9437461793422699,0.09672314006169663,0.9367087781429291,0.08634046742774047,0.9389860481023788,0.05301910259388968,0.9405887648463249
105,vowel,0.09075551679909398,0.9344968944787979,0.10896457151827582,0.9388904869556427,0.07533228941925284,0.9318710714578629,0.1059708831531945,0.9405713975429535
105,vowel,0.15716149337693977,0.9496528059244156,0.10972269334228071,0.9471721425652504,0.1059695548461095,0.9392902106046677,0.11203949584936518,0.9423716813325882
105,vowel,0.09469632733753768,0.9428991228342056,0.10449349517393317,0.9449398815631866,0.06707039796867661,0.9321390837430954,0.07006184336342683,0.9474108293652534
105,vowel,0.08883903244589055,0.9423746913671494,0.10160579257665169,0.947001039981842,0.09948959884096516,0.9477603584527969,0.07642229417962974,0.9445022791624069
105,vowel,0.08820426869897435,0.9509464204311371,0.07922317456872677,0.9502460435032845,0.07587192062281654,0.9475394189357758,0.06658075328469616,0.949676088988781
105,vowel,0.0960416364291646,0.9383231177926064,0.09948477906563098,0.9411328285932541,0.08390285383454196,0.940257839858532,0.06658137505403328,0.9438105002045631
105,vowel,0.08153593815840975,0.9388607665896416,0.08330583814690523,0.9464601650834084,0.0710877100618178,0.9410349726676941,0.08095036486566648,0.947020024061203
105,vowel,0.11048816373288826,0.9348526075482368,0.10596336339962371,0.9474170729517937,0.08095404598914448,0.9274978190660477,0.08094969435728815,0.9425365179777145
112,vowel,0.05624548287606956,0.9480715841054916,0.09604170218592989,0.9528916552662849,0.05262768476810156,0.9404315538704395,0.07478227808044288,0.9496176093816757
112,vowel,0.07478162571069008,0.9459507986903191,0.09010936800819412,0.9467837736010551,0.08036823642374262,0.943788543343544,0.0792230223635813,0.9479874819517136
112,vowel,0.11840305044580846,0.9415573999285698,0.10376564473358729,0.9501353725790977,0.09809450721140361,0.9429953172802925,0.0710853757662751,0.9500062093138695
112,vowel,0.10089274650814208,0.9384962990880013,0.09809498573205433,0.9459480121731758,0.08271065621153746,0.9363494887948036,0.06098505888244829,0.9426863491535187
112,vowel,0.08820466167756284,0.9429439604282379,0.09010996583002048,0.9507671222090721,0.10820542605856986,0.9486517235636711,0.08153451868829462,0.949732169508934
112,vowel,0.07979524896206766,0.9364668503403664,0.10019020102112176,0.9448901936411858,0.08572281460528385,0.9428461864590645,0.06009701631237842,0.9426795653998852
112,vowel,0.07006105249688764,0.9411438181996346,0.10304204940180363,0.9455029666423798,0.060538931164010545,0.9450626522302628,0.06372510711737839,0.9485540054738522
112,vowel,0.08511364090792754,0.935933917760849,0.09809672770864292,0.9467773884534836,0.09948572411209775,0.9434157013893127,0.07264902352968684,0.947066642343998
112,vowel,0.08511376129191531,0.9450487568974495,0.10745667422495293,0.9447763785719872,0.08450664864653959,0.9445310980081558,0.07005961833060594,0.9465889781713486
112,vowel,0.07057146734460118,0.9456842094659805,0.11203593388562169,0.9496319070458412,0.06609655857858511,0.9395745694637299,0.0747831160962167,0.9489128515124321
116,vowel,0.061888661886984817,0.9353801235556602,0.08820765416479032,0.9457170143723488,0.06955554317899813,0.9404456317424774,0.06610036342436207,0.9315528608858585
116,vowel,0.09139790487344385,0.9504149928689003,0.10449409770562629,0.9450209215283394,0.09075194840904621,0.9369396939873695,0.08390339851378627,0.9465565010905266
116,vowel,0.07979746939052879,0.9461068734526634,0.09809866658533765,0.9501747488975525,0.08883863707231321,0.9413422122597694,0.06805246858403809,0.9469474703073502
116,vowel,0.0869557949034856,0.9391737058758736,0.09948493849536325,0.9453992396593094,0.08037159459734289,0.940650463104248,0.0815331593171425,0.9493016079068184
116,vowel,0.07865842919922665,0.9455015361309052,0.10820677314303041,0.9465879648923874,0.07753262173322295,0.9441903457045555,0.11203839228183463,0.9397507458925247
116,vowel,0.10596720349043376,0.9412993565201759,0.09809793828580074,0.947077177464962,0.09879153065069582,0.9361231550574303,0.06609772141010561,0.9418729282915592
116,vowel,0.07642276198763878,0.9427232220768929,0.08883752477082262,0.9468574672937393,0.0797966630627859,0.9402709379792213,0.06326193005000193,0.941977396607399
116,vowel,0.10449480508869861,0.9414023458957672,0.0882046684065079,0.9488824978470802,0.09672256904235109,0.9412642642855644,0.07642224870135028,0.9433362483978271
116,vowel,0.13571294473291481,0.9464579373598099,0.11049102253063564,0.9498108327388763,0.11281479476462482,0.9478026852011681,0.07160676181018695,0.9401142373681068
116,vowel,0.10018750522944052,0.9371967613697052,0.09336055789669466,0.9453811720013618,0.09270087590125257,0.9422334730625153,0.08450625098509812,0.9419716745615005
118,vowel,0.09336363834843321,0.9412404298782349,0.09336602963587008,0.9470707476139069,0.08947061124676439,0.9397880136966705,0.0769751500132691,0.9492525458335876
118,vowel,0.08511591487400827,0.9279727712273598,0.0913987479229572,0.9458350613713264,0.11840766214314806,0.9354192614555359,0.09336594390557929,0.9426271691918373
118,vowel,0.11281128343981753,0.9394647926092148,0.10089487323164752,0.9523556083440781,0.10745304135667053,0.9437964707612991,0.09336362527545919,0.9482186660170555
118,vowel,0.11518190794384003,0.9273321032524109,0.10522730190671659,0.9446791782975197,0.12254291589012398,0.934652790427208,0.13571105956823704,0.9447337090969086
118,vowel,0.09536228828254963,0.9370474889874458,0.09336091426767779,0.9517224654555321,0.11438205187699968,0.9411787837743759,0.09603969459429734,0.9469050094485283
118,vowel,0.08153809545856587,0.9370250478386879,0.08883580370718101,0.9477199539542198,0.09336557767113869,0.9337761700153351,0.0747834064294496,0.9454394951462746
118,vowel,0.0827149999985916,0.9353883937001228,0.09741092793176154,0.933885470032692,0.08572564630283104,0.9347895085811615,0.07979662634107205,0.9430568665266037
118,vowel,0.11359670217801898,0.9369225576519966,0.09402488918957132,0.9478253498673439,0.13298538690695352,0.9403170645236969,0.14611213166394912,0.9457707852125168
118,vowel,0.11598009365950743,0.9410415515303612,0.08947098651174865,0.9451453164219856,0.12170625047658357,0.9419441372156143,0.08390636099415019,0.9442926049232483
118,vowel,0.10449311009712361,0.9333746656775475,0.08450723488380034,0.9458137825131416,0.09469263049144819,0.9355733692646027,0.06904955017995425,0.9460079446434975
120,vowel,0.12254121985035689,0.9474469870328903,0.08451028621022366,0.942291334271431,0.11048971339042714,0.9470957294106483,0.06955281389902065,0.9494312256574631
120,vowel,0.08947042679677378,0.9376270696520805,0.0827128650595808,0.9404253587126732,0.11359693121697594,0.9427854046225548,0.07317710338562326,0.9456609860062599
120,vowel,0.14321520598215856,0.9391423165798187,0.0946954490017678,0.9438201561570168,0.1104916060235386,0.9406564831733704,0.07370915242810093,0.9484468698501587
120,vowel,0.07697319470010203,0.9443873763084412,0.10089575847157951,0.9539571329951286,0.07979316589521684,0.9448880180716515,0.08212037459286392,0.9515646323561668
120,vowel,0.11922265992964401,0.9437714591622353,0.10160697836594525,0.948174886405468,0.12594379091726488,0.9431482031941414,0.07809126356826876,0.9439667984843254
120,vowel,0.09336034269660738,0.9416294246912003,0.08095153387763206,0.9473461508750916,0.09075089960353788,0.9439496472477913,0.06805162974114212,0.9456467553973198
120,vowel,0.11922389738907714,0.9340135455131531,0.11360064136671777,0.9413537681102753,0.13942225899216817,0.9367393404245377,0.10972801305645093,0.9370199888944626
120,vowel,0.12087294606864567,0.9425003752112389,0.10161182005480707,0.9424358084797859,0.1347969299188819,0.9488044083118439,0.09075205489405344,0.955095186829567
120,vowel,0.07753119197214439,0.9311764091253281,0.09204983522612029,0.9441040530800819,0.09139703856976684,0.9403145238757133,0.06098670047627707,0.9431930743157864
120,vowel,0.11517907788059942,0.9453824236989021,0.09402675741644251,0.9493477940559387,0.12767045059075852,0.9453728049993515,0.0680509651096953,0.9476128220558167
121,vowel,0.10449362120909227,0.940279170870781,0.07979895650726532,0.9383006691932678,0.10160800065839976,0.9438884928822517,0.07922395472909138,0.9475883916020393
121,vowel,0.07922508655884747,0.9499308243393898,0.1082088382624216,0.9500249102711678,0.07371075369494752,0.9497567638754845,0.07006159956254969,0.946838915348053
121,vowel,0.07979806366863182,0.9418573752045631,0.09402673387488464,0.9407003670930862,0.06855162899209104,0.9340745359659195,0.06234163910916439,0.9441897980868816
121,vowel,0.07697826706265092,0.9463997036218643,0.10376882752112039,0.949615478515625,0.07318196378631217,0.9484913870692253,0.06419488572885935,0.9483342058956623
121,vowel,0.07006000294680581,0.9448896944522858,0.09270409786088761,0.9405271112918854,0.08271165200236828,0.9440053775906563,0.06513875564601189,0.9434912540018559
121,vowel,0.08271149627780894,0.9370662868022919,0.09948556643968465,0.9398823380470276,0.06905166476873568,0.9310540035367012,0.0627992508778188,0.9423320814967155
121,vowel,0.08634017438042851,0.9494032859802246,0.08390916028566335,0.9373105317354202,0.07108733717360327,0.9459143579006195,0.05835618667002044,0.9473707973957062
121,vowel,0.10376686584533674,0.9366569519042969,0.09948873962511057,0.9390574172139168,0.106711487183691,0.9395955353975296,0.06372584413165096,0.945449024438858
121,vowel,0.06855064315400584,0.9473148807883263,0.08947328802347038,0.9467471316456795,0.0618862726480086,0.9455622285604477,0.06905087233129971,0.9461362510919571
121,vowel,0.0821208102456649,0.9388715848326683,0.10018757142165072,0.9465500861406326,0.06658325874706394,0.9335812665522099,0.06854855738338378,0.9429371729493141
122,vowel,0.0566615005702987,0.9389382340013981,0.07317836486442673,0.9405040964484215,0.0481442100425035,0.9421673342585564,0.06658037121531461,0.9475780874490738
122,vowel,0.10670943168870713,0.9513785764575005,0.09948776113798745,0.9499295130372047,0.10160718459891309,0.9474630802869797,0.06609725222149275,0.9450972490012646
122,vowel,0.1285457457307653,0.9494345337152481,0.1030416350223076,0.9540809467434883,0.11203610692490214,0.9415069371461868,0.06466417354511582,0.9464615434408188
122,vowel,0.05835644439130514,0.9417682513594627,0.08947034709117015,0.9414128884673119,0.05666048512330068,0.9458500109612942,0.06188670789616957,0.9429474957287312
122,vowel,0.062340456868769836,0.9429459907114506,0.0775309132140268,0.9475080892443657,0.06143401428119247,0.9457380399107933,0.07006109308156122,0.9473626986145973
122,vowel,0.07371003425322079,0.9422992840409279,0.07424530614352641,0.9480157122015953,0.07006119771050942,0.9464637413620949,0.07478298701735725,0.9490762874484062
122,vowel,0.10304079416538002,0.9440543875098228,0.08330487265773394,0.9501082897186279,0.09402591012273111,0.9405030608177185,0.08450763854874901,0.9492859467864037
122,vowel,0.11438567417402683,0.9492003917694092,0.07317732408757478,0.9505535215139389,0.08511314565128367,0.9414434507489204,0.053018398332195356,0.9465204477310181
122,vowel,0.06009695760986581,0.9440556280314922,0.07642106350871251,0.9454519674181938,0.06280020939914431,0.9418501406908035,0.07478459025075639,0.9482323229312897
122,vowel,0.046040876926296506,0.9378654770553112,0.0646647576484252,0.9480685889720917,0.05301916191038772,0.944963276386261,0.07809263748471498,0.9476523622870445
128,vowel,0.07424455615935058,0.9476330131292343,0.07006252147633232,0.9455436542630196,0.06955381727194535,0.9447025507688522,0.05109220802697888,0.9480362199246883
128,vowel,0.0845056351663509,0.9459329023957253,0.08450873443642119,0.9448458924889565,0.097408151767416,0.9406728073954582,0.06609780848619126,0.9417368173599243
128,vowel,0.05921993032685074,0.9422637186944485,0.07108448069219468,0.9433002844452858,0.07641944408032694,0.9421888291835785,0.050339198354792176,0.9418065696954727
128,vowel,0.05666093369615014,0.9423253834247589,0.05460955470640096,0.9445668235421181,0.06466439022360884,0.940981887280941,0.0614347151554543,0.9475359059870243
128,vowel,0.05542182445102651,0.9409072436392307,0.056246428293862366,0.9389897361397743,0.07057177578042613,0.9389244690537453,0.05750397413519555,0.937123354524374
128,vowel,0.07532847906525739,0.9365378990769386,0.08212162772685051,0.9467088729143143,0.09270569805292218,0.9393840357661247,0.07317963947786624,0.9461999908089638
128,vowel,0.06234273471654755,0.9492160491645336,0.06755859029169374,0.9485367089509964,0.06419523438443278,0.9482909291982651,0.06009652460037132,0.9519702345132828
128,vowel,0.04814565257907851,0.9355386719107628,0.0477874041988947,0.9436630010604858,0.05708253783731623,0.9380995556712151,0.05381023565767393,0.9427893757820129
128,vowel,0.07979570432436821,0.9478685110807419,0.07006233760203097,0.9493342563509941,0.06372528666744065,0.9443799033761024,0.04923084605771227,0.9485573247075081
128,vowel,0.0690491698178911,0.9480428025126457,0.04886585422178434,0.9460668452084064,0.07317620566768465,0.9471096321940422,0.05792768046768902,0.9464342296123505
129,vowel,0.09536635636791804,0.9423657804727554,0.07370831443593794,0.9457336962223053,0.10232212272271808,0.942665807902813,0.07753068783971848,0.9449355006217957
129,vowel,0.059220496757139446,0.9404687583446503,0.05380786032310394,0.9453382752835751,0.08695910777342236,0.935441642999649,0.08511372223132664,0.947788916528225
129,vowel,0.08695712904541161,0.9343768358230591,0.08271049223847064,0.9519699066877365,0.09010964668007397,0.9371366426348686,0.08511706221520866,0.9389516487717628
129,vowel,0.07265215367298991,0.9415836408734322,0.06805278232837027,0.9494651407003403,0.0786572180335926,0.9430103152990341,0.07265084926858931,0.943933017551899
129,vowel,0.08036979484758171,0.9479371830821037,0.06755673478003989,0.9468476995825768,0.08153321103656265,0.9481561854481697,0.07922356515809294,0.9454110190272331
129,vowel,0.07865488416432168,0.9453692883253098,0.06513874049623855,0.9401618093252182,0.10376793877741558,0.9374882653355598,0.0833071021155533,0.9447031617164612
129,vowel,0.08450684592942491,0.9347589313983917,0.06854903749906052,0.9398331269621849,0.09204688015325656,0.935101330280304,0.07264931167340112,0.937755674123764
129,vowel,0.08572343073071631,0.9266240075230598,0.07752986444729634,0.939813919365406,0.10304074325323123,0.9315133988857269,0.09672090285723894,0.9453350454568863
129,vowel,0.07006181145072987,0.945719450712204,0.06561584949003321,0.9438449069857597,0.06658070333650709,0.9447329267859459,0.07317757736716538,0.943894274532795
129,vowel,0.06905054978825209,0.9390958547592163,0.0558322363044489,0.9419042244553566,0.0786564742969063,0.9423793777823448,0.07478333842970677,0.9442598521709442
129,vowel,0.08212060269708835,0.9279620945453644,0.07424131433851394,0.9406035915017128,0.1030419902228301,0.9380969628691673,0.07532445378911465,0.9413241073489189
130,vowel,0.05223949089066764,0.9385184496641159,0.05147027286091612,0.9457535482943058,0.05624610199945354,0.9409535303711891,0.05835666956134784,0.9425679370760918
130,vowel,0.056663666967713584,0.9221663065254688,0.08511416857786107,0.9459228366613388,0.07642359235649515,0.9365200847387314,0.05666307120546644,0.9361300282180309
130,vowel,0.06855047782669385,0.9346432238817215,0.05301791394715226,0.9429701156914234,0.07317850295791795,0.938289500772953,0.041160738833617934,0.9406599141657352
130,vowel,0.06280058285926574,0.9313553348183632,0.08153349631639373,0.9496404528617859,0.06009735273486808,0.9289462678134441,0.0656169293428209,0.94481535628438
130,vowel,0.06188864076750497,0.9322774708271027,0.08572545423047144,0.9499508142471313,0.06326397858780776,0.9338442794978619,0.06561692801754787,0.9421147257089615
130,vowel,0.09075152781021996,0.9422537684440613,0.04673277150463525,0.9445991516113281,0.06755787614243951,0.9443086162209511,0.0558336739310161,0.9407353028655052
130,vowel,0.06805163224008616,0.9453839585185051,0.04146804915055115,0.9498818702995777,0.057080671924799875,0.9500970207154751,0.050714435500954495,0.9477479793131351
130,vowel,0.04743550578492633,0.9369685687124729,0.08330625695561497,0.9493362307548523,0.0538103150467978,0.9339459240436554,0.061886847832020205,0.9444530121982098
130,vowel,0.03761373950821095,0.930358424782753,0.04085151561030332,0.9348706416785717,0.03905387571332928,0.9305469766259193,0.04435584826963388,0.9427695013582706
130,vowel,0.06561819531940127,0.9320020899176598,0.08390608096528412,0.9502709731459618,0.061888521415137863,0.9354435838758945,0.06658157987973817,0.9410504549741745
131,vowel,0.08153474534486205,0.9444141834974289,0.06326114578757099,0.9496648237109184,0.0821209060393392,0.9395515769720078,0.07587365044055924,0.9411999061703682
131,vowel,0.09205065375053692,0.937791645526886,0.07160286692165867,0.9531868249177933,0.08757922930041877,0.9419324994087219,0.0769744996447934,0.9432474076747894
131,vowel,0.09740573721439832,0.9331964179873466,0.06372595253718494,0.9354347921907902,0.08211934865468422,0.9275635406374931,0.058786656070219094,0.9327997826039791
131,vowel,0.06326316711440033,0.9310660809278488,0.08450662236175552,0.9468838274478912,0.07980110865199978,0.9294192865490913,0.08634074098486548,0.9412591308355331
131,vowel,0.16028943902151238,0.9521592706441879,0.052628410471027405,0.9490208476781845,0.12170308318338519,0.9440521895885468,0.08212038305753797,0.9463511481881142
131,vowel,0.07317866619175388,0.9231088384985924,0.06609648177717525,0.9482725635170937,0.08633863000755419,0.9327645823359489,0.0670668915575759,0.9444210231304169
131,vowel,0.07212711062077459,0.9373094290494919,0.07424399991449124,0.9508633390069008,0.07922647179308495,0.9377149567008018,0.07865603898356217,0.9487317353487015
131,vowel,0.09402632898327358,0.9421840533614159,0.06904833543605088,0.9382242187857628,0.12680398808856164,0.9489500746130943,0.07006144515749459,0.9378359392285347
131,vowel,0.061437452431986436,0.9329907707870007,0.07753168668460719,0.9466165602207184,0.07697906119432638,0.9306410327553749,0.09205045539621504,0.9415900036692619
131,vowel,0.10304122133248893,0.9455979838967323,0.05380884974100809,0.9458268396556377,0.10745340273903879,0.941831037402153,0.06609843955046797,0.9368254877626896
131,vowel,0.0646673167382066,0.9312619604170322,0.07922261398919414,0.9528623595833778,0.07318171639464335,0.9277670308947563,0.07865588116093362,0.9446335211396217
132,vowel,0.054612929502008585,0.921572033315897,0.0809497973393205,0.9435366168618202,0.0609890760882731,0.9239034578204155,0.07642180306901253,0.9253385215997696
132,vowel,0.04923146405834053,0.9384981021285057,0.07587385784591097,0.9451440647244453,0.07532824606484634,0.9386837407946587,0.08634102536228659,0.9439323917031288
132,vowel,0.08947285420445447,0.9430694356560707,0.09740685091059668,0.9417636394500732,0.09948811392454854,0.9449338838458061,0.1089637898440124,0.9435019120573997
132,vowel,0.07057516667930684,0.9379276484251022,0.07642317705213177,0.9485137537121773,0.07697671328588128,0.9389815554022789,0.06609720814642107,0.9401447810232639
132,vowel,0.053810576868740786,0.9443132355809212,0.0769762192337048,0.9516366720199585,0.061436464723523265,0.9376601651310921,0.07006234274989799,0.9409415572881699
132,vowel,0.06419694621449197,0.9275812320411205,0.08211958803497885,0.942586824297905,0.06466868350982002,0.9235054180026054,0.08883542039009006,0.9415419399738312
132,vowel,0.0510929170029491,0.9364099949598312,0.07697508964577424,0.9512357860803604,0.047084060283296765,0.9304315187036991,0.08695802638414467,0.9401231035590172
132,vowel,0.09740857798820778,0.9360931068658829,0.08946945439452374,0.9431627318263054,0.0888368152722303,0.9272510334849358,0.08883639225934678,0.9406422972679138
132,vowel,0.05624718518055359,0.9314022958278656,0.0747828548690527,0.947350986301899,0.051855065939137746,0.9331313371658325,0.06609727495433272,0.9369070343673229
132,vowel,0.08330937215000188,0.9366179257631302,0.07424568302055903,0.9441890567541122,0.07160775585399971,0.9300428479909897,0.07532647697155631,0.9378087669610977
133,vowel,0.08211999571793913,0.9450409635901451,0.08820707031835079,0.9461619108915329,0.09204740782324415,0.9444500505924225,0.062342669957275824,0.9440527036786079
133,vowel,0.08946889418651352,0.9376197308301926,0.09139571249936512,0.9471973702311516,0.08330597824541255,0.9368720725178719,0.07642062053686874,0.9459826499223709
133,vowel,0.09402580284474214,0.9373325631022453,0.08036869570506305,0.9450725838541985,0.10089460129198383,0.9461972713470459,0.08633885139998979,0.9429507404565811
133,vowel,0.07979344493835072,0.9453536346554756,0.06098585726951352,0.9476842805743217,0.07264927083857957,0.9451753720641136,0.061885277997314914,0.9507832378149033
133,vowel,0.06561560090564622,0.9510656520724297,0.06755929989133586,0.9421447217464447,0.0839043732380943,0.9470512121915817,0.06854808112637648,0.9481323212385178
133,vowel,0.08095116767742112,0.9480144903063774,0.08947047310922955,0.951614148914814,0.06955487476723354,0.9469569474458694,0.07317736939840272,0.9451050981879234
133,vowel,0.09809603452359972,0.9413275420665741,0.08883574144317426,0.9512327238917351,0.08695785989884988,0.9421004354953766,0.07587129383213864,0.9420161172747612
133,vowel,0.06372421406339379,0.9435391910374165,0.05878620263810926,0.9430726878345013,0.056244776288461446,0.9393141083419323,0.05666174448210481,0.9449348412454128
133,vowel,0.07809078730820931,0.9427969232201576,0.07006105994750653,0.9443821087479591,0.1001887283450339,0.9418056458234787,0.0731767689144909,0.9502529427409172
133,vowel,0.11678420995463117,0.932944618165493,0.08511212627804181,0.9506871402263641,0.1311950728406685,0.94424157589674,0.0927042511091042,0.9482925310730934
134,vowel,0.08330780448342993,0.9330702498555183,0.08153195207983399,0.949434369802475,0.09270384309255987,0.9407511949539185,0.0839040897569989,0.946013867855072
134,vowel,0.09074929939243932,0.9294693619012833,0.06279811252384226,0.9457609318196774,0.09809419517924962,0.9413588643074036,0.06234170232594797,0.9402602426707745
134,vowel,0.06372507568014972,0.9436215460300446,0.062340275521028186,0.9485837332904339,0.05666179821697958,0.9369054958224297,0.05835492007186845,0.9455583654344082
134,vowel,0.0875797796930164,0.937238946557045,0.08572194574681673,0.9490792527794838,0.11359898255931639,0.9410470575094223,0.07697413987501657,0.943607822060585
134,vowel,0.1030425068447707,0.9380642771720886,0.08883344184698738,0.9483070895075798,0.08820636850246141,0.9337206035852432,0.0981002231467476,0.9408981129527092
134,vowel,0.07697714071671813,0.9271903783082962,0.07532522736411347,0.9487526342272758,0.09879247255375624,0.9357458204030991,0.0792270512492903,0.9442014321684837
134,vowel,0.09809739090452164,0.9405645877122879,0.0815322228712111,0.9421138912439346,0.11840496018719733,0.9335947781801224,0.08153329799995543,0.9473914131522179
134,vowel,0.10670795582720839,0.9427872002124786,0.08037045760655664,0.950069785118103,0.1104889487789821,0.9469004571437836,0.07317909747145694,0.9429016411304474
134,vowel,0.07809364551064005,0.9369912296533585,0.09402468472080082,0.9439104646444321,0.08450839245257863,0.9321913346648216,0.0827102754544087,0.9474663063883781
134,vowel,0.08633953889574456,0.9383567944169044,0.07979445406087515,0.9536384493112564,0.09336353503176913,0.9419473186135292,0.06706840561956685,0.9474318847060204
135,vowel,0.15923702329071807,0.9422034174203873,0.08883369801467297,0.9497387185692787,0.14708141409514253,0.9398144334554672,0.07370881565013224,0.9454403966665268
135,vowel,0.09740769041276248,0.9317456856369972,0.07587099199496833,0.9425782337784767,0.10972311578091865,0.9365815296769142,0.06805240248278303,0.9372760057449341
135,vowel,0.08095274819823763,0.9315655007958412,0.10160527042431436,0.9467915669083595,0.08153393864981179,0.9351098835468292,0.059220901980271544,0.9417331926524639
135,vowel,0.1338825577669237,0.9309969246387482,0.08330253538242674,0.9446725770831108,0.1789746717304496,0.9343872368335724,0.07317732392107344,0.9429692924022675
135,vowel,0.07697718164503556,0.9475475177168846,0.0920491401470811,0.950184777379036,0.0742456644782461,0.9456483870744705,0.06372584513507246,0.9477153122425079
135,vowel,0.08572828263901389,0.9374524280428886,0.08572276877565199,0.9471368938684464,0.07979902449504898,0.9326850697398186,0.07424338292011734,0.9464481621980667
135,vowel,0.09604230859001446,0.9359824433922768,0.07587037136917489,0.9406026676297188,0.07866022986965251,0.9261079654097557,0.06280042550701348,0.9441432170569897
135,vowel,0.11126064903743939,0.9365579634904861,0.0946954104369188,0.9381601065397263,0.1074593278776568,0.9340157136321068,0.07006359775697422,0.9418733641505241
135,vowel,0.09204972394888061,0.9318317323923111,0.08633580475199741,0.9475127458572388,0.08820949814088565,0.9324566572904587,0.0827131471443458,0.9459788426756859
135,vowel,0.09671976828398146,0.9413314238190651,0.07478206205210576,0.9433585703372955,0.09948907162837485,0.9357580691576004,0.06658277634888485,0.9433644115924835
136,vowel,0.08390397598818658,0.9496297985315323,0.08695780516509734,0.9504752606153488,0.0913957274389298,0.9464473128318787,0.06053959038120325,0.9473516084253788
136,vowel,0.06756020675222063,0.9391072988510132,0.06755911729422785,0.9452705755829811,0.05224054016219049,0.9313015341758728,0.03964515795900112,0.9395892657339573
136,vowel,0.10745507596196273,0.9437474682927132,0.08094998968555789,0.9461376145482063,0.11281293542482056,0.9428491145372391,0.06658070148099678,0.9424013420939445
136,vowel,0.06854829002395638,0.9387577697634697,0.05583151985640607,0.9435313604772091,0.05750362091986575,0.9360650405287743,0.05542241965527072,0.9445820711553097
136,vowel,0.07809067035593112,0.9365534111857414,0.07478228551420912,0.9427534863352776,0.08450627127369112,0.9381769597530365,0.08271339687087267,0.943671815097332
136,vowel,0.05262694958446364,0.9402503818273544,0.06188543491985012,0.9441926144063473,0.057928350774948886,0.9393721632659435,0.04778885489855004,0.9434696398675442
136,vowel,0.09139865266986133,0.9391595274209976,0.08450608861226219,0.9485149756073952,0.10522757817484035,0.9388769641518593,0.0726493765500882,0.9445346668362617
136,vowel,0.08633871863113375,0.9471630305051804,0.09205085781327701,0.9422749280929565,0.08450676127848424,0.9418366476893425,0.07478395315355853,0.948991596698761
136,vowel,0.09809574626837787,0.9410054609179497,0.08390435374426444,0.9486753791570663,0.10820703871308329,0.9409367889165878,0.0680540629749043,0.9476450085639954
136,vowel,0.07979672959643981,0.9401183351874352,0.0974069501140924,0.94973224401474,0.10449447096503305,0.9451262801885605,0.06905064630332097,0.9436294808983803
137,vowel,0.10522899384565952,0.9444723948836327,0.06904896511481565,0.9480408653616905,0.07922493106846072,0.9396064430475235,0.05750259208139099,0.948567621409893
137,vowel,0.07752989028745669,0.9457845538854599,0.07587027491857083,0.9467115104198456,0.05878740221582232,0.9442040957510471,0.06658094960365071,0.946044847369194
137,vowel,0.08212168548119252,0.9410604164004326,0.07753121659016074,0.9469374045729637,0.07006110616495831,0.9377762451767921,0.07753243362964936,0.9451552331447601
137,vowel,0.07212365492318139,0.9438352510333061,0.06904901829144014,0.9468125253915787,0.06279958386565347,0.9446296617388725,0.047788788379013,0.9430242031812668
137,vowel,0.10232006628367299,0.9329960197210312,0.0737069735862177,0.9409962221980095,0.10376515998989692,0.9349212348461151,0.07370904778034319,0.9427932426333427
137,vowel,0.1016056258250741,0.9456836357712746,0.07753051801308207,0.948339655995369,0.09809378317104346,0.9446273818612099,0.07809089943992784,0.9479693174362183
137,vowel,0.12767260545652948,0.9470536932349205,0.08633834871858385,0.9505652189254761,0.08947381885925858,0.9426254257559776,0.05708142475718278,0.9455525800585747
137,vowel,0.10303852839428042,0.9445285946130753,0.055013356599112315,0.9454494975507259,0.08211832392152815,0.9471030756831169,0.06955299924791865,0.9502647742629051
137,vowel,0.09672045930198263,0.9479442983865738,0.06372404056345186,0.9469710662961006,0.0894696528017071,0.9431732147932053,0.07532434968484569,0.9468021392822266
137,vowel,0.0522402945873644,0.9463459737598896,0.06326058178343807,0.9520992413163185,0.04743393710028697,0.9458296373486519,0.04570009951294015,0.9481046944856644
138,vowel,0.08695897635984436,0.9283792302012444,0.08211916544747148,0.9425717145204544,0.07753396062493802,0.9379478916525841,0.0742429599657501,0.9450456872582436
138,vowel,0.09948738390341827,0.9301918148994446,0.07808965494037336,0.9439478889107704,0.09402511862585869,0.9335018545389175,0.0845068069505887,0.9435830488801003
138,vowel,0.07865900865346798,0.9304056763648987,0.08330590985379877,0.9476670995354652,0.0775342377747014,0.925684280693531,0.0764215007860585,0.946427047252655
138,vowel,0.09740740750152195,0.9294777438044548,0.06805031328465312,0.9434154331684113,0.0863376497929489,0.9359305799007416,0.06706675689917042,0.9500002935528755
138,vowel,0.06561713546956391,0.9334026351571083,0.07752838807041844,0.9474348723888397,0.10089807266810318,0.936419777572155,0.07370924376425235,0.9409511685371399
138,vowel,0.08095047331373642,0.9373069182038307,0.07056985911837861,0.9424697086215019,0.08633775363071554,0.9362363219261169,0.06904987156315595,0.9471367225050926
138,vowel,0.06706737072121367,0.946653425693512,0.07212448284631728,0.9455273449420929,0.07809327733584394,0.9464544057846069,0.06466487948473615,0.9417403936386108
138,vowel,0.08450741259177277,0.9382485747337341,0.05921871857534539,0.9410895220935345,0.08450676941361679,0.9410729557275772,0.0675577895310262,0.9455820694565773
138,vowel,0.08572663046854995,0.9354490339756012,0.09204778455382012,0.9494446292519569,0.09672422415684638,0.9374454617500305,0.07108574050961346,0.9448992311954498
138,vowel,0.07809388115397896,0.9350482374429703,0.08036904894065626,0.9402489960193634,0.09604232160319365,0.9382269009947777,0.07317683392461587,0.9412610232830048
139,vowel,0.11126012782451405,0.9305451735854149,0.05301775774146961,0.9394106715917587,0.10745444680455576,0.9259047210216522,0.07979514744592239,0.9434921815991402
139,vowel,0.07532610799752086,0.9481360092759132,0.07370807068985395,0.9514506012201309,0.10089764781824974,0.9390102177858353,0.0656162686639677,0.9418340213596821
139,vowel,0.09603994413600775,0.9306678920984268,0.0780901376292444,0.9449658989906311,0.09336100375573418,0.9326468035578728,0.06955401060096322,0.9347187578678131
139,vowel,0.07212315945071004,0.9499921202659607,0.056661329890813225,0.9451493173837662,0.0753260035421452,0.9316670373082161,0.07160521968791853,0.9468421190977097
139,vowel,0.055832166718512106,0.939416229724884,0.05583252543943897,0.945408821105957,0.0495978040279921,0.9398228451609612,0.05666332200998125,0.942472904920578
140,vowel,0.08212025451731031,0.9397461116313934,0.07212398891890251,0.9483248442411423,0.08212037844879604,0.9373334273695946,0.06372651713772627,0.9388175047934055
140,vowel,0.09740799655990641,0.9431526064872742,0.07264906995334042,0.944270059466362,0.08271025076033668,0.9462708607316017,0.06805108756531139,0.9409166499972343
140,vowel,0.08883415214400109,0.9453073367476463,0.07478221874826604,0.9473489820957184,0.09948542615171035,0.9495023116469383,0.07264934197604282,0.9473453387618065
140,vowel,0.06657895573548807,0.9436686560511589,0.07264767264583118,0.9467427358031273,0.08037041152305921,0.9409007951617241,0.06755762596964382,0.9485888481140137
140,vowel,0.04536141435058572,0.9282101653516293,0.07865591868373013,0.9508151188492775,0.07865519679055641,0.9340109899640083,0.06419426044046611,0.940220307558775
140,vowel,0.11922231627976138,0.9407071396708488,0.0913976992997996,0.9454612284898758,0.10376588481911504,0.93781578540802,0.06280095202161456,0.9426051676273346
140,vowel,0.11759344273148852,0.9448596686124802,0.08153494654237407,0.947607010602951,0.1311933275767642,0.9430711269378662,0.06805256522458897,0.9455410242080688
140,vowel,0.1413001430982014,0.943097859621048,0.08094846013227518,0.948350302875042,0.09672169725433624,0.9406130537390709,0.08572559653756791,0.9438709616661072
140,vowel,0.07642322342314212,0.9375762417912483,0.07317833714835585,0.9431191384792328,0.07424526541100977,0.9397142007946968,0.06706707793184105,0.9466087892651558
140,vowel,0.0882038439920606,0.9361607208848,0.07809029860549017,0.9433880671858788,0.10160426918541474,0.9436893835663795,0.09075113672443952,0.946807511150837
141,vowel,0.09139850074270789,0.9435282275080681,0.07979542524359831,0.9440362378954887,0.1001900381211207,0.9384353309869766,0.07587327165874214,0.9434851482510567
141,vowel,0.08572281386108124,0.9427287727594376,0.07587130799053629,0.9505054503679276,0.0888354185805666,0.9422779977321625,0.07642197614285182,0.9451929479837418
141,vowel,0.07370897876246525,0.9392901510000229,0.06372524279975358,0.9411602430045605,0.06009654412301602,0.9379421919584274,0.07865752347022971,0.9372942671179771
141,vowel,0.06372561599690428,0.9450645968317986,0.07160212334088475,0.9498438537120819,0.06372517627276872,0.9387917779386044,0.06755670111833513,0.9450820460915565
141,vowel,0.06561639195263477,0.9399020001292229,0.07006039387199196,0.950262613594532,0.07160311312584731,0.9404937624931335,0.07212519021843229,0.9464618265628815
141,vowel,0.05792907654642909,0.9317223019897938,0.08390397226481992,0.95091662555933,0.06514062979510057,0.9225738048553467,0.062342453045972454,0.9355779699981213
141,vowel,0.0680572821278225,0.9306088760495186,0.08511575788670225,0.9514933004975319,0.07532714716179031,0.9347277954220772,0.08153585058692574,0.9396827146410942
141,vowel,0.0960410181021108,0.9430835470557213,0.08037136797221703,0.9498561918735504,0.08757710115508557,0.93973758071661,0.0742445883662675,0.9427786841988564
141,vowel,0.07317781662206115,0.9393099322915077,0.08390414732474273,0.9504977315664291,0.07160369929666086,0.9383425712585449,0.07809522801921415,0.93732800334692
141,vowel,0.08695726366531353,0.9421043246984482,0.0747818699829847,0.9482107236981392,0.09270445004220078,0.9383355677127838,0.07979715420923404,0.9377947002649307
141,vowel,0.07753120085755048,0.935758151113987,0.07809244726122358,0.9461558237671852,0.09604277030923256,0.940745122730732,0.0775332706054583,0.9415557757019997
142,vowel,0.0764188949381146,0.9463597759604454,0.06143365105926371,0.9517116248607635,0.06233983452879449,0.9450343176722527,0.04305022125650304,0.9460333436727524
142,vowel,0.10232425856117576,0.9336484298110008,0.07586966755065969,0.9507989063858986,0.1184050190079395,0.9416237995028496,0.06904972242347873,0.9452963471412659
142,vowel,0.049597294852510125,0.9468454346060753,0.05666264743500327,0.9491313472390175,0.04638642081853321,0.9438239224255085,0.06053997836486514,0.9495825581252575
142,vowel,0.08212042830214264,0.9437056481838226,0.06188711185623912,0.9472075961530209,0.0665790366636826,0.9458098337054253,0.06054111979797292,0.9471653513610363
142,vowel,0.07865646989590848,0.9420564249157906,0.08330479878847974,0.9464519396424294,0.07424534092488216,0.9399153515696526,0.06905121524490325,0.9458189681172371
142,vowel,0.0851152772470337,0.9444695115089417,0.0803704308827788,0.9526613354682922,0.09740878054095455,0.9397149980068207,0.08095210090521392,0.9429835006594658
142,vowel,0.11759148347870713,0.9417452439665794,0.06326227254064239,0.9485011547803879,0.09740576227832101,0.9422392249107361,0.05501478390462964,0.9458277337253094
142,vowel,0.0775321482167596,0.9464337229728699,0.05792877991708016,0.9440312720835209,0.08572499209414279,0.9475308135151863,0.048146330599403875,0.9438324831426144
142,vowel,0.09604165547633488,0.94251299649477,0.07006085450340753,0.948988102376461,0.09740706648581146,0.942041352391243,0.07371073912336486,0.9413385167717934
142,vowel,0.08695845338568398,0.9395814463496208,0.07317782001324424,0.9540888071060181,0.085724931357373,0.9401391297578812,0.07478437550947559,0.9444390386343002
143,vowel,0.08572301631936287,0.9409585297107697,0.08153332977233034,0.9436345621943474,0.08330367858090726,0.9396137446165085,0.06658039695870295,0.9447978138923645
143,vowel,0.1303045129280639,0.9292811900377274,0.10304094664013698,0.945871077477932,0.15509880533883988,0.9353886395692825,0.09948654966859694,0.9389164000749588
143,vowel,0.0940256106862273,0.9309355393052101,0.0742429262663839,0.9436327293515205,0.0875778850678953,0.9350418597459793,0.07979684397760485,0.94298305362463
143,vowel,0.09010783206666631,0.9311021342873573,0.07424388713612151,0.9459665641188622,0.09809570601215177,0.9329919070005417,0.08153330809349833,0.941328726708889
143,vowel,0.09075132144435535,0.9361786246299744,0.08695587649893909,0.9479918479919434,0.11517934033715516,0.9379192963242531,0.08390492695571627,0.9372484236955643
143,vowel,0.08153367552122757,0.9293855428695679,0.0803682882516105,0.9452968090772629,0.07697471078448427,0.930110938847065,0.10018920515287019,0.9444844797253609
143,vowel,0.10089681268109037,0.9282137900590897,0.08271268621320352,0.9407886043190956,0.14905859245898903,0.9359949976205826,0.079798165121921,0.9382894337177277
143,vowel,0.07424479086932448,0.94237320125103,0.08757991700698657,0.9431626424193382,0.10089448620930971,0.9403492882847786,0.06280043786358552,0.9428698569536209
143,vowel,0.07587376724426825,0.9277701079845428,0.06755551197420699,0.9383999928832054,0.1037657977745728,0.9390308856964111,0.07809202077545979,0.923192635178566
143,vowel,0.06854730140731116,0.9375461265444756,0.056662067400848254,0.9394375160336494,0.07532543498326928,0.9291199669241905,0.053809254847394725,0.9375963434576988
144,vowel,0.10449478609888972,0.9402935728430748,0.10160787971321206,0.9524865970015526,0.11840322478666358,0.941213384270668,0.07587310378971546,0.9434216395020485
144,vowel,0.09878890686069776,0.9398526847362518,0.09205181106448392,0.9472514167428017,0.08820351681045636,0.9466581121087074,0.07532482270996556,0.9516995921730995
144,vowel,0.07424496950542232,0.9299220517277718,0.07642166604434518,0.9462314769625664,0.10232194504451642,0.9402046203613281,0.08211968086660172,0.9472360387444496
144,vowel,0.06279960742693054,0.9400527477264404,0.09604100264237825,0.9452271535992622,0.05921994561432915,0.9420327991247177,0.06657925343206689,0.9448254555463791
144,vowel,0.10670713467374333,0.9392082914710045,0.09139842552807799,0.9487891718745232,0.10376473310646357,0.9396295174956322,0.07809259990060897,0.9446308016777039
144,vowel,0.05835581050520238,0.9393524639308453,0.07108599161911784,0.9439203143119812,0.06657998220232676,0.9378477334976196,0.09536369245922027,0.9492263570427895
144,vowel,0.0913972253236122,0.9421082958579063,0.07865620785984936,0.9478826820850372,0.0700616506244279,0.9389619156718254,0.09604161695216075,0.9443164095282555
144,vowel,0.07264900646921194,0.9405738487839699,0.07317699088271684,0.9463999941945076,0.09075058654814018,0.9438287690281868,0.07478230400189378,0.9479039385914803
144,vowel,0.07979549955509084,0.9386126548051834,0.07212533740243228,0.9395733699202538,0.07264941335386138,0.9348968639969826,0.05708245843507424,0.9350018501281738
144,vowel,0.1067077076043452,0.9382746815681458,0.08757894261834026,0.9410553351044655,0.11922017528279823,0.9437568187713623,0.0821209026261844,0.947551466524601
145,vowel,0.11203424802956662,0.9456052929162979,0.09139601129426933,0.9483827501535416,0.10231993290277831,0.9487628117203712,0.0651398342890325,0.9421844147145748
145,vowel,0.11597816125683766,0.9478310197591782,0.09604175350227742,0.9497833549976349,0.08271092591719323,0.9444842413067818,0.06855050812140767,0.9465343058109283
145,vowel,0.07317841867692076,0.9406339302659035,0.08633739782946692,0.9468831643462181,0.07642322804671124,0.9445286616683006,0.06609745571995339,0.9471690282225609
145,vowel,0.10089493201109677,0.9351387694478035,0.1052283692404305,0.9460574239492416,0.09672073338234484,0.9463304132223129,0.06561637377546907,0.9429606646299362
145,vowel,0.08450699727271652,0.9373897835612297,0.08946813268041917,0.9424790591001511,0.08095135007959499,0.9427443891763687,0.07587122392127724,0.9455278441309929
4,vowel,0.08757779246191441,0.9402050450444221,0.08094746305226262,0.9460930526256561,0.07979645330685411,0.9343414381146431,0.09469318100473856,0.9440790414810181
4,vowel,0.09740613608114747,0.9358127564191818,0.0695520648445059,0.951342336833477,0.09878927103181556,0.9416584447026253,0.08271242518719059,0.9475967958569527
4,vowel,0.06053907851100281,0.9401255287230015,0.06188557946758981,0.9450365900993347,0.06466395626059275,0.9327829256653786,0.07922347046262702,0.9415902495384216
4,vowel,0.09011062723231998,0.9246283918619156,0.07922319280912977,0.9510866850614548,0.08450855991234768,0.9327035695314407,0.0815365418249308,0.9425681158900261
4,vowel,0.08390613959561422,0.9294305443763733,0.07808976207361737,0.9468243643641472,0.08212274763353114,0.930204801261425,0.07642121245505018,0.9402053579688072
4,vowel,0.07532466752628628,0.9327987059950829,0.07532410235058694,0.9419114962220192,0.07108573476713444,0.9257917031645775,0.06326232673865304,0.9329500943422318
4,vowel,0.09402665397748328,0.9299244210124016,0.07057052841704864,0.9499070718884468,0.12087126421706477,0.9444941878318787,0.06609829995133557,0.9439625106751919
4,vowel,0.08633931064123343,0.9338441044092178,0.07641968737545571,0.9457227736711502,0.09809807638150508,0.9386354088783264,0.08450876766563642,0.9433137699961662
4,vowel,0.09672312193951763,0.9343057721853256,0.06513730537724807,0.9539563730359077,0.10019230888647189,0.9299617633223534,0.07478407700707909,0.9501665309071541
4,vowel,0.08095467845219607,0.9268496483564377,0.060096504238016525,0.9468239024281502,0.09469759448491798,0.9275572746992111,0.07265336176853117,0.9317930489778519
4,vowel,0.10160521502216606,0.9367786794900894,0.0641922524304836,0.9411832429468632,0.12508465832712912,0.9340567365288734,0.12004663960331961,0.9378584176301956
4,vowel,0.07478336567968626,0.9267009198665619,0.07586940204379401,0.9510858431458473,0.11438975764085972,0.9301374927163124,0.09672224536538815,0.944597065448761
4,vowel,0.09010774651057332,0.9355720728635788,0.0726472291305864,0.951734185218811,0.08695658282918871,0.9318403601646423,0.07865625370511374,0.9436844661831856
6,vowel,0.11203482329785171,0.9358893632888794,0.08572586382216184,0.9498808309435844,0.09878812946146188,0.9403238371014595,0.06372884064002393,0.9371755793690681
6,vowel,0.09948556391017252,0.9438880607485771,0.07532569513916734,0.948961578309536,0.1112595761461597,0.9406049624085426,0.058788834073710085,0.9460835121572018
6,vowel,0.08450866804692667,0.9410223662853241,0.08211900828585009,0.9442106336355209,0.07753121098308498,0.9288063123822212,0.0646656340544674,0.9435920603573322
6,vowel,0.09336225142613361,0.943455696105957,0.07212478996286074,0.9428392425179482,0.10232256320661458,0.9421742558479309,0.06805231303113414,0.9461827054619789
6,vowel,0.09402698917739472,0.9385548010468483,0.09740859268530686,0.9476460069417953,0.10304225471467889,0.9367110505700111,0.05583346794137801,0.9400079734623432
6,vowel,0.09604171493018707,0.9403280913829803,0.08450706784415549,0.943943552672863,0.10671011611922261,0.9367145150899887,0.0775308288936936,0.9434940367937088
6,vowel,0.08757718718545027,0.9340629577636719,0.07979484280479011,0.9431516155600548,0.10896192448845168,0.9354969337582588,0.07809168834959708,0.9448732882738113
6,vowel,0.0827096656623063,0.9303734600543976,0.05965518721171804,0.9452175535261631,0.09402381035170232,0.9335803762078285,0.07922262057362325,0.93985965102911
6,vowel,0.11203582495183045,0.9389364197850227,0.07212377672711866,0.941101610660553,0.11048944014524584,0.9401490837335587,0.07160403795490215,0.946716234087944
6,vowel,0.11517968656500614,0.940590426325798,0.07697340183747053,0.9407280460000038,0.09469240878416715,0.9331679716706276,0.07809024931892723,0.9437853768467903
6,vowel,0.1052244454689187,0.9267162755131721,0.07160184203979114,0.9430224671959877,0.11125534763313964,0.9338351935148239,0.06372493189916142,0.9485714621841908
7,vowel,0.07532523509826324,0.9330167025327682,0.08633675699270976,0.9440250545740128,0.0863377001085169,0.928359217941761,0.06706805552778834,0.9285986013710499
7,vowel,0.09604173261953643,0.9404636770486832,0.0786553354237177,0.9489476680755615,0.1104884589532679,0.9430710151791573,0.06854947922018946,0.9461466893553734
7,vowel,0.06280216936122555,0.9308720342814922,0.08330689437395088,0.9515817537903786,0.08390479246199635,0.9412934333086014,0.07424730060850647,0.9420739188790321
7,vowel,0.090750630236513,0.9391221255064011,0.06854685465082101,0.9461132436990738,0.09402725199541137,0.9374291300773621,0.07108670243158635,0.941949151456356
7,vowel,0.07532619799642139,0.942627914249897,0.08511327403543059,0.949323445558548,0.06658180177156317,0.9413688108325005,0.07370990401829108,0.9440476074814796
7,vowel,0.09204742052456129,0.943710021674633,0.07922355607588616,0.9518483206629753,0.11281315101106162,0.9432433098554611,0.08037331092336222,0.9422788545489311
7,vowel,0.05792786892993411,0.9486337378621101,0.06706790584380941,0.9478320926427841,0.07424315546341617,0.9471419975161552,0.07108583339585609,0.9440746009349823
7,vowel,0.10596395520026451,0.9443916529417038,0.09809331090761685,0.9513024389743805,0.10972285598964653,0.9405041635036469,0.06280164556304144,0.9413232691586018
7,vowel,0.04959530141842301,0.9331048466265202,0.05501375809871569,0.9444659352302551,0.04996389357615488,0.9333971664309502,0.07697407158053048,0.9391172528266907
7,vowel,0.10304018703794096,0.9409349635243416,0.08094942073931864,0.9455453604459763,0.08572281893689093,0.933386854827404,0.07006339848257337,0.9378520101308823
7,vowel,0.11597820057560547,0.9480873420834541,0.08572100280125518,0.9519961848855019,0.09879058129044063,0.9444688484072685,0.06905033487121862,0.9456494301557541
7,vowel,0.08211861068659954,0.9401330128312111,0.07108438970703966,0.9503491297364235,0.10303754984096336,0.9451819136738777,0.06188730817002423,0.9412864856421947
7,vowel,0.10232080930409873,0.9452869743108749,0.06955140089427378,0.9508760049939156,0.10160674477182305,0.943249523639679,0.06280044820845622,0.948908306658268
8,vowel,0.1052279988452722,0.9432623609900475,0.07586859149680697,0.9516918063163757,0.09536417701481793,0.9436085298657417,0.07108465073096856,0.9445202499628067
8,vowel,0.0901069710517168,0.9406798630952835,0.07057070259185233,0.9476699978113174,0.10376546566443319,0.9406248107552528,0.06561916575479325,0.9430793896317482
8,vowel,0.10304055425838601,0.938379742205143,0.07478125069223616,0.9511240348219872,0.08330617783289426,0.9415400922298431,0.07057034875892278,0.9499072730541229
8,vowel,0.10449008214636776,0.9423542395234108,0.07108397057313097,0.9473014026880264,0.07752805384246782,0.9367190003395081,0.0592192346101548,0.9435127936303616
8,vowel,0.08633593795011789,0.942556768655777,0.08211896474315147,0.9529810100793839,0.08946917822053126,0.9440806731581688,0.06143427685758422,0.94648227840662
8,vowel,0.09469568702122098,0.9380125179886818,0.07160269002694127,0.9427332654595375,0.10523120774877721,0.9343868866562843,0.06955528025139457,0.9428539723157883
8,vowel,0.09010817010409203,0.9467089623212814,0.07212535624543337,0.9486032351851463,0.09672140571143634,0.9377492442727089,0.07265054262645732,0.9452699944376945
8,vowel,0.10745511145802866,0.9458796754479408,0.07865479004045739,0.9533755406737328,0.08947063987641508,0.947621300816536,0.07809043531380255,0.9504907131195068
8,vowel,0.11203117692264038,0.949711799621582,0.09402451542234957,0.9516798257827759,0.10376261990029599,0.9459004923701286,0.057927518785063255,0.9473747611045837
8,vowel,0.05792540681320736,0.9370776675641537,0.06658019982269157,0.9401506707072258,0.06143236365656468,0.9371276348829269,0.07979351685249278,0.9390493407845497
8,vowel,0.09336051861432722,0.93914645165205,0.08633665156766686,0.9492362067103386,0.10160567464097867,0.9438958019018173,0.060098497435081895,0.9426789581775665
8,vowel,0.13030798276549968,0.9457793682813644,0.09074903890479985,0.9475926905870438,0.10089588270236287,0.9407605081796646,0.12680831572161294,0.9434766545891762
9,vowel,0.07979577252757766,0.9378140196204185,0.06854763143509024,0.9453475475311279,0.07697307480806415,0.9386279210448265,0.0809508761201588,0.9423903152346611
9,vowel,0.0901069391066578,0.9370334967970848,0.08633708751235768,0.9462283849716187,0.09536575061277588,0.9412956535816193,0.09672213498143929,0.9377558082342148
9,vowel,0.09536410654232395,0.9377280846238136,0.07697217379853133,0.9491761922836304,0.09139848566392639,0.9391949102282524,0.06514017178078478,0.9431853704154491
9,vowel,0.08883527287864632,0.9361969828605652,0.07979560195832378,0.9404913783073425,0.08757887247224959,0.937107689678669,0.09075214895021445,0.9411579594016075
9,vowel,0.051472120960589285,0.9310984835028648,0.07370894688764931,0.9419462606310844,0.052239962527138945,0.9315500110387802,0.07922425010314958,0.9359095543622971
9,vowel,0.06755912563612206,0.9375578612089157,0.08511337838473036,0.9471502229571342,0.0780930301655294,0.9344213977456093,0.07979667507405143,0.9380252584815025
9,vowel,0.12254459273630207,0.9420406296849251,0.10671015722204318,0.9529424458742142,0.10019081179912605,0.942224882543087,0.09075456423845635,0.9461727812886238
9,vowel,0.10745489217824099,0.9387151598930359,0.07532759078028486,0.9419550150632858,0.10820623061504131,0.9359192326664925,0.09011090140536404,0.9419294223189354
9,vowel,0.1104864560488181,0.9388278797268867,0.07865767639265933,0.9413721039891243,0.12253949257487455,0.9359190687537193,0.10304057028438134,0.9430721923708916
9,vowel,0.10449547918608594,0.9432030990719795,0.08212119655643073,0.9429125785827637,0.09011015179141661,0.9339107200503349,0.07212471604380237,0.9462006017565727
9,vowel,0.074243441912646,0.9342247694730759,0.08094858845201097,0.9493417367339134,0.09204639712338611,0.9374804794788361,0.0851150299729145,0.946233905851841
9,vowel,0.10896499023654588,0.9284519627690315,0.08883388639102459,0.9496982917189598,0.12338422019659502,0.9337977916002274,0.08271076568329803,0.9470834359526634
10,vowel,0.13208412238644854,0.9290190860629082,0.07056954173198073,0.9432452991604805,0.11438565684473372,0.9371837303042412,0.08330481952253449,0.9388875216245651
10,vowel,0.11281512722705563,0.9404043331742287,0.08450808875556295,0.9461120069026947,0.09205187899396049,0.9420220628380775,0.0827130069234925,0.9469650834798813
10,vowel,0.1082050490220075,0.9457711279392242,0.07057073636935297,0.9483221098780632,0.11281501024582358,0.9457355290651321,0.08330574141612447,0.9481601119041443
10,vowel,0.05878765379538886,0.9339179322123528,0.07979360347302976,0.9454675391316414,0.07922347070077804,0.9411725923418999,0.086956111928711,0.9384868815541267
10,vowel,0.08820246632874924,0.9252634197473526,0.07370741977456582,0.9422075673937798,0.12004285110088522,0.9353140145540237,0.09075014144709843,0.9388250559568405
10,vowel,0.1089628123958004,0.9486247226595879,0.07160423777409883,0.9480569064617157,0.1294232824894013,0.9409730061888695,0.08212150649716214,0.9416960999369621
10,vowel,0.12767383844577385,0.931681826710701,0.08211731089862956,0.9436912089586258,0.11518033457065341,0.9314274415373802,0.07922571848722271,0.9381740540266037
10,vowel,0.08211923922359819,0.930435799062252,0.07752899444641806,0.9446176737546921,0.10972159997912648,0.9298212751746178,0.09603996998397168,0.9476372674107552
10,vowel,0.11203585289549174,0.9268548786640167,0.07317552067262534,0.9499217495322227,0.11048996395299368,0.932358905673027,0.09469335072384864,0.9425228461623192
10,vowel,0.08946854535817987,0.9331657066941261,0.06657918654483602,0.9408666267991066,0.10896137483104028,0.9369706213474274,0.08330508763452617,0.9459970891475677
10,vowel,0.09010870274636938,0.9399309381842613,0.07809387502803306,0.9470462128520012,0.09604336541451795,0.9446945413947105,0.0827133813819739,0.9454919993877411
11,vowel,0.055012390541583064,0.9325371757149696,0.055012839029622895,0.9375399351119995,0.05501278365672021,0.9297259524464607,0.07160191652046433,0.9350955709815025
11,vowel,0.07370919934337905,0.9349156990647316,0.07809001532067675,0.9429766461253166,0.09270558784813321,0.9335917308926582,0.09010844417065256,0.9398354887962341
11,vowel,0.07006521337943294,0.9285095483064651,0.09604325535554532,0.9492451027035713,0.09403075310380257,0.9287974834442139,0.088838012922718,0.9432863220572472
11,vowel,0.08695649110033776,0.933245837688446,0.07317582733680415,0.9442499950528145,0.08330550422167488,0.9375799298286438,0.07212391020566873,0.9433877095580101
11,vowel,0.10018723613809118,0.9427537173032761,0.08511257882382217,0.9503804296255112,0.10089426920137577,0.9433435276150703,0.09270163432406585,0.9450927004218102
11,vowel,0.10089506251316126,0.947421133518219,0.070571380584722,0.9457828179001808,0.1159803046313242,0.9480530545115471,0.09809798498800662,0.9457975700497627
11,vowel,0.10896463676698476,0.9426863044500351,0.08153354579895575,0.9462023228406906,0.09469207145466574,0.9433146119117737,0.07108959111439651,0.9412016570568085
11,vowel,0.10449187602803481,0.9541907534003258,0.09948845455349835,0.9499747902154922,0.09469243469923036,0.9499075263738632,0.07160248581252716,0.9474663883447647
11,vowel,0.08036959844520707,0.9433424025774002,0.06854826585995985,0.9456803053617477,0.1143865648807643,0.9423790872097015,0.0815324244301795,0.9415887668728828
11,vowel,0.0646639255399046,0.9334866143763065,0.07697266093076945,0.9478034377098083,0.09010805148321971,0.934044361114502,0.07424461762525045,0.9413758963346481
11,vowel,0.12338281060680763,0.9400120228528976,0.06326048694883579,0.9487935714423656,0.08572247644663505,0.9412283301353455,0.060096340465433065,0.9438412338495255
11,vowel,0.12594155824721084,0.9318108260631561,0.0833041233414206,0.945290744304657,0.12087102582060388,0.9340754970908165,0.08820538573724752,0.9431538954377174
12,vowel,0.09402755076344337,0.9416059702634811,0.09878883319929353,0.9536716267466545,0.08883604266945162,0.939363643527031,0.06234082357857979,0.9423113837838173
12,vowel,0.1461038001900741,0.9367091357707977,0.09204620676656407,0.9477420598268509,0.11840306581600378,0.9368953108787537,0.08153261612319145,0.9445649534463882
12,vowel,0.11517837351614327,0.9396777376532555,0.09402404645909203,0.9485336244106293,0.10972444984781023,0.9447851404547691,0.07979531101055858,0.9460093080997467
12,vowel,0.11678200308193892,0.9388105794787407,0.09809402122899291,0.9481638371944427,0.08450658865384393,0.9350491091609001,0.06904973118455314,0.9449447914958
12,vowel,0.09878639553691021,0.9413973689079285,0.09204721767392038,0.9463384598493576,0.10522713901828752,0.9435207173228264,0.07752988366558622,0.9430596381425858
12,vowel,0.12680601027230512,0.9372789785265923,0.09469511375690262,0.951840877532959,0.11360001762529826,0.9350385367870331,0.0764212641715291,0.9476162791252136
12,vowel,0.14130357106904717,0.9399801939725876,0.1008926225817751,0.9520149305462837,0.12170554900882903,0.9353371560573578,0.09878670564880354,0.9389550760388374
12,vowel,0.11281509879306478,0.9352819249033928,0.09740652200668537,0.9456514939665794,0.09402540784529578,0.9462187588214874,0.053018766256558186,0.9418129622936249
12,vowel,0.13030777469316687,0.9423017278313637,0.11281683120788133,0.9540365263819695,0.09809705528892783,0.942668005824089,0.07108754220834793,0.9440611302852631
12,vowel,0.09809751912558864,0.9391926750540733,0.09536600095168457,0.9501714408397675,0.09948906890487517,0.9397034421563148,0.07922423003563853,0.9482331573963165
12,vowel,0.05109027519434406,0.9362320117652416,0.07808964487802568,0.9400473386049271,0.07160019290700352,0.9316707402467728,0.09074968285766956,0.9384441748261452
13,vowel,0.07587252274537318,0.9321766719222069,0.10670965066514222,0.9509368911385536,0.0809539169242543,0.9357218742370605,0.06805348193756154,0.943573608994484
13,vowel,0.09740665770275533,0.9403808191418648,0.08633914219643443,0.9473222568631172,0.07478408715552838,0.925099328160286,0.06609805351239621,0.9407493360340595
13,vowel,0.1320886671904833,0.9444787204265594,0.11359801874888177,0.9549826234579086,0.123385665081571,0.9404597654938698,0.07160524350335927,0.9366113245487213
13,vowel,0.10896615040835382,0.9387016370892525,0.10670950724891368,0.9550014808773994,0.1097265911270536,0.9387076646089554,0.0839067663819313,0.9482137113809586
13,vowel,0.09740639814212156,0.936220146715641,0.10670915113724518,0.9542682617902756,0.10089581012768473,0.9381527826189995,0.1059673013690367,0.9443339183926582
13,vowel,0.09672116917945296,0.941180981695652,0.07865511459417898,0.9499051570892334,0.08820428596849458,0.9405221790075302,0.07922497269011218,0.945740208029747
13,vowel,0.10232024827339242,0.9456003159284592,0.09010765270602855,0.9456025287508965,0.10089410236759754,0.940769650042057,0.06904991727434669,0.9409648925065994
13,vowel,0.07370958719987322,0.9324446246027946,0.0809500112114736,0.9507944583892822,0.07865807181969882,0.9363307654857635,0.06658129262191857,0.9421428740024567
13,vowel,0.10304316974181117,0.9428679272532463,0.09010805315608687,0.9463407546281815,0.1030408062394846,0.9367267489433289,0.06609957414596161,0.9401590339839458
13,vowel,0.1143880296018644,0.936998263001442,0.10820955035958679,0.952252946794033,0.10089732962351852,0.9409988224506378,0.08696126188095206,0.9444316923618317
13,vowel,0.10232248464494766,0.9450843632221222,0.10522982532993869,0.9539151415228844,0.11439147238562619,0.9491316974163055,0.07478491969025411,0.9456958323717117
14,vowel,0.12942285841928125,0.9410396441817284,0.103039491878302,0.9448743611574173,0.12423247620843049,0.9388667717576027,0.07865551178026613,0.9450731202960014
14,vowel,0.12508223965315723,0.940271332859993,0.08572210116528681,0.9489452466368675,0.0913967499370301,0.9409155175089836,0.08094961070560658,0.9482318982481956
14,vowel,0.08695747735658248,0.9355027079582214,0.08633801186901613,0.9403373897075653,0.09604316502497588,0.9314149171113968,0.08271211950199127,0.9388559311628342
14,vowel,0.0933613152463955,0.9332276955246925,0.09740434043232708,0.9511313959956169,0.12254126597102903,0.9395921677350998,0.07922262284519317,0.9480385333299637
14,vowel,0.11922248174335685,0.9330473691225052,0.0987862414897474,0.9521588832139969,0.12004674495265101,0.9403606355190277,0.08330703839404749,0.940454013645649
14,vowel,0.10449602934049655,0.9366198405623436,0.07979596889975847,0.9422879815101624,0.09336559434846617,0.9359293282032013,0.08271262409506443,0.9428660571575165
14,vowel,0.1338850093508483,0.9424808770418167,0.10089465974038636,0.9517717361450195,0.11359593779680008,0.9412060156464577,0.058786172137554674,0.9460568986833096
14,vowel,0.1044939093802694,0.9410116970539093,0.06561609578732934,0.939211044460535,0.091398056661135,0.9422158896923065,0.08330573811062715,0.9400141760706902
14,vowel,0.11922481827946879,0.9430828988552094,0.10304544603490337,0.9513885676860809,0.10376845791615072,0.9401359409093857,0.0651404389194729,0.9403735995292664
14,vowel,0.0987890495006583,0.9296779707074165,0.07808960912110732,0.9415284469723701,0.09075381620882006,0.933884970843792,0.07532543569017441,0.9394546672701836
14,vowel,0.06419333476534574,0.9343015663325787,0.08211976197715853,0.9369258359074593,0.06326197673180091,0.9375153258442879,0.07160302502954972,0.9387265220284462
14,vowel,0.10745666466120689,0.9411929175257683,0.08095283283090461,0.9457619190216064,0.09604412285242626,0.9405799061059952,0.055833573680604376,0.9408526867628098
15,vowel,0.097404383996747,0.937741793692112,0.0882042181608458,0.9463606849312782,0.10231807262715217,0.9343676641583443,0.0710840209549034,0.9444866925477982
15,vowel,0.08450819085718571,0.9430476054549217,0.08037584325272498,0.9444819539785385,0.09536836304550937,0.9418973624706268,0.07532592338350523,0.9506315886974335
15,vowel,0.09879107799245634,0.9463335499167442,0.07922501358020109,0.9483804553747177,0.09075306911600729,0.9350393936038017,0.07642025602458152,0.946760393679142
15,vowel,0.061437458436482066,0.9373882077634335,0.0758699038352949,0.9455377161502838,0.07160458830923214,0.940103754401207,0.06372735891637418,0.9314278699457645
15,vowel,0.10449315638597188,0.937377080321312,0.09809682824675502,0.9473414197564125,0.11125801254724163,0.936911441385746,0.09075090484813192,0.9460105299949646
15,vowel,0.07424372634115693,0.9379919543862343,0.08947066864891338,0.9438411891460419,0.0827107115719975,0.9411305785179138,0.09075108049412231,0.949642650783062
15,vowel,0.11597836579325997,0.9496811628341675,0.0833051931952144,0.946280300617218,0.09604077821960474,0.9402793124318123,0.08036953953649328,0.9483832269906998
15,vowel,0.07642317223360795,0.9416625276207924,0.07865907977839015,0.9434423670172691,0.08037472662931833,0.9415144622325897,0.08330631867916,0.9477360546588898
15,vowel,0.10596555905243857,0.9406960681080818,0.09740916451814963,0.9480901136994362,0.11203595785027122,0.9385078996419907,0.07865797960089393,0.9443036019802094
15,vowel,0.09010631454787665,0.9441612884402275,0.09336185790549283,0.9500633925199509,0.102322457202457,0.942539669573307,0.08695492655232684,0.949011467397213
16,vowel,0.11438626842531026,0.9346105009317398,0.0863367406543244,0.9518061801791191,0.1303057637226647,0.9358296915888786,0.09139874844711027,0.9465312138199806
16,vowel,0.060986716593936736,0.9325679987668991,0.061434975969278535,0.9475674778223038,0.08633834065812653,0.9372249394655228,0.06098944439910573,0.9346407875418663
16,vowel,0.12854462586253643,0.9297718703746796,0.06657863559048235,0.9366990141570568,0.13030408215363815,0.9317602589726448,0.1268095786242254,0.9395490661263466
16,vowel,0.07979482372947919,0.9303165897727013,0.06755598567249724,0.9408167600631714,0.096722871967184,0.9296051859855652,0.09270343950109972,0.9308516904711723
16,vowel,0.10019149189906058,0.9424424692988396,0.060984419297011414,0.9501922130584717,0.10820849762501651,0.9412454441189766,0.10896594306324264,0.945254735648632
16,vowel,0.09010820457802894,0.9325940534472466,0.0656140963994915,0.9476992525160313,0.11518295569704226,0.9337701499462128,0.07979647913742732,0.940484307706356
16,vowel,0.09740447038936174,0.9367209523916245,0.06755701147165807,0.9480786919593811,0.13755277018441225,0.93829146027565,0.07587240523805731,0.9445835724473
16,vowel,0.07697468604925752,0.9341991767287254,0.0731761695808075,0.9501199126243591,0.09604311420566854,0.9318091049790382,0.07317959080855987,0.9438495710492134
16,vowel,0.0967271957178351,0.9261054396629333,0.08330593616164461,0.9521803855895996,0.09536906640043485,0.9360887184739113,0.08695902957633904,0.9475592374801636
16,vowel,0.13119285743395365,0.9411279931664467,0.07532471703287835,0.9502999261021614,0.13571194580665338,0.9406513273715973,0.08572630573762954,0.945986308157444
16,vowel,0.09469630541928743,0.9356642067432404,0.0797943959070229,0.9537455886602402,0.07532904646127617,0.9282551854848862,0.08572745854329347,0.9455510303378105
17,vowel,0.08450871079641448,0.9348996430635452,0.08212129990731075,0.9421723335981369,0.10523403061230446,0.9333820194005966,0.10019495434148926,0.9397874176502228
17,vowel,0.10522884934059108,0.9431803226470947,0.07264823222720185,0.9414637088775635,0.0742441186224582,0.9418697357177734,0.06955426762652969,0.9464057311415672
17,vowel,0.07865426529696973,0.9373460710048676,0.062339905845133305,0.9408712312579155,0.11598079580281732,0.9350497350096703,0.07478258611045785,0.9442085772752762
17,vowel,0.10018687309987943,0.9410049021244049,0.061885706554579444,0.9411799795925617,0.08330483630514604,0.9328170269727707,0.0695532247296211,0.941092923283577
17,vowel,0.08572256460257918,0.9416967034339905,0.06372528711189135,0.9419507086277008,0.09809498974826317,0.9420452192425728,0.07370951869384713,0.9430505335330963
17,vowel,0.0695543142032204,0.9403233155608177,0.0747817668823705,0.9474606141448021,0.0700636314666415,0.9411530941724777,0.06609724501347358,0.9458607584238052
17,vowel,0.12087489342893182,0.9406621009111404,0.07642010525458054,0.9430490657687187,0.10089698220831995,0.9394320771098137,0.07532579871071134,0.9440901726484299
17,vowel,0.07587119080871435,0.9366802051663399,0.08511253579291442,0.9501737952232361,0.07265187330772706,0.9359929710626602,0.07006305317234836,0.942276805639267
17,vowel,0.12254232581754403,0.9403509125113487,0.07922419166642064,0.9425623714923859,0.1303084189781734,0.9382876232266426,0.10377156366877438,0.93918476998806
17,vowel,0.08634082632426969,0.9317182004451752,0.08695522173758047,0.9459655582904816,0.09672417874777804,0.933480441570282,0.07753271206465576,0.9443475157022476
18,vowel,0.05965709587803142,0.9270570166409016,0.07865764750306434,0.9423671215772629,0.05301975977968115,0.921428170055151,0.08883971716155675,0.9264892712235451
18,vowel,0.10596838901391685,0.9353748857975006,0.09204904435561569,0.9496835246682167,0.10089846399821524,0.9360127449035645,0.06854990929342027,0.942545123398304
18,vowel,0.10449478509355747,0.9401673078536987,0.08511410037915422,0.9478526338934898,0.09270400246065622,0.9392903074622154,0.07006098125621753,0.9439977779984474
18,vowel,0.14129997445395154,0.9403955787420273,0.08757735511481027,0.9491542801260948,0.10376226923256111,0.937601312994957,0.10449301190186171,0.9467782154679298
18,vowel,0.10745564595164822,0.9444037228822708,0.09402790307128017,0.9502934217453003,0.12767420453887185,0.9407226145267487,0.06805260201694233,0.9422366544604301
18,vowel,0.12594372494790848,0.9433818981051445,0.08820709230619117,0.9498289749026299,0.12004620918033237,0.9393837824463844,0.07587129688021825,0.9465938806533813
18,vowel,0.1384863302626076,0.9392629712820053,0.08758127640346253,0.9463151767849922,0.10972513498577675,0.9345294684171677,0.0637257692364366,0.9411686025559902
18,vowel,0.09740673125136659,0.9383610188961029,0.08037313131405077,0.9460031390190125,0.09740641792403573,0.9375016167759895,0.06805215065941256,0.9471016675233841
18,vowel,0.10089628787046438,0.9391581565141678,0.07865815294051656,0.948920875787735,0.10745651177483877,0.9388122260570526,0.06955340544088047,0.9439339861273766
18,vowel,0.10522631615568208,0.9362627640366554,0.08757705302980857,0.9486051648855209,0.11922160614294132,0.9320506379008293,0.0753252063225823,0.9401361644268036
18,vowel,0.09741033285113376,0.9321143925189972,0.09075365172530359,0.9466577172279358,0.10596944673720426,0.9332500994205475,0.06188671218525939,0.9407931603491306
18,vowel,0.09139804990721201,0.9321969971060753,0.09469510140132409,0.9441261440515518,0.1120382986185812,0.9312528595328331,0.0786565084842263,0.9460096061229706
19,vowel,0.11597942029381417,0.9390876144170761,0.07424522681077089,0.9482906833291054,0.10820623932923472,0.938860796391964,0.07371050069976413,0.9429784342646599
19,vowel,0.12508752247581417,0.9401267915964127,0.0933615334151114,0.9464677944779396,0.09205278219974425,0.9357064440846443,0.07478290946701184,0.9430529773235321
19,vowel,0.09469174196303028,0.9412781298160553,0.07752860517217025,0.9430253133177757,0.09402392948723212,0.938382089138031,0.07108627986314969,0.9391335695981979
19,vowel,0.11840346013009993,0.935248076915741,0.07808886494827542,0.9504633620381355,0.0933676216096942,0.935281552374363,0.06904989145791017,0.9436065629124641
19,vowel,0.08634031603770752,0.9363350421190262,0.0809499651650318,0.9394274055957794,0.08572151962775397,0.9376560673117638,0.07057027442615019,0.9417594373226166
19,vowel,0.09469359029618485,0.9315908923745155,0.10089652872454322,0.9443159699440002,0.09270418681082393,0.9329439178109169,0.06904835298592449,0.9415549710392952
19,vowel,0.09536894339334764,0.9355668872594833,0.09402820243975717,0.9471551179885864,0.0894750174141619,0.9399738907814026,0.061434554202760464,0.9491211101412773
19,vowel,0.0809511932363165,0.9403657466173172,0.07057272195684029,0.9407957270741463,0.07317764895357542,0.9351767674088478,0.0656164577948565,0.9455725811421871
19,vowel,0.08212432402231226,0.9402758181095123,0.0888365647545223,0.9489327073097229,0.09740866171579124,0.9367711320519447,0.06805303043010537,0.9453512877225876
19,vowel,0.07478475523456411,0.935449980199337,0.0827118078210076,0.9491199851036072,0.11759732219520849,0.9422309994697571,0.06855021730612315,0.946378767490387
19,vowel,0.10972095079214526,0.9381909519433975,0.07979331201162428,0.9425683841109276,0.09010619801494038,0.9334319308400154,0.07160285193367018,0.937451109290123
20,vowel,0.08572758211963302,0.9306153208017349,0.07212410125935804,0.9421025067567825,0.07478668576243595,0.9290821477770805,0.08212109303794697,0.9359396919608116
20,vowel,0.09604082646204812,0.9407187029719353,0.08270989375513244,0.9473901465535164,0.0927021360850822,0.9438974484801292,0.05878762918645085,0.9432394653558731
20,vowel,0.08757771559492887,0.9373385384678841,0.08511070688665572,0.9472523480653763,0.07753057552545278,0.9348270073533058,0.08820612690442449,0.9411853030323982
20,vowel,0.08451003611055792,0.9324341639876366,0.09139459743394455,0.9474168866872787,0.0920504941858289,0.9329902827739716,0.08883398548378939,0.9443135634064674
20,vowel,0.11759202315390949,0.9377049803733826,0.08330508237354241,0.9403485581278801,0.09270634950256007,0.9406813979148865,0.07212572347099788,0.9326659440994263
20,vowel,0.09536520341115876,0.940653070807457,0.06904955433774232,0.9467162638902664,0.11203740695656662,0.9362389221787453,0.08330777219349446,0.9449838995933533
20,vowel,0.08883603711125897,0.9325828179717064,0.07370724492399804,0.9436669200658798,0.1030470842217423,0.9298847243189812,0.08211922157372804,0.944454237818718
20,vowel,0.12004347326320766,0.9438517019152641,0.09204686404072154,0.94725052267313,0.10972360449805971,0.938056968152523,0.07642142813256893,0.9432007223367691
20,vowel,0.09809595466210624,0.9397275447845459,0.09010449735416531,0.9431602880358696,0.07979887199651613,0.9296678304672241,0.08511286476969403,0.9424733743071556
20,vowel,0.11518041160948567,0.9433799833059311,0.08212094029993891,0.9473955258727074,0.08271390594216424,0.9380884692072868,0.07371192969508097,0.9441619589924812
20,vowel,0.09672188226463345,0.9430576041340828,0.07865486500003958,0.9492769241333008,0.09336441390566833,0.9390021711587906,0.07587270824208416,0.9449499100446701
20,vowel,0.11518147950426265,0.9351452365517616,0.09740612577525035,0.9503245875239372,0.09469502741134733,0.9337190464138985,0.07264974568590764,0.9429896995425224
21,vowel,0.10304225709889775,0.9385186806321144,0.07809075167614864,0.9462791234254837,0.10018897081738283,0.9404986277222633,0.06706908343490084,0.943147748708725
21,vowel,0.10820685223844065,0.9270642697811127,0.07478054951996742,0.9497631043195724,0.10160642027438224,0.933173842728138,0.07478265494051997,0.9353514164686203
21,vowel,0.12170663400694201,0.9321992546319962,0.09402379953196394,0.9464637935161591,0.14611199460660726,0.9370205849409103,0.12942632009436472,0.9433036521077156
21,vowel,0.10376783844766012,0.9328993260860443,0.085110492210587,0.9522208869457245,0.11597917429507215,0.9318185895681381,0.08450589611538137,0.9475126564502716
21,vowel,0.09879468471637307,0.9371560141444206,0.09604415513105989,0.9464446902275085,0.10821087325295044,0.9387601390480995,0.05624693249484658,0.9417303688824177
21,vowel,0.08883596838305524,0.9416679739952087,0.07478313536516573,0.9499187618494034,0.08390732955674576,0.9386991411447525,0.06658088325468195,0.9428696557879448
21,vowel,0.10376413348297582,0.9313011988997459,0.0742424937924289,0.9413125067949295,0.10972434137086044,0.9327338859438896,0.07006071287259576,0.9403572827577591
21,vowel,0.10089593073130332,0.9376672431826591,0.08095051963016939,0.9482598155736923,0.10972273318637989,0.9371677488088608,0.05542214478086189,0.9419998563826084
21,vowel,0.08572531846047494,0.9340109601616859,0.0665802185877892,0.9462153688073158,0.11518254251015274,0.939105935394764,0.07006164929983973,0.9427164867520332
21,vowel,0.09139972857107645,0.9341458082199097,0.07697453425829091,0.943058431148529,0.08450847871786912,0.939692497253418,0.0680530697619868,0.9426295682787895
21,vowel,0.11518039374182999,0.9348446577787399,0.07317568253262724,0.9535886496305466,0.10745537068394932,0.9372148364782333,0.08883571166851877,0.9434487223625183
21,vowel,0.08271289766938869,0.9357704073190689,0.08211957186102348,0.9483177810907364,0.11359997488046379,0.9365739971399307,0.07532642577049597,0.944941945374012
22,vowel,0.11922287352477828,0.9386128559708595,0.08036956224746067,0.9464346915483475,0.12170430497026394,0.942821092903614,0.07317985389895766,0.9429237619042397
22,vowel,0.10376690910743482,0.9414950236678123,0.10160353107041381,0.9508075565099716,0.0875787946688661,0.9361347779631615,0.06466505732796322,0.9419722147285938
22,vowel,0.12004645036162039,0.9284111261367798,0.09809519050160549,0.9441682919859886,0.167789766491212,0.9348949491977692,0.09336760190359109,0.9356918334960938
22,vowel,0.07532549500751626,0.93682049959898,0.07532533643478594,0.9517014101147652,0.07642097845521177,0.9390092566609383,0.07317689788378579,0.9507715478539467
22,vowel,0.09075041175777672,0.9409280344843864,0.07922240300673594,0.9502149522304535,0.08572318910403257,0.9429727867245674,0.07212577845237843,0.9449602887034416
22,vowel,0.11360053510927857,0.9391432926058769,0.10596715236994346,0.9495324417948723,0.10304756302156586,0.9347298666834831,0.06955484122127974,0.9464554488658905
22,vowel,0.06706636386789219,0.9365936443209648,0.0716038893026007,0.9386855363845825,0.06188470004473406,0.9303347356617451,0.08757948492867147,0.9396495595574379
22,vowel,0.06755867903606418,0.9287937954068184,0.07108534086912201,0.942512109875679,0.0646657690910849,0.9349588565528393,0.0690524332648528,0.9423722252249718
22,vowel,0.08820745504322781,0.9391258582472801,0.09809401685530102,0.9489806070923805,0.10018853331422235,0.9358206763863564,0.07478457850090396,0.9423900321125984
22,vowel,0.09740982381521102,0.938007764518261,0.08511036041964304,0.9451523497700691,0.11759532246177339,0.9436185285449028,0.06279997194383524,0.9418940395116806
22,vowel,0.12680722066567024,0.9285367801785469,0.09074822712531697,0.945488691329956,0.12254104682891401,0.9279441311955452,0.0960405486573228,0.9412941783666611
22,vowel,0.1104887095986138,0.9245956167578697,0.07108391597627015,0.9434964433312416,0.10745528552721154,0.9397255629301071,0.08511347118017432,0.9404087513685226
22,vowel,0.10304246458009247,0.9363192692399025,0.08153152714297758,0.9485061168670654,0.10670872254177508,0.9346533939242363,0.06706938492334907,0.944671630859375
23,vowel,0.07160414876128034,0.9377288073301315,0.09879006841589696,0.954038679599762,0.09010852414371932,0.9381577298045158,0.06955406438696402,0.9443674460053444
23,vowel,0.12338362334719499,0.9399551674723625,0.07424139905476167,0.9427149146795273,0.13208406983567694,0.935351125895977,0.09270367903145155,0.9358310103416443
23,vowel,0.12170485201869889,0.9343403056263924,0.08633478870226116,0.9486361145973206,0.13298592327494607,0.9359555095434189,0.08757818962982405,0.9436776489019394
23,vowel,0.09010793727433863,0.9401268661022186,0.10089554718080267,0.938918262720108,0.12854356351010376,0.9384346008300781,0.10745517741062184,0.9351400285959244
23,vowel,0.0987942477283404,0.9437611699104309,0.055833875977381674,0.9400858394801617,0.14417405495597868,0.9404634833335876,0.05965784296750703,0.9482308737933636
23,vowel,0.06009708166706603,0.92960374802351,0.09878989784648334,0.9544189274311066,0.07371046428855083,0.9375230595469475,0.07424559376073496,0.9425744488835335
23,vowel,0.12680556887307692,0.9431092441082001,0.08757866306719023,0.9486464262008667,0.11759551040649274,0.938718393445015,0.07108732913680538,0.9465470910072327
23,vowel,0.12170591731362661,0.9449348226189613,0.07478305064227388,0.9425024390220642,0.11840687606320421,0.9390593692660332,0.07317770279498728,0.944533072412014
23,vowel,0.0901093557410823,0.9411676079034805,0.06955387097726849,0.945913664996624,0.10377198372689077,0.9418518394231796,0.07424503263418605,0.9505041018128395
23,vowel,0.07212367212912414,0.9373806640505791,0.062341370231700007,0.9433599710464478,0.0700614889119948,0.9379368051886559,0.08757882345588708,0.9369779676198959
23,vowel,0.13479850312368158,0.9389348030090332,0.09469292332104262,0.9464292302727699,0.15820435306913386,0.938938245177269,0.09879158548649897,0.9360595867037773
23,vowel,0.09536263566411314,0.9430855512619019,0.08820347078850996,0.9509769007563591,0.09809392527953711,0.9438933655619621,0.06609649311950633,0.9424904547631741
23,vowel,0.1403574616972358,0.9309321641921997,0.11438715318403153,0.9413688853383064,0.1082087504179228,0.9321224614977837,0.10523505418512254,0.9394008740782738
24,vowel,0.09809749207140442,0.9387011528015137,0.0797952294556589,0.9478520229458809,0.08390633452982697,0.9327832907438278,0.06955451749871146,0.9459279030561447
24,vowel,0.0839057029896685,0.9386581107974052,0.07809100003336296,0.9481683596968651,0.07265197263054167,0.9286463260650635,0.07006220894167546,0.9465932175517082
24,vowel,0.07532865743038784,0.9340891018509865,0.07979480371622222,0.9486710950732231,0.06373097311879636,0.9276704490184784,0.07057233394940902,0.9499323889613152
24,vowel,0.10303990768288881,0.9405643343925476,0.08270998463493369,0.948070116341114,0.10449385436083836,0.9410499110817909,0.06805293650789497,0.9435127452015877
24,vowel,0.09672115933703311,0.9340816959738731,0.0833037001820705,0.9465843588113785,0.09878895954323122,0.9268951714038849,0.07808988606781395,0.9439514875411987
24,vowel,0.08330714829555981,0.9335177093744278,0.0845062109876851,0.9495414420962334,0.08330780172443547,0.9292244240641594,0.06561630538373997,0.9458250366151333
24,vowel,0.11759027788579603,0.9404056370258331,0.09469372817582478,0.9483623206615448,0.11126200658445082,0.9397189691662788,0.07057442923857712,0.9444170519709587
24,vowel,0.08212357505103235,0.9262260720133781,0.08695724064613275,0.9479379057884216,0.08037777777236672,0.9321897104382515,0.0742449525602762,0.9497189745306969
24,vowel,0.07006044900571033,0.9335922822356224,0.09604110171553071,0.9423570707440376,0.07160180567667689,0.9339551106095314,0.10596593722710185,0.9384701773524284
24,vowel,0.08036948068794256,0.9459136351943016,0.08153247460904436,0.9465455561876297,0.08271027638388165,0.9386914670467377,0.07212585878733051,0.9420763477683067
24,vowel,0.08634256990362528,0.9355809241533279,0.08390578303028991,0.9423099681735039,0.06805660535620679,0.9337214529514313,0.06372594848916108,0.9452114813029766
24,vowel,0.1030491412089404,0.926807314157486,0.10089356124294073,0.9453983381390572,0.07212906945716112,0.930582083761692,0.06326219005764845,0.9426418282091618
24,vowel,0.08271194238920465,0.9370625838637352,0.08820513869650858,0.9464874789118767,0.07697392837934239,0.9395979344844818,0.06755908234627025,0.9451150149106979
25,vowel,0.10596664273397156,0.9367090463638306,0.1016070216315288,0.9465827643871307,0.10972652497619112,0.9380457848310471,0.06955541168178314,0.9383195266127586
25,vowel,0.09010996344499743,0.9388167783617973,0.0726508720538145,0.9486011490225792,0.0827133537079554,0.9323357418179512,0.07753228055819684,0.9446401000022888
25,vowel,0.11203380341190007,0.9493411257863045,0.07753141250922753,0.9465382248163223,0.11125856434672549,0.9420288503170013,0.08037063988893567,0.9447796791791916
25,vowel,0.10232183843284115,0.9413664191961288,0.07642196025395175,0.9449571147561073,0.08883590707518096,0.940218947827816,0.07006103867746441,0.9432513192296028
25,vowel,0.1233900518074732,0.9410363733768463,0.10745629518702081,0.9530356079339981,0.08946949640266327,0.9415463358163834,0.06706849720041322,0.940120704472065
25,vowel,0.06805622323397112,0.9330795779824257,0.07697641939045609,0.9405878931283951,0.08758467489589992,0.9396234825253487,0.08153694021285506,0.9415650367736816
25,vowel,0.1044943986854499,0.9432602673768997,0.08695620979870465,0.9442407414317131,0.08633785241092402,0.9382482692599297,0.06706828958322053,0.9432632252573967
25,vowel,0.13208552029251636,0.9451041594147682,0.09010978876621291,0.9464432448148727,0.12170617777978367,0.9491696208715439,0.06755818916785679,0.9443715140223503
25,vowel,0.10449555904586509,0.9392291605472565,0.08095105718907616,0.9450314491987228,0.09336315940431958,0.9381159767508507,0.07057191061622098,0.942792184650898
25,vowel,0.11125820452948594,0.9446934163570404,0.10090076072219137,0.9421076625585556,0.127672924825135,0.939181387424469,0.07057312279918472,0.9438133463263512
25,vowel,0.08212063542572241,0.9438837245106697,0.08883468157138656,0.9469375908374786,0.10232040087812842,0.9454540014266968,0.07264885459702111,0.9435718879103661
25,vowel,0.06955323235119593,0.9324746504426003,0.09672382525275074,0.9474663883447647,0.07478105422209382,0.9401748925447464,0.05965744684106249,0.9399654977023602
26,vowel,0.09075067482376681,0.9446112439036369,0.07587058936073666,0.941805973649025,0.08390765900746307,0.9353693723678589,0.06658208089905114,0.9444987550377846
26,vowel,0.09011002098863086,0.9429293349385262,0.07587089550924438,0.9524510651826859,0.10376747478885873,0.9420833960175514,0.08212349967243694,0.9465858638286591
26,vowel,0.09948580227220413,0.9442560598254204,0.06955316451183577,0.9421157762408257,0.09948763310270067,0.9392164424061775,0.06054173677618604,0.9367243237793446
26,vowel,0.08695664409347251,0.9312241673469543,0.07478143675381177,0.9412783831357956,0.09809505990490425,0.9349599853157997,0.06854974103557779,0.9378376305103302
26,vowel,0.07753473929862087,0.93891641497612,0.09075159969354618,0.9459523856639862,0.10019004895967408,0.9336225092411041,0.07265006730834077,0.9423262029886246
26,vowel,0.09010647397145079,0.9383335337042809,0.06143383554731131,0.9421345256268978,0.10160424023666147,0.9377268701791763,0.0809500250437516,0.9430340975522995
26,vowel,0.07160500006849016,0.9300247430801392,0.0907503288781159,0.9455905184149742,0.08037248670719163,0.9324233159422874,0.07753236959679875,0.9444832429289818
26,vowel,0.08947099559766034,0.9310706332325935,0.08883322133541384,0.9369782283902168,0.10089568561271767,0.9245139211416245,0.12680837252495988,0.9434707090258598
26,vowel,0.07212647455918551,0.9335365444421768,0.09204808776154184,0.9455739185214043,0.08758036681131476,0.930703692138195,0.07057245840029161,0.9392802491784096
26,vowel,0.11203696045096338,0.9424129575490952,0.09139844780169912,0.9433950036764145,0.1357144084833551,0.9421558380126953,0.09949083104595421,0.9370424598455429
26,vowel,0.10018849776407726,0.9421513825654984,0.059656392929302145,0.9447121843695641,0.1074558212659617,0.9401676803827286,0.06855141462236168,0.9410217329859734
26,vowel,0.077531513373982,0.9386459514498711,0.07587090777957904,0.9403392225503922,0.09948806496891349,0.9428598433732986,0.0705716660041907,0.9458022192120552
27,vowel,0.12254328104933049,0.9424800798296928,0.0894689335371645,0.9495546296238899,0.11518318666920287,0.9376790449023247,0.0710861494716062,0.9428665488958359
27,vowel,0.12004821898736136,0.9402551874518394,0.0967219997997145,0.9468021616339684,0.12767258151641642,0.9421424344182014,0.12767336271214444,0.9399482980370522
27,vowel,0.09809544035016111,0.933856189250946,0.07317640137164227,0.9410844370722771,0.10896290128893096,0.9392734318971634,0.0863388171019124,0.9344321042299271
27,vowel,0.14320834297070306,0.9424868226051331,0.07752985535414092,0.9460770264267921,0.13208414664374862,0.9375379085540771,0.0821182127299376,0.9454773887991905
27,vowel,0.10745676814817337,0.9354601055383682,0.08572542579566415,0.949012391269207,0.09740749467748419,0.9351501613855362,0.07922426787367748,0.9475590661168098
27,vowel,0.08511103345220628,0.9378309473395348,0.08390348440746172,0.9489196389913559,0.09603903106301238,0.9400362968444824,0.0869538064999761,0.943009078502655
27,vowel,0.08947031722679125,0.9451867789030075,0.07370926223748706,0.9441893547773361,0.09010751207067046,0.9434728696942329,0.06706714511052934,0.9436816945672035
27,vowel,0.12087375524822833,0.9287502765655518,0.09010582898429378,0.9487291276454926,0.1461103361507206,0.9369800239801407,0.08757610636445569,0.9447728991508484
27,vowel,0.11922584051520142,0.940322257578373,0.09270385946550594,0.9496550261974335,0.10896378443060951,0.9373280927538872,0.07424463632033726,0.9463107585906982
27,vowel,0.1303058182259648,0.9413192123174667,0.09204804590436097,0.9426685199141502,0.14807038324181468,0.9398956298828125,0.13119340920976424,0.9449902400374413
27,vowel,0.10449653819034876,0.9424610063433647,0.07865699281168034,0.9427427724003792,0.09536650302663154,0.9402478262782097,0.07922349887012621,0.9433963298797607
27,vowel,0.11125809236510624,0.932662807404995,0.06955267642052465,0.944163478910923,0.1217035791406238,0.937624379992485,0.09604058514180852,0.9446512162685394
27,vowel,0.10303980421630402,0.9339068159461021,0.06513763026997768,0.9471871703863144,0.11281200616207875,0.9409890845417976,0.09204611399515243,0.9445037171244621
28,vowel,0.08212131255935545,0.9319495782256126,0.08450708847037429,0.9472621232271194,0.0792257004506613,0.934823252260685,0.07424428697256201,0.9453170076012611
28,vowel,0.10376751409147306,0.93696328997612,0.09336518747523956,0.9501543194055557,0.1403594492391939,0.9398480355739594,0.08037269030341104,0.9451066330075264
28,vowel,0.10745706260795203,0.9378735348582268,0.07753208130650922,0.9516195356845856,0.10160648593115709,0.9418037757277489,0.08094981079071191,0.9501864984631538
28,vowel,0.078091904135916,0.9309242442250252,0.07697371847887055,0.9482456371188164,0.10376658479095448,0.935659870505333,0.05792859970077992,0.9327302873134613
28,vowel,0.0726503845339831,0.9302675947546959,0.08330603520905885,0.9460143223404884,0.09402630013557262,0.9360887780785561,0.0628000570466304,0.9416067227721214
28,vowel,0.09402731444239412,0.9351282939314842,0.06098559362174246,0.9419131800532341,0.0953681778109527,0.9376037567853928,0.06706866388672911,0.9421402961015701
28,vowel,0.06706943249653197,0.9275327585637569,0.10018960708827696,0.9507578238844872,0.0875798356225622,0.9354216381907463,0.07697468834560475,0.9425970688462257
28,vowel,0.09402680315146178,0.928164079785347,0.09948884574056403,0.9511361718177795,0.11922232163250446,0.9337826669216156,0.08390588884109981,0.9515072479844093
28,vowel,0.08153363504894318,0.9366253465414047,0.07532531911006023,0.9432845115661621,0.09336086357793649,0.9408597275614738,0.058786845708368056,0.9400113858282566
28,vowel,0.10449685130640995,0.9371798038482666,0.0882073781431872,0.9463353976607323,0.12338634612786815,0.9397941529750824,0.08212158659529924,0.9416568949818611
28,vowel,0.09672267903680361,0.9408480003476143,0.08758125602609045,0.9510614797472954,0.12508757339644574,0.9378147721290588,0.07212449850102966,0.9452552497386932
28,vowel,0.09336231914754087,0.9326696544885635,0.08153313608001615,0.9428735896945,0.09270262953826222,0.9388219937682152,0.0632613224608246,0.9425037689507008
28,vowel,0.10018765176517654,0.9292069673538208,0.0660951718724782,0.939645741134882,0.1208739662148803,0.9320718124508858,0.10820606558793343,0.9351525083184242
29,vowel,0.09469423404715152,0.9362012892961502,0.08883570752327706,0.9493962675333023,0.12170553608867536,0.9403560981154442,0.07264999442857106,0.9370358511805534
29,vowel,0.11438521865417983,0.9384034723043442,0.09809573744961961,0.9437266066670418,0.09402682326018252,0.9349901527166367,0.08211977412412087,0.9322717934846878
29,vowel,0.0933619084348899,0.9234082847833633,0.09402557425519607,0.9476404711604118,0.11203253484429276,0.9283165484666824,0.1001892181245412,0.9291892424225807
29,vowel,0.12170523453067962,0.9372884556651115,0.08695700231991815,0.948215626180172,0.09604189605334248,0.940099872648716,0.06326183979047224,0.9371603243052959
29,vowel,0.1510504851348333,0.9367741495370865,0.09740966904334723,0.9521678537130356,0.11759026285780541,0.9394623190164566,0.07006179118346831,0.9370442628860474
29,vowel,0.10232361811973446,0.9377285018563271,0.0933639257281405,0.9501934945583344,0.11359984080797149,0.9351156130433083,0.06955410589031052,0.9377027824521065
29,vowel,0.10522762373741297,0.9412616044282913,0.0863401298664338,0.944159209728241,0.07865555102707603,0.9408054202795029,0.07006246823436162,0.9367638230323792
29,vowel,0.10745521465966819,0.9256245717406273,0.1016031024266757,0.9509033039212227,0.13298390232427745,0.9332587942481041,0.13119695080727645,0.9312163293361664
29,vowel,0.11840493479363727,0.9524388760328293,0.09270468950334144,0.9492869526147842,0.0920494018719104,0.937997929751873,0.06854989338194602,0.9501480981707573
29,vowel,0.09878918142670344,0.9366014748811722,0.07979543569385662,0.9439737424254417,0.09672381957749375,0.9395540580153465,0.06466466102815702,0.9332946427166462
29,vowel,0.09740633892525905,0.9430723562836647,0.09205035428655796,0.9493151679635048,0.09536511503864678,0.9475279375910759,0.04996737115457757,0.9400969035923481
29,vowel,0.12767015193846662,0.9350776225328445,0.07478152850452087,0.9408594742417336,0.12594241148084376,0.935359887778759,0.09536651000747008,0.9316761121153831
29,vowel,0.08271110942776204,0.9233281314373016,0.08450605123852545,0.952134795486927,0.10670807749996021,0.9348714426159859,0.06143592287645021,0.9283618070185184
30,vowel,0.11840412374288274,0.9333422482013702,0.09402618194671014,0.9445909187197685,0.09536754414770747,0.9404584988951683,0.07478513042561813,0.9458994939923286
30,vowel,0.1001889502180112,0.9372849762439728,0.08153464718546787,0.9462035223841667,0.1082060916239178,0.9392279759049416,0.06905157978373391,0.9424724578857422
30,vowel,0.12087172423384945,0.9392108470201492,0.0927019889321496,0.9504251778125763,0.11281461352070496,0.9394671767950058,0.06279936697230265,0.9444289803504944
30,vowel,0.1276758650759647,0.9425897747278214,0.08330699489167656,0.9431203007698059,0.10522950436365615,0.9371035769581795,0.08330665890543855,0.9443920329213142
30,vowel,0.13119664355790592,0.944296658039093,0.08450896217022517,0.9472242817282677,0.09879227898855128,0.9378191977739334,0.09075074351266316,0.9429164901375771
30,vowel,0.11438616669101442,0.9478099644184113,0.08946879894696563,0.9500114098191261,0.09740603787928807,0.9461554437875748,0.06419428058051971,0.9437511712312698
30,vowel,0.10522684562457332,0.9422795176506042,0.08390568245757792,0.9497838169336319,0.10089580565055797,0.9454433247447014,0.07057228995483572,0.944244034588337
30,vowel,0.12087147688582404,0.9399240389466286,0.09336510479993627,0.9464108422398567,0.0940271538868539,0.9372787624597549,0.07809464401709713,0.9458258226513863
30,vowel,0.09740676722894702,0.9388274103403091,0.11125999515884483,0.950234942138195,0.12004676759666183,0.9420592114329338,0.07979615341262769,0.9444113746285439
30,vowel,0.10232211548518025,0.9347982183098793,0.09879081515518492,0.941898487508297,0.09075172068510275,0.9303501918911934,0.06706833590022344,0.9423580840229988
30,vowel,0.10745352747799741,0.9379249140620232,0.08633658443782587,0.9404008314013481,0.08330554642318656,0.9264016449451447,0.07212367228596135,0.9422857910394669
30,vowel,0.12508196293971266,0.95074063539505,0.09604261710312675,0.949357844889164,0.0946941987409413,0.9490321353077888,0.0675597333574245,0.944215826690197
30,vowel,0.11517955209124381,0.9357380196452141,0.08095051719321371,0.9452685862779617,0.09536695565782843,0.9353179484605789,0.08757950096622717,0.930635392665863
31,vowel,0.07587190454709448,0.9382321760058403,0.0780931705627763,0.9424126669764519,0.08271507868968685,0.9418723806738853,0.06009830692069929,0.9430453740060329
31,vowel,0.09536906386394349,0.9339017495512962,0.0967244175050024,0.9484454020857811,0.10018931956303874,0.9404977336525917,0.0721249230003948,0.9438391104340553
31,vowel,0.0769760184709894,0.9339407384395599,0.09139999535470336,0.9508988186717033,0.12254387945200447,0.9441077560186386,0.09075179905738252,0.9359553158283234
31,vowel,0.12004437183207868,0.9328513965010643,0.09741031977505993,0.946109876036644,0.11759178388069355,0.9362782537937164,0.05341347256029419,0.9363475777208805
31,vowel,0.08330810320698291,0.9397866204380989,0.07642466451193881,0.9432400390505791,0.09336449811661354,0.9457216858863831,0.0726504409504025,0.9487742483615875
31,vowel,0.09139870092479037,0.9363665729761124,0.09740767634902688,0.9487952142953873,0.10304161761454084,0.9374143108725548,0.08450866124933092,0.9443252235651016
31,vowel,0.10670803130122443,0.9407667890191078,0.09604192898983961,0.9513238370418549,0.138482071443525,0.9491434991359711,0.08212108672344594,0.9439221769571304
31,vowel,0.09878832776417772,0.9354939609766006,0.10018850618777769,0.9470300599932671,0.10376878909288277,0.93760946393013,0.08757871038425,0.932702474296093
31,vowel,0.08153346368986517,0.9320517033338547,0.08758028888515872,0.9461935609579086,0.102321973645021,0.9403772205114365,0.07160414946806565,0.9421139806509018
31,vowel,0.08390984681976797,0.9217286258935928,0.09809638480758985,0.9544851556420326,0.09948721787454046,0.9334169998764992,0.11360146338309929,0.9411441013216972
31,vowel,0.10449787723564798,0.9408552572131157,0.09402853206138077,0.9469621032476425,0.09741158629337063,0.9381410107016563,0.06009856338234803,0.9335804358124733
31,vowel,0.11049133461591185,0.9380753636360168,0.09140016582382386,0.945473700761795,0.12004556203088888,0.9385586082935333,0.07587182861307024,0.9411410987377167
31,vowel,0.12338532588896692,0.9299054220318794,0.09879088400470547,0.9532390683889389,0.15612597703475942,0.9380861967802048,0.0987895744131254,0.9343781769275665
32,vowel,0.10089693127252534,0.9350105822086334,0.07587005341063013,0.9481734558939934,0.09536540364150917,0.9317940324544907,0.06905048347844639,0.9403488337993622
32,vowel,0.09402583837308312,0.9379082024097443,0.0980945768670542,0.9544014260172844,0.10596679302358539,0.9379401206970215,0.06513904454393264,0.9424149319529533
32,vowel,0.07753132144961242,0.938636839389801,0.08511311654676376,0.9522928074002266,0.0869584859681884,0.933066263794899,0.07809239724295403,0.9415263161063194
32,vowel,0.0994881117279833,0.9201264977455139,0.07922238717984018,0.9478635117411613,0.1008960700131309,0.932722233235836,0.0764218445746561,0.9387520551681519
32,vowel,0.09010881232833577,0.930421270430088,0.08450666651447479,0.9455999061465263,0.09948733824973764,0.9372810795903206,0.06609729989640052,0.9452453032135963
32,vowel,0.06854889277674432,0.931360550224781,0.09740617098121461,0.9474819377064705,0.1233863223662364,0.9323646053671837,0.076974066254136,0.9375068694353104
32,vowel,0.08212226671126008,0.9313380569219589,0.08883418058913312,0.9530470371246338,0.08947127605251615,0.9366885051131248,0.06419374985637909,0.9428755529224873
32,vowel,0.1276761927178359,0.9354718625545502,0.08758047393556828,0.9451762363314629,0.1480745054525495,0.9362104535102844,0.10597083432998497,0.9364898279309273
32,vowel,0.09205107091741824,0.9339413866400719,0.08947017846436557,0.9500673785805702,0.12004546525610284,0.9423655420541763,0.09741023167624287,0.9401707798242569
32,vowel,0.10896272882134808,0.9370278343558311,0.10160567047242329,0.9490107893943787,0.12338524764450841,0.9371696263551712,0.07212509635605346,0.9429066181182861
32,vowel,0.07642177705262733,0.9347247704863548,0.08633739909707254,0.9503959193825722,0.0863397222407771,0.9403961673378944,0.07809243744019577,0.9444797337055206
32,vowel,0.0827130359154523,0.9273588508367538,0.08511329656287915,0.9465282186865807,0.06609804501156148,0.9264540076255798,0.0803719624711441,0.941454790532589
32,vowel,0.0907520638854329,0.9424770101904869,0.07922423604320537,0.9473549947142601,0.10160585287654887,0.9427192807197571,0.07532733952531925,0.9476911425590515
33,vowel,0.09809696699603482,0.9457281678915024,0.09536718494372572,0.9436415806412697,0.0940280369531059,0.9425193890929222,0.09402987298954817,0.9391564205288887
33,vowel,0.09270381858251901,0.9405466616153717,0.0769743249595666,0.9450311213731766,0.08947169227510754,0.9393902719020844,0.061887085983455374,0.9441381096839905
33,vowel,0.08270987097357954,0.9484599381685257,0.08330575421163813,0.9508512914180756,0.09878789492894835,0.9444784671068192,0.07587043271141497,0.9478465169668198
33,vowel,0.0882071172998256,0.9293077290058136,0.09074985535317719,0.9474745616316795,0.08946981069334627,0.9313149675726891,0.07642101851854415,0.9370750710368156
33,vowel,0.09740629011316751,0.9477429091930389,0.06326130651156923,0.9516482688486576,0.09270654609619433,0.9459588155150414,0.0700630243627897,0.9417074173688889
33,vowel,0.10304282456482326,0.9354663342237473,0.09204622367585984,0.9483605399727821,0.08883577114506958,0.9344402924180031,0.07212319494441867,0.9438312500715256
33,vowel,0.11203485221564166,0.9414594247937202,0.08330489260175994,0.9441598430275917,0.097407047970056,0.9367748722434044,0.0705735419481021,0.9322054982185364
33,vowel,0.13030926993595063,0.9359771832823753,0.09010937151006776,0.9428834617137909,0.07642323149350555,0.9371464997529984,0.07642067896170386,0.9433456808328629
33,vowel,0.12423780234191921,0.9312156289815903,0.10596606303786937,0.9441130682826042,0.13209259842512627,0.9344456866383553,0.1097285255550227,0.9372284114360809
33,vowel,0.08633594359397333,0.9441809132695198,0.09402498048706896,0.9504343718290329,0.09336222046733042,0.9410141184926033,0.06955407676472405,0.9451433569192886
33,vowel,0.1403602435026678,0.9465616047382355,0.0797958927755629,0.9499497413635254,0.1001931369934819,0.9462039992213249,0.06513900294550617,0.9470101669430733
33,vowel,0.08633991583781897,0.9331830218434334,0.0953661392611335,0.9489040300250053,0.08820604345203874,0.9297423958778381,0.06805407680476065,0.9426520764827728
33,vowel,0.09740602826211668,0.9408261775970459,0.0875768832749429,0.9501581713557243,0.09270155543841532,0.9402763471007347,0.0680552277695815,0.9417669847607613
35,vowel,0.09469475818370916,0.9401459991931915,0.08153429747085848,0.9477413892745972,0.10972336206231799,0.944965623319149,0.10160987170438032,0.9474940448999405
35,vowel,0.13298598373628812,0.9307431057095528,0.09603972447218945,0.9443832710385323,0.11840283630938898,0.9353380799293518,0.08946994348491234,0.9421833455562592
35,vowel,0.11126078083877339,0.9463972300291061,0.08572311925464261,0.9523570165038109,0.1259463331996999,0.9387406781315804,0.08947045963383515,0.9439526498317719
35,vowel,0.1135997233241533,0.937709204852581,0.07424370122578094,0.9459556862711906,0.11438804856389326,0.9414592832326889,0.0716034184337345,0.9458246752619743
35,vowel,0.10670859300062381,0.9378255531191826,0.07753030803842396,0.944310873746872,0.12004722508244957,0.940796285867691,0.06706861834278628,0.9440314471721649
35,vowel,0.10160985357264694,0.9321671575307846,0.08757904643434748,0.9478806182742119,0.08820995840709846,0.9326081350445747,0.0857267410670834,0.9427295625209808
35,vowel,0.16997890903283125,0.9461919367313385,0.08695596529693032,0.9484946057200432,0.1413043745470623,0.9463670700788498,0.07212546043770854,0.9475037828087807
35,vowel,0.09204985015193153,0.9330800175666809,0.1037660174091598,0.9470674619078636,0.14130521846291186,0.9354089945554733,0.088837915847379,0.9296568483114243
35,vowel,0.09672434290331353,0.9368050470948219,0.09604230127461451,0.9501277282834053,0.09879291141941665,0.9407480135560036,0.08883481773482853,0.9473961666226387
37,vowel,0.07532444304734537,0.9417824074625969,0.0901076847215786,0.9503901675343513,0.10821045748926678,0.9409681335091591,0.06854978899910716,0.9381318464875221
37,vowel,0.1044938720769582,0.9437997117638588,0.1030421464446698,0.9524268358945847,0.07532561686579321,0.9377444013953209,0.07922558967806825,0.9481531232595444
37,vowel,0.09270263210767704,0.9385630935430527,0.07264766232081349,0.9477259889245033,0.1030386122268712,0.9402378275990486,0.08036966229280204,0.9475539326667786
37,vowel,0.08695767771108548,0.9398169666528702,0.09740572294606041,0.950087420642376,0.08695834589363517,0.9370562508702278,0.060985740048315425,0.9415056221187115
37,vowel,0.14513963840517724,0.9384536296129227,0.09204963250008924,0.949749656021595,0.14130675953637076,0.9440689980983734,0.09139908033122986,0.9458375722169876
37,vowel,0.09809566994096383,0.9398245289921761,0.09270424436614928,0.9504678770899773,0.12854616786672884,0.9412751197814941,0.06905204978771187,0.9449362605810165
37,vowel,0.11048769956584668,0.9396275952458382,0.09139543409852649,0.942302517592907,0.12766828929903598,0.9342068359255791,0.08695681284674515,0.9355479851365089
37,vowel,0.11438608880764124,0.9480873048305511,0.08883376955790277,0.944471187889576,0.09878972535695486,0.9401435554027557,0.08211976848084397,0.9423494040966034
37,vowel,0.08757757843606406,0.9392610639333725,0.09469502214976543,0.9495420679450035,0.09948476860305215,0.9434765875339508,0.07006079222707344,0.9500779137015343
38,vowel,0.08946905717877492,0.9391641989350319,0.08883514798385948,0.9449336677789688,0.08820607213075182,0.9365565404295921,0.07979644333780968,0.9452806711196899
38,vowel,0.08511359428227015,0.9427107498049736,0.09270226864532445,0.9453166574239731,0.07532466574733714,0.937349908053875,0.07264722043492254,0.9471599906682968
38,vowel,0.11281237310565545,0.9412805140018463,0.08820252389087212,0.9446226209402084,0.10670877887068846,0.9347195103764534,0.08153319375505948,0.9455744177103043
38,vowel,0.08947196627065128,0.9389283955097198,0.09604366250564274,0.9498360008001328,0.08330752322076176,0.9393323063850403,0.07865554820197072,0.9505089968442917
38,vowel,0.08212079544664,0.9347693473100662,0.0809514452991882,0.9456705376505852,0.0792245238722747,0.9362634047865868,0.08634070070051354,0.9477492198348045
38,vowel,0.1008929966189271,0.9392963871359825,0.08094822097168394,0.9422630071640015,0.0780908715610772,0.9355596974492073,0.06805174716188954,0.9411563873291016
38,vowel,0.11759111954195199,0.9359787181019783,0.08511368399547624,0.9445018097758293,0.09270330878674472,0.93993129581213,0.06466415971559805,0.9464403726160526
38,vowel,0.09469679162714194,0.946862481534481,0.0894705885976585,0.9504691511392593,0.12594450263060583,0.9429739192128181,0.07108652519748435,0.9505318775773048
38,vowel,0.09139687765385543,0.939019538462162,0.0940245586550461,0.9475841447710991,0.08572338308726793,0.9391518160700798,0.06955372793070932,0.9458318427205086
39,vowel,0.07865597790098888,0.9374251216650009,0.08094956312948429,0.9462230429053307,0.09948610515239355,0.9382680729031563,0.08450761142388438,0.9449304789304733
39,vowel,0.0987906835802754,0.9377907514572144,0.08271125617513361,0.9446572959423065,0.08511497452105966,0.9401818811893463,0.07478606138744864,0.9348803237080574
39,vowel,0.07865566243348819,0.9411418735980988,0.06513836707487476,0.9471621587872505,0.07532569483328051,0.9448425099253654,0.08634034567930621,0.9500520527362823
39,vowel,0.08946706106609126,0.9451746270060539,0.07752917087510282,0.9478943720459938,0.09740461058123721,0.9433216229081154,0.07370767638004132,0.9442035034298897
39,vowel,0.0764203687112384,0.9311758354306221,0.08572071641553701,0.9506969153881073,0.10449412760498714,0.9392701908946037,0.08946862329845352,0.9347443878650665
39,vowel,0.08633780147470796,0.9355909153819084,0.09010669306454669,0.9467473849654198,0.1104907151179954,0.9415794536471367,0.07642348369999905,0.9373213276267052
39,vowel,0.10522515044830509,0.93354681879282,0.08450451376469399,0.9483993425965309,0.10820443110655582,0.9435262978076935,0.07979602295424476,0.9426341205835342
39,vowel,0.08820169261391352,0.9435245171189308,0.07370728783919582,0.9461261332035065,0.09809371204464903,0.9417319521307945,0.0803698909198984,0.9425779655575752
39,vowel,0.06706665916828206,0.9470584020018578,0.07979490802076719,0.9471279159188271,0.06514016362330922,0.9414037130773067,0.07642068111018074,0.9459004923701286
40,vowel,0.1112590801112137,0.9392376244068146,0.0974048338732585,0.9521097913384438,0.11678240501836085,0.943687193095684,0.08450663237460727,0.9456930384039879
40,vowel,0.1268067547667918,0.9390881359577179,0.10522769093764227,0.9556493014097214,0.1208744844953571,0.9353949651122093,0.09010978748114135,0.9463993534445763
40,vowel,0.10160863003301793,0.9315279051661491,0.10232240600234599,0.9533702433109283,0.09879064922860127,0.9398415386676788,0.08390635381520026,0.9450791552662849
40,vowel,0.06280115226979092,0.9340321347117424,0.08037081085568475,0.9513009637594223,0.08095304678427491,0.9302904978394508,0.0786575337214034,0.9461866244673729
40,vowel,0.10304199203197045,0.9439162984490395,0.08633751240025109,0.9500947073101997,0.10089746425642777,0.9421128928661346,0.07979384850848306,0.9472722411155701
40,vowel,0.07006066108170228,0.9350963607430458,0.09809612141490756,0.9437615722417831,0.09469554795507071,0.9418009668588638,0.06955198398594192,0.9450986310839653
40,vowel,0.0851135561881819,0.9303249567747116,0.07532345968828094,0.9410873651504517,0.09270287355348286,0.9318703636527061,0.09809575599629126,0.9289476647973061
40,vowel,0.09402556145721792,0.9284512996673584,0.10304148009985346,0.9540864303708076,0.10670989918684931,0.9398614317178726,0.07371061942873361,0.9414711445569992
40,vowel,0.12254327130234333,0.944014310836792,0.10304385141400944,0.9549669846892357,0.10820992084991993,0.9421660229563713,0.08037316452578952,0.951848030090332
41,vowel,0.09010899253955801,0.9261813536286354,0.07370768419135551,0.9429003447294235,0.11281371098369691,0.9322167411446571,0.09740742585496846,0.9427880793809891
41,vowel,0.08634090265162363,0.9290038198232651,0.0618864925177632,0.9481534771621227,0.1242392227866168,0.9320239275693893,0.07057166079061335,0.941644124686718
41,vowel,0.07753180073968195,0.934892475605011,0.06009658197649684,0.9444526135921478,0.07371007638017997,0.9322262704372406,0.06755721792281817,0.9403158873319626
41,vowel,0.08946910117838923,0.9235729053616524,0.06657925281637965,0.9466143846511841,0.09604397315690492,0.9232233390212059,0.06609549819724993,0.9424366690218449
41,vowel,0.07424554298006482,0.9295509979128838,0.06419415586209648,0.9381443075835705,0.07865702629194236,0.9255476072430611,0.05625061388411761,0.9235936924815178
41,vowel,0.07809075592023569,0.9256827905774117,0.0680504416480819,0.9421886131167412,0.08695655598504361,0.9244605451822281,0.07317857135793389,0.9380305260419846
41,vowel,0.05708252820790479,0.9284297898411751,0.07697228429773566,0.9424790889024734,0.07057347387083283,0.9266830831766129,0.08947414780434938,0.9360056817531586
41,vowel,0.07642084320562374,0.9303119108080864,0.06854763520894278,0.9491334557533264,0.09809736189666261,0.9285569563508034,0.09604006282152501,0.9409645795822144
41,vowel,0.07370896951926093,0.9214966669678688,0.05835423214341016,0.946301557123661,0.09402735868545795,0.9280578047037125,0.0627983131586483,0.944596454501152
42,vowel,0.10972626331684246,0.941531777381897,0.09809750966853391,0.947229191660881,0.10449695818482346,0.9454987123608589,0.11598153000278691,0.9464520215988159
42,vowel,0.10018720026862496,0.9385722726583481,0.10304096469626442,0.9507068023085594,0.1104887840190752,0.9410521313548088,0.07160254109515723,0.9444519206881523
42,vowel,0.11597742127758871,0.9454587772488594,0.10745544171066465,0.9523493275046349,0.0894696144116616,0.9397780820727348,0.0665801864394769,0.9460818767547607
42,vowel,0.10160761905678982,0.9413160607218742,0.10232221211583012,0.9502943828701973,0.09604219657974285,0.9429023936390877,0.08153556388135932,0.9445050358772278
42,vowel,0.12338586442389285,0.9462920427322388,0.08947022029101034,0.949981078505516,0.10671007027109987,0.9401026219129562,0.07264903707359265,0.9446800947189331
42,vowel,0.11518361441846695,0.945069245994091,0.10019015860927039,0.9510290026664734,0.10820925981487542,0.9454067200422287,0.08330697884883687,0.9473522007465363
42,vowel,0.1030443080145834,0.9463374614715576,0.08572525808766557,0.9493937939405441,0.10304227510564938,0.943337932229042,0.0753249728779561,0.9513773173093796
42,vowel,0.15105744796413298,0.9507209956645966,0.09879232029260286,0.9528298005461693,0.10450051378832437,0.9476572871208191,0.08511362511818844,0.951239213347435
42,vowel,0.08450892537484445,0.9374241158366203,0.09672508653923417,0.9488182067871094,0.1008970342946744,0.9427961930632591,0.06904918402407705,0.9501940757036209
43,vowel,0.10745229303134278,0.9394058734178543,0.08450908758555023,0.9469130709767342,0.08947038451807861,0.9448891952633858,0.06188764749108352,0.943477638065815
43,vowel,0.10089477118400043,0.9463232085108757,0.09672646298084758,0.946249708533287,0.08211908287226644,0.9460245370864868,0.06609570594514108,0.9503263682126999
43,vowel,0.1320868371777681,0.9392479583621025,0.08820526341370713,0.9480466991662979,0.12087442159691826,0.9394614696502686,0.08212241000981357,0.9427868723869324
43,vowel,0.10820485890205393,0.9403700530529022,0.10820845648229611,0.9494413509964943,0.1276711234416147,0.942454144358635,0.08212266409352798,0.9460356310009956
43,vowel,0.11840227038722416,0.9487812146544456,0.096043646415932,0.9534431621432304,0.09604222603083541,0.9445413649082184,0.0769738937631882,0.9452003836631775
43,vowel,0.0960415044644066,0.9292318001389503,0.09948499693856087,0.9467101842164993,0.09469322836255234,0.9329769611358643,0.08037011353982762,0.9431608691811562
43,vowel,0.08883432771145817,0.9457333758473396,0.0967236711635376,0.9523783773183823,0.11597896361286741,0.9502692744135857,0.08511284384481274,0.950113981962204
43,vowel,0.07922283449114934,0.9401689693331718,0.08511480530492983,0.9432799741625786,0.09204774594004923,0.9437365531921387,0.07865723216729333,0.9460709020495415
43,vowel,0.11597764514752798,0.9438938274979591,0.09336182611627857,0.94873858243227,0.12254399744253386,0.9420792534947395,0.0690483496276873,0.9480197504162788
44,vowel,0.08331159189633514,0.936890684068203,0.09878787384985638,0.9463287964463234,0.09604566155089449,0.9393004700541496,0.0888356662555485,0.9482712671160698
44,vowel,0.09075972672664062,0.933609813451767,0.10304168870987684,0.947186678647995,0.08572763637607878,0.9306600987911224,0.06855024566172783,0.9483470395207405
44,vowel,0.08633838305800351,0.9354230687022209,0.08330464302869364,0.9457716569304466,0.0786587405757489,0.9362367987632751,0.07057337910545847,0.9450215697288513
44,vowel,0.09671981385712751,0.9403877928853035,0.08695384663530932,0.9431104362010956,0.10376496424703915,0.935641884803772,0.07587041439135951,0.9429081976413727
44,vowel,0.12942076924477802,0.9308484867215157,0.07922145939737833,0.9427432864904404,0.0953640686640955,0.9324758499860764,0.08695702384167732,0.942410834133625
44,vowel,0.1250823942635292,0.9447011202573776,0.08946753011636051,0.9455864727497101,0.11048746361860878,0.9365535452961922,0.06755964177605611,0.945017971098423
44,vowel,0.115180942325226,0.9353858307003975,0.09139508305310486,0.9473844617605209,0.09205017578424077,0.9392576515674591,0.0953663689379773,0.9426883161067963
44,vowel,0.11922030075252275,0.9411459416151047,0.08757707317690835,0.9417510852217674,0.10596553129139592,0.9319852292537689,0.07865467600146138,0.9423108398914337
44,vowel,0.08511401294414832,0.9358189180493355,0.08511239520643708,0.9434414058923721,0.07109058011155116,0.9384510815143585,0.07865702206378307,0.9414655640721321
46,vowel,0.08634000759923831,0.9446240290999413,0.1008970134878715,0.9458929374814034,0.12594725909338927,0.9347801804542542,0.09604547087939652,0.9354083016514778
46,vowel,0.11359793196541977,0.935532458126545,0.10522796860052083,0.9401449114084244,0.1422544195697041,0.9340513944625854,0.094025855702087,0.9391929805278778
46,vowel,0.05965834957052939,0.9343039877712727,0.083906779834863,0.9418120831251144,0.09536752530433774,0.9396442323923111,0.06955557188322066,0.9456892609596252
46,vowel,0.11922037836272456,0.9382197260856628,0.09604005414267941,0.9402279853820801,0.10596568248774295,0.940165176987648,0.07753037690456627,0.941916212439537
46,vowel,0.09878620594386729,0.9450830519199371,0.08820401655049018,0.9451438635587692,0.10596407892458165,0.9401733577251434,0.07478181550543332,0.9418956115841866
46,vowel,0.07587534416647426,0.9298885315656662,0.08451050608826162,0.9436121881008148,0.07160631738301335,0.9260214045643806,0.06756281148088586,0.9264296740293503
46,vowel,0.09469408033550743,0.9411919414997101,0.0913964391144943,0.9426747262477875,0.09402611622230249,0.9358875975012779,0.0747829737081662,0.9294395074248314
46,vowel,0.10019033540551214,0.9509637430310249,0.09809671278294807,0.9510478228330612,0.129422317112478,0.9508030787110329,0.08037087711160536,0.9459367841482162
46,vowel,0.07753105511615493,0.936808243393898,0.08947091442403482,0.9507588967680931,0.10972632113133259,0.9472718089818954,0.07979652737753112,0.9420928731560707
47,vowel,0.10522944735472564,0.9429868385195732,0.08094934555669749,0.9498971551656723,0.10523018821059661,0.9384501725435257,0.0731789353297488,0.9429306089878082
47,vowel,0.07922644952902065,0.9388695806264877,0.09139773864295944,0.952551357448101,0.07478559587729196,0.9337800964713097,0.07212641796018184,0.9437633529305458
47,vowel,0.08036936459383441,0.9294364526867867,0.07424057124006125,0.9479473158717155,0.10089413114793609,0.9426592364907265,0.0592206859846313,0.9398264475166798
47,vowel,0.13298047001072993,0.9418370127677917,0.06805093535122847,0.943607933819294,0.10895978593689619,0.9376577511429787,0.07979495218985612,0.9403162151575089
47,vowel,0.10449104782769975,0.9392473921179771,0.05792696089047722,0.9414081238210201,0.10376158313439365,0.9417472034692764,0.08036968132707671,0.9439136907458305
47,vowel,0.11840548258454134,0.9440144449472427,0.08095021923159097,0.9483111947774887,0.10670729993997874,0.943568654358387,0.06419659529914191,0.9406039230525494
47,vowel,0.08271155918022634,0.9372509568929672,0.08450569311965175,0.95405363291502,0.08572352535092605,0.9401739314198494,0.07753167684893024,0.9480406492948532
47,vowel,0.1001860278620112,0.9416959062218666,0.06419195957193835,0.9489151164889336,0.11597977264805087,0.9390550181269646,0.06609693385816356,0.942367784678936
47,vowel,0.07865708279871717,0.9286071360111237,0.07264799059303825,0.9452119246125221,0.0940293282470878,0.9395409300923347,0.07057182075619624,0.9439642056822777
58,vowel,0.1016076481740589,0.9306295588612556,0.05341125588441275,0.9408388957381248,0.10972358069398759,0.9345899671316147,0.08572317827588127,0.9452700540423393
58,vowel,0.07809315546477484,0.9317919313907623,0.07006077123947031,0.9437757954001427,0.0863402541290889,0.9336227402091026,0.06905228280559782,0.939632922410965
58,vowel,0.0882037854687003,0.9193231612443924,0.0627999455592149,0.9378822110593319,0.10089379271908104,0.9322978481650352,0.06372591389257831,0.9371836632490158
58,vowel,0.0857242114413063,0.932320736348629,0.07057130834620721,0.9451797902584076,0.089472740419737,0.9336597248911858,0.07006188574101757,0.9431081563234329
58,vowel,0.08330801538461603,0.923136942088604,0.07532427117380708,0.940043680369854,0.10089759965489963,0.9241353645920753,0.07006528918002665,0.9356776177883148
58,vowel,0.07922547076256474,0.9266591966152191,0.08094888219282777,0.9439965337514877,0.10820969851810187,0.9346046447753906,0.08212227955072428,0.9421244412660599
58,vowel,0.07424605249342213,0.9259017184376717,0.07753093141380082,0.9484452083706856,0.11126290594514565,0.9422663748264313,0.07922567495496118,0.939211294054985
58,vowel,0.08511243046692252,0.9348212257027626,0.08153153196211364,0.9486265033483505,0.07212382572589793,0.9324093982577324,0.07006076212541021,0.9434317871928215
58,vowel,0.101607445864881,0.9493128135800362,0.08153295361189214,0.9476571306586266,0.09740809088160818,0.9449777752161026,0.07979637082814536,0.9441508203744888
66,vowel,0.07532455264418925,0.9262580201029778,0.07865852925633078,0.9368157833814621,0.08330484752427897,0.9340780600905418,0.060987279597203695,0.9411792494356632
66,vowel,0.09336321711148092,0.9428465440869331,0.08212095143527301,0.9455472901463509,0.11281423959976032,0.9424148797988892,0.06854903511975739,0.9473172128200531
66,vowel,0.09075612943833969,0.9181716740131378,0.07979463919116302,0.95127934217453,0.12004852010543667,0.9231550097465515,0.07979739457198634,0.9473828971385956
66,vowel,0.105228597180936,0.944797120988369,0.08947100406663942,0.9494193196296692,0.10160639992360115,0.9442270323634148,0.0839053892610692,0.9465597942471504
66,vowel,0.15509794755335474,0.9418643265962601,0.07642093201390084,0.9481627568602562,0.12170489668388752,0.9431028887629509,0.06905039307205216,0.9467778131365776
66,vowel,0.12254177132184972,0.9440709799528122,0.06904909113824516,0.9481975361704826,0.12087329850860212,0.9453285485506058,0.07922481243263947,0.9477472230792046
66,vowel,0.07532502166090081,0.9396301582455635,0.07264813542129217,0.9489205554127693,0.10304045214946211,0.94431471824646,0.07006180169604184,0.9444558024406433
66,vowel,0.10160399656272401,0.9401263371109962,0.09536568667102599,0.9501205086708069,0.108961192642676,0.9405138418078423,0.06372580947975867,0.9488264881074429
66,vowel,0.06561570091705014,0.9454327523708344,0.08095056843004723,0.9476979002356529,0.072125693366035,0.939691349864006,0.06854980789327095,0.9463360533118248
67,vowel,0.0803718009488599,0.9258244410157204,0.09469456352362292,0.9480789676308632,0.11598226102427148,0.9363591894507408,0.06706808488334277,0.9362407848238945
67,vowel,0.11438915745659461,0.9387547969818115,0.0716035152450154,0.9439810290932655,0.08511681302028416,0.9360488951206207,0.06513945693614265,0.9395666494965553
67,vowel,0.0797958654084851,0.9406014382839203,0.07532555307387327,0.9458392411470413,0.09270489597785345,0.939187303185463,0.06326202177261982,0.9471731334924698
67,vowel,0.13030571009025846,0.9226110503077507,0.08883327910016815,0.9452132135629654,0.1259417343665477,0.9301086440682411,0.0721247433557009,0.9275745004415512
67,vowel,0.08947154291068826,0.9255798161029816,0.07922563248731793,0.9369068145751953,0.08572515814240404,0.9344694316387177,0.06188733031614221,0.9334383830428123
67,vowel,0.10232060559769926,0.9274042919278145,0.0815325039850449,0.9422623366117477,0.08572374579045135,0.9315872937440872,0.06279895542162205,0.9388584122061729
67,vowel,0.08820434111001563,0.940519817173481,0.10304262331571513,0.9496767595410347,0.09402304983830535,0.93714589625597,0.05542337313350177,0.9384299516677856
67,vowel,0.10304397173129969,0.9364785999059677,0.060985961284951665,0.9395836070179939,0.09469536527822657,0.9365562796592712,0.09270567653440924,0.9375215619802475
67,vowel,0.09402546089596622,0.9392906650900841,0.09740777059624225,0.9373360797762871,0.10596599213869906,0.9340728595852852,0.06326157982858203,0.9395047016441822
70,vowel,0.07587030563289465,0.9415717497467995,0.08330696998959992,0.9467983394861221,0.10376554841231615,0.9400944486260414,0.07532734562903376,0.9455829113721848
70,vowel,0.0716023608292507,0.9406361058354378,0.08212105013429272,0.946344368159771,0.0651389335626952,0.9337924122810364,0.07006122898476104,0.9350628331303596
70,vowel,0.06706929188093966,0.9318031966686249,0.1112602379669358,0.9462452158331871,0.07108669699672361,0.9393672347068787,0.06280380450920327,0.9396199695765972
70,vowel,0.07809314812057565,0.9266977980732918,0.08450845099672362,0.9463397338986397,0.08271165590993185,0.9392633959650993,0.07809293312653617,0.9416535198688507
70,vowel,0.08450965810164598,0.9263298213481903,0.07979522055409609,0.9469434395432472,0.13119657296984544,0.934374175965786,0.07865810346807395,0.9387831911444664
70,vowel,0.10376646713844713,0.9325871840119362,0.10522850490094733,0.945279911160469,0.07212542490245615,0.9336505383253098,0.11840602842036892,0.9394671693444252
70,vowel,0.04708039503245576,0.9397673308849335,0.07370834994503321,0.9359472990036011,0.056245414206774806,0.9458418227732182,0.055422954522206185,0.9349913634359837
70,vowel,0.10972531964744864,0.9363075420260429,0.08572468507174612,0.9445544853806496,0.10896376404703823,0.9387749135494232,0.08450851040378674,0.9389248564839363
77,vowel,0.09878621879213317,0.9533092007040977,0.06098338120791051,0.9445743970572948,0.06419408006778246,0.9408381432294846,0.08572258540377246,0.9440558701753616
77,vowel,0.11518251492263298,0.9290140718221664,0.07587000390985524,0.9422511234879494,0.09336338586926533,0.9390858486294746,0.0726502705358746,0.9421145617961884
77,vowel,0.10972251329616045,0.9376059770584106,0.07005789816886944,0.9416146725416183,0.08572235845091612,0.9256630167365074,0.0769727348918439,0.9396054372191429
77,vowel,0.08330379539671254,0.9430144056677818,0.08153122678957496,0.945060171186924,0.08946799488916912,0.9407025575637817,0.07005997501993934,0.9474154636263847
77,vowel,0.07317872779501404,0.9370870515704155,0.0758704005788438,0.9480114057660103,0.06372694996479872,0.9411965273320675,0.06326296486201849,0.946431715041399
77,vowel,0.1143873087293863,0.934873677790165,0.10303956685580559,0.949295811355114,0.10896681525102314,0.9325994104146957,0.11678746360302276,0.936164379119873
77,vowel,0.11203651559638744,0.9226271584630013,0.09469192725725334,0.9383793622255325,0.09469413058808884,0.9289941564202309,0.09270452734495636,0.937238872051239
77,vowel,0.11125853443591815,0.9247897490859032,0.09010656250016823,0.9484163746237755,0.11758990484901052,0.9390603676438332,0.07753123061347048,0.9470060393214226
78,vowel,0.09469199915873555,0.9380825683474541,0.0974062919298049,0.9444352462887764,0.16454386148906394,0.9366926848888397,0.07865681258763516,0.9442053660750389
78,vowel,0.07922873559585475,0.9336085692048073,0.09336727691083462,0.9486776888370514,0.08696131450274365,0.935549333691597,0.07642021388107091,0.9362457990646362
78,vowel,0.1613447453954024,0.9337555468082428,0.08883426399476861,0.9433663040399551,0.12680315473639056,0.9439287632703781,0.05542295537230465,0.9367423169314861
78,vowel,0.06562014700106032,0.9385495893657207,0.09011359160749681,0.9453719556331635,0.06658522332110937,0.9420921802520752,0.06098795333723876,0.9408117644488811
78,vowel,0.09810152473648619,0.941589891910553,0.09469654627514075,0.9458150491118431,0.08696026772149612,0.9433455541729927,0.05301968243439961,0.9425288923084736
78,vowel,0.10670901728262126,0.9343248158693314,0.06280516399644899,0.9335929751396179,0.11922712343946608,0.9379638656973839,0.052240440692152494,0.9327499829232693
78,vowel,0.11125652029618913,0.9428827837109566,0.08633691313292213,0.9454512968659401,0.08271123606034801,0.9364996626973152,0.06143442138332463,0.9430001303553581
79,vowel,0.05624671666861018,0.9266434572637081,0.06854873754255097,0.9434871673583984,0.06053857052190457,0.9348842278122902,0.07370955763038439,0.9315521568059921
79,vowel,0.06098795299991127,0.9229314252734184,0.0913988283714781,0.9475301951169968,0.08450901940716075,0.9213951900601387,0.07006288017147182,0.9406984746456146
79,vowel,0.08757804995384659,0.9332276061177254,0.07212335640319836,0.9444184824824333,0.10522636121632234,0.9392848983407021,0.07264942955232019,0.9316979572176933
79,vowel,0.07697577738654449,0.9252500683069229,0.08211918969473156,0.9495130106806755,0.08212148825773753,0.9333773404359818,0.09402909279748785,0.9426819384098053
79,vowel,0.08094949051010872,0.9386157840490341,0.085726069366916,0.9497872963547707,0.08757853829106244,0.9436007291078568,0.08947296721322429,0.944152943789959
79,vowel,0.0946941395388593,0.9318923428654671,0.08094848124291384,0.9466425105929375,0.09139977871577323,0.929569698870182,0.08634036847659264,0.9273456633090973
79,vowel,0.07753112806261696,0.9286464378237724,0.07642028261047017,0.9464365765452385,0.08153440976006703,0.939866453409195,0.06513951316468324,0.9420097135007381
79,vowel,0.08450767931485335,0.9302148818969727,0.07697288449654882,0.9449299424886703,0.09809846592982817,0.9347868636250496,0.08037136388324187,0.9417139515280724
109,vowel,0.06904933488435296,0.9332836046814919,0.09139577729826898,0.9482848271727562,0.08883572622537367,0.931548535823822,0.09011107083527864,0.9394320547580719
109,vowel,0.10018499959352573,0.9393385052680969,0.0742432297801265,0.9408319145441055,0.11921918626165766,0.934832327067852,0.06466432474430618,0.9385084472596645
109,vowel,0.15612888824110469,0.9316294640302658,0.10304090513178865,0.9474106580018997,0.1895474142119788,0.9390193670988083,0.0821211301599584,0.9432875886559486
109,vowel,0.06805329035560223,0.9255920574069023,0.07979311228538723,0.9486175328493118,0.09075267725812786,0.928522415459156,0.09010938709338609,0.9381079822778702
109,vowel,0.11517777517141566,0.9373487532138824,0.07922155518356322,0.9510422050952911,0.11921960167172069,0.9363763108849525,0.07317675333000716,0.9434174075722694
109,vowel,0.0780937348696865,0.9280780330300331,0.08633590454250678,0.9508673325181007,0.07865668160549112,0.932163693010807,0.09672148516612465,0.9458201974630356
109,vowel,0.12422934396441937,0.9492323696613312,0.08330714922153841,0.9440552070736885,0.10449026864557735,0.9502930492162704,0.060986492774616596,0.9399460144340992
109,vowel,0.184789330160043,0.9384900480508804,0.09010475213704369,0.9545729458332062,0.14129833533735872,0.9369813948869705,0.07922492306452668,0.9417669028043747
109,vowel,0.09204774867397379,0.9373860955238342,0.07478123959139832,0.9463272094726562,0.1200458189559062,0.9355592578649521,0.07006146476793351,0.9417853802442551
109,vowel,0.060541069913618635,0.9299717657268047,0.07370689024054525,0.945422537624836,0.07753157336676704,0.9335351511836052,0.09010926674932346,0.9392523393034935
109,vowel,0.06561698359008084,0.9327092096209526,0.08883291968860967,0.951556071639061,0.09948720504542956,0.9379209950566292,0.07317745055903252,0.9432631283998489
109,vowel,0.12942039454570536,0.9426626935601234,0.0839023592691293,0.9538249224424362,0.16029022049997368,0.9427234679460526,0.073709871113216,0.9478499442338943
111,vowel,0.07587203391968764,0.9259172677993774,0.0869552789397896,0.9449339136481285,0.1259416662557781,0.9237829223275185,0.0721277527415428,0.9321876764297485
111,vowel,0.09740599634116213,0.9342607408761978,0.08094789417891515,0.9474259316921234,0.11840315601144907,0.9341618046164513,0.08511350234472993,0.944063164293766
111,vowel,0.09604147095935923,0.9458168596029282,0.09075100890237012,0.9499066919088364,0.07478139583129192,0.943107932806015,0.06419392012271456,0.9429553411900997
111,vowel,0.09948744361231142,0.9390974342823029,0.10596808532665696,0.9488960057497025,0.0863387017343383,0.9392439424991608,0.07865721827463049,0.9465702548623085
111,vowel,0.08212181343453753,0.9279316291213036,0.09074976359592209,0.9485358446836472,0.12508594840948029,0.9353367760777473,0.08095267318218988,0.9362621456384659
111,vowel,0.06706939464339719,0.922283224761486,0.09270405925122337,0.9431329220533371,0.09402871554982867,0.9363944381475449,0.06955660880052401,0.9392291754484177
111,vowel,0.08450837363844262,0.9396106153726578,0.08212128434179408,0.9491930231451988,0.09469439728842909,0.9401418715715408,0.07265178854568792,0.9414779245853424
111,vowel,0.07370701610247744,0.940975159406662,0.09402393886428126,0.9400736391544342,0.08390143075489635,0.9387409836053848,0.06955412865355734,0.942455567419529
111,vowel,0.07865380518923791,0.9388390406966209,0.09074867511762902,0.9470651298761368,0.10745207257207291,0.9412605985999107,0.07006152904443387,0.9415135532617569
111,vowel,0.08212061543852447,0.9329298138618469,0.07587031273102258,0.9506216198205948,0.08947019568283644,0.9444601610302925,0.07642161597011432,0.9446374997496605
113,vowel,0.08450519901569666,0.9448761641979218,0.094025810523657,0.9444261863827705,0.06804939830114555,0.9458006098866463,0.06513695633863324,0.949940625578165
113,vowel,0.09603857158455874,0.9466108083724976,0.10232126004071365,0.9479989036917686,0.0994838677922613,0.9483475163578987,0.07108422298425184,0.9486325234174728
113,vowel,0.10522469954758273,0.9498768597841263,0.10018939380739593,0.9514469057321548,0.10089272592013551,0.9389260560274124,0.07587129340369014,0.946839228272438
113,vowel,0.07865429218164263,0.9458554312586784,0.08450736860060866,0.9476781189441681,0.07264759767682301,0.9485620632767677,0.0731776609780298,0.949026808142662
113,vowel,0.10820470350528061,0.9433754682540894,0.10376384626505557,0.9476303979754448,0.12594063666459362,0.9392910823225975,0.08153270733217441,0.9489595293998718
113,vowel,0.07317779599194815,0.9431334435939789,0.09604360391018213,0.9487215951085091,0.08094972279979894,0.947149395942688,0.07532635444487354,0.9469097778201103
113,vowel,0.09204695095099519,0.9397671520709991,0.09879085352142424,0.9509881436824799,0.10820285845647415,0.9458147883415222,0.06561522697848016,0.9499229155480862
113,vowel,0.08330516832817363,0.9415209144353867,0.09270273762053957,0.949976347386837,0.0882052396874252,0.9366384446620941,0.0637255181062932,0.9438124671578407
113,vowel,0.08153246727634744,0.9447202906012535,0.10376736867544528,0.949475534260273,0.10820531551354202,0.9447091743350029,0.06098469999863726,0.9462741427123547
113,vowel,0.09402726079466571,0.9474537447094917,0.10671049192231148,0.9502503201365471,0.11598085385982457,0.943591482937336,0.06706865905898608,0.9471335858106613
115,vowel,0.14417694490789104,0.9463945776224136,0.0980968410586193,0.9535853266716003,0.1394229763264779,0.9457012116909027,0.10597125924137907,0.9446771144866943
115,vowel,0.09536743431003585,0.9414299726486206,0.07865499388428891,0.9481261670589447,0.08095133347739027,0.943585991859436,0.0815360963523615,0.9441689029335976
115,vowel,0.09139886826424226,0.9482910707592964,0.08511418651332024,0.9541496485471725,0.08212209953382604,0.9471371024847031,0.08330738585310843,0.9480225369334221
115,vowel,0.09270505338210122,0.9358864948153496,0.0940249663563285,0.9516712203621864,0.12004852969551198,0.9440609440207481,0.08271243095119896,0.9420037791132927
115,vowel,0.09604238803898235,0.9484261721372604,0.07370809886300542,0.9523245990276337,0.08946945185538625,0.9457007348537445,0.07979713957468325,0.9404404833912849
115,vowel,0.086957154850285,0.9418305531144142,0.08757836271065395,0.9518926739692688,0.09740796532481755,0.9417368024587631,0.07532582199901515,0.9459109380841255
115,vowel,0.10018761562311494,0.9420540779829025,0.0882045527030524,0.9499017670750618,0.11517881596853986,0.9462052583694458,0.08883528977092404,0.9463367238640785
115,vowel,0.07587370701098105,0.9314503893256187,0.08633785857224283,0.9499168395996094,0.10596732266662783,0.9370659068226814,0.0665829611009988,0.942052349448204
115,vowel,0.08153525748948841,0.9279280230402946,0.07532404827600762,0.9421606436371803,0.10232309707700667,0.9334134981036186,0.06755859487036663,0.9394266977906227
115,vowel,0.09948860357430744,0.9398886188864708,0.0920477901962253,0.9486952051520348,0.08450920474250494,0.9417608380317688,0.07642227939698885,0.9404918253421783
117,vowel,0.07006179337920045,0.9284901097416878,0.09809640045993145,0.9530538469552994,0.07922505414810616,0.9346047043800354,0.09604507258847261,0.9398325681686401
117,vowel,0.09879194980555643,0.9321208819746971,0.11360229406918425,0.9451050981879234,0.10596794081563181,0.9346199184656143,0.08883697825678746,0.9492482468485832
117,vowel,0.08883631283843241,0.9387521520256996,0.0882046985209364,0.9510770216584206,0.11678202937441132,0.943745031952858,0.09604273433591125,0.945188544690609
117,vowel,0.10089459763865481,0.9317904785275459,0.0974076433089194,0.9482482597231865,0.12854555022636915,0.9310745149850845,0.09075006782945524,0.9428712129592896
117,vowel,0.04743540634563706,0.9259087890386581,0.06372732226245267,0.9398759864270687,0.061436252202463106,0.927330918610096,0.06054055120882015,0.9301628582179546
117,vowel,0.09139899194523791,0.9315326437354088,0.08633808399939334,0.9472475722432137,0.09139959127305423,0.93216472864151,0.09075085708422613,0.9462900012731552
117,vowel,0.05583532651680259,0.9307976514101028,0.0845074964704755,0.9491163268685341,0.06855092268914453,0.934703566133976,0.0660970025401463,0.9389980547130108
117,vowel,0.08390446271346406,0.9368264004588127,0.08757814630013888,0.9494220241904259,0.11203416204166186,0.9399822130799294,0.10596709606745171,0.9441764950752258
117,vowel,0.07809252961411167,0.9251472353935242,0.08695687608643786,0.9477623775601387,0.1250860577542603,0.94442930072546,0.07753161830643282,0.9437694549560547
117,vowel,0.05708189574041015,0.9275953881442547,0.08037046279135462,0.9479769542813301,0.08390519220567293,0.9344620108604431,0.08572345208677423,0.9423006549477577
