id,pid,label_y,roberta_label,roberta_score,roberta_p_neg,roberta_p_neu,distilbert_label,distilbert_score,distilbert_p_neg,arm_roberta,arm_distilbert,arm_roberta_selected,arm_distilbert_selected
0,300,0,positive,0.974005,0.0038575046,0.0221375,positive,0.9997361302375793,0.0002638697624206543,agreement,agreement,none,none
1,300,0,neutral,0.20767489,0.018581038,0.77374405,negative,0.08121683448553085,0.9187831655144691,none,conflict,none,conflict
2,300,0,neutral,0.66155124,0.034939434,0.3035093,positive,0.9724642634391785,0.027535736560821533,none,agreement,none,agreement
3,300,0,neutral,0.6653653,0.044638675,0.28999606,positive,0.9953723549842834,0.004627645015716553,none,agreement,none,agreement
4,300,0,neutral,0.3832855,0.019800218,0.59691435,negative,0.03102540597319603,0.968974594026804,none,conflict,none,conflict
5,300,0,neutral,0.5680369,0.03347211,0.398491,positive,0.9764403700828552,0.023559629917144775,none,agreement,none,agreement
6,300,0,neutral,0.53564465,0.11823776,0.3461176,negative,0.024210257455706596,0.9757897425442934,none,conflict,none,conflict
7,300,0,neutral,0.0547678,0.58726966,0.3579625,negative,0.14164410531520844,0.8583558946847916,none,conflict,none,conflict
9,301,0,positive,0.9522451,0.0056620515,0.042092897,positive,0.9997994303703308,0.00020056962966918945,agreement,agreement,none,none
10,301,0,negative,0.12625249,0.7065296,0.16721787,negative,0.07972539216279984,0.9202746078372002,conflict,conflict,conflict,conflict
11,301,0,neutral,0.15945846,0.10335337,0.73718816,negative,0.027621246874332428,0.9723787531256676,none,conflict,none,conflict
12,301,0,neutral,0.30279785,0.1262809,0.5709212,negative,0.013318602927029133,0.9866813970729709,none,conflict,none,conflict
13,301,0,neutral,0.047573872,0.35742286,0.5950033,negative,0.13709890842437744,0.8629010915756226,none,conflict,none,conflict
14,301,0,neutral,0.40650722,0.05247526,0.54101753,positive,0.9826217889785767,0.01737821102142334,none,agreement,none,agreement
15,301,0,negative,0.011159804,0.92074144,0.06809877,negative,0.0002974084054585546,0.9997025915945414,conflict,conflict,conflict,conflict
16,301,0,neutral,0.0736654,0.5770146,0.34931996,negative,0.001015692250803113,0.9989843077491969,none,conflict,none,conflict
17,301,0,neutral,0.03743134,0.38435572,0.578213,negative,0.16126659512519836,0.8387334048748016,none,conflict,none,conflict
18,301,0,positive,0.7962374,0.0071344855,0.19662808,positive,0.998852014541626,0.0011479854583740234,agreement,agreement,agreement,agreement
20,301,0,neutral,0.067630835,0.5245832,0.40778592,negative,0.0006796148954890668,0.9993203851045109,none,conflict,none,conflict
21,301,0,neutral,0.4098606,0.1081185,0.4820209,negative,0.001937743742018938,0.9980622562579811,none,conflict,none,conflict
22,301,0,neutral,0.2966256,0.15837279,0.5450016,negative,0.0070825256407260895,0.9929174743592739,none,conflict,none,conflict
23,301,0,neutral,0.08293709,0.38017553,0.5368874,negative,0.03764866292476654,0.9623513370752335,none,conflict,none,conflict
24,301,0,neutral,0.15335962,0.19679724,0.64984316,negative,0.004239891655743122,0.9957601083442569,none,conflict,none,conflict
25,301,0,neutral,0.48824713,0.117931165,0.3938217,negative,0.0038330170791596174,0.9961669829208404,none,conflict,none,conflict
26,301,0,neutral,0.6886657,0.064717375,0.24661689,positive,0.9936442375183105,0.006355762481689453,none,agreement,none,none
27,301,0,positive,0.9023421,0.015018273,0.08263961,positive,0.9883047342300415,0.011695265769958496,agreement,agreement,none,agreement
28,301,0,neutral,0.08310907,0.3231781,0.59371275,negative,0.006803824566304684,0.9931961754336953,none,conflict,none,conflict
29,301,0,neutral,0.30514196,0.2877155,0.40714255,positive,0.8074473738670349,0.1925526261329651,none,agreement,none,agreement
30,301,0,positive,0.9154748,0.011809802,0.07271538,positive,0.9924615025520325,0.007538497447967529,agreement,agreement,agreement,agreement
31,301,0,neutral,0.4478824,0.048021797,0.50409573,neutral,0.31129565834999084,0.6887043416500092,none,none,none,none
32,302,0,positive,0.84873945,0.007899386,0.1433612,positive,0.9996249675750732,0.0003750324249267578,agreement,agreement,none,none
33,302,0,positive,0.96460366,0.0058109695,0.029585423,positive,0.9523966908454895,0.0476033091545105,agreement,agreement,agreement,agreement
34,302,0,neutral,0.6424898,0.058153573,0.29935667,positive,0.9983301758766174,0.0016698241233825684,none,agreement,none,agreement
35,302,0,neutral,0.10823313,0.11727124,0.77449554,negative,0.012188528664410114,0.9878114713355899,none,conflict,none,conflict
36,302,0,negative,0.020679394,0.7368703,0.24245037,neutral,0.3780234754085541,0.6219765245914459,conflict,none,conflict,none
38,302,0,neutral,0.09577348,0.14232826,0.76189816,positive,0.9826166033744812,0.0173833966255188,none,agreement,none,none
39,302,0,neutral,0.054007452,0.66403097,0.28196165,negative,0.0021114833652973175,0.9978885166347027,none,conflict,none,conflict
40,302,0,negative,0.013793661,0.7042564,0.28194994,negative,0.003349004779011011,0.996650995220989,conflict,conflict,conflict,conflict
41,302,0,positive,0.79568243,0.04785132,0.15646619,positive,0.8686268925666809,0.1313731074333191,agreement,agreement,none,none
43,302,0,neutral,0.63583654,0.056523383,0.30764008,positive,0.9976239800453186,0.0023760199546813965,none,agreement,none,agreement
44,302,0,positive,0.8538068,0.0155583145,0.13063487,positive,0.999530553817749,0.00046944618225097656,agreement,agreement,none,none
45,302,0,positive,0.95135564,0.002798146,0.045846146,positive,0.9990910291671753,0.000908970832824707,agreement,agreement,agreement,none
46,303,0,positive,0.9255135,0.006758582,0.06772789,positive,0.9998161196708679,0.00018388032913208008,agreement,agreement,none,none
47,303,0,neutral,0.018837279,0.5688037,0.41235897,positive,0.9914985299110413,0.00850147008895874,none,agreement,none,agreement
48,303,0,positive,0.810697,0.006160785,0.18314219,positive,0.993165910243988,0.006834089756011963,agreement,agreement,none,agreement
49,303,0,positive,0.9238156,0.0087986225,0.06738578,positive,0.9996552467346191,0.0003447532653808594,agreement,agreement,agreement,none
50,303,0,neutral,0.66334707,0.030988902,0.30566406,positive,0.9989957213401794,0.0010042786598205566,none,agreement,none,none
51,303,0,neutral,0.3572081,0.045216847,0.59757507,positive,0.9986373782157898,0.001362621784210205,none,agreement,none,none
52,303,0,positive,0.7194678,0.016142702,0.26438946,positive,0.9996283054351807,0.00037169456481933594,agreement,agreement,none,none
53,303,0,positive,0.8146122,0.039846513,0.14554125,positive,0.9996848106384277,0.0003151893615722656,agreement,agreement,none,agreement
54,303,0,neutral,0.26761615,0.025529603,0.7068542,positive,0.9965546131134033,0.0034453868865966797,none,agreement,none,agreement
55,303,0,neutral,0.4363891,0.015693188,0.5479177,positive,0.9883202314376831,0.011679768562316895,none,agreement,none,none
56,303,0,neutral,0.064427786,0.5707818,0.36479032,negative,0.04164176806807518,0.9583582319319248,none,conflict,none,conflict
57,303,0,positive,0.8105436,0.029989872,0.1594666,positive,0.9927120208740234,0.0072879791259765625,agreement,agreement,none,none
58,303,0,neutral,0.3474024,0.095002264,0.5575953,negative,0.1739557981491089,0.8260442018508911,none,conflict,none,conflict
59,303,0,positive,0.8571148,0.013923761,0.12896147,positive,0.9943464398384094,0.005653560161590576,agreement,agreement,none,none
60,303,0,neutral,0.3529726,0.100644775,0.54638267,positive,0.9288838505744934,0.07111614942550659,none,agreement,none,agreement
61,303,0,neutral,0.029948289,0.572513,0.39753872,negative,0.007402569521218538,0.9925974304787815,none,conflict,none,conflict
62,303,0,neutral,0.012513997,0.5462858,0.4412002,negative,0.0074846395291388035,0.9925153604708612,none,conflict,none,conflict
63,303,0,neutral,0.065111026,0.49344334,0.44144562,negative,0.004833569284528494,0.9951664307154715,none,conflict,none,conflict
64,303,0,negative,0.008574827,0.86081094,0.13061424,negative,0.0015661490615457296,0.9984338509384543,conflict,conflict,conflict,conflict
65,303,0,positive,0.89190507,0.014009053,0.0940859,positive,0.9913853406906128,0.008614659309387207,agreement,agreement,none,none
66,303,0,neutral,0.5105564,0.03725093,0.4521927,positive,0.998235821723938,0.0017641782760620117,none,agreement,none,agreement
67,303,0,neutral,0.2490411,0.2100123,0.54094666,negative,0.0209987573325634,0.9790012426674366,none,conflict,none,conflict
68,303,0,neutral,0.082708016,0.12742998,0.78986204,negative,0.006559798028320074,0.9934402019716799,none,conflict,none,conflict
69,303,0,neutral,0.55962795,0.034882583,0.4054895,positive,0.9977276921272278,0.002272307872772217,none,agreement,none,agreement
70,303,0,positive,0.94329274,0.015153033,0.04155426,positive,0.9778203964233398,0.022179603576660156,agreement,agreement,none,none
71,303,0,positive,0.96484804,0.00509936,0.030052617,positive,0.9997729659080505,0.0002270340919494629,agreement,agreement,none,none
73,304,0,positive,0.9372633,0.009413301,0.053323396,positive,0.999308705329895,0.0006912946701049805,agreement,agreement,none,none
74,304,0,neutral,0.12778717,0.17185187,0.700361,negative,0.17558206617832184,0.8244179338216782,none,none,none,none
75,304,0,positive,0.74399173,0.041069478,0.21493876,positive,0.9987084865570068,0.001291513442993164,agreement,agreement,none,none
76,304,0,neutral,0.030736286,0.4585343,0.5107295,positive,0.9639045596122742,0.03609544038772583,none,agreement,none,none
78,304,0,neutral,0.17483345,0.11120482,0.7139617,neutral,0.5817734599113464,0.41822654008865356,none,none,none,none
79,304,0,negative,0.009359826,0.8679066,0.12273357,negative,0.03619729354977608,0.9638027064502239,none,none,none,none
80,304,0,neutral,0.020082466,0.57396245,0.40595517,negative,0.0018552683759480715,0.9981447316240519,none,none,none,none
81,304,0,neutral,0.50474364,0.09125595,0.40400043,positive,0.9969483017921448,0.0030516982078552246,none,agreement,none,none
83,304,0,neutral,0.24222112,0.10591711,0.6518617,negative,0.015455823391675949,0.984544176608324,none,none,none,none
85,304,0,neutral,0.33728945,0.4229664,0.23974419,neutral,0.38271549344062805,0.617284506559372,none,none,none,none
86,304,0,neutral,0.5211,0.0065578106,0.47234225,positive,0.9821563363075256,0.017843663692474365,none,agreement,none,none
87,304,0,neutral,0.43720287,0.057960883,0.5048362,positive,0.9900959730148315,0.009904026985168457,none,agreement,none,none
88,304,0,positive,0.9267074,0.009503702,0.06378889,positive,0.9843837022781372,0.015616297721862793,agreement,agreement,none,none
89,304,0,positive,0.9146397,0.00693649,0.0784238,positive,0.999152421951294,0.0008475780487060547,agreement,agreement,none,none
90,305,0,neutral,0.64483684,0.009714916,0.3454482,positive,0.998563826084137,0.0014361739158630371,none,agreement,none,none
91,305,0,positive,0.76232415,0.016212098,0.22146377,positive,0.9971039891242981,0.0028960108757019043,agreement,agreement,none,none
92,305,0,positive,0.7799463,0.04796688,0.1720868,negative,0.08228897303342819,0.9177110269665718,agreement,none,none,none
93,305,0,negative,0.008626926,0.9061485,0.08522462,negative,0.0003757966333068907,0.9996242033666931,none,none,none,none
94,305,0,neutral,0.27333575,0.025583208,0.70108104,negative,0.00892715621739626,0.9910728437826037,none,none,none,none
95,305,0,neutral,0.28939238,0.12075802,0.5898496,positive,0.925820529460907,0.07417947053909302,none,agreement,none,none
96,305,0,positive,0.7555011,0.00513342,0.2393655,positive,0.9947579503059387,0.005242049694061279,agreement,agreement,none,none
97,305,0,neutral,0.13646147,0.23657702,0.6269616,positive,0.996658444404602,0.0033415555953979492,none,agreement,none,none
98,305,0,positive,0.9244788,0.010690199,0.06483098,positive,0.9988923668861389,0.001107633113861084,agreement,agreement,none,none
99,305,0,positive,0.7651128,0.010034076,0.2248531,positive,0.9996792078018188,0.00032079219818115234,agreement,agreement,none,none
100,305,0,negative,0.015243142,0.7402355,0.24452132,negative,0.008402017876505852,0.9915979821234941,none,none,none,none
101,305,0,neutral,0.076667644,0.20694123,0.7163911,positive,0.9891278147697449,0.010872185230255127,none,agreement,none,none
102,305,0,neutral,0.08749908,0.34946963,0.5630313,negative,0.01953670009970665,0.9804632999002934,none,none,none,none
103,305,0,neutral,0.10625547,0.26777628,0.6259683,negative,0.013721415773034096,0.9862785842269659,none,none,none,none
104,305,0,negative,0.0074299993,0.9084121,0.08415792,negative,0.023313749581575394,0.9766862504184246,none,none,none,none
105,305,0,negative,0.01228881,0.8050879,0.18262327,negative,0.02093525603413582,0.9790647439658642,none,none,none,none
106,305,0,neutral,0.0687461,0.3635698,0.56768405,positive,0.9461309313774109,0.05386906862258911,none,agreement,none,none
107,305,0,positive,0.951431,0.0071445126,0.041424558,positive,0.9997487664222717,0.0002512335777282715,agreement,agreement,none,none
108,305,0,negative,0.02699477,0.7045873,0.26841798,positive,0.9652475118637085,0.034752488136291504,none,agreement,none,none
109,305,0,positive,0.85667616,0.0110568805,0.13226698,positive,0.9890944361686707,0.010905563831329346,agreement,agreement,none,none
110,305,0,neutral,0.4314874,0.09634121,0.47217137,negative,0.13725310564041138,0.8627468943595886,none,none,none,none
111,305,0,neutral,0.04507076,0.40094903,0.5539802,positive,0.9862622022628784,0.013737797737121582,none,agreement,none,none
112,305,0,neutral,0.032034285,0.41707638,0.5508894,negative,0.0008423613617196679,0.9991576386382803,none,none,none,none
113,305,0,neutral,0.048907496,0.60439336,0.34669915,negative,0.011725488118827343,0.9882745118811727,none,none,none,none
114,305,0,negative,0.013193368,0.7472624,0.23954417,negative,0.000590617535635829,0.9994093824643642,none,none,none,none
115,305,0,neutral,0.37371445,0.18357322,0.44271237,negative,0.056269608438014984,0.943730391561985,none,none,none,none
116,305,0,positive,0.8193056,0.017725436,0.16296896,positive,0.9993871450424194,0.0006128549575805664,agreement,agreement,none,none
117,305,0,neutral,0.5594425,0.03362454,0.40693298,negative,0.0013958817580714822,0.9986041182419285,none,none,none,none
118,305,0,negative,0.014695881,0.8175868,0.16771731,negative,0.0031461273320019245,0.9968538726679981,none,none,none,none
119,305,0,neutral,0.049594864,0.42010283,0.53030235,negative,0.005828922614455223,0.9941710773855448,none,none,none,none
120,305,0,negative,0.015121197,0.7985394,0.1863394,negative,0.02996605448424816,0.9700339455157518,none,none,none,none
121,305,0,neutral,0.061995525,0.2196923,0.7183121,negative,0.0012045536423102021,0.9987954463576898,none,none,none,none
122,305,0,neutral,0.02200016,0.5659149,0.41208494,negative,0.004054023884236813,0.9959459761157632,none,none,none,none
123,305,0,neutral,0.36310297,0.098116316,0.53878075,negative,0.0028234219644218683,0.9971765780355781,none,none,none,none
124,305,0,neutral,0.6965372,0.021268675,0.28219417,positive,0.998424768447876,0.0015752315521240234,none,agreement,none,none
125,305,0,neutral,0.1273292,0.36813447,0.50453633,positive,0.7593218088150024,0.24067819118499756,none,agreement,none,none
127,305,0,negative,0.0072996193,0.9195466,0.073153846,negative,0.002449848223477602,0.9975501517765224,none,none,none,none
128,305,0,positive,0.71925765,0.029163597,0.25157875,positive,0.9995018243789673,0.0004981756210327148,agreement,agreement,none,none
129,305,0,neutral,0.024205323,0.69779205,0.27800256,negative,0.013133464381098747,0.9868665356189013,none,none,none,none
130,305,0,neutral,0.045292664,0.22009166,0.7346157,negative,0.006201712414622307,0.9937982875853777,none,none,none,none
131,305,0,negative,0.011985483,0.8204511,0.16756345,neutral,0.6136295795440674,0.3863704204559326,none,none,none,none
132,305,0,neutral,0.034020063,0.6767338,0.28924617,negative,0.0015670694410800934,0.9984329305589199,none,none,none,none
133,305,0,neutral,0.6468785,0.041705374,0.31141618,positive,0.9979525804519653,0.002047419548034668,none,agreement,none,none
134,305,0,neutral,0.044164814,0.52821386,0.42762133,negative,0.0046621146611869335,0.9953378853388131,none,none,none,none
135,305,0,negative,0.010860333,0.8963049,0.092834815,negative,0.0007670387858524919,0.9992329612141475,none,none,none,none
136,305,0,neutral,0.5889332,0.02390489,0.38716182,positive,0.9955314993858337,0.00446850061416626,none,agreement,none,none
137,305,0,positive,0.8087529,0.008498057,0.18274902,positive,0.9996359348297119,0.00036406517028808594,agreement,agreement,none,none
138,305,0,neutral,0.23281631,0.1631633,0.60402036,neutral,0.36265113949775696,0.637348860502243,none,none,none,none
140,306,0,neutral,0.61393213,0.012331602,0.37373626,positive,0.99960857629776,0.00039142370223999023,none,agreement,none,none
141,306,0,positive,0.8073552,0.0056909723,0.18695378,positive,0.9990137815475464,0.0009862184524536133,agreement,agreement,agreement,agreement
142,306,0,positive,0.87853104,0.0059761326,0.115492836,positive,0.9985670447349548,0.001432955265045166,agreement,agreement,none,none
143,306,0,positive,0.7769677,0.02849412,0.19453818,negative,0.04210648685693741,0.9578935131430626,agreement,conflict,agreement,conflict
144,306,0,neutral,0.3249335,0.29369515,0.38137132,negative,0.010693364776670933,0.9893066352233291,none,conflict,none,conflict
145,306,0,positive,0.8915009,0.019077336,0.0894218,neutral,0.4485069811344147,0.5514930188655853,agreement,none,none,none
146,306,0,negative,0.010592219,0.8317073,0.15770054,negative,0.012948465533554554,0.9870515344664454,conflict,conflict,conflict,conflict
147,306,0,neutral,0.060060117,0.26952124,0.6704187,positive,0.9763036370277405,0.02369636297225952,none,agreement,none,none
148,306,0,negative,0.03953976,0.7282695,0.23219071,negative,0.04945285618305206,0.9505471438169479,conflict,conflict,conflict,conflict
149,306,0,negative,0.017280301,0.72180045,0.26091927,negative,0.002134797628968954,0.997865202371031,conflict,conflict,conflict,conflict
150,306,0,positive,0.97071564,0.008287002,0.02099741,positive,0.9872167706489563,0.012783229351043701,agreement,agreement,none,agreement
152,306,0,positive,0.9378548,0.009662972,0.052482143,positive,0.9991946816444397,0.0008053183555603027,agreement,agreement,agreement,agreement
154,307,0,neutral,0.66453546,0.027092142,0.30837235,neutral,0.3803534209728241,0.6196465790271759,none,none,none,none
155,307,0,neutral,0.6330611,0.009613093,0.35732576,positive,0.9986133575439453,0.0013866424560546875,none,agreement,none,agreement
156,307,0,neutral,0.6565009,0.038411938,0.3050872,positive,0.8916152715682983,0.10838472843170166,none,agreement,none,agreement
157,307,0,negative,0.0073978445,0.81849706,0.17410511,negative,0.002280079061165452,0.9977199209388345,conflict,conflict,conflict,conflict
158,307,0,neutral,0.02882279,0.49202764,0.47914952,negative,0.0012875961838290095,0.998712403816171,none,conflict,none,conflict
159,307,0,negative,0.010875287,0.86672527,0.1223994,negative,0.16045214235782623,0.8395478576421738,conflict,conflict,conflict,conflict
160,307,0,positive,0.77369815,0.006572587,0.21972924,positive,0.9997580647468567,0.00024193525314331055,agreement,agreement,agreement,none
161,307,0,neutral,0.1530568,0.09346532,0.7534778,negative,0.008319126442074776,0.9916808735579252,none,conflict,none,conflict
162,307,0,negative,0.006787121,0.8541652,0.13904768,negative,0.0239651370793581,0.9760348629206419,conflict,conflict,conflict,conflict
163,307,0,neutral,0.17654447,0.51841617,0.3050394,negative,0.0018337378278374672,0.9981662621721625,none,conflict,none,conflict
164,307,0,positive,0.8546148,0.018951856,0.12643334,positive,0.9991790652275085,0.0008209347724914551,agreement,agreement,none,agreement
165,307,0,neutral,0.37318486,0.27750596,0.3493092,negative,0.11789527535438538,0.8821047246456146,none,conflict,none,conflict
166,307,0,neutral,0.5295003,0.04603896,0.4244607,positive,0.9971188306808472,0.002881169319152832,none,agreement,none,none
167,307,0,positive,0.8297686,0.029035358,0.14119601,positive,0.9993813037872314,0.0006186962127685547,agreement,agreement,agreement,agreement
168,307,0,positive,0.9164183,0.0096480455,0.07393363,positive,0.9996100068092346,0.00038999319076538086,agreement,agreement,none,none
169,307,0,neutral,0.6915684,0.037757225,0.27067438,positive,0.9913892149925232,0.008610785007476807,none,agreement,none,agreement
170,307,0,neutral,0.033731554,0.56302947,0.40323898,negative,0.003977864049375057,0.9960221359506249,none,conflict,none,conflict
171,307,0,neutral,0.118128784,0.45099482,0.43087646,negative,0.0039159320294857025,0.9960840679705143,none,conflict,none,conflict
172,307,0,neutral,0.09538945,0.22925411,0.6753564,negative,0.004847424570471048,0.995152575429529,none,conflict,none,conflict
173,307,0,neutral,0.10054898,0.48259738,0.41685367,negative,0.06843404471874237,0.9315659552812576,none,conflict,none,conflict
174,307,0,neutral,0.06522464,0.49880624,0.4359691,negative,0.0018845211016014218,0.9981154788983986,none,conflict,none,conflict
175,307,0,neutral,0.052445337,0.49879467,0.44876,negative,0.004782502539455891,0.9952174974605441,none,conflict,none,conflict
176,307,0,negative,0.013153461,0.84905815,0.13778839,negative,0.0008957769023254514,0.9991042230976745,conflict,conflict,conflict,conflict
177,307,0,neutral,0.05657208,0.57094187,0.37248605,positive,0.9918898940086365,0.008110105991363525,none,agreement,none,agreement
178,307,0,neutral,0.2754717,0.08735471,0.63717365,positive,0.7695304751396179,0.23046952486038208,none,agreement,none,none
179,307,0,positive,0.9850412,0.004085162,0.01087366,positive,0.9998263716697693,0.0001736283302307129,agreement,agreement,none,agreement
180,307,0,positive,0.7348165,0.041878384,0.22330512,positive,0.9055337309837341,0.09446626901626587,agreement,agreement,none,agreement
181,308,1,positive,0.8881024,0.005230358,0.106667206,positive,0.9997590184211731,0.0002409815788269043,conflict,conflict,conflict,conflict
182,308,1,positive,0.89960396,0.006831169,0.09356484,positive,0.9995337724685669,0.00046622753143310547,conflict,conflict,conflict,conflict
184,308,1,neutral,0.4447253,0.05506463,0.50021005,negative,0.26995477080345154,0.7300452291965485,none,agreement,none,none
185,308,1,positive,0.84204096,0.015188721,0.1427703,negative,0.06492497771978378,0.9350750222802162,conflict,agreement,conflict,none
186,308,1,positive,0.7170639,0.015541551,0.2673945,positive,0.9964879751205444,0.0035120248794555664,conflict,conflict,conflict,conflict
187,308,1,positive,0.80986536,0.016887685,0.173247,positive,0.9992569088935852,0.0007430911064147949,conflict,conflict,conflict,conflict
188,308,1,negative,0.00872476,0.93247616,0.058799148,negative,0.0018682701047509909,0.998131729895249,agreement,agreement,none,none
189,308,1,negative,0.013601046,0.87809515,0.10830385,negative,0.0007767384522594512,0.9992232615477405,agreement,agreement,agreement,none
190,308,1,negative,0.01909346,0.82335955,0.15754701,negative,0.002211693674325943,0.9977883063256741,agreement,agreement,none,agreement
191,308,1,negative,0.021717587,0.8442109,0.13407151,negative,0.0008609244250692427,0.9991390755749308,agreement,agreement,none,none
192,308,1,negative,0.07722689,0.7231541,0.19961897,negative,0.002072698902338743,0.9979273010976613,agreement,agreement,none,none
193,308,1,negative,0.04932501,0.7273952,0.22327985,negative,0.0063278754241764545,0.9936721245758235,agreement,agreement,agreement,agreement
194,308,1,negative,0.01839807,0.73941505,0.24218689,neutral,0.612586259841919,0.38741374015808105,agreement,none,none,none
195,308,1,negative,0.006868969,0.92619157,0.066939466,negative,0.00044037908082827926,0.9995596209191717,agreement,agreement,none,none
196,308,1,neutral,0.3045362,0.12966198,0.56580186,negative,0.14559394121170044,0.8544060587882996,none,agreement,none,none
197,308,1,neutral,0.41319695,0.25122234,0.3355807,positive,0.9849417209625244,0.015058279037475586,none,conflict,none,conflict
198,308,1,neutral,0.19417793,0.18542428,0.62039775,positive,0.9947949051856995,0.005205094814300537,none,conflict,none,conflict
199,308,1,neutral,0.10121054,0.44779822,0.4509912,negative,0.03280946984887123,0.9671905301511288,none,agreement,none,none
201,309,1,neutral,0.60285467,0.018124433,0.37902096,positive,0.9975889921188354,0.0024110078811645508,none,conflict,none,conflict
203,309,1,neutral,0.03576621,0.6702732,0.29396054,negative,0.033959075808525085,0.9660409241914749,none,agreement,none,agreement
205,309,1,negative,0.013188133,0.8092537,0.17755818,negative,0.0020745520014315844,0.9979254479985684,agreement,agreement,none,agreement
206,309,1,neutral,0.02852844,0.45909616,0.51237535,negative,0.002694922499358654,0.9973050775006413,none,agreement,none,agreement
207,309,1,neutral,0.03450486,0.3984678,0.5670274,positive,0.9749552011489868,0.025044798851013184,none,conflict,none,conflict
208,309,1,neutral,0.040968597,0.2554061,0.70362526,positive,0.9920827150344849,0.007917284965515137,none,conflict,none,conflict
210,309,1,negative,0.020796437,0.7717779,0.20742553,negative,0.004144852049648762,0.9958551479503512,agreement,agreement,none,agreement
211,309,1,neutral,0.058987185,0.49225605,0.44875675,negative,0.0031945519149303436,0.9968054480850697,none,agreement,none,none
212,309,1,neutral,0.5019322,0.21238206,0.28568578,positive,0.9980054497718811,0.0019945502281188965,none,conflict,none,conflict
213,309,1,neutral,0.67491376,0.029034767,0.29605144,positive,0.9994801878929138,0.0005198121070861816,none,conflict,none,conflict
214,309,1,neutral,0.26490563,0.2168886,0.51820576,negative,0.12324462085962296,0.876755379140377,none,agreement,none,none
216,310,0,neutral,0.6948084,0.03103404,0.27415755,negative,0.03484669700264931,0.9651533029973507,none,conflict,none,conflict
217,310,0,neutral,0.06725321,0.027595313,0.9051515,negative,0.0005220374441705644,0.9994779625558294,none,conflict,none,conflict
218,310,0,negative,0.023411913,0.75296783,0.22362031,negative,0.0008506093872711062,0.9991493906127289,conflict,conflict,none,conflict
219,310,0,neutral,0.021775223,0.6487182,0.32950655,negative,0.009421618655323982,0.990578381344676,none,conflict,none,conflict
221,310,0,neutral,0.046800073,0.4815882,0.47161168,negative,0.0023607767652720213,0.997639223234728,none,conflict,none,conflict
222,310,0,neutral,0.35892808,0.03564283,0.60542905,negative,0.042516082525253296,0.9574839174747467,none,conflict,none,conflict
224,310,0,neutral,0.2548885,0.0053234487,0.739788,positive,0.9972872734069824,0.002712726593017578,none,agreement,none,agreement
225,310,0,negative,0.012756421,0.8297675,0.15747604,negative,0.004294936545193195,0.9957050634548068,conflict,conflict,none,conflict
226,310,0,neutral,0.22497788,0.22352307,0.5514991,neutral,0.6538248658180237,0.3461751341819763,none,none,none,none
227,310,0,neutral,0.030018114,0.59076345,0.3792185,negative,0.006298276595771313,0.9937017234042287,none,conflict,none,conflict
228,310,0,neutral,0.051468503,0.50194335,0.4465882,negative,0.07493789494037628,0.9250621050596237,none,conflict,none,conflict
229,310,0,neutral,0.013256137,0.6976676,0.28907627,negative,0.005504819098860025,0.99449518090114,none,conflict,none,conflict
232,310,0,neutral,0.053003572,0.26435122,0.6826452,negative,0.0006846165051683784,0.9993153834948316,none,conflict,none,conflict
233,310,0,neutral,0.025132392,0.5481538,0.42671376,negative,0.0028649892192333937,0.9971350107807666,none,conflict,none,conflict
235,310,0,neutral,0.022071455,0.69260067,0.2853279,negative,0.10126712918281555,0.8987328708171844,none,conflict,none,conflict
236,310,0,neutral,0.021665944,0.69714344,0.2811906,negative,0.00204382068477571,0.9979561793152243,none,conflict,none,conflict
237,311,1,neutral,0.12877063,0.009778046,0.8614513,positive,0.9985561966896057,0.0014438033103942871,none,conflict,none,conflict
238,311,1,neutral,0.6738147,0.05983051,0.2663548,negative,0.01578501984477043,0.9842149801552296,none,agreement,none,agreement
239,311,1,neutral,0.3733362,0.25998756,0.36667624,positive,0.9983263611793518,0.0016736388206481934,none,conflict,none,conflict
240,311,1,neutral,0.1799085,0.35106552,0.46902597,neutral,0.3644120395183563,0.6355879604816437,none,none,none,none
241,311,1,neutral,0.051450912,0.40426952,0.5442795,negative,0.023253673687577248,0.9767463263124228,none,agreement,none,agreement
242,311,1,negative,0.0088207545,0.89309764,0.09808162,negative,0.002952061127871275,0.9970479388721287,agreement,agreement,none,agreement
243,311,1,negative,0.0052880803,0.91981965,0.07489238,negative,0.012738392688333988,0.987261607311666,agreement,agreement,agreement,agreement
244,311,1,negative,0.063428365,0.7267637,0.20980793,negative,0.0016674759099259973,0.998332524090074,agreement,agreement,none,none
245,311,1,negative,0.030709444,0.7291119,0.24017866,negative,0.0016740127466619015,0.9983259872533381,agreement,agreement,none,none
247,311,1,neutral,0.014779758,0.6999924,0.2852279,negative,0.007255737204104662,0.9927442627958953,none,agreement,none,none
248,311,1,neutral,0.2606632,0.3848301,0.35450673,positive,0.990013837814331,0.009986162185668945,none,conflict,none,conflict
250,311,1,neutral,0.6816754,0.027012557,0.29131207,positive,0.9995439648628235,0.00045603513717651367,none,conflict,none,conflict
251,311,1,positive,0.82963204,0.0134900035,0.15687793,positive,0.9992801547050476,0.0007198452949523926,conflict,conflict,conflict,conflict
252,312,0,neutral,0.20525466,0.13927682,0.6554686,positive,0.9993712306022644,0.0006287693977355957,none,agreement,none,agreement
253,312,0,neutral,0.24888967,0.16659278,0.58451754,negative,0.002541906666010618,0.9974580933339894,none,conflict,none,conflict
254,312,0,neutral,0.030944306,0.59515756,0.37389815,negative,0.010888854041695595,0.9891111459583044,none,conflict,none,conflict
255,312,0,positive,0.8207164,0.0096571585,0.16962647,negative,0.017786817625164986,0.982213182374835,agreement,conflict,none,conflict
256,312,0,positive,0.84683585,0.017008357,0.13615574,positive,0.9995003938674927,0.0004996061325073242,agreement,agreement,none,agreement
257,312,0,neutral,0.49799126,0.09489126,0.4071175,negative,0.0036251372657716274,0.9963748627342284,none,conflict,none,conflict
258,312,0,neutral,0.12695326,0.04132068,0.8317261,negative,0.03845624998211861,0.9615437500178814,none,conflict,none,conflict
259,312,0,neutral,0.12469768,0.21984105,0.65546125,negative,0.0008001015521585941,0.9991998984478414,none,conflict,none,conflict
260,312,0,negative,0.008227694,0.8677896,0.12398269,negative,0.00579671747982502,0.994203282520175,conflict,conflict,conflict,conflict
261,312,0,positive,0.78416,0.0391625,0.17667745,negative,0.01561389584094286,0.9843861041590571,agreement,conflict,none,conflict
262,312,0,positive,0.94545925,0.00812621,0.04641458,positive,0.9990563988685608,0.000943601131439209,agreement,agreement,agreement,agreement
263,312,0,neutral,0.4429942,0.03628123,0.5207246,negative,0.1528169959783554,0.8471830040216446,none,conflict,none,conflict
264,312,0,neutral,0.57896024,0.08547813,0.33556157,negative,0.25033560395240784,0.7496643960475922,none,conflict,none,conflict
265,312,0,neutral,0.07530295,0.32306552,0.6016316,negative,0.20958063006401062,0.7904193699359894,none,conflict,none,conflict
266,312,0,neutral,0.05894076,0.34122217,0.599837,negative,0.0012428208719938993,0.9987571791280061,none,conflict,none,conflict
267,312,0,positive,0.8369397,0.027751837,0.13530844,negative,0.007222937420010567,0.9927770625799894,agreement,conflict,none,conflict
269,313,0,positive,0.8997331,0.009564364,0.09070247,positive,0.9995535016059875,0.00044649839401245117,agreement,agreement,none,none
270,313,0,negative,0.0052773496,0.9478363,0.04688633,negative,0.0008541945135220885,0.9991458054864779,none,none,none,none
271,313,0,neutral,0.02091573,0.68417937,0.29490492,negative,0.0004367507353890687,0.9995632492646109,none,none,none,none
272,313,0,negative,0.008373728,0.9131671,0.07845914,negative,0.00021451515203807503,0.9997854848479619,none,none,none,none
273,313,0,neutral,0.13056754,0.058897916,0.8105345,positive,0.9214500188827515,0.07854998111724854,none,agreement,none,none
274,313,0,neutral,0.4310633,0.024441363,0.5444953,negative,0.008696268312633038,0.991303731687367,none,none,none,none
275,313,0,positive,0.95864964,0.003698589,0.037651815,positive,0.9998012185096741,0.00019878149032592773,agreement,agreement,none,none
276,313,0,positive,0.8976031,0.009767401,0.0926295,positive,0.9990637898445129,0.0009362101554870605,agreement,agreement,none,none
278,313,0,negative,0.010014462,0.8667391,0.12324631,negative,0.0014634375693276525,0.9985365624306723,none,none,none,none
279,313,0,positive,0.87391245,0.012786317,0.11330124,negative,0.0356462225317955,0.9643537774682045,agreement,none,none,none
280,313,0,neutral,0.3151196,0.054972634,0.6299077,negative,0.02796882577240467,0.9720311742275953,none,none,none,none
281,313,0,neutral,0.61860776,0.10095057,0.2804417,positive,0.99784255027771,0.002157449722290039,none,agreement,none,none
282,313,0,neutral,0.098299585,0.26392213,0.6377782,neutral,0.46707239747047424,0.5329276025295258,none,none,none,none
283,313,0,positive,0.8397885,0.02700912,0.13320234,positive,0.9978969097137451,0.002103090286254883,agreement,agreement,none,none
284,313,0,neutral,0.32775304,0.24905221,0.4231948,negative,0.15100938081741333,0.8489906191825867,none,none,none,none
286,314,0,positive,0.93445957,0.0040435,0.061496973,positive,0.999386191368103,0.0006138086318969727,agreement,agreement,none,none
287,314,0,positive,0.9269509,0.0032039771,0.0698451,positive,0.8926613330841064,0.10733866691589355,agreement,agreement,none,none
288,314,0,positive,0.76193076,0.012414073,0.22565517,positive,0.9979872703552246,0.0020127296447753906,agreement,agreement,none,none
289,314,0,neutral,0.44706753,0.056699585,0.496233,positive,0.998643696308136,0.0013563036918640137,none,agreement,none,agreement
290,314,0,neutral,0.59802365,0.0075526005,0.3944238,positive,0.9950258135795593,0.004974186420440674,none,agreement,none,agreement
291,314,0,negative,0.013295957,0.84865427,0.13804983,negative,0.008599808439612389,0.9914001915603876,conflict,conflict,conflict,conflict
292,314,0,neutral,0.18908815,0.37960923,0.43130267,positive,0.9989652633666992,0.0010347366333007812,none,agreement,none,none
293,314,0,negative,0.024917882,0.71553594,0.2595461,negative,0.0511188767850399,0.9488811232149601,conflict,conflict,conflict,conflict
294,314,0,neutral,0.22139746,0.25828055,0.520322,positive,0.9974648952484131,0.002535104751586914,none,agreement,none,none
295,314,0,neutral,0.6784487,0.090937406,0.2306139,positive,0.9994716048240662,0.0005283951759338379,none,agreement,none,agreement
296,314,0,negative,0.015603686,0.70364237,0.280754,negative,0.0616723895072937,0.9383276104927063,conflict,conflict,conflict,conflict
297,314,0,neutral,0.044070777,0.4628898,0.49303934,negative,0.017655791714787483,0.9823442082852125,none,conflict,none,conflict
298,314,0,neutral,0.090196565,0.36857447,0.54122895,positive,0.9096078276634216,0.09039217233657837,none,agreement,none,none
299,314,0,neutral,0.08423062,0.32722574,0.5885436,neutral,0.46051183342933655,0.5394881665706635,none,none,none,none
300,314,0,neutral,0.11376593,0.4989405,0.38729358,negative,0.16100166738033295,0.838998332619667,none,conflict,none,conflict
301,314,0,positive,0.9389988,0.00670861,0.05429262,positive,0.9996787309646606,0.00032126903533935547,agreement,agreement,agreement,none
302,314,0,neutral,0.5475725,0.1490711,0.3033564,positive,0.9869051575660706,0.013094842433929443,none,agreement,none,agreement
303,314,0,neutral,0.27558973,0.19611071,0.5282995,negative,0.003934198059141636,0.9960658019408584,none,conflict,none,conflict
304,314,0,positive,0.8622379,0.027128749,0.11063339,negative,0.14549705386161804,0.854502946138382,agreement,conflict,none,conflict
305,314,0,positive,0.7910339,0.022355992,0.18661004,positive,0.9969273209571838,0.003072679042816162,agreement,agreement,agreement,none
306,314,0,neutral,0.17041188,0.25182828,0.57775986,positive,0.9648079872131348,0.035192012786865234,none,agreement,none,agreement
307,314,0,neutral,0.096115135,0.28926733,0.6146176,negative,0.0025764668826013803,0.9974235331173986,none,conflict,none,conflict
308,314,0,neutral,0.11488764,0.3082347,0.57687765,negative,0.0032640439458191395,0.9967359560541809,none,conflict,none,conflict
309,314,0,neutral,0.57673097,0.03923571,0.3840333,positive,0.7515292167663574,0.24847078323364258,none,agreement,none,agreement
310,314,0,positive,0.839389,0.011109688,0.14950131,positive,0.9996566772460938,0.00034332275390625,agreement,agreement,agreement,agreement
311,314,0,neutral,0.48838913,0.15523781,0.35637304,positive,0.999743640422821,0.0002563595771789551,none,agreement,none,agreement
312,314,0,negative,0.01494295,0.8807316,0.10432554,negative,0.0014541279524564743,0.9985458720475435,conflict,conflict,conflict,conflict
313,314,0,positive,0.9801107,0.003366261,0.016522964,positive,0.9997449517250061,0.0002550482749938965,agreement,agreement,none,none
314,314,0,neutral,0.054878466,0.5689612,0.37616035,positive,0.9996896982192993,0.0003103017807006836,none,agreement,none,agreement
315,314,0,neutral,0.6689042,0.01398443,0.3171114,positive,0.999138355255127,0.0008616447448730469,none,agreement,none,agreement
316,314,0,neutral,0.030859854,0.62780565,0.34133452,negative,0.0059127784334123135,0.9940872215665877,none,conflict,none,conflict
317,314,0,positive,0.95827883,0.0056577716,0.036063462,positive,0.998301088809967,0.001698911190032959,agreement,agreement,none,none
318,314,0,neutral,0.6695685,0.06911083,0.26132077,positive,0.9813635349273682,0.018636465072631836,none,agreement,none,none
319,314,0,positive,0.80060965,0.009371195,0.1900191,positive,0.9808880090713501,0.019111990928649902,agreement,agreement,agreement,agreement
320,314,0,neutral,0.05631571,0.3150765,0.6286078,negative,0.19269141554832458,0.8073085844516754,none,conflict,none,conflict
321,314,0,neutral,0.075586066,0.3963462,0.5280677,negative,0.0025292206555604935,0.9974707793444395,none,conflict,none,conflict
322,314,0,neutral,0.47398704,0.017770251,0.5082427,positive,0.9881879687309265,0.011812031269073486,none,agreement,none,agreement
323,314,0,positive,0.89946187,0.021973155,0.07856499,positive,0.9998155236244202,0.00018447637557983398,agreement,agreement,none,none
324,314,0,neutral,0.2279279,0.026696613,0.7453755,positive,0.9027155637741089,0.09728443622589111,none,agreement,none,agreement
325,314,0,negative,0.033303566,0.71540785,0.2512886,negative,0.0021078884601593018,0.9978921115398407,conflict,conflict,conflict,conflict
326,314,0,neutral,0.22363482,0.22839469,0.54797053,negative,0.013231722638010979,0.986768277361989,none,conflict,none,conflict
327,314,0,neutral,0.13610394,0.20727643,0.65661967,positive,0.9793815016746521,0.0206184983253479,none,agreement,none,none
328,314,0,positive,0.81296337,0.018178433,0.16885826,positive,0.9918928146362305,0.008107185363769531,agreement,agreement,none,agreement
329,314,0,neutral,0.45573846,0.16098636,0.38327518,negative,0.10986608266830444,0.8901339173316956,none,conflict,none,conflict
330,315,0,positive,0.7465402,0.0079425,0.24551725,positive,0.9983835220336914,0.0016164779663085938,agreement,agreement,none,none
331,315,0,positive,0.90925515,0.010839751,0.07990514,positive,0.99981290102005,0.00018709897994995117,agreement,agreement,none,none
333,315,0,negative,0.009718586,0.864901,0.1253804,negative,0.0005143716116435826,0.9994856283883564,conflict,conflict,conflict,conflict
334,315,0,neutral,0.33624464,0.09496169,0.5687937,negative,0.09954684972763062,0.9004531502723694,none,conflict,none,conflict
335,315,0,negative,0.012685598,0.854168,0.13314633,negative,0.04171314835548401,0.958286851644516,conflict,conflict,conflict,conflict
336,315,0,neutral,0.39320233,0.08929063,0.517507,positive,0.8968138098716736,0.10318619012832642,none,agreement,none,agreement
337,315,0,negative,0.015022131,0.81246406,0.17251381,negative,0.0014043553965166211,0.9985956446034834,conflict,conflict,conflict,conflict
338,315,0,positive,0.79954445,0.0069040493,0.1935515,positive,0.9970313310623169,0.0029686689376831055,agreement,agreement,none,none
339,315,0,positive,0.9663726,0.004142862,0.0294845,positive,0.9998078942298889,0.00019210577011108398,agreement,agreement,none,none
341,315,0,neutral,0.21262497,0.1548374,0.6325377,negative,0.16693174839019775,0.8330682516098022,none,conflict,none,conflict
342,315,0,positive,0.74994224,0.016351392,0.23370637,positive,0.9983891248703003,0.001610875129699707,agreement,agreement,agreement,agreement
343,315,0,neutral,0.08127947,0.17399691,0.74472356,positive,0.9929383397102356,0.007061660289764404,none,agreement,none,agreement
344,315,0,negative,0.009443217,0.85926634,0.13129039,negative,0.0015260151121765375,0.9984739848878235,conflict,conflict,conflict,conflict
345,315,0,negative,0.007865168,0.8488288,0.14330606,negative,0.01603192836046219,0.9839680716395378,conflict,conflict,conflict,conflict
346,315,0,neutral,0.06830135,0.32780525,0.6038934,negative,0.16898182034492493,0.8310181796550751,none,conflict,none,conflict
347,315,0,neutral,0.09367712,0.20127173,0.7050512,negative,0.009578949771821499,0.9904210502281785,none,conflict,none,conflict
348,315,0,positive,0.8947569,0.02761954,0.077623576,positive,0.9985632300376892,0.001436769962310791,agreement,agreement,none,agreement
349,315,0,positive,0.9721038,0.0036943795,0.024201903,positive,0.9998766183853149,0.0001233816146850586,agreement,agreement,agreement,agreement
350,315,0,positive,0.89830756,0.010156728,0.091535725,positive,0.9998204112052917,0.00017958879470825195,agreement,agreement,none,none
351,315,0,positive,0.7790155,0.017131533,0.20385297,positive,0.9994564652442932,0.0005435347557067871,agreement,agreement,agreement,agreement
352,315,0,positive,0.97398585,0.003990271,0.022023922,positive,0.9998551607131958,0.00014483928680419922,agreement,agreement,none,none
353,316,0,positive,0.94015527,0.004334392,0.05551028,positive,0.9997145533561707,0.0002854466438293457,agreement,agreement,none,none
354,316,0,neutral,0.09778808,0.28405324,0.6181587,negative,0.00712305074557662,0.9928769492544234,none,none,none,none
355,316,0,neutral,0.12853962,0.3045678,0.5668925,negative,0.011634260416030884,0.9883657395839691,none,none,none,none
357,316,0,negative,0.03219246,0.7670391,0.20076847,negative,0.010761243291199207,0.9892387567088008,none,none,none,none
358,316,0,positive,0.9667173,0.0045602997,0.028722445,positive,0.999264657497406,0.0007353425025939941,agreement,agreement,none,none
359,316,0,neutral,0.14838403,0.5817753,0.2698407,negative,0.0020528710447251797,0.9979471289552748,none,none,none,none
360,316,0,negative,0.009966898,0.8945217,0.095511414,negative,0.0035578773822635412,0.9964421226177365,none,none,none,none
362,316,0,negative,0.008305492,0.89660954,0.09508488,negative,0.0017855248879641294,0.9982144751120359,none,none,none,none
363,316,0,positive,0.97169894,0.0035814436,0.024719574,positive,0.9998623132705688,0.00013768672943115234,agreement,agreement,none,none
365,316,0,neutral,0.6701519,0.07417546,0.2556727,positive,0.9990897178649902,0.0009102821350097656,none,agreement,none,none
367,316,0,neutral,0.43261918,0.1335086,0.43387228,negative,0.0014956018421798944,0.9985043981578201,none,none,none,none
369,317,0,neutral,0.40088654,0.05071976,0.5483936,negative,0.007211112417280674,0.9927888875827193,none,none,none,none
370,317,0,neutral,0.31394193,0.114453524,0.57160455,negative,0.08392588794231415,0.9160741120576859,none,none,none,none
371,317,0,positive,0.8084635,0.0067852587,0.18475115,positive,0.9979968667030334,0.0020031332969665527,agreement,agreement,none,none
372,317,0,neutral,0.41610524,0.05250253,0.5313923,positive,0.983788013458252,0.016211986541748047,none,agreement,none,none
373,317,0,negative,0.011907997,0.7969853,0.19110665,negative,0.0011224790941923857,0.9988775209058076,none,none,none,none
374,317,0,neutral,0.32208562,0.014636482,0.66327786,neutral,0.5051273107528687,0.49487268924713135,none,none,none,none
375,317,0,neutral,0.65103626,0.047081076,0.30188268,positive,0.9932708144187927,0.006729185581207275,none,agreement,none,none
376,317,0,neutral,0.024822786,0.6801499,0.29502735,negative,0.00023184531892184168,0.9997681546810782,none,none,none,none
378,317,0,neutral,0.4378344,0.14525838,0.41690713,negative,0.06225913017988205,0.937740869820118,none,none,none,none
380,317,0,positive,0.8899804,0.014781849,0.09523782,positive,0.9947010278701782,0.005298972129821777,agreement,agreement,none,none
385,318,0,neutral,0.3702229,0.0514462,0.5783309,positive,0.9957430958747864,0.004256904125213623,none,agreement,none,agreement
386,318,0,neutral,0.03702353,0.6667923,0.29618424,negative,0.017401712015271187,0.9825982879847288,none,conflict,none,conflict
387,318,0,neutral,0.49752808,0.06623959,0.43623233,positive,0.9721943140029907,0.027805685997009277,none,agreement,none,none
388,318,0,positive,0.93206984,0.0057884874,0.062141646,positive,0.9991760849952698,0.0008239150047302246,agreement,agreement,none,none
389,318,0,negative,0.022892484,0.79785377,0.17925373,negative,0.004093952476978302,0.9959060475230217,conflict,conflict,conflict,conflict
391,318,0,neutral,0.065963924,0.40137994,0.53265613,positive,0.9986081719398499,0.0013918280601501465,none,agreement,none,agreement
392,318,0,positive,0.94963247,0.008996436,0.04137108,negative,0.010584210976958275,0.9894157890230417,agreement,conflict,none,conflict
393,318,0,positive,0.8443142,0.028696362,0.1269894,positive,0.9315929412841797,0.06840705871582031,agreement,agreement,none,none
394,318,0,positive,0.891228,0.0053235013,0.10344851,positive,0.9991136193275452,0.000886380672454834,agreement,agreement,agreement,agreement
397,319,1,positive,0.76699793,0.040560335,0.19244173,neutral,0.6811811327934265,0.3188188672065735,none,none,none,none
398,319,1,neutral,0.30951715,0.17235896,0.51812387,positive,0.9957206845283508,0.00427931547164917,none,none,none,none
399,319,1,negative,0.0073410342,0.8620231,0.13063581,negative,0.00031766408937983215,0.9996823359106202,agreement,agreement,none,none
400,319,1,positive,0.88782424,0.0066538095,0.10552196,positive,0.9986861348152161,0.0013138651847839355,none,none,none,none
401,319,1,neutral,0.6303228,0.051787056,0.3178902,positive,0.9986312985420227,0.001368701457977295,none,none,none,none
402,319,1,neutral,0.62848884,0.033379983,0.33813116,neutral,0.6423658132553101,0.35763418674468994,none,none,none,none
403,319,1,negative,0.0072371974,0.8627796,0.12998311,negative,0.0023241452872753143,0.9976758547127247,agreement,agreement,none,none
404,319,1,neutral,0.58980924,0.06477592,0.3454148,positive,0.9979249238967896,0.0020750761032104492,none,none,none,none
406,319,1,positive,0.80791533,0.009968718,0.182116,positive,0.9910774230957031,0.008922576904296875,none,none,none,none
407,319,1,neutral,0.6789801,0.057404455,0.2636154,positive,0.9996484518051147,0.0003515481948852539,none,none,none,none
408,319,1,neutral,0.039879877,0.6957918,0.26432827,negative,0.05421406403183937,0.9457859359681606,none,agreement,none,none
410,320,0,neutral,0.3022272,0.1308447,0.5669281,positive,0.9978229999542236,0.002177000045776367,none,agreement,none,none
412,320,0,positive,0.8488337,0.01586109,0.13530526,positive,0.9996764659881592,0.0003235340118408203,agreement,agreement,none,none
413,320,0,neutral,0.448031,0.16963902,0.38233,negative,0.15814881026744843,0.8418511897325516,none,none,none,none
414,320,0,negative,0.016653363,0.8887852,0.09456142,negative,0.005223048385232687,0.9947769516147673,none,none,none,none
415,320,0,positive,0.8230799,0.031305112,0.14561503,positive,0.9966788291931152,0.0033211708068847656,agreement,agreement,none,none
416,320,0,neutral,0.23099144,0.3103489,0.45865965,positive,0.9593449234962463,0.04065507650375366,none,agreement,none,none
417,320,0,negative,0.006167426,0.94231004,0.051522557,negative,0.007565618027001619,0.9924343819729984,none,none,none,none
418,320,0,negative,0.013012362,0.8118031,0.1751845,negative,0.07301770895719528,0.9269822910428047,none,none,none,none
419,320,0,neutral,0.047933895,0.6838626,0.2682034,negative,0.0012688374845311046,0.9987311625154689,none,none,none,none
420,320,0,negative,0.0073254188,0.87887675,0.113797806,negative,0.005281451623886824,0.9947185483761132,none,none,none,none
421,320,0,neutral,0.013451553,0.680877,0.30567142,negative,0.015305318869650364,0.9846946811303496,none,none,none,none
422,320,0,neutral,0.06587509,0.4354832,0.49864173,negative,0.007032323628664017,0.992967676371336,none,none,none,none
423,320,0,neutral,0.6463805,0.022704871,0.33091462,positive,0.9977688789367676,0.002231121063232422,none,agreement,none,none
424,320,0,neutral,0.12047678,0.39982513,0.4796981,positive,0.9970159530639648,0.0029840469360351562,none,agreement,none,none
425,320,0,positive,0.8828765,0.02328871,0.09383477,positive,0.9995878338813782,0.00041216611862182617,agreement,agreement,none,none
427,321,1,neutral,0.050649434,0.6154245,0.33392605,negative,0.002736301627010107,0.9972636983729899,none,agreement,none,none
428,321,1,positive,0.86702895,0.016140087,0.11683102,negative,0.11449604481458664,0.8855039551854134,conflict,agreement,conflict,none
429,321,1,neutral,0.019706653,0.6891486,0.29114467,negative,0.0003689976001624018,0.9996310023998376,none,agreement,none,none
430,321,1,neutral,0.22116025,0.20584351,0.57299626,neutral,0.6340490579605103,0.36595094203948975,none,none,none,none
431,321,1,neutral,0.49930432,0.113319464,0.38737622,negative,0.15995575487613678,0.8400442451238632,none,agreement,none,none
432,321,1,negative,0.0049437955,0.92313653,0.071919695,negative,0.0007212318014353514,0.9992787681985646,agreement,agreement,none,none
433,321,1,negative,0.008784652,0.87800086,0.11321451,negative,0.05082524195313454,0.9491747580468655,agreement,agreement,none,none
434,321,1,positive,0.9799249,0.0076126247,0.01246247,positive,0.9995362758636475,0.00046372413635253906,conflict,conflict,conflict,conflict
435,321,1,negative,0.007670841,0.90167,0.09065923,negative,0.0020981859415769577,0.997901814058423,agreement,agreement,agreement,none
436,321,1,negative,0.007379167,0.90102184,0.091598995,negative,0.0011550483759492636,0.9988449516240507,agreement,agreement,agreement,agreement
437,321,1,negative,0.009847102,0.9096742,0.080478676,negative,0.0005373050225898623,0.9994626949774101,agreement,agreement,none,none
438,321,1,neutral,0.60135925,0.07128637,0.32735437,positive,0.9005857706069946,0.09941422939300537,none,conflict,none,conflict
439,321,1,negative,0.005539028,0.9388618,0.055599228,negative,0.00042757418123073876,0.9995724258187693,agreement,agreement,agreement,agreement
440,321,1,neutral,0.053010374,0.61863744,0.32835212,negative,0.004503841046243906,0.9954961589537561,none,agreement,none,agreement
441,321,1,positive,0.9059524,0.008444782,0.08560286,positive,0.9998058676719666,0.00019413232803344727,conflict,conflict,conflict,conflict
442,321,1,neutral,0.13016054,0.13473168,0.7351078,positive,0.90297532081604,0.09702467918395996,none,conflict,none,conflict
444,322,0,neutral,0.6022841,0.062541015,0.33517486,positive,0.9908785223960876,0.009121477603912354,none,agreement,none,none
445,322,0,positive,0.83313906,0.014093447,0.15276754,positive,0.9891352653503418,0.010864734649658203,agreement,agreement,none,none
446,322,0,neutral,0.21979985,0.03977163,0.74042845,positive,0.9878365397453308,0.01216346025466919,none,agreement,none,none
447,322,0,neutral,0.51481074,0.017760225,0.46742907,neutral,0.6020359992980957,0.3979640007019043,none,none,none,none
448,322,0,neutral,0.19729307,0.3313997,0.4713072,positive,0.9959582686424255,0.004041731357574463,none,agreement,none,none
449,322,0,neutral,0.036235653,0.5160598,0.4477045,negative,0.006701475940644741,0.9932985240593553,none,none,none,none
450,322,0,neutral,0.02627973,0.5387573,0.434963,negative,0.0038912983145564795,0.9961087016854435,none,none,none,none
451,322,0,neutral,0.06825754,0.38707298,0.54466945,negative,0.01689901575446129,0.9831009842455387,none,none,none,none
452,322,0,neutral,0.01786683,0.62636435,0.35576883,positive,0.899539053440094,0.100460946559906,none,agreement,none,none
453,322,0,negative,0.008705455,0.87434375,0.1169507,negative,0.0003869471838697791,0.9996130528161302,none,none,none,none
454,322,0,neutral,0.1631173,0.44746345,0.38941923,positive,0.9929618239402771,0.0070381760597229,none,agreement,none,none
455,322,0,neutral,0.06232612,0.25689545,0.6807784,negative,0.01984408311545849,0.9801559168845415,none,none,none,none
456,322,0,neutral,0.08393962,0.46197766,0.4540827,negative,0.004766491707414389,0.9952335082925856,none,none,none,none
457,322,0,neutral,0.25971153,0.19880082,0.5414877,negative,0.007895792834460735,0.9921042071655393,none,none,none,none
458,322,0,positive,0.95679146,0.0056360858,0.037572473,positive,0.9997503161430359,0.00024968385696411133,agreement,agreement,none,none
459,322,0,positive,0.94358176,0.008505244,0.047913,positive,0.9997290968894958,0.0002709031105041504,agreement,agreement,none,none
460,322,0,neutral,0.036717024,0.47793263,0.48535034,negative,0.1916264295578003,0.8083735704421997,none,none,none,none
461,322,0,neutral,0.26747346,0.18841623,0.5441103,negative,0.05523619055747986,0.9447638094425201,none,none,none,none
462,322,0,neutral,0.6747166,0.014475075,0.3108084,positive,0.9890831708908081,0.010916829109191895,none,agreement,none,none
463,322,0,negative,0.008662864,0.9127932,0.078543894,negative,0.0003304292040411383,0.9996695707959589,none,none,none,none
464,322,0,negative,0.029130641,0.73267436,0.23819497,negative,0.0002784697280731052,0.9997215302719269,none,none,none,none
465,322,0,negative,0.009219656,0.85515857,0.13562179,negative,0.03200775012373924,0.9679922498762608,none,none,none,none
466,322,0,neutral,0.42378554,0.056657825,0.51955664,positive,0.7943181395530701,0.20568186044692993,none,agreement,none,none
467,322,0,positive,0.98238397,0.0032794322,0.014336585,positive,0.9998798370361328,0.0001201629638671875,agreement,agreement,none,none
468,322,0,positive,0.7028172,0.0760397,0.22114316,positive,0.9968135952949524,0.0031864047050476074,agreement,agreement,none,none
470,323,0,positive,0.7896456,0.013757205,0.19659723,positive,0.9846944212913513,0.015305578708648682,agreement,agreement,none,none
471,323,0,neutral,0.46753982,0.27770084,0.2547593,positive,0.9980311989784241,0.0019688010215759277,none,agreement,none,none
472,323,0,positive,0.9654665,0.0038619281,0.03067157,positive,0.9998050332069397,0.00019496679306030273,agreement,agreement,agreement,agreement
473,323,0,positive,0.7362406,0.05738812,0.20637126,negative,0.04850377142429352,0.9514962285757065,agreement,conflict,none,conflict
474,323,0,neutral,0.17406051,0.43263337,0.3933061,positive,0.7736090421676636,0.22639095783233643,none,agreement,none,none
475,323,0,negative,0.015070265,0.7412424,0.24368721,neutral,0.5518782734870911,0.44812172651290894,conflict,none,conflict,none
476,323,0,neutral,0.28831524,0.2081796,0.5035051,negative,0.16489611566066742,0.8351038843393326,none,conflict,none,conflict
477,323,0,positive,0.70769036,0.05175719,0.2405524,neutral,0.6861985325813293,0.31380146741867065,agreement,none,none,none
478,323,0,positive,0.95087105,0.008230036,0.04089889,positive,0.9824761152267456,0.017523884773254395,agreement,agreement,none,none
479,323,0,neutral,0.072338425,0.36151353,0.56614804,negative,0.04765517637133598,0.952344823628664,none,conflict,none,conflict
480,323,0,negative,0.037276007,0.71525604,0.24746798,positive,0.9576740860939026,0.04232591390609741,conflict,agreement,conflict,none
481,323,0,neutral,0.35804868,0.23475118,0.4072002,negative,0.07971760630607605,0.920282393693924,none,conflict,none,conflict
482,323,0,neutral,0.06151674,0.5715036,0.36697963,negative,0.11297068744897842,0.8870293125510216,none,conflict,none,conflict
483,323,0,positive,0.7800706,0.03478107,0.1851483,positive,0.9947634935379028,0.005236506462097168,agreement,agreement,none,agreement
484,323,0,positive,0.9858781,0.002644745,0.011477156,positive,0.9998645782470703,0.0001354217529296875,agreement,agreement,agreement,none
485,323,0,positive,0.9516361,0.0077450774,0.04061889,positive,0.9998220801353455,0.00017791986465454102,agreement,agreement,none,none
486,323,0,positive,0.95687854,0.01050188,0.03261958,positive,0.9984493255615234,0.0015506744384765625,agreement,agreement,none,none
487,323,0,positive,0.98450285,0.0029813577,0.012515838,positive,0.9997264742851257,0.0002735257148742676,agreement,agreement,none,none
488,323,0,positive,0.9014685,0.01462819,0.08390329,positive,0.999270498752594,0.0007295012474060059,agreement,agreement,none,agreement
489,324,0,positive,0.94435006,0.006175967,0.049473975,positive,0.9978457689285278,0.002154231071472168,agreement,agreement,none,none
490,324,0,positive,0.9288958,0.011880723,0.059223514,positive,0.9991581439971924,0.0008418560028076172,agreement,agreement,none,none
491,324,0,neutral,0.23747608,0.0386722,0.72385174,negative,0.08764688670635223,0.9123531132936478,none,none,none,none
492,324,0,negative,0.014949305,0.7432171,0.24183366,negative,0.005462068598717451,0.9945379314012825,none,none,none,none
493,324,0,neutral,0.1724076,0.304025,0.5235674,neutral,0.6640058755874634,0.3359941244125366,none,none,none,none
494,324,0,positive,0.7382341,0.011052531,0.25071338,positive,0.7075173854827881,0.2924826145172119,agreement,agreement,none,none
495,324,0,neutral,0.036698565,0.2652548,0.6980466,negative,0.0012058285064995289,0.9987941714935005,none,none,none,none
496,324,0,negative,0.010836673,0.82169247,0.16747092,negative,0.00041142330155707896,0.9995885766984429,none,none,none,none
497,324,0,neutral,0.16964702,0.35648507,0.47386786,negative,0.1427891105413437,0.8572108894586563,none,none,none,none
498,324,0,neutral,0.032723375,0.59520346,0.37207317,negative,0.006395889446139336,0.9936041105538607,none,none,none,none
499,324,0,positive,0.7116893,0.058724016,0.22958665,positive,0.9839725494384766,0.016027450561523438,agreement,agreement,none,none
500,324,0,positive,0.95132965,0.0044411127,0.044229243,positive,0.9997133612632751,0.0002866387367248535,agreement,agreement,none,none
501,324,0,neutral,0.038619082,0.43722796,0.524153,positive,0.813716471195221,0.18628352880477905,none,agreement,none,none
502,324,0,neutral,0.69528705,0.053004857,0.2517081,positive,0.9320695996284485,0.06793040037155151,none,agreement,none,none
503,324,0,neutral,0.6978703,0.024950592,0.27717906,positive,0.9989051818847656,0.001094818115234375,none,agreement,none,none
505,325,0,neutral,0.2107252,0.03653344,0.75274134,positive,0.9981060028076172,0.0018939971923828125,none,agreement,none,none
506,325,0,positive,0.967067,0.009300786,0.023632191,positive,0.9998576641082764,0.0001423358917236328,agreement,agreement,none,none
507,325,0,negative,0.018545669,0.8005753,0.18087904,negative,0.001033141976222396,0.9989668580237776,none,none,none,none
508,325,0,positive,0.8707339,0.009134181,0.1201319,positive,0.7670034170150757,0.23299658298492432,agreement,agreement,none,none
509,325,0,neutral,0.12309963,0.17625937,0.7006409,negative,0.0022221263498067856,0.9977778736501932,none,none,none,none
510,325,0,positive,0.7042963,0.009579552,0.2861242,negative,0.07069630920886993,0.9293036907911301,agreement,none,none,none
511,325,0,neutral,0.51733196,0.13222449,0.35044354,negative,0.19745971262454987,0.8025402873754501,none,none,none,none
512,325,0,neutral,0.40818298,0.14075726,0.4510598,negative,0.08038908243179321,0.9196109175682068,none,none,none,none
513,325,0,neutral,0.23488298,0.08068551,0.68443155,negative,0.017586957663297653,0.9824130423367023,none,none,none,none
514,325,0,neutral,0.07023868,0.48205376,0.4477075,negative,0.009939713403582573,0.9900602865964174,none,none,none,none
515,325,0,neutral,0.5306618,0.064670995,0.40466717,positive,0.9988662004470825,0.0011337995529174805,none,agreement,none,none
516,325,0,positive,0.9586527,0.010605723,0.03074152,positive,0.9998082518577576,0.00019174814224243164,agreement,agreement,none,none
517,325,0,neutral,0.07801298,0.11489352,0.8070935,negative,0.008119757287204266,0.9918802427127957,none,none,none,none
518,325,0,neutral,0.02049759,0.6559482,0.32355425,negative,0.006120335776358843,0.9938796642236412,none,none,none,none
519,325,0,neutral,0.10591126,0.54857147,0.3455173,negative,0.001536801690235734,0.9984631983097643,none,none,none,none
520,325,0,negative,0.015967347,0.78218144,0.20185122,negative,0.0003877669805660844,0.9996122330194339,none,none,none,none
521,325,0,negative,0.019917302,0.8010307,0.17905207,negative,0.0005202058237046003,0.9994797941762954,none,none,none,none
522,325,0,negative,0.00822055,0.89814126,0.09363811,negative,0.0004119949589949101,0.9995880050410051,none,none,none,none
523,325,0,positive,0.9006958,0.028401894,0.07090229,positive,0.9935708045959473,0.006429195404052734,agreement,agreement,none,none
524,325,0,positive,0.97539073,0.0036569373,0.020952374,positive,0.9988753199577332,0.0011246800422668457,agreement,agreement,none,none
525,325,0,positive,0.902168,0.015764134,0.082067885,positive,0.9921423196792603,0.007857680320739746,agreement,agreement,none,none
526,325,0,positive,0.9577786,0.0053293104,0.03689211,positive,0.9934825301170349,0.006517469882965088,agreement,agreement,none,none
527,325,0,neutral,0.21963812,0.07009457,0.71026725,negative,0.006091118324548006,0.993908881675452,none,none,none,none
528,325,0,positive,0.8217335,0.016685614,0.1615809,positive,0.9964926838874817,0.0035073161125183105,agreement,agreement,none,none
531,325,0,positive,0.94994336,0.0062128226,0.043843742,positive,0.9984931945800781,0.001506805419921875,agreement,agreement,none,none
534,326,0,neutral,0.12909248,0.14617911,0.7247284,negative,0.030029715970158577,0.9699702840298414,none,conflict,none,conflict
535,326,0,neutral,0.124689646,0.14351228,0.731798,negative,0.03051811270415783,0.9694818872958422,none,conflict,none,conflict
536,326,0,neutral,0.5824765,0.018560091,0.39896342,positive,0.9926398992538452,0.007360100746154785,none,agreement,none,agreement
537,326,0,neutral,0.05115691,0.22621645,0.7226267,negative,0.011187965981662273,0.9888120340183377,none,conflict,none,conflict
538,326,0,neutral,0.015298704,0.69407284,0.29062852,negative,0.000434111658250913,0.9995658883417491,none,conflict,none,conflict
539,326,0,positive,0.90936357,0.005063784,0.08557265,neutral,0.5859048962593079,0.41409510374069214,agreement,none,none,none
540,326,0,neutral,0.4179837,0.005773661,0.5762426,negative,0.12669794261455536,0.8733020573854446,none,conflict,none,conflict
541,326,0,neutral,0.19321868,0.21283363,0.59394765,negative,0.008221411146223545,0.9917785888537765,none,conflict,none,conflict
542,326,0,neutral,0.6349126,0.0390585,0.32602885,positive,0.9956207871437073,0.004379212856292725,none,agreement,none,agreement
543,327,0,neutral,0.51411533,0.06273571,0.42314902,negative,0.06257720291614532,0.9374227970838547,none,conflict,none,conflict
544,327,0,neutral,0.24729984,0.1514655,0.6012347,negative,0.07919269055128098,0.920807309448719,none,conflict,none,conflict
545,327,0,neutral,0.14108184,0.02832566,0.8305926,negative,0.06947488337755203,0.930525116622448,none,conflict,none,conflict
546,327,0,neutral,0.08548214,0.47230536,0.44221252,negative,0.006098076701164246,0.9939019232988358,none,conflict,none,conflict
547,327,0,neutral,0.03833095,0.6304184,0.33125064,positive,0.706366240978241,0.29363375902175903,none,agreement,none,none
548,327,0,negative,0.019795693,0.74601007,0.23419425,negative,0.2614818215370178,0.7385181784629822,conflict,conflict,conflict,conflict
549,327,0,neutral,0.4486954,0.3410994,0.21020521,negative,0.003261731704697013,0.996738268295303,none,conflict,none,conflict
550,327,0,positive,0.7893276,0.030223845,0.18044852,positive,0.9985793828964233,0.0014206171035766602,agreement,agreement,agreement,agreement
551,327,0,neutral,0.35602537,0.22497989,0.41899464,negative,0.05886257067322731,0.9411374293267727,none,conflict,none,conflict
552,327,0,positive,0.77228814,0.047730517,0.17998134,negative,0.13865524530410767,0.8613447546958923,agreement,conflict,none,conflict
553,327,0,positive,0.9772828,0.0044502188,0.018266972,positive,0.999875545501709,0.00012445449829101562,agreement,agreement,none,agreement
554,327,0,positive,0.8113173,0.02000666,0.168676,positive,0.9357280135154724,0.06427198648452759,agreement,agreement,none,agreement
555,327,0,neutral,0.60211724,0.082852654,0.31503016,negative,0.004924458917230368,0.9950755410827696,none,conflict,none,conflict
556,327,0,positive,0.83436936,0.027071066,0.13855955,positive,0.9991739392280579,0.0008260607719421387,agreement,agreement,none,agreement
557,327,0,neutral,0.5467775,0.11750117,0.33572134,positive,0.9985206723213196,0.00147932767868042,none,agreement,none,none
558,328,0,positive,0.95299244,0.0055477293,0.041459832,positive,0.9996764659881592,0.0003235340118408203,agreement,agreement,none,none
559,328,0,neutral,0.12680647,0.64025545,0.23293805,negative,0.04174630716443062,0.9582536928355694,none,conflict,none,conflict
560,328,0,positive,0.959901,0.0059643826,0.034134645,positive,0.9984169006347656,0.001583099365234375,agreement,agreement,none,agreement
561,328,0,neutral,0.104087554,0.11236287,0.78354955,negative,0.002471688436344266,0.9975283115636557,none,conflict,none,conflict
562,328,0,negative,0.0077513284,0.93052596,0.06172267,negative,0.00037120457272976637,0.9996287954272702,conflict,conflict,conflict,conflict
563,328,0,negative,0.019105034,0.85504586,0.12584908,positive,0.992041289806366,0.007958710193634033,conflict,agreement,conflict,none
564,328,0,negative,0.01589819,0.80760646,0.1764954,negative,0.013926318846642971,0.986073681153357,conflict,conflict,conflict,conflict
565,328,0,neutral,0.16194554,0.2153919,0.62266254,positive,0.99859219789505,0.0014078021049499512,none,agreement,none,none
566,328,0,positive,0.9705964,0.0082233725,0.021180302,positive,0.9997894167900085,0.00021058320999145508,agreement,agreement,agreement,agreement
567,328,0,neutral,0.20769894,0.34016013,0.452141,negative,0.0007989804144017398,0.9992010195855983,none,conflict,none,conflict
568,328,0,neutral,0.05877092,0.4033753,0.53785384,positive,0.9862204790115356,0.013779520988464355,none,agreement,none,agreement
569,328,0,positive,0.90876824,0.0049416455,0.086290106,positive,0.9997814297676086,0.00021857023239135742,agreement,agreement,none,none
570,328,0,positive,0.7197148,0.0072948127,0.27299038,positive,0.9997888207435608,0.00021117925643920898,agreement,agreement,none,none
571,328,0,positive,0.97593737,0.0040864106,0.019976204,positive,0.9995348453521729,0.00046515464782714844,agreement,agreement,none,none
572,328,0,positive,0.92589533,0.004338404,0.06976623,positive,0.9995633959770203,0.00043660402297973633,agreement,agreement,agreement,none
573,328,0,positive,0.74458015,0.053993393,0.20142649,positive,0.9981001019477844,0.0018998980522155762,agreement,agreement,none,agreement
574,328,0,positive,0.8534752,0.025798662,0.12072611,positive,0.9713525176048279,0.02864748239517212,agreement,agreement,none,agreement
575,328,0,positive,0.9843522,0.00525738,0.010390477,positive,0.9998050332069397,0.00019496679306030273,agreement,agreement,none,agreement
576,328,0,positive,0.96377224,0.005914615,0.030313136,positive,0.999854326248169,0.0001456737518310547,agreement,agreement,agreement,agreement
577,328,0,positive,0.93630946,0.008643872,0.055046663,negative,0.010237657465040684,0.9897623425349593,agreement,conflict,none,conflict
578,328,0,neutral,0.067606814,0.37051684,0.56187636,negative,0.002049725968390703,0.9979502740316093,none,conflict,none,conflict
579,328,0,positive,0.96986157,0.0073128254,0.022825649,positive,0.9994693398475647,0.0005306601524353027,agreement,agreement,none,agreement
580,328,0,neutral,0.09399128,0.51985663,0.38615215,negative,0.0017183545278385282,0.9982816454721615,none,conflict,none,conflict
581,328,0,neutral,0.12221653,0.0924824,0.7853011,negative,0.0023037493228912354,0.9976962506771088,none,conflict,none,conflict
582,328,0,positive,0.9401124,0.012758183,0.047129396,positive,0.9988859295845032,0.0011140704154968262,agreement,agreement,none,none
583,328,0,positive,0.97446364,0.0053354613,0.02020089,positive,0.9998038411140442,0.00019615888595581055,agreement,agreement,none,none
585,329,0,neutral,0.38308728,0.006113262,0.61079943,positive,0.9873635172843933,0.01263648271560669,none,agreement,none,none
587,329,0,positive,0.9787998,0.003920271,0.017279899,positive,0.9998061060905457,0.0001938939094543457,agreement,agreement,none,none
588,329,0,positive,0.9155834,0.011298087,0.07311849,positive,0.9990119934082031,0.000988006591796875,agreement,agreement,none,none
589,329,0,negative,0.017426709,0.835982,0.1465913,negative,0.001822563586756587,0.9981774364132434,conflict,conflict,conflict,conflict
590,329,0,neutral,0.11430663,0.14532363,0.74036974,positive,0.9497069716453552,0.050293028354644775,none,agreement,none,agreement
591,329,0,neutral,0.015501674,0.6483118,0.33618647,negative,0.0007045677048154175,0.9992954322951846,none,conflict,none,conflict
592,329,0,positive,0.972024,0.0050270543,0.022948945,positive,0.9980373978614807,0.001962602138519287,agreement,agreement,none,none
593,329,0,neutral,0.64966035,0.005887689,0.34445193,positive,0.9983782768249512,0.0016217231750488281,none,agreement,none,none
594,329,0,positive,0.9726863,0.0029550572,0.024358708,positive,0.9997599720954895,0.00024002790451049805,agreement,agreement,agreement,none
595,329,0,neutral,0.67970145,0.04151534,0.27878323,positive,0.9981129169464111,0.0018870830535888672,none,agreement,none,none
597,329,0,neutral,0.6352475,0.03516176,0.32959074,positive,0.9992296695709229,0.0007703304290771484,none,agreement,none,none
598,329,0,positive,0.719156,0.0066839764,0.27415997,positive,0.9994437098503113,0.0005562901496887207,agreement,agreement,none,none
599,329,0,neutral,0.31414032,0.0307953,0.65506434,positive,0.9714561104774475,0.02854388952255249,none,agreement,none,agreement
600,329,0,positive,0.9577023,0.009504795,0.032792922,positive,0.9937509894371033,0.0062490105628967285,agreement,agreement,none,none
602,330,1,positive,0.8243211,0.028197074,0.14748183,negative,0.2361183613538742,0.7638816386461258,none,agreement,none,none
603,330,1,neutral,0.09578487,0.21733393,0.6868812,positive,0.9990178346633911,0.0009821653366088867,none,none,none,none
604,330,1,neutral,0.6560319,0.013164741,0.3308033,positive,0.9996484518051147,0.0003515481948852539,none,none,none,none
605,330,1,positive,0.76202375,0.00638934,0.23158692,negative,0.09933532029390335,0.9006646797060966,none,agreement,none,none
607,330,1,neutral,0.46369416,0.010871588,0.52543426,negative,0.08474066108465195,0.915259338915348,none,agreement,none,none
608,330,1,neutral,0.17900723,0.37796694,0.44302586,positive,0.9711291790008545,0.028870820999145508,none,none,none,none
609,330,1,negative,0.022752197,0.7463633,0.23088458,negative,0.0040555973537266254,0.9959444026462734,agreement,agreement,none,none
610,330,1,neutral,0.028018257,0.5439596,0.42802215,negative,0.003243554849177599,0.9967564451508224,none,agreement,none,none
612,330,1,positive,0.9572105,0.0083816545,0.034407806,positive,0.9995158910751343,0.00048410892486572266,none,none,none,none
613,331,0,neutral,0.24669717,0.010670214,0.7426326,negative,0.018957089632749557,0.9810429103672504,none,none,none,none
614,331,0,neutral,0.3389904,0.09019476,0.57081485,positive,0.9798451066017151,0.020154893398284912,none,agreement,none,none
615,331,0,neutral,0.20262848,0.3160428,0.48132882,negative,0.018017180263996124,0.9819828197360039,none,none,none,none
616,331,0,neutral,0.14193451,0.38572264,0.47234285,negative,0.012924274429678917,0.9870757255703211,none,none,none,none
617,331,0,neutral,0.30775604,0.38470557,0.3075384,positive,0.8478118181228638,0.15218818187713623,none,agreement,none,none
618,331,0,positive,0.9132238,0.011293005,0.07548324,positive,0.9922868013381958,0.007713198661804199,agreement,agreement,none,none
619,331,0,neutral,0.18834992,0.17031412,0.64133596,positive,0.9893097877502441,0.01069021224975586,none,agreement,none,none
620,331,0,negative,0.04696509,0.72885096,0.22418402,negative,0.04728911817073822,0.9527108818292618,none,none,none,none
621,331,0,neutral,0.49883673,0.1714355,0.3297278,positive,0.9944583177566528,0.005541682243347168,none,agreement,none,none
622,331,0,neutral,0.053926695,0.504279,0.44179425,negative,0.0006289745797403157,0.9993710254202597,none,none,none,none
623,331,0,negative,0.015683621,0.7921776,0.19213869,negative,0.002109156921505928,0.9978908430784941,none,none,none,none
624,331,0,neutral,0.49834308,0.09716329,0.4044936,negative,0.01672164537012577,0.9832783546298742,none,none,none,none
625,331,0,neutral,0.109295495,0.22029178,0.6704127,positive,0.9869427680969238,0.013057231903076172,none,agreement,none,none
626,331,0,neutral,0.080450915,0.52216744,0.39738163,negative,0.008431199938058853,0.9915688000619411,none,none,none,none
627,331,0,negative,0.024679402,0.812392,0.16292861,negative,0.004624605178833008,0.995375394821167,none,none,none,none
628,331,0,neutral,0.06637302,0.42594954,0.5076775,positive,0.9882853031158447,0.011714696884155273,none,agreement,none,none
629,331,0,positive,0.8647445,0.004595694,0.1306598,positive,0.9961579442024231,0.0038420557975769043,agreement,agreement,none,none
630,331,0,neutral,0.05912655,0.5630473,0.37782615,negative,0.008329478092491627,0.9916705219075084,none,none,none,none
631,331,0,negative,0.008172551,0.7896046,0.20222278,negative,0.0012463857419788837,0.9987536142580211,none,none,none,none
632,331,0,neutral,0.6301955,0.04254711,0.3272574,neutral,0.5003750920295715,0.49962490797042847,none,none,none,none
634,332,1,neutral,0.15453488,0.19420256,0.6512625,negative,0.003917332738637924,0.9960826672613621,none,agreement,none,agreement
635,332,1,neutral,0.11255996,0.44306484,0.4443752,negative,0.0033579315058887005,0.9966420684941113,none,agreement,none,none
637,332,1,neutral,0.47151783,0.19548929,0.33299282,negative,0.0036262429784983397,0.9963737570215017,none,agreement,none,agreement
638,332,1,neutral,0.05399558,0.5444386,0.4015658,negative,0.0020020639058202505,0.9979979360941797,none,agreement,none,none
642,332,1,positive,0.8429451,0.023504756,0.1335501,positive,0.9995962977409363,0.0004037022590637207,conflict,conflict,conflict,conflict
644,332,1,positive,0.8199098,0.051503174,0.12858702,neutral,0.44936278462409973,0.5506372153759003,conflict,none,conflict,none
645,332,1,neutral,0.15342546,0.3952276,0.45134693,positive,0.9976261258125305,0.0023738741874694824,none,conflict,none,conflict
646,332,1,neutral,0.4027741,0.12867723,0.46854874,positive,0.9957154393196106,0.004284560680389404,none,conflict,none,conflict
647,332,1,negative,0.010460352,0.90641695,0.083122715,negative,0.0006525919889099896,0.99934740801109,agreement,agreement,agreement,agreement
648,332,1,neutral,0.19166526,0.41376483,0.3945699,negative,0.030390474945306778,0.9696095250546932,none,agreement,none,none
649,332,1,positive,0.9269342,0.013104044,0.0599618,positive,0.8914928436279297,0.10850715637207031,conflict,conflict,conflict,conflict
650,332,1,negative,0.015612174,0.8453531,0.13903469,negative,0.0030030265916138887,0.9969969734083861,agreement,agreement,agreement,none
651,332,1,neutral,0.11469287,0.44905448,0.43625265,negative,0.005497248377650976,0.994502751622349,none,agreement,none,none
652,332,1,neutral,0.020409828,0.68681896,0.29277125,negative,0.0005865381099283695,0.9994134618900716,none,agreement,none,agreement
654,332,1,positive,0.8817172,0.011672191,0.10661057,positive,0.9997934699058533,0.00020653009414672852,conflict,conflict,conflict,conflict
655,332,1,neutral,0.64127815,0.028492484,0.33022943,positive,0.9976045489311218,0.002395451068878174,none,conflict,none,conflict
656,332,1,positive,0.8122446,0.031823535,0.15593186,positive,0.9994397759437561,0.0005602240562438965,conflict,conflict,conflict,conflict
658,333,0,positive,0.7198704,0.022841113,0.25728846,positive,0.999747097492218,0.0002529025077819824,agreement,agreement,none,none
659,333,0,positive,0.86634254,0.02831041,0.105346955,positive,0.9975722432136536,0.0024277567863464355,agreement,agreement,none,none
660,333,0,neutral,0.06821089,0.34945652,0.5823326,negative,0.0018582288175821304,0.9981417711824179,none,none,none,none
661,333,0,neutral,0.67031693,0.010558094,0.31912503,positive,0.9986476302146912,0.0013523697853088379,none,agreement,none,none
662,333,0,positive,0.9566891,0.0044428734,0.03886799,positive,0.9998237490653992,0.00017625093460083008,agreement,agreement,none,none
663,333,0,positive,0.9819151,0.0032567082,0.014828158,positive,0.9997739195823669,0.00022608041763305664,agreement,agreement,none,none
664,333,0,positive,0.96780396,0.0074138315,0.024782283,positive,0.9997660517692566,0.0002339482307434082,agreement,agreement,none,none
665,333,0,neutral,0.37336344,0.070942484,0.55569404,negative,0.15952424705028534,0.8404757529497147,none,none,none,none
666,333,0,neutral,0.30443802,0.3686103,0.32695177,positive,0.9980508089065552,0.0019491910934448242,none,agreement,none,none
669,333,0,neutral,0.17748871,0.07882221,0.74368906,positive,0.8017057180404663,0.1982942819595337,none,agreement,none,none
670,333,0,positive,0.93991584,0.0045552463,0.055528887,positive,0.9910111427307129,0.00898885726928711,agreement,agreement,none,none
671,333,0,neutral,0.17202504,0.46560526,0.36236966,positive,0.9884810447692871,0.01151895523071289,none,agreement,none,none
672,333,0,neutral,0.059397254,0.33945063,0.6011521,negative,0.002825674368068576,0.9971743256319314,none,none,none,none
673,333,0,neutral,0.21265641,0.33885235,0.44849125,positive,0.94947350025177,0.05052649974822998,none,agreement,none,none
674,333,0,neutral,0.25251427,0.25652537,0.49096045,negative,0.28589218854904175,0.7141078114509583,none,none,none,none
675,333,0,neutral,0.039667755,0.3711118,0.58922046,negative,0.003725269343703985,0.996274730656296,none,none,none,none
676,333,0,positive,0.9079197,0.016653871,0.07542642,positive,0.9990826845169067,0.0009173154830932617,agreement,agreement,none,none
677,333,0,positive,0.97503406,0.0034941658,0.021471722,positive,0.9998652935028076,0.0001347064971923828,agreement,agreement,none,none
678,333,0,neutral,0.33136684,0.113690056,0.5549431,positive,0.9968268275260925,0.0031731724739074707,none,agreement,none,none
679,333,0,neutral,0.63436806,0.025752619,0.33987933,positive,0.9898983836174011,0.010101616382598877,none,agreement,none,none
680,333,0,positive,0.94063705,0.0060609886,0.053301923,positive,0.999819815158844,0.00018018484115600586,agreement,agreement,none,none
683,334,0,neutral,0.20093995,0.12512065,0.67393947,positive,0.987533688545227,0.01246631145477295,none,agreement,none,none
684,334,0,neutral,0.63128126,0.015566563,0.35315222,positive,0.9930197596549988,0.006980240345001221,none,agreement,none,none
685,334,0,neutral,0.0882719,0.34922186,0.56250626,positive,0.9947793483734131,0.005220651626586914,none,agreement,none,none
686,334,0,positive,0.8799026,0.006301332,0.11379607,positive,0.9997544884681702,0.000245511531829834,agreement,agreement,none,none
687,334,0,neutral,0.33716252,0.06501067,0.59782684,negative,0.07768840342760086,0.9223115965723991,none,none,none,none
688,334,0,neutral,0.16148192,0.32324252,0.51527554,negative,0.0016509591368958354,0.9983490408631042,none,none,none,none
689,334,0,neutral,0.04260844,0.61376226,0.3436293,positive,0.7831954956054688,0.21680450439453125,none,agreement,none,none
690,334,0,neutral,0.2037612,0.23134637,0.5648925,positive,0.9380619525909424,0.06193804740905762,none,agreement,none,none
691,334,0,neutral,0.17276311,0.39724153,0.4299953,negative,0.26676198840141296,0.733238011598587,none,none,none,none
692,334,0,negative,0.009435769,0.83620083,0.15436342,negative,0.0011847437126562,0.9988152562873438,none,none,none,none
693,334,0,neutral,0.25018036,0.047440067,0.7023796,positive,0.9981257319450378,0.0018742680549621582,none,agreement,none,none
694,334,0,neutral,0.08063652,0.16469947,0.754664,negative,0.017548251897096634,0.9824517481029034,none,none,none,none
695,334,0,positive,0.95481455,0.0041849227,0.041000504,positive,0.9990241527557373,0.0009758472442626953,agreement,agreement,none,none
696,334,0,neutral,0.097466156,0.28413886,0.61839503,negative,0.012424797751009464,0.9875752022489905,none,none,none,none
697,334,0,neutral,0.26805577,0.018490275,0.713454,positive,0.7723932862281799,0.22760671377182007,none,agreement,none,none
698,334,0,negative,0.017171742,0.78895426,0.19387396,negative,0.013783982954919338,0.9862160170450807,none,none,none,none
699,334,0,neutral,0.10408768,0.4501814,0.4457309,negative,0.002710619941353798,0.9972893800586462,none,none,none,none
700,334,0,neutral,0.08285762,0.4258126,0.4913298,negative,0.0016568854916840792,0.9983431145083159,none,none,none,none
701,334,0,neutral,0.5280122,0.024431631,0.44755617,negative,0.016957640647888184,0.9830423593521118,none,none,none,none
702,334,0,neutral,0.08784258,0.40190762,0.51024973,positive,0.9853116273880005,0.014688372611999512,none,agreement,none,none
704,334,0,negative,0.06382792,0.70527,0.23090212,negative,0.021212860941886902,0.9787871390581131,none,none,none,none
705,334,0,positive,0.9063405,0.011745718,0.0819138,positive,0.9034953117370605,0.09650468826293945,agreement,agreement,none,none
706,334,0,positive,0.82719356,0.017110717,0.15569572,positive,0.9993809461593628,0.000619053840637207,agreement,agreement,none,none
707,334,0,neutral,0.12738913,0.100883424,0.77172744,negative,0.017796102911233902,0.9822038970887661,none,none,none,none
708,335,0,neutral,0.35197145,0.012031113,0.6359975,positive,0.9989098310470581,0.0010901689529418945,none,agreement,none,none
709,335,0,positive,0.9184886,0.0060462398,0.07546516,positive,0.9977293610572815,0.002270638942718506,agreement,agreement,none,none
710,335,0,negative,0.011093233,0.84429824,0.14460845,negative,0.0028019060846418142,0.9971980939153582,none,none,none,none
711,335,0,neutral,0.43503252,0.08035345,0.48461398,negative,0.025937508791685104,0.9740624912083149,none,none,none,none
712,335,0,neutral,0.5143469,0.02226209,0.463391,positive,0.981633186340332,0.01836681365966797,none,agreement,none,none
713,335,0,neutral,0.36624986,0.11363293,0.5201172,neutral,0.36350879073143005,0.63649120926857,none,none,none,none
714,335,0,neutral,0.07346953,0.50573665,0.42079383,positive,0.8739774823188782,0.12602251768112183,none,agreement,none,none
715,335,0,neutral,0.024312312,0.6521187,0.32356903,negative,0.008041293360292912,0.9919587066397071,none,none,none,none
716,335,0,neutral,0.24029583,0.37562817,0.38407606,positive,0.9264907836914062,0.07350921630859375,none,agreement,none,none
717,335,0,positive,0.9076573,0.016733984,0.07560874,positive,0.9912216663360596,0.00877833366394043,agreement,agreement,none,none
718,335,0,neutral,0.21339388,0.14959846,0.63700765,positive,0.9637691378593445,0.03623086214065552,none,agreement,none,none
719,335,0,neutral,0.13137302,0.5000913,0.3685357,neutral,0.6684820652008057,0.33151793479919434,none,none,none,none
720,335,0,neutral,0.016578458,0.6924676,0.29095402,negative,0.007832243107259274,0.9921677568927407,none,none,none,none
721,335,0,negative,0.0154335145,0.72825634,0.25631016,positive,0.9717873334884644,0.028212666511535645,none,agreement,none,none
722,335,0,negative,0.007982751,0.8765603,0.11545698,negative,0.00939823966473341,0.9906017603352666,none,none,none,none
723,335,0,neutral,0.6889469,0.08026148,0.23079157,positive,0.9858843684196472,0.014115631580352783,none,agreement,none,none
724,335,0,positive,0.97458446,0.0055885487,0.019827042,positive,0.9994981288909912,0.0005018711090087891,agreement,agreement,none,none
725,335,0,positive,0.97034556,0.0021721488,0.027482355,positive,0.9996809959411621,0.0003190040588378906,agreement,agreement,none,none
726,335,0,positive,0.97579145,0.0021973457,0.022011172,positive,0.9939275979995728,0.006072402000427246,agreement,agreement,none,none
727,335,0,positive,0.9218947,0.0063387332,0.07176654,positive,0.9998564720153809,0.00014352798461914062,agreement,agreement,none,none
728,335,0,negative,0.018891199,0.7447931,0.23631568,negative,0.021667933091521263,0.9783320669084787,none,none,none,none
729,335,0,neutral,0.027871937,0.5901606,0.38196746,positive,0.9755486249923706,0.024451375007629395,none,agreement,none,none
730,335,0,positive,0.88863575,0.017739981,0.09362428,positive,0.9994434714317322,0.0005565285682678223,agreement,agreement,none,none
732,336,0,neutral,0.13352242,0.45422086,0.41225675,negative,0.054709404706954956,0.945290595293045,none,none,none,none
733,336,0,negative,0.018349912,0.79552406,0.18612607,positive,0.9762489795684814,0.023751020431518555,none,agreement,none,none
734,336,0,neutral,0.49393532,0.082922146,0.42314255,negative,0.0030099041759967804,0.9969900958240032,none,none,none,none
735,336,0,neutral,0.19215238,0.09369606,0.7141515,positive,0.9995267391204834,0.00047326087951660156,none,agreement,none,none
736,336,0,neutral,0.4492292,0.028124651,0.5226461,positive,0.9855898022651672,0.014410197734832764,none,agreement,none,none
737,336,0,positive,0.8489017,0.023424268,0.12767406,negative,0.009634189307689667,0.9903658106923103,agreement,none,none,none
738,336,0,negative,0.013439446,0.8804912,0.10606936,positive,0.9919730424880981,0.008026957511901855,none,agreement,none,none
739,336,0,neutral,0.33849478,0.05540353,0.60610163,negative,0.035920653492212296,0.9640793465077877,none,none,none,none
740,336,0,positive,0.959412,0.005000935,0.03558706,positive,0.9994613528251648,0.0005386471748352051,agreement,agreement,none,none
741,336,0,neutral,0.36641982,0.10983254,0.5237476,positive,0.989661455154419,0.010338544845581055,none,agreement,none,none
742,336,0,negative,0.03972704,0.7723101,0.18796287,negative,0.0004086034605279565,0.999591396539472,none,none,none,none
745,336,0,neutral,0.18126598,0.3281071,0.490627,negative,0.005611811298877001,0.994388188701123,none,none,none,none
746,336,0,neutral,0.13055527,0.38946924,0.47997546,negative,0.0895925834774971,0.9104074165225029,none,none,none,none
747,336,0,negative,0.009575953,0.81320924,0.17721477,negative,0.00045730394776910543,0.9995426960522309,none,none,none,none
748,336,0,neutral,0.624809,0.10445148,0.2707395,negative,0.002811319660395384,0.9971886803396046,none,none,none,none
749,336,0,positive,0.85310525,0.0083849775,0.13850977,positive,0.9998316764831543,0.00016832351684570312,agreement,agreement,none,none
750,337,1,positive,0.827436,0.00843985,0.16412416,positive,0.9990097284317017,0.0009902715682983398,none,none,none,none
751,337,1,positive,0.95660335,0.007519752,0.035876866,positive,0.9995986819267273,0.0004013180732727051,none,none,none,none
752,337,1,neutral,0.087743714,0.51887816,0.39337814,positive,0.9994438290596008,0.0005561709403991699,none,none,none,none
753,337,1,neutral,0.15259628,0.15334822,0.69405556,negative,0.05566638335585594,0.9443336166441441,none,agreement,none,none
754,337,1,neutral,0.109903,0.21450964,0.6755874,negative,0.02961553819477558,0.9703844618052244,none,agreement,none,none
755,337,1,neutral,0.12471088,0.37703174,0.4982574,positive,0.9982150793075562,0.0017849206924438477,none,none,none,none
756,337,1,neutral,0.13095705,0.02322879,0.8458142,positive,0.9934675097465515,0.006532490253448486,none,none,none,none
757,337,1,neutral,0.12055338,0.10866207,0.7707845,negative,0.07273486256599426,0.9272651374340057,none,agreement,none,none
758,337,1,positive,0.79288244,0.0050309543,0.2020866,positive,0.9975996613502502,0.002400338649749756,none,none,none,none
759,337,1,neutral,0.039317485,0.56825995,0.39242253,negative,0.013986136764287949,0.986013863235712,none,agreement,none,none
760,337,1,neutral,0.27304363,0.020507213,0.7064492,positive,0.993575394153595,0.006424605846405029,none,none,none,none
761,337,1,neutral,0.1706971,0.021692723,0.8076102,positive,0.9835342764854431,0.016465723514556885,none,none,none,none
762,337,1,neutral,0.19077598,0.1309945,0.6782295,negative,0.06416978687047958,0.9358302131295204,none,agreement,none,none
763,337,1,neutral,0.13766313,0.07249342,0.7898435,negative,0.2759464681148529,0.7240535318851471,none,agreement,none,none
764,337,1,negative,0.008523083,0.8721492,0.11932764,negative,0.007218886166810989,0.992781113833189,agreement,agreement,none,none
765,337,1,negative,0.009585143,0.8729954,0.117419474,negative,0.003190976334735751,0.9968090236652642,agreement,agreement,none,none
766,337,1,negative,0.0054231957,0.9123162,0.08226061,negative,0.0008656728896312416,0.9991343271103688,agreement,agreement,none,none
767,337,1,negative,0.016532887,0.79036677,0.19310033,negative,0.0030734087340533733,0.9969265912659466,agreement,agreement,none,none
768,337,1,neutral,0.06463681,0.49180835,0.44355482,negative,0.08906442672014236,0.9109355732798576,none,agreement,none,none
769,337,1,neutral,0.025874535,0.5509695,0.42315602,negative,0.0032473294995725155,0.9967526705004275,none,agreement,none,none
770,337,1,neutral,0.058769986,0.30558488,0.6356451,negative,0.00845395214855671,0.9915460478514433,none,agreement,none,none
771,337,1,neutral,0.22948864,0.14221388,0.62829757,positive,0.99411940574646,0.005880594253540039,none,none,none,none
772,337,1,negative,0.018122496,0.70496863,0.2769089,negative,0.002940091071650386,0.9970599089283496,agreement,agreement,none,none
773,337,1,neutral,0.38725173,0.03296362,0.5797847,positive,0.9971612691879272,0.002838730812072754,none,none,none,none
774,337,1,negative,0.029477993,0.72620755,0.24431439,positive,0.9680047035217285,0.031995296478271484,agreement,none,none,none
775,337,1,positive,0.89316756,0.010435387,0.09639705,positive,0.9997770190238953,0.00022298097610473633,none,none,none,none
776,337,1,neutral,0.2856256,0.092592485,0.6217818,negative,0.08831443637609482,0.9116855636239052,none,agreement,none,none
777,337,1,negative,0.012281787,0.8285702,0.15914804,negative,0.0007975028711371124,0.9992024971288629,agreement,agreement,none,none
778,337,1,neutral,0.03824491,0.68756366,0.2741914,negative,0.004658644553273916,0.9953413554467261,none,agreement,none,none
779,337,1,negative,0.01029755,0.8873564,0.10234602,negative,0.0006948144873604178,0.9993051855126396,agreement,agreement,none,none
780,337,1,neutral,0.19239251,0.119887814,0.6877197,positive,0.9436611533164978,0.0563388466835022,none,none,none,none
781,337,1,neutral,0.16046615,0.3047287,0.5348052,positive,0.9996412992477417,0.0003587007522583008,none,none,none,none
782,337,1,neutral,0.102700345,0.27434978,0.6229499,positive,0.9936909675598145,0.006309032440185547,none,none,none,none
784,337,1,neutral,0.047626473,0.3829056,0.5694679,negative,0.0006204204983077943,0.9993795795016922,none,agreement,none,none
785,337,1,neutral,0.070015006,0.087477766,0.8425072,neutral,0.30600354075431824,0.6939964592456818,none,none,none,none
786,337,1,negative,0.015352938,0.7463151,0.23833193,negative,0.005829120986163616,0.9941708790138364,agreement,agreement,none,none
787,337,1,negative,0.0067832493,0.8754981,0.11771866,negative,0.2313353717327118,0.7686646282672882,agreement,agreement,none,none
788,337,1,negative,0.032388877,0.72943676,0.23817433,negative,0.0017026017885655165,0.9982973982114345,agreement,agreement,none,none
789,337,1,negative,0.008982442,0.8721613,0.11885626,negative,0.0007106909761205316,0.9992893090238795,agreement,agreement,none,none
790,337,1,negative,0.022926403,0.70882213,0.26825145,positive,0.988825261592865,0.01117473840713501,agreement,none,none,none
791,337,1,neutral,0.31360486,0.11480681,0.57158834,positive,0.9927482008934021,0.0072517991065979,none,none,none,none
792,337,1,negative,0.010890589,0.76005447,0.22905491,negative,0.0014979259576648474,0.9985020740423352,agreement,agreement,none,none
793,337,1,neutral,0.55224705,0.064987265,0.38276574,negative,0.28264111280441284,0.7173588871955872,none,agreement,none,none
794,337,1,neutral,0.16075553,0.14028744,0.69895715,neutral,0.3549385368824005,0.6450614631175995,none,none,none,none
795,337,1,neutral,0.51923615,0.1181778,0.36258608,positive,0.8092019557952881,0.19079804420471191,none,none,none,none
796,337,1,neutral,0.073684946,0.5444531,0.38186187,negative,0.2823074460029602,0.7176925539970398,none,agreement,none,none
797,337,1,neutral,0.033624146,0.6014751,0.36490074,negative,0.020123673602938652,0.9798763263970613,none,agreement,none,none
798,337,1,negative,0.008082906,0.8868349,0.10508215,negative,0.00030421451083384454,0.9996957854891662,agreement,agreement,none,none
799,337,1,neutral,0.030676989,0.6904344,0.27888858,positive,0.9605716466903687,0.03942835330963135,none,none,none,none
800,337,1,negative,0.028446848,0.7671744,0.20437872,negative,0.0056090098805725574,0.9943909901194274,agreement,agreement,none,none
801,337,1,neutral,0.05378911,0.22887398,0.7173369,negative,0.07656676322221756,0.9234332367777824,none,agreement,none,none
802,337,1,neutral,0.5355084,0.11993638,0.3445553,negative,0.11637922376394272,0.8836207762360573,none,agreement,none,none
803,337,1,neutral,0.24191386,0.33783326,0.42025292,neutral,0.6073541641235352,0.39264583587646484,none,none,none,none
804,337,1,neutral,0.20986535,0.11105418,0.6790805,positive,0.9927731156349182,0.007226884365081787,none,none,none,none
805,337,1,positive,0.70631367,0.029903965,0.26378238,positive,0.9961643218994141,0.0038356781005859375,none,none,none,none
806,337,1,negative,0.015828222,0.79523695,0.18893482,negative,0.003039625007659197,0.9969603749923408,agreement,agreement,none,none
807,337,1,positive,0.7168188,0.021971554,0.26120958,positive,0.9981611371040344,0.0018388628959655762,none,none,none,none
808,337,1,negative,0.008858328,0.82000405,0.17113765,negative,0.0026949518360197544,0.9973050481639802,agreement,agreement,none,none
809,337,1,positive,0.8670601,0.017138297,0.11580156,positive,0.9928838014602661,0.007116198539733887,none,none,none,none
810,338,1,positive,0.95687246,0.004172527,0.03895498,positive,0.9994841814041138,0.0005158185958862305,conflict,conflict,conflict,conflict
811,338,1,neutral,0.27955464,0.1397545,0.5806908,positive,0.991696834564209,0.008303165435791016,none,conflict,none,conflict
812,338,1,neutral,0.24364327,0.10473445,0.65162235,negative,0.012968415394425392,0.9870315846055746,none,agreement,none,agreement
813,338,1,neutral,0.33037928,0.07013492,0.5994859,positive,0.999322772026062,0.0006772279739379883,none,conflict,none,conflict
814,338,1,negative,0.08398636,0.763253,0.15276073,negative,0.008489340543746948,0.991510659456253,agreement,agreement,agreement,agreement
815,338,1,neutral,0.5022926,0.16609813,0.33160937,positive,0.9969755411148071,0.003024458885192871,none,conflict,none,conflict
816,338,1,neutral,0.040589914,0.58,0.37941006,negative,0.002089908579364419,0.9979100914206356,none,agreement,none,agreement
817,338,1,neutral,0.33012003,0.109273635,0.5606063,positive,0.9949761629104614,0.005023837089538574,none,conflict,none,conflict
818,338,1,neutral,0.059116796,0.5624092,0.37847394,negative,0.013885934837162495,0.9861140651628375,none,agreement,none,agreement
819,338,1,neutral,0.2067279,0.06428341,0.72898865,positive,0.9949251413345337,0.005074858665466309,none,conflict,none,conflict
820,338,1,positive,0.9578989,0.008507295,0.03359381,positive,0.9983071088790894,0.0016928911209106445,conflict,conflict,conflict,conflict
821,338,1,positive,0.74957454,0.039147586,0.21127784,negative,0.006633542012423277,0.9933664579875767,conflict,agreement,conflict,none
822,338,1,positive,0.8459323,0.02730389,0.12676388,positive,0.9946715235710144,0.005328476428985596,conflict,conflict,conflict,conflict
823,338,1,neutral,0.5949434,0.0093454085,0.3957112,positive,0.9996465444564819,0.0003534555435180664,none,conflict,none,conflict
824,338,1,positive,0.98042023,0.0029514546,0.016628308,positive,0.9998766183853149,0.0001233816146850586,conflict,conflict,conflict,conflict
825,338,1,positive,0.9756659,0.0058372123,0.018496891,positive,0.9998319149017334,0.00016808509826660156,conflict,conflict,conflict,conflict
827,339,1,neutral,0.17510815,0.009434478,0.8154574,positive,0.9895535707473755,0.010446429252624512,none,none,none,none
828,339,1,positive,0.9489893,0.0067695193,0.044241145,positive,0.997711181640625,0.002288818359375,none,none,none,none
829,339,1,neutral,0.028148556,0.58094484,0.3909065,negative,0.0008953281212598085,0.9991046718787402,none,agreement,none,none
831,339,1,neutral,0.03607749,0.3330893,0.63083327,negative,0.004768211394548416,0.9952317886054516,none,agreement,none,none
833,339,1,negative,0.01606152,0.7234657,0.2604728,negative,0.0008416397031396627,0.9991583602968603,agreement,agreement,none,none
834,339,1,neutral,0.08957564,0.36114007,0.5492842,negative,0.009391587227582932,0.9906084127724171,none,agreement,none,none
835,339,1,neutral,0.11819239,0.31729665,0.56451094,positive,0.9981004595756531,0.0018995404243469238,none,none,none,none
836,339,1,neutral,0.031516157,0.53625107,0.4322328,negative,0.006789471488445997,0.993210528511554,none,agreement,none,none
837,339,1,neutral,0.5049572,0.057625093,0.43741763,positive,0.9866852760314941,0.01331472396850586,none,none,none,none
838,339,1,neutral,0.56929374,0.045796677,0.38490963,positive,0.9990732669830322,0.0009267330169677734,none,none,none,none
839,339,1,neutral,0.06686715,0.1716391,0.7614938,negative,0.0015192878199741244,0.9984807121800259,none,agreement,none,none
840,339,1,neutral,0.18134093,0.42749253,0.39116657,negative,0.005691824480891228,0.9943081755191088,none,agreement,none,none
841,339,1,positive,0.955359,0.004944593,0.039696366,positive,0.9998263716697693,0.0001736283302307129,none,none,none,none
842,339,1,positive,0.9264321,0.012044628,0.06152331,positive,0.9996774196624756,0.00032258033752441406,none,none,none,none
843,339,1,positive,0.9472797,0.009175519,0.043544807,positive,0.99967360496521,0.00032639503479003906,none,none,none,none
844,339,1,positive,0.9863797,0.0042323056,0.00938799,positive,0.9998791217803955,0.00012087821960449219,none,none,none,none
845,340,0,neutral,0.11009687,0.01274497,0.87715816,negative,0.018873192369937897,0.9811268076300621,none,conflict,none,conflict
846,340,0,neutral,0.2619156,0.11013182,0.62795264,negative,0.01580498181283474,0.9841950181871653,none,conflict,none,conflict
847,340,0,negative,0.011035858,0.8717711,0.11719308,negative,0.0010228529572486877,0.9989771470427513,conflict,conflict,conflict,conflict
848,340,0,neutral,0.20080218,0.29501244,0.5041853,negative,0.04663785174489021,0.9533621482551098,none,conflict,none,conflict
849,340,0,neutral,0.27559686,0.36243758,0.36196563,negative,0.037639886140823364,0.9623601138591766,none,conflict,none,conflict
851,340,0,positive,0.92226875,0.00617541,0.07155589,positive,0.9995957016944885,0.0004042983055114746,agreement,agreement,none,agreement
852,340,0,neutral,0.26958826,0.21746843,0.5129434,positive,0.9977610111236572,0.0022389888763427734,none,agreement,none,none
854,340,0,neutral,0.695342,0.047527503,0.2571305,positive,0.9942090511322021,0.0057909488677978516,none,agreement,none,agreement
855,340,0,positive,0.9558297,0.0035014432,0.040668882,positive,0.9996412992477417,0.0003587007522583008,agreement,agreement,agreement,agreement
856,340,0,positive,0.97171235,0.0077103563,0.020577257,positive,0.9998427629470825,0.00015723705291748047,agreement,agreement,none,none
861,341,0,neutral,0.39419258,0.16792248,0.437885,negative,0.004552248399704695,0.9954477516002953,none,none,none,none
862,341,0,neutral,0.028636103,0.33321902,0.6381449,negative,0.0016354075632989407,0.9983645924367011,none,none,none,none
863,341,0,neutral,0.044239126,0.6318103,0.3239506,negative,0.0062386575154960155,0.993761342484504,none,none,none,none
864,341,0,positive,0.7261018,0.10262408,0.17127407,positive,0.9997774958610535,0.0002225041389465332,agreement,agreement,none,none
865,341,0,positive,0.97662556,0.0039577917,0.01941671,positive,0.999554455280304,0.0004455447196960449,agreement,agreement,none,none
867,341,0,neutral,0.26549894,0.30496404,0.42953697,positive,0.9996415376663208,0.0003584623336791992,none,agreement,none,none
868,341,0,negative,0.019168008,0.72678506,0.25404686,negative,0.0015446271281689405,0.9984553728718311,none,none,none,none
869,341,0,neutral,0.108096376,0.6689329,0.22297075,negative,0.05406807363033295,0.945931926369667,none,none,none,none
870,341,0,positive,0.960072,0.0050789253,0.034849092,positive,0.9998096823692322,0.00019031763076782227,agreement,agreement,none,none
871,341,0,neutral,0.5179728,0.16647507,0.31555215,positive,0.987310528755188,0.012689471244812012,none,agreement,none,none
872,341,0,neutral,0.160701,0.27422434,0.5650747,negative,0.0012660506181418896,0.9987339493818581,none,none,none,none
873,341,0,neutral,0.11648976,0.4146865,0.46882376,negative,0.02261626534163952,0.9773837346583605,none,none,none,none
874,341,0,neutral,0.16722894,0.14439139,0.6883797,positive,0.9941927790641785,0.005807220935821533,none,agreement,none,none
875,341,0,neutral,0.2757989,0.19791,0.52629113,negative,0.07339002937078476,0.9266099706292152,none,none,none,none
876,341,0,neutral,0.5392569,0.06458546,0.39615765,positive,0.9750667810440063,0.024933218955993652,none,agreement,none,none
877,341,0,neutral,0.16241536,0.3559253,0.48165935,negative,0.0063041141256690025,0.993695885874331,none,none,none,none
878,341,0,positive,0.87189543,0.022563366,0.10554124,positive,0.9993114471435547,0.0006885528564453125,agreement,agreement,none,none
879,341,0,neutral,0.086737394,0.5727916,0.34047112,neutral,0.3113900423049927,0.6886099576950073,none,none,none,none
880,341,0,neutral,0.07257735,0.60812503,0.31929758,negative,0.007873383350670338,0.9921266166493297,none,none,none,none
881,341,0,neutral,0.2557933,0.13336264,0.61084396,positive,0.9977332353591919,0.0022667646408081055,none,agreement,none,none
882,343,0,neutral,0.17189775,0.036532782,0.7915694,positive,0.9922425746917725,0.007757425308227539,none,agreement,none,none
883,343,0,positive,0.92705476,0.0050838077,0.06786141,positive,0.9996790885925293,0.0003209114074707031,agreement,agreement,none,none
884,343,0,negative,0.009558733,0.74256265,0.24787863,negative,0.00041501023224554956,0.9995849897677545,none,none,none,none
885,343,0,neutral,0.044197347,0.18238752,0.7734151,negative,0.0043240864761173725,0.9956759135238826,none,none,none,none
886,343,0,neutral,0.05001845,0.32321423,0.62676734,negative,0.003035900415852666,0.9969640995841473,none,none,none,none
888,343,0,neutral,0.15548581,0.097473204,0.7470409,positive,0.9691823720932007,0.030817627906799316,none,agreement,none,none
889,343,0,neutral,0.07741144,0.380012,0.54257655,negative,0.006567461881786585,0.9934325381182134,none,none,none,none
891,343,0,neutral,0.20399174,0.06393801,0.73207027,negative,0.0056158811785280704,0.9943841188214719,none,none,none,none
892,343,0,neutral,0.047169443,0.5390825,0.413748,negative,0.001717167324386537,0.9982828326756135,none,none,none,none
893,343,0,neutral,0.26279932,0.18533647,0.5518642,positive,0.9984263181686401,0.0015736818313598633,none,agreement,none,none
894,343,0,negative,0.01071758,0.8759376,0.11334492,negative,0.01376640796661377,0.9862335920333862,none,none,none,none
897,343,0,neutral,0.31873336,0.063256174,0.61801046,positive,0.9929893016815186,0.007010698318481445,none,agreement,none,none
899,343,0,positive,0.9634681,0.004285912,0.03224605,positive,0.9994310736656189,0.0005689263343811035,agreement,agreement,none,none
900,343,0,positive,0.707956,0.04938166,0.24266224,positive,0.9988070726394653,0.001192927360534668,agreement,agreement,none,none
902,344,0,positive,0.8358695,0.016138641,0.14799188,positive,0.99818354845047,0.0018164515495300293,agreement,agreement,none,none
903,344,0,neutral,0.21750826,0.027523668,0.75496805,positive,0.9979017972946167,0.0020982027053833008,none,agreement,none,none
904,344,0,neutral,0.5724496,0.039118983,0.3884314,negative,0.1896282285451889,0.8103717714548111,none,none,none,none
905,344,0,neutral,0.03673828,0.3567681,0.60649365,negative,0.005737629719078541,0.9942623702809215,none,none,none,none
906,344,0,neutral,0.13016142,0.06835426,0.8014843,negative,0.015030157752335072,0.9849698422476649,none,none,none,none
907,344,0,neutral,0.34704965,0.24387021,0.40908015,negative,0.012003375217318535,0.9879966247826815,none,none,none,none
908,344,0,positive,0.72267157,0.034912284,0.24241617,positive,0.9927765130996704,0.00722348690032959,agreement,agreement,none,none
910,344,0,negative,0.005651513,0.9284525,0.065896,positive,0.720188319683075,0.27981168031692505,none,agreement,none,none
911,344,0,neutral,0.028564088,0.6387779,0.33265793,negative,0.0016856133006513119,0.9983143866993487,none,none,none,none
912,344,0,negative,0.009874419,0.86978805,0.12033758,negative,0.0012228027917444706,0.9987771972082555,none,none,none,none
913,344,0,neutral,0.106527366,0.3534688,0.5400039,positive,0.9994675517082214,0.0005324482917785645,none,agreement,none,none
914,344,0,positive,0.97360885,0.0034186468,0.022972485,positive,0.9998093247413635,0.0001906752586364746,agreement,agreement,none,none
915,344,0,neutral,0.22983365,0.25537246,0.51479393,positive,0.957446277141571,0.042553722858428955,none,agreement,none,none
916,344,0,neutral,0.19551733,0.14126566,0.663217,positive,0.9935755133628845,0.0064244866371154785,none,agreement,none,none
917,344,0,neutral,0.038289573,0.4505571,0.5111534,negative,0.040018513798713684,0.9599814862012863,none,none,none,none
918,344,0,neutral,0.13184619,0.288727,0.5794269,positive,0.978184700012207,0.02181529998779297,none,agreement,none,none
919,344,0,neutral,0.07092822,0.62979805,0.29927373,negative,0.024875296279788017,0.975124703720212,none,none,none,none
920,344,0,neutral,0.022486713,0.69122607,0.28628728,negative,0.03589621186256409,0.9641037881374359,none,none,none,none
921,344,0,positive,0.7031944,0.012896646,0.283909,positive,0.996236264705658,0.003763735294342041,agreement,agreement,none,none
922,344,0,positive,0.8875645,0.02073063,0.09170492,positive,0.9990516304969788,0.0009483695030212402,agreement,agreement,none,none
923,344,0,neutral,0.21296257,0.17195931,0.61507803,positive,0.9974600672721863,0.0025399327278137207,none,agreement,none,none
924,344,0,neutral,0.04665088,0.56248057,0.39086857,negative,0.0005049232277087867,0.9994950767722912,none,none,none,none
925,344,0,neutral,0.41715068,0.08024978,0.5025996,positive,0.893552303314209,0.10644769668579102,none,agreement,none,none
926,344,0,positive,0.9069739,0.015327606,0.07769853,positive,0.998630166053772,0.0013698339462280273,agreement,agreement,none,none
927,344,0,positive,0.91507363,0.012556341,0.072369985,positive,0.9977838397026062,0.002216160297393799,agreement,agreement,none,none
928,344,0,positive,0.97313243,0.0045236177,0.022343911,positive,0.9994938373565674,0.0005061626434326172,agreement,agreement,none,none
929,344,0,positive,0.9063731,0.012555908,0.08107102,positive,0.9975497126579285,0.002450287342071533,agreement,agreement,none,none
931,345,1,positive,0.96278644,0.0045189294,0.03269461,positive,0.9998373985290527,0.00016260147094726562,conflict,conflict,conflict,conflict
932,345,1,positive,0.8716425,0.02486545,0.103492044,positive,0.9995883107185364,0.00041168928146362305,conflict,conflict,conflict,conflict
933,345,1,negative,0.010504745,0.90867394,0.080821306,negative,0.003773726290091872,0.9962262737099081,agreement,agreement,none,none
934,345,1,neutral,0.043602116,0.517981,0.43841696,negative,0.0019407978979870677,0.9980592021020129,none,agreement,none,agreement
935,345,1,positive,0.8647097,0.016447298,0.118843056,positive,0.9851216077804565,0.014878392219543457,conflict,conflict,conflict,conflict
936,345,1,neutral,0.20871815,0.24794646,0.5433354,positive,0.9917780160903931,0.008221983909606934,none,conflict,none,conflict
937,345,1,negative,0.00990839,0.9062614,0.08383022,negative,0.0004080196376889944,0.999591980362311,agreement,agreement,agreement,agreement
938,345,1,negative,0.011327823,0.84799737,0.14067477,negative,0.00031835355912335217,0.9996816464408766,agreement,agreement,agreement,agreement
939,345,1,positive,0.95891505,0.007817795,0.03326711,positive,0.9990988969802856,0.0009011030197143555,conflict,conflict,conflict,conflict
940,345,1,positive,0.9889425,0.0031846808,0.007872758,positive,0.9998494386672974,0.00015056133270263672,conflict,conflict,conflict,conflict
941,345,1,positive,0.87752616,0.03241187,0.09006193,positive,0.9997610449790955,0.00023895502090454102,conflict,conflict,conflict,conflict
942,345,1,positive,0.9838976,0.0032487218,0.012853663,positive,0.9998489618301392,0.00015103816986083984,conflict,conflict,conflict,conflict
943,345,1,negative,0.011694016,0.81677926,0.17152667,negative,0.00633083563297987,0.9936691643670201,agreement,agreement,agreement,agreement
944,345,1,neutral,0.0903661,0.44065106,0.4689828,negative,0.004840223118662834,0.9951597768813372,none,agreement,none,agreement
945,345,1,negative,0.018544797,0.7527889,0.22866635,negative,0.0019166268175467849,0.9980833731824532,agreement,agreement,none,none
946,345,1,negative,0.009810298,0.85373276,0.13645701,positive,0.7792989611625671,0.22070103883743286,agreement,conflict,none,conflict
947,345,1,positive,0.93972087,0.009008303,0.051270906,neutral,0.6553174257278442,0.34468257427215576,conflict,none,conflict,none
948,345,1,positive,0.91318375,0.015682321,0.071134,positive,0.9993218183517456,0.0006781816482543945,conflict,conflict,conflict,conflict
949,345,1,positive,0.94536006,0.010892022,0.04374788,negative,0.008823143318295479,0.9911768566817045,conflict,agreement,conflict,none
950,345,1,neutral,0.6932019,0.10901528,0.19778284,positive,0.9989160299301147,0.001083970069885254,none,conflict,none,conflict
951,345,1,negative,0.010123266,0.9157632,0.07411343,positive,0.9565799236297607,0.04342007637023926,agreement,conflict,agreement,conflict
952,345,1,positive,0.82843685,0.020892128,0.15067104,positive,0.9852839708328247,0.014716029167175293,conflict,conflict,conflict,conflict
953,345,1,positive,0.9764814,0.0027127727,0.02080577,positive,0.999752938747406,0.00024706125259399414,conflict,conflict,conflict,conflict
954,346,1,positive,0.974035,0.0060491525,0.019915763,positive,0.999817430973053,0.00018256902694702148,conflict,conflict,conflict,conflict
955,346,1,neutral,0.14825852,0.5531283,0.29861325,negative,0.0025509304832667112,0.9974490695167333,none,agreement,none,agreement
956,346,1,positive,0.94129276,0.009830745,0.048876453,negative,0.09884772449731827,0.9011522755026817,conflict,agreement,conflict,agreement
957,346,1,positive,0.822717,0.015737131,0.16154584,positive,0.9495973587036133,0.05040264129638672,conflict,conflict,conflict,conflict
958,346,1,neutral,0.6590754,0.03619243,0.30473217,neutral,0.44158458709716797,0.558415412902832,none,none,none,none
959,346,1,neutral,0.44027662,0.19529362,0.36442977,positive,0.8607510924339294,0.13924890756607056,none,conflict,none,conflict
961,346,1,negative,0.018529342,0.7622652,0.21920551,negative,0.008904892019927502,0.9910951079800725,agreement,agreement,none,none
962,346,1,negative,0.010054319,0.80106604,0.18887964,negative,0.017163392156362534,0.9828366078436375,agreement,agreement,agreement,agreement
963,346,1,negative,0.013552779,0.7631986,0.22324862,positive,0.9879752993583679,0.01202470064163208,agreement,conflict,none,conflict
964,346,1,negative,0.013718072,0.81320274,0.17307922,negative,0.0009631720022298396,0.9990368279977702,agreement,agreement,none,none
965,346,1,negative,0.013847437,0.7758447,0.2103078,negative,0.00032448317506350577,0.9996755168249365,agreement,agreement,none,none
966,346,1,neutral,0.017354595,0.68231374,0.30033165,positive,0.9812994599342346,0.01870054006576538,none,conflict,none,conflict
967,346,1,negative,0.016332014,0.75387996,0.229788,negative,0.01730235666036606,0.9826976433396339,agreement,agreement,none,agreement
968,346,1,negative,0.009259216,0.86796415,0.12277669,negative,0.0002806462289299816,0.99971935377107,agreement,agreement,none,none
969,346,1,negative,0.008158076,0.86295736,0.12888457,negative,0.0005569967906922102,0.9994430032093078,agreement,agreement,agreement,agreement
970,346,1,neutral,0.17257538,0.5049802,0.32244447,positive,0.7278544306755066,0.2721455693244934,none,conflict,none,conflict
971,346,1,positive,0.96774286,0.006609129,0.025647962,positive,0.9989839196205139,0.001016080379486084,conflict,conflict,conflict,conflict
972,346,1,positive,0.9167184,0.028890554,0.054391026,positive,0.9835928678512573,0.016407132148742676,conflict,conflict,conflict,conflict
973,346,1,negative,0.036003973,0.74763125,0.21636479,negative,0.0007728674099780619,0.9992271325900219,agreement,agreement,agreement,none
974,346,1,positive,0.7349457,0.055697244,0.20935702,positive,0.9992844462394714,0.0007155537605285645,conflict,conflict,conflict,conflict
975,346,1,negative,0.0059677865,0.92821956,0.06581265,negative,0.0019450874533504248,0.9980549125466496,agreement,agreement,none,none
976,346,1,neutral,0.093674764,0.46487784,0.44144747,positive,0.9760319590568542,0.023968040943145752,none,conflict,none,conflict
977,346,1,negative,0.010280363,0.8999959,0.08972372,negative,0.0004582213587127626,0.9995417786412872,agreement,agreement,agreement,agreement
978,346,1,neutral,0.042118724,0.5352851,0.4225962,negative,0.04091985896229744,0.9590801410377026,none,agreement,none,none
979,346,1,negative,0.01517639,0.7496419,0.23518172,negative,0.008777826093137264,0.9912221739068627,agreement,agreement,agreement,agreement
980,346,1,negative,0.008097425,0.8708812,0.12102142,negative,0.0006306932191364467,0.9993693067808636,agreement,agreement,agreement,agreement
981,346,1,negative,0.0111662885,0.8365669,0.15226682,negative,0.002998113399371505,0.9970018866006285,agreement,agreement,none,none
982,346,1,positive,0.80141836,0.05747954,0.14110208,negative,0.01884295605123043,0.9811570439487696,conflict,agreement,conflict,agreement
983,346,1,positive,0.93525416,0.014908271,0.049837578,negative,0.008507288061082363,0.9914927119389176,conflict,agreement,conflict,agreement
984,346,1,positive,0.97003144,0.008564139,0.021404376,positive,0.9994416832923889,0.000558316707611084,conflict,conflict,conflict,conflict
985,346,1,positive,0.7954763,0.019398883,0.1851248,positive,0.9993313550949097,0.000668644905090332,conflict,conflict,conflict,conflict
986,346,1,positive,0.8651932,0.011126789,0.123680025,positive,0.9998503923416138,0.00014960765838623047,conflict,conflict,conflict,conflict
987,347,1,neutral,0.15258127,0.014315736,0.833103,positive,0.994473397731781,0.005526602268218994,none,conflict,none,conflict
988,347,1,positive,0.95110184,0.0068625016,0.042035636,positive,0.9998086094856262,0.0001913905143737793,conflict,conflict,conflict,conflict
989,347,1,neutral,0.11134223,0.2334749,0.6551829,negative,0.008965350687503815,0.9910346493124962,none,agreement,none,agreement
990,347,1,positive,0.7736945,0.10305985,0.123245664,negative,0.01765076257288456,0.9823492374271154,conflict,agreement,conflict,agreement
991,347,1,neutral,0.13874942,0.15780415,0.7034465,negative,0.003380478359758854,0.9966195216402411,none,agreement,none,agreement
993,347,1,positive,0.90588987,0.012754369,0.08135574,neutral,0.5531492829322815,0.4468507170677185,conflict,none,conflict,none
994,347,1,negative,0.017703399,0.74624103,0.23605557,negative,0.0012049432843923569,0.9987950567156076,agreement,agreement,agreement,none
995,347,1,positive,0.7995597,0.015311987,0.18512824,positive,0.9980498552322388,0.0019501447677612305,conflict,conflict,conflict,conflict
997,347,1,neutral,0.3106202,0.2774029,0.4119769,positive,0.9985198378562927,0.0014801621437072754,none,conflict,none,conflict
1000,348,1,positive,0.9855342,0.0042627403,0.010203007,positive,0.9997308850288391,0.00026911497116088867,conflict,conflict,conflict,conflict
1001,348,1,positive,0.92528784,0.0028479474,0.07186421,positive,0.9990059733390808,0.0009940266609191895,conflict,conflict,conflict,conflict
1002,348,1,neutral,0.48116913,0.030075356,0.48875552,negative,0.07748264819383621,0.9225173518061638,none,agreement,none,agreement
1003,348,1,negative,0.018966086,0.80539286,0.17564102,negative,0.0007009959081187844,0.9992990040918812,agreement,agreement,none,none
1004,348,1,neutral,0.6886418,0.036347512,0.2750107,positive,0.9513212442398071,0.04867875576019287,none,conflict,none,conflict
1005,348,1,positive,0.97925764,0.006954775,0.013787611,positive,0.9998735189437866,0.0001264810562133789,conflict,conflict,conflict,conflict
1006,348,1,positive,0.77746373,0.016547902,0.20598842,negative,0.04697596654295921,0.9530240334570408,conflict,agreement,conflict,none
1007,348,1,positive,0.71918297,0.12235597,0.15846097,positive,0.9989851117134094,0.0010148882865905762,conflict,conflict,conflict,conflict
1008,348,1,neutral,0.6697803,0.09888191,0.23133779,positive,0.9115966558456421,0.08840334415435791,none,conflict,none,conflict
1009,348,1,negative,0.009260056,0.8578448,0.13289519,negative,0.004398782271891832,0.9956012177281082,agreement,agreement,none,none
1010,348,1,negative,0.051607326,0.71689063,0.23150206,positive,0.9823824763298035,0.017617523670196533,agreement,conflict,agreement,conflict
1011,348,1,negative,0.007216106,0.91728026,0.07550364,negative,0.0005661908071488142,0.9994338091928512,agreement,agreement,agreement,agreement
1012,348,1,negative,0.0679869,0.75694895,0.17506419,negative,0.18882012367248535,0.8111798763275146,agreement,agreement,agreement,agreement
1013,348,1,positive,0.9745768,0.0018787169,0.023544498,positive,0.9997075200080872,0.0002924799919128418,conflict,conflict,conflict,conflict
1014,348,1,positive,0.9207088,0.012833215,0.06645803,positive,0.9993402361869812,0.0006597638130187988,conflict,conflict,conflict,conflict
1015,348,1,neutral,0.5660818,0.0044277576,0.42949045,positive,0.9985036849975586,0.0014963150024414062,none,conflict,none,conflict
1016,348,1,neutral,0.12870063,0.16629672,0.70500267,positive,0.9870567917823792,0.01294320821762085,none,conflict,none,conflict
1017,348,1,neutral,0.0754013,0.59830326,0.32629544,positive,0.9894171357154846,0.01058286428451538,none,conflict,none,conflict
1019,349,0,neutral,0.21359304,0.008580224,0.7778268,positive,0.8929699659347534,0.10703003406524658,none,agreement,none,none
1021,349,0,neutral,0.038064513,0.5047025,0.45723304,negative,0.016615236178040504,0.9833847638219595,none,none,none,none
1022,349,0,neutral,0.37359172,0.012966163,0.6134422,positive,0.999154806137085,0.0008451938629150391,none,agreement,none,none
1023,349,0,neutral,0.08766489,0.4137296,0.49860546,positive,0.973199725151062,0.02680027484893799,none,agreement,none,none
1025,349,0,negative,0.013941094,0.82011026,0.16594861,negative,0.0021113427355885506,0.9978886572644114,none,none,none,none
1026,349,0,neutral,0.04560874,0.3905685,0.56382275,negative,0.0007630471955053508,0.9992369528044946,none,none,none,none
1027,349,0,negative,0.021143131,0.70218414,0.2766727,negative,0.013131896033883095,0.9868681039661169,none,none,none,none
1028,349,0,positive,0.77001166,0.021630963,0.2083574,positive,0.9988054037094116,0.001194596290588379,agreement,agreement,none,none
1029,349,0,neutral,0.041699827,0.39381754,0.56448257,negative,0.005271328613162041,0.994728671386838,none,none,none,none
1030,349,0,neutral,0.042729337,0.49266768,0.46460307,negative,0.0029883969109505415,0.9970116030890495,none,none,none,none
1031,349,0,neutral,0.023520319,0.6755108,0.30096895,negative,0.0011602395679801702,0.9988397604320198,none,none,none,none
1032,349,0,neutral,0.019016366,0.6806101,0.30037352,negative,0.0002744140801951289,0.9997255859198049,none,none,none,none
1034,349,0,neutral,0.14807402,0.48875114,0.36317486,negative,0.0004038962651975453,0.9995961037348025,none,none,none,none
1035,349,0,neutral,0.09303893,0.48295462,0.42400643,positive,0.9031908512115479,0.09680914878845215,none,agreement,none,none
1036,349,0,neutral,0.6470035,0.035521563,0.317475,positive,0.99974125623703,0.0002587437629699707,none,agreement,none,none
1037,349,0,neutral,0.032717325,0.539567,0.42771566,negative,0.00464574946090579,0.9953542505390942,none,none,none,none
1038,349,0,negative,0.013723386,0.78256655,0.20371,negative,0.000821879890281707,0.9991781201097183,none,none,none,none
1039,349,0,positive,0.71104676,0.017166846,0.27178642,positive,0.9870071411132812,0.01299285888671875,agreement,agreement,none,none
1040,349,0,neutral,0.41002136,0.18202509,0.4079536,negative,0.023958874866366386,0.9760411251336336,none,none,none,none
1041,349,0,neutral,0.12644613,0.53256804,0.3409858,negative,0.0008876534993760288,0.999112346500624,none,none,none,none
1042,349,0,neutral,0.52528214,0.16120851,0.3135093,positive,0.895906388759613,0.10409361124038696,none,agreement,none,none
1043,349,0,negative,0.015309807,0.8353094,0.14938083,negative,0.0006816874374635518,0.9993183125625364,none,none,none,none
1044,349,0,neutral,0.06835446,0.5712433,0.36040223,negative,0.0018763559637591243,0.9981236440362409,none,none,none,none
1045,349,0,positive,0.83174586,0.008627835,0.15962628,positive,0.9985847473144531,0.001415252685546875,agreement,agreement,none,none
1047,349,0,negative,0.023897028,0.783122,0.19298097,negative,0.005591091699898243,0.9944089083001018,none,none,none,none
1048,349,0,neutral,0.48382115,0.21885748,0.29732135,positive,0.7117505073547363,0.28824949264526367,none,agreement,none,none
1049,350,1,neutral,0.2585758,0.010729173,0.73069507,positive,0.7730860114097595,0.22691398859024048,none,none,none,none
1050,350,1,positive,0.9261155,0.0042266743,0.06965779,positive,0.9940462112426758,0.005953788757324219,none,none,none,none
1051,350,1,positive,0.73378676,0.02798235,0.23823082,positive,0.9986903071403503,0.0013096928596496582,none,none,none,none
1052,350,1,positive,0.7749407,0.012762802,0.21229647,neutral,0.6715754270553589,0.3284245729446411,none,none,none,none
1053,350,1,neutral,0.04154575,0.1864705,0.77198374,negative,0.014872106723487377,0.9851278932765126,none,agreement,none,none
1054,350,1,negative,0.013063105,0.8165395,0.1703974,negative,0.000787319615483284,0.9992126803845167,agreement,agreement,none,none
1055,350,1,neutral,0.12263773,0.26365447,0.6137077,negative,0.008233368396759033,0.991766631603241,none,agreement,none,none
1056,350,1,positive,0.9346019,0.0045329523,0.060865194,positive,0.9997455477714539,0.0002544522285461426,none,none,none,none
1057,350,1,positive,0.9303861,0.011054669,0.058559168,positive,0.9996243715286255,0.0003756284713745117,none,none,none,none
1058,350,1,neutral,0.58018994,0.05881903,0.3609911,positive,0.9974133372306824,0.002586662769317627,none,none,none,none
1059,350,1,negative,0.020142952,0.7160651,0.263792,negative,0.002162187360227108,0.9978378126397729,agreement,agreement,none,none
1060,350,1,negative,0.011514052,0.7921666,0.19631933,negative,0.008908833377063274,0.9910911666229367,agreement,agreement,none,none
1061,350,1,neutral,0.12565005,0.57438666,0.29996333,positive,0.9944232106208801,0.005576789379119873,none,none,none,none
1062,350,1,neutral,0.051374592,0.38106397,0.56756145,negative,0.01543271541595459,0.9845672845840454,none,agreement,none,none
1063,350,1,negative,0.018475922,0.7123701,0.26915395,negative,0.0008581479196436703,0.9991418520803563,agreement,agreement,none,none
1064,350,1,neutral,0.077596836,0.36855796,0.55384517,negative,0.0008203181787393987,0.9991796818212606,none,agreement,none,none
1065,350,1,positive,0.9082566,0.017280588,0.074462846,positive,0.9995187520980835,0.0004812479019165039,none,none,none,none
1066,350,1,positive,0.86436415,0.010566949,0.12506892,positive,0.998513400554657,0.0014865994453430176,none,none,none,none
1067,350,1,neutral,0.14009708,0.26297125,0.5969317,positive,0.9786986112594604,0.02130138874053955,none,none,none,none
1068,350,1,positive,0.95769274,0.006307404,0.035999846,positive,0.9997947812080383,0.00020521879196166992,none,none,none,none
1069,350,1,positive,0.9262628,0.0035591985,0.07017803,positive,0.9980000853538513,0.0019999146461486816,none,none,none,none
1070,350,1,positive,0.8215413,0.0076090293,0.17084967,positive,0.8530385494232178,0.14696145057678223,none,none,none,none
1071,351,1,positive,0.8459239,0.018141435,0.13593459,positive,0.9665884971618652,0.033411502838134766,none,none,none,none
1072,351,1,neutral,0.11865351,0.26895022,0.61239624,negative,0.0006386893801391125,0.9993613106198609,none,agreement,none,none
1073,351,1,neutral,0.22698544,0.3357743,0.43724024,negative,0.061581801623106,0.938418198376894,none,agreement,none,none
1074,351,1,neutral,0.030224312,0.581145,0.3886307,negative,0.0017012017779052258,0.9982987982220948,none,agreement,none,none
1075,351,1,positive,0.9684324,0.0049861013,0.026581537,positive,0.9998425245285034,0.00015747547149658203,none,none,none,none
1076,351,1,neutral,0.028560108,0.51002103,0.46141887,negative,0.0031490521505475044,0.9968509478494525,none,agreement,none,none
1077,351,1,negative,0.012546404,0.7660553,0.22139834,negative,0.002357492921873927,0.9976425070781261,agreement,agreement,none,none
1078,351,1,positive,0.7579108,0.02513955,0.21694967,neutral,0.3643408417701721,0.6356591582298279,none,none,none,none
1079,351,1,negative,0.005987648,0.91953826,0.074474074,negative,0.00047467256081290543,0.9995253274391871,agreement,agreement,none,none
1080,351,1,neutral,0.03395007,0.29691014,0.6691398,negative,0.0014593196101486683,0.9985406803898513,none,agreement,none,none
1081,351,1,negative,0.034102615,0.7363459,0.22955146,positive,0.7405456900596619,0.25945430994033813,agreement,none,none,none
1082,351,1,negative,0.011371984,0.77373827,0.2148898,negative,0.004040091764181852,0.9959599082358181,agreement,agreement,none,none
1083,351,1,positive,0.9419061,0.006717515,0.0513764,positive,0.999829888343811,0.00017011165618896484,none,none,none,none
1084,351,1,neutral,0.579617,0.035064574,0.38531837,positive,0.989750325679779,0.010249674320220947,none,none,none,none
1085,351,1,neutral,0.14538997,0.37360972,0.4810003,negative,0.10214640200138092,0.8978535979986191,none,agreement,none,none
1086,351,1,positive,0.901646,0.010801967,0.08755198,positive,0.908122181892395,0.09187781810760498,none,none,none,none
1087,351,1,positive,0.8865782,0.014143057,0.099278696,positive,0.9985731840133667,0.0014268159866333008,none,none,none,none
1088,352,0,positive,0.9807983,0.0038445366,0.015357145,positive,0.9997910857200623,0.00020891427993774414,agreement,agreement,none,none
1089,352,0,neutral,0.058926146,0.5609392,0.38013464,negative,0.011115526780486107,0.9888844732195139,none,none,none,none
1090,352,0,positive,0.8408256,0.0075081927,0.1516661,negative,0.12100210040807724,0.8789978995919228,agreement,none,none,none
1091,352,0,neutral,0.058549386,0.66328603,0.27816457,positive,0.9065479040145874,0.0934520959854126,none,agreement,none,none
1092,352,0,neutral,0.06309234,0.30576122,0.63114643,negative,0.05085674300789833,0.9491432569921017,none,none,none,none
1093,352,0,neutral,0.050198432,0.46102607,0.48877546,negative,0.001149351941421628,0.9988506480585784,none,none,none,none
1094,352,0,positive,0.87751913,0.0061187367,0.11636215,positive,0.999588668346405,0.0004113316535949707,agreement,agreement,none,none
1095,352,0,positive,0.9753391,0.0040864483,0.020574419,positive,0.9996411800384521,0.00035881996154785156,agreement,agreement,none,none
1096,352,0,positive,0.7557521,0.009471316,0.23477663,positive,0.9987518787384033,0.0012481212615966797,agreement,agreement,none,none
1097,352,0,positive,0.89791584,0.014414088,0.08767004,positive,0.9997084736824036,0.00029152631759643555,agreement,agreement,none,none
1098,352,0,neutral,0.06507004,0.33612886,0.5988012,negative,0.09074480086565018,0.9092551991343498,none,none,none,none
1099,352,0,neutral,0.051312145,0.535208,0.41347983,positive,0.9658737778663635,0.034126222133636475,none,agreement,none,none
1100,352,0,neutral,0.51201284,0.14999083,0.33799642,negative,0.26475289463996887,0.7352471053600311,none,none,none,none
1101,352,0,neutral,0.36005962,0.15484636,0.4850941,negative,0.004307793918997049,0.995692206081003,none,none,none,none
1102,352,0,positive,0.90132844,0.009527168,0.089144334,positive,0.9977425336837769,0.0022574663162231445,agreement,agreement,none,none
1103,352,0,positive,0.9403078,0.00532853,0.05436366,positive,0.999727189540863,0.0002728104591369629,agreement,agreement,none,none
1104,352,0,neutral,0.3461486,0.11370483,0.54014647,positive,0.9945448637008667,0.005455136299133301,none,agreement,none,none
1105,352,0,positive,0.8299682,0.014233178,0.15579869,positive,0.9982945322990417,0.001705467700958252,agreement,agreement,none,none
1106,352,0,neutral,0.09701818,0.4620781,0.4409037,negative,0.0007434817962348461,0.9992565182037652,none,none,none,none
1107,352,0,neutral,0.66662574,0.028168555,0.30520573,positive,0.9962196946144104,0.0037803053855895996,none,agreement,none,none
1108,352,0,positive,0.9034298,0.007897887,0.08867226,positive,0.9997463822364807,0.0002536177635192871,agreement,agreement,none,none
1109,353,1,neutral,0.27554652,0.2066163,0.51783717,negative,0.007920083589851856,0.9920799164101481,none,agreement,none,none
1110,353,1,neutral,0.65518576,0.06937068,0.2754435,positive,0.9353214502334595,0.06467854976654053,none,none,none,none
1111,353,1,neutral,0.10161772,0.08327914,0.81510305,negative,0.0026265550404787064,0.9973734449595213,none,agreement,none,none
1112,353,1,neutral,0.5917204,0.074892074,0.33338755,positive,0.9812335968017578,0.018766403198242188,none,none,none,none
1113,353,1,neutral,0.16529933,0.35364237,0.48105824,negative,0.017817460000514984,0.982182539999485,none,agreement,none,none
1114,353,1,neutral,0.21694024,0.37045634,0.41260338,negative,0.0012775735231116414,0.9987224264768884,none,agreement,none,none
1115,353,1,negative,0.021015417,0.7454273,0.2335573,negative,0.012934844940900803,0.9870651550590992,agreement,agreement,none,none
1116,353,1,neutral,0.50075865,0.052431267,0.44681013,negative,0.043511975556612015,0.956488024443388,none,agreement,none,none
1117,353,1,negative,0.009750185,0.79153204,0.19871777,negative,0.004655209835618734,0.9953447901643813,agreement,agreement,none,none
1118,353,1,neutral,0.21013728,0.07690214,0.71296066,negative,0.002053027506917715,0.9979469724930823,none,agreement,none,none
1119,353,1,positive,0.85820657,0.01505851,0.12673494,negative,0.006531496997922659,0.9934685030020773,none,agreement,none,none
1120,353,1,neutral,0.617269,0.07888659,0.30384445,negative,0.2107268124818802,0.7892731875181198,none,agreement,none,none
1121,353,1,neutral,0.59616053,0.095121704,0.3087177,negative,0.019162707030773163,0.9808372929692268,none,agreement,none,none
1124,353,1,neutral,0.614714,0.041880075,0.34340587,positive,0.9973950386047363,0.002604961395263672,none,none,none,none
1125,353,1,positive,0.7672663,0.06363207,0.1691017,neutral,0.5720866918563843,0.4279133081436157,none,none,none,none
1126,353,1,positive,0.7770302,0.026583327,0.19638641,positive,0.9780107140541077,0.021989285945892334,none,none,none,none
1127,353,1,positive,0.98412883,0.0025155821,0.013355513,positive,0.9989560842514038,0.0010439157485961914,none,none,none,none
1128,354,1,neutral,0.5601166,0.09925686,0.34062657,negative,0.23276855051517487,0.7672314494848251,none,agreement,none,none
1129,354,1,positive,0.70941603,0.0066296556,0.28395432,negative,0.24909016489982605,0.750909835100174,conflict,agreement,conflict,none
1130,354,1,neutral,0.19633052,0.4009907,0.40267876,negative,0.01861579343676567,0.9813842065632343,none,agreement,none,agreement
1131,354,1,positive,0.7473154,0.016582904,0.23610167,positive,0.9992154836654663,0.0007845163345336914,conflict,conflict,conflict,conflict
1132,354,1,neutral,0.058407772,0.48025432,0.4613379,negative,0.027809670194983482,0.9721903298050165,none,agreement,none,none
1133,354,1,negative,0.017069051,0.70044,0.282491,negative,0.007712612859904766,0.9922873871400952,agreement,agreement,agreement,agreement
1134,354,1,neutral,0.028893525,0.52977085,0.44133562,negative,0.016777386888861656,0.9832226131111383,none,agreement,none,none
1135,354,1,neutral,0.047615703,0.5936524,0.3587319,negative,0.10768520832061768,0.8923147916793823,none,agreement,none,none
1136,354,1,neutral,0.024897452,0.6091973,0.36590526,negative,0.002890917006880045,0.99710908299312,none,agreement,none,none
1137,354,1,positive,0.9786695,0.004020874,0.017309645,positive,0.9727699756622314,0.027230024337768555,conflict,conflict,conflict,conflict
1138,355,1,neutral,0.3636591,0.21375099,0.42258984,positive,0.9483377933502197,0.05166220664978027,none,none,none,none
1139,355,1,neutral,0.12552132,0.03933905,0.8351397,negative,0.0008744551450945437,0.9991255448549055,none,agreement,none,none
1140,355,1,neutral,0.61746985,0.019699445,0.36283076,positive,0.994096040725708,0.005903959274291992,none,none,none,none
1141,355,1,neutral,0.029536588,0.6968985,0.2735649,negative,0.012017548084259033,0.987982451915741,none,agreement,none,none
1143,355,1,neutral,0.01602599,0.4682077,0.5157663,negative,0.004752152133733034,0.995247847866267,none,agreement,none,none
1144,355,1,positive,0.7515595,0.02270549,0.22573498,positive,0.9777282476425171,0.02227175235748291,none,none,none,none
1145,355,1,positive,0.88276476,0.0052576186,0.11197765,positive,0.9993261098861694,0.0006738901138305664,none,none,none,none
1146,355,1,negative,0.008833518,0.9079432,0.08322333,negative,0.001972166821360588,0.9980278331786394,agreement,agreement,none,none
1147,355,1,negative,0.0170138,0.87717503,0.105811186,negative,0.0007933136657811701,0.9992066863342188,agreement,agreement,none,none
1148,355,1,positive,0.7280399,0.074974224,0.19698584,positive,0.9988701939582825,0.0011298060417175293,none,none,none,none
1149,355,1,neutral,0.3162466,0.13003871,0.55371475,negative,0.010819223709404469,0.9891807762905955,none,agreement,none,none
1150,355,1,neutral,0.5371158,0.038458973,0.42442527,negative,0.008954104036092758,0.9910458959639072,none,agreement,none,none
1151,355,1,negative,0.010298366,0.88050395,0.1091977,negative,0.002115981187671423,0.9978840188123286,agreement,agreement,none,none
1152,355,1,neutral,0.031444047,0.27739754,0.6911584,negative,0.0017618252895772457,0.9982381747104228,none,agreement,none,none
1153,355,1,neutral,0.0285591,0.6487697,0.32267123,negative,0.0008218226139433682,0.9991781773860566,none,agreement,none,none
1154,355,1,positive,0.8844059,0.02053971,0.09505435,positive,0.9986446499824524,0.0013553500175476074,none,none,none,none
1155,355,1,neutral,0.029990152,0.62265426,0.34735563,negative,0.00048617940046824515,0.9995138205995318,none,agreement,none,none
1157,356,0,neutral,0.50183743,0.03647839,0.46168414,positive,0.9955376386642456,0.0044623613357543945,none,agreement,none,none
1158,356,0,positive,0.90020835,0.015791569,0.084000036,positive,0.9948903322219849,0.005109667778015137,agreement,agreement,none,none
1159,356,0,neutral,0.05868697,0.35733986,0.58397317,negative,0.004376652650535107,0.9956233473494649,none,none,none,none
1160,356,0,positive,0.94775724,0.01095799,0.041284777,positive,0.9993341565132141,0.0006658434867858887,agreement,agreement,none,none
1161,356,0,negative,0.010037837,0.8781297,0.11183246,positive,0.9460801482200623,0.053919851779937744,none,agreement,none,none
1163,356,0,neutral,0.15158829,0.1114359,0.7369758,negative,0.012350749224424362,0.9876492507755756,none,none,none,none
1164,356,0,negative,0.0061155837,0.9115887,0.08229565,negative,0.0008868013392202556,0.9991131986607797,none,none,none,none
1165,356,0,neutral,0.016197214,0.6754618,0.308341,negative,0.0018945111660286784,0.9981054888339713,none,none,none,none
1166,356,0,negative,0.008902269,0.7507205,0.24037717,negative,0.0011524989968165755,0.9988475010031834,none,none,none,none
1167,356,0,neutral,0.019920709,0.52246445,0.4576148,negative,0.002560465130954981,0.997439534869045,none,none,none,none
1168,356,0,negative,0.017979665,0.76057816,0.22144227,negative,0.0030104853212833405,0.9969895146787167,none,none,none,none
1169,356,0,neutral,0.15705621,0.028658206,0.8142856,negative,0.043381065130233765,0.9566189348697662,none,none,none,none
1170,356,0,neutral,0.06014859,0.33445302,0.6053985,negative,0.018384376540780067,0.9816156234592199,none,none,none,none
1171,356,0,negative,0.011129608,0.83934057,0.14952989,negative,0.00036936471587978303,0.9996306352841202,none,none,none,none
1172,356,0,neutral,0.2622753,0.2343254,0.5033993,negative,0.0012999671744182706,0.9987000328255817,none,none,none,none
1173,356,0,neutral,0.072429456,0.19461998,0.7329506,negative,0.02443879097700119,0.9755612090229988,none,none,none,none
1174,356,0,negative,0.021811735,0.73013216,0.24805608,negative,0.0016681031556800008,0.99833189684432,none,none,none,none
1175,356,0,negative,0.010673353,0.7444362,0.2448904,negative,0.0012552908156067133,0.9987447091843933,none,none,none,none
1176,356,0,neutral,0.020769792,0.66643655,0.3127936,negative,0.004671672359108925,0.9953283276408911,none,none,none,none
1177,356,0,negative,0.0094951475,0.8410526,0.14945224,negative,0.004529191181063652,0.9954708088189363,none,none,none,none
1178,356,0,neutral,0.035822563,0.48463812,0.47953925,negative,0.0005798744969069958,0.999420125503093,none,none,none,none
1179,356,0,neutral,0.058444824,0.3455018,0.59605336,negative,0.0006878823041915894,0.9993121176958084,none,none,none,none
1180,356,0,positive,0.9489399,0.0064953924,0.044564728,positive,0.9998676776885986,0.0001323223114013672,agreement,agreement,none,none
1181,356,0,positive,0.9738686,0.005294594,0.020836828,positive,0.9998425245285034,0.00015747547149658203,agreement,agreement,none,none
1182,357,0,neutral,0.3140322,0.15510839,0.5308595,negative,0.014112770557403564,0.9858872294425964,none,none,none,none
1183,357,0,neutral,0.2188489,0.06580148,0.7153496,negative,0.002796130022034049,0.997203869977966,none,none,none,none
1184,357,0,neutral,0.4047077,0.12414155,0.4711508,positive,0.9969887137413025,0.0030112862586975098,none,agreement,none,none
1185,357,0,neutral,0.10148474,0.117769524,0.78074574,positive,0.9962427616119385,0.0037572383880615234,none,agreement,none,none
1186,357,0,negative,0.012084177,0.84158975,0.14632611,negative,0.00640372047200799,0.993596279527992,none,none,none,none
1187,357,0,positive,0.9583512,0.003135837,0.038512986,positive,0.999646782875061,0.00035321712493896484,agreement,agreement,none,none
1188,357,0,neutral,0.12988392,0.06108197,0.8090341,neutral,0.4272201955318451,0.5727798044681549,none,none,none,none
1189,358,0,neutral,0.06865202,0.049491137,0.88185686,negative,0.027568815276026726,0.9724311847239733,none,none,none,none
1190,358,0,neutral,0.54862493,0.04666171,0.40471333,positive,0.8603716492652893,0.1396283507347107,none,agreement,none,none
1191,358,0,neutral,0.017491706,0.670841,0.31166735,negative,0.0006068939110264182,0.9993931060889736,none,none,none,none
1192,358,0,neutral,0.22679403,0.064597204,0.70860887,positive,0.989008367061615,0.01099163293838501,none,agreement,none,none
1193,358,0,neutral,0.25278968,0.43068877,0.31652147,positive,0.9994983673095703,0.0005016326904296875,none,agreement,none,none
1194,358,0,neutral,0.058879644,0.54706204,0.39405835,negative,0.018303632736206055,0.981696367263794,none,none,none,none
1195,358,0,neutral,0.05475421,0.2973298,0.64791596,negative,0.002063072519376874,0.9979369274806231,none,none,none,none
1196,358,0,neutral,0.029828196,0.3462975,0.62387425,negative,0.003916054964065552,0.9960839450359344,none,none,none,none
1197,358,0,neutral,0.040145833,0.13440168,0.82545257,negative,0.0014536953531205654,0.9985463046468794,none,none,none,none
1199,358,0,neutral,0.49105948,0.19985914,0.3090814,negative,0.1280631124973297,0.8719368875026703,none,none,none,none
1200,358,0,negative,0.008123942,0.911632,0.08024406,negative,0.0002172254171455279,0.9997827745828545,none,none,none,none
1201,358,0,positive,0.74621135,0.03208702,0.22170162,positive,0.9925879836082458,0.00741201639175415,agreement,agreement,none,none
1202,358,0,positive,0.71096575,0.018123044,0.27091122,positive,0.9978440999984741,0.002155900001525879,agreement,agreement,none,none
1203,359,1,neutral,0.06346796,0.53772616,0.3988059,negative,0.01125401258468628,0.9887459874153137,none,agreement,none,none
1204,359,1,neutral,0.18446645,0.16634144,0.64919215,negative,0.015051957219839096,0.9849480427801609,none,agreement,none,none
1205,359,1,neutral,0.49379075,0.08248997,0.4237193,positive,0.9612888097763062,0.03871119022369385,none,none,none,none
1206,359,1,positive,0.8165091,0.016638,0.16685289,positive,0.9986274242401123,0.0013725757598876953,none,none,none,none
1207,359,1,positive,0.8716253,0.018486071,0.10988861,positive,0.9827747941017151,0.017225205898284912,none,none,none,none
1208,359,1,negative,0.029671853,0.781679,0.18864922,negative,0.0025162389501929283,0.9974837610498071,agreement,agreement,none,none
1209,359,1,neutral,0.040939707,0.6380723,0.32098797,negative,0.010038290172815323,0.9899617098271847,none,agreement,none,none
1210,359,1,negative,0.01577766,0.85842526,0.12579703,negative,0.002885001478716731,0.9971149985212833,agreement,agreement,none,none
1211,359,1,negative,0.013940693,0.714157,0.27190223,negative,0.0007911054999567568,0.9992088945000432,agreement,agreement,none,none
1212,359,1,neutral,0.04048617,0.41011164,0.5494021,negative,0.003914937376976013,0.996085062623024,none,agreement,none,none
1213,359,1,neutral,0.016987622,0.63418996,0.34882244,negative,0.0005192834069021046,0.9994807165930979,none,agreement,none,none
1214,359,1,positive,0.86254865,0.018456837,0.118994564,positive,0.9994505047798157,0.0005494952201843262,none,none,none,none
1215,359,1,neutral,0.185465,0.29698154,0.5175534,negative,0.00037009536754339933,0.9996299046324566,none,agreement,none,none
1217,359,1,neutral,0.34269857,0.2907683,0.3665332,negative,0.2479882836341858,0.7520117163658142,none,agreement,none,none
1218,359,1,negative,0.011318006,0.89542794,0.093254045,negative,0.0026399511843919754,0.997360048815608,agreement,agreement,none,none
1219,359,1,negative,0.011509952,0.9285466,0.059943486,negative,0.0004310342774260789,0.9995689657225739,agreement,agreement,none,none
1220,359,1,negative,0.035628792,0.72733873,0.23703249,negative,0.0004991794121451676,0.9995008205878548,agreement,agreement,none,none
1221,359,1,negative,0.010171991,0.88587254,0.10395544,negative,0.0003905002085957676,0.9996094997914042,agreement,agreement,none,none
1222,359,1,neutral,0.24804576,0.2832651,0.4686891,negative,0.005711336620151997,0.994288663379848,none,agreement,none,none
1223,359,1,negative,0.022034386,0.8108761,0.16708955,negative,0.002299221698194742,0.9977007783018053,agreement,agreement,none,none
1224,359,1,neutral,0.19774178,0.40402624,0.39823195,negative,0.000976503302808851,0.9990234966971911,none,agreement,none,none
1225,359,1,neutral,0.43542224,0.2727238,0.29185396,positive,0.9968739748001099,0.0031260251998901367,none,none,none,none
1226,359,1,positive,0.7652055,0.042332254,0.19246227,positive,0.9989228844642639,0.001077115535736084,none,none,none,none
1227,359,1,neutral,0.3831413,0.13236131,0.48449737,negative,0.004345289897173643,0.9956547101028264,none,agreement,none,none
1228,359,1,neutral,0.6746674,0.03510834,0.2902243,negative,0.21094542741775513,0.7890545725822449,none,agreement,none,none
1229,359,1,positive,0.7112399,0.010912668,0.27784738,negative,0.03861502557992935,0.9613849744200706,none,agreement,none,none
1230,359,1,positive,0.9782388,0.002982996,0.018778164,positive,0.9978085160255432,0.002191483974456787,none,none,none,none
1231,360,0,positive,0.960704,0.005545031,0.03375101,positive,0.9998102784156799,0.00018972158432006836,agreement,agreement,none,none
1232,360,0,neutral,0.45296097,0.038021218,0.5090178,positive,0.9914867877960205,0.008513212203979492,none,agreement,none,agreement
1233,360,0,neutral,0.60441864,0.017275399,0.37830588,negative,0.07115194201469421,0.9288480579853058,none,conflict,none,conflict
1234,360,0,neutral,0.048759185,0.6255499,0.32569093,negative,0.003010004060342908,0.9969899959396571,none,conflict,none,conflict
1235,360,0,positive,0.7363625,0.056025863,0.20761162,positive,0.9875701069831848,0.012429893016815186,agreement,agreement,none,none
1236,360,0,neutral,0.10828853,0.42698586,0.4647256,negative,0.005522708408534527,0.9944772915914655,none,conflict,none,conflict
1237,360,0,neutral,0.050127424,0.6593526,0.29051992,negative,0.020434986799955368,0.9795650132000446,none,conflict,none,conflict
1238,360,0,neutral,0.49795365,0.16226141,0.33978492,positive,0.9829062223434448,0.017093777656555176,none,agreement,none,agreement
1239,360,0,positive,0.98350567,0.003439947,0.01305435,positive,0.9995668530464172,0.00043314695358276367,agreement,agreement,none,none
1240,360,0,positive,0.9562835,0.009760554,0.0339559,positive,0.9990882873535156,0.000911712646484375,agreement,agreement,none,none
1241,360,0,positive,0.76100254,0.06527709,0.17372036,positive,0.9998440742492676,0.00015592575073242188,agreement,agreement,none,none
1242,360,0,positive,0.947451,0.012029852,0.040519107,positive,0.9998053908348083,0.0001946091651916504,agreement,agreement,none,agreement
1243,361,0,positive,0.8818562,0.0056110397,0.11253267,positive,0.9972221851348877,0.0027778148651123047,agreement,agreement,none,none
1244,361,0,neutral,0.10367314,0.15765011,0.7386767,negative,0.006563670467585325,0.9934363295324147,none,conflict,none,conflict
1245,361,0,positive,0.9603397,0.010438988,0.029221216,positive,0.9996808767318726,0.0003191232681274414,agreement,agreement,none,agreement
1246,361,0,neutral,0.08568979,0.49626127,0.41804898,positive,0.884968101978302,0.115031898021698,none,agreement,none,agreement
1247,361,0,positive,0.90364367,0.01002607,0.08633026,positive,0.9984581470489502,0.0015418529510498047,agreement,agreement,none,none
1248,361,0,positive,0.8521476,0.0047374996,0.14311492,positive,0.9944480657577515,0.005551934242248535,agreement,agreement,none,agreement
1249,361,0,neutral,0.24235524,0.12135743,0.6362873,negative,0.0020100418478250504,0.997989958152175,none,conflict,none,conflict
1250,361,0,neutral,0.13378261,0.06889285,0.7973246,negative,0.012918022461235523,0.9870819775387645,none,conflict,none,conflict
1251,361,0,neutral,0.689151,0.06955162,0.24129738,negative,0.12111836671829224,0.8788816332817078,none,conflict,none,conflict
1252,361,0,neutral,0.54482853,0.04094482,0.41422674,positive,0.9982536435127258,0.00174635648727417,none,agreement,none,none
1253,361,0,positive,0.76512146,0.008889799,0.22598873,positive,0.99757319688797,0.0024268031120300293,agreement,agreement,none,agreement
1254,361,0,positive,0.82388884,0.016522218,0.15958895,neutral,0.6135557889938354,0.38644421100616455,agreement,none,none,none
1255,361,0,positive,0.9381995,0.016547749,0.04525274,positive,0.9970603585243225,0.0029396414756774902,agreement,agreement,none,none
1256,361,0,positive,0.7839702,0.02948755,0.1865423,positive,0.9978793859481812,0.0021206140518188477,agreement,agreement,none,none
1257,361,0,neutral,0.4383609,0.09743315,0.4642059,positive,0.9984959363937378,0.001504063606262207,none,agreement,none,none
1258,361,0,positive,0.80451554,0.034615193,0.16086923,negative,0.04673519730567932,0.9532648026943207,agreement,conflict,none,conflict
1259,361,0,positive,0.97404283,0.002443675,0.023513434,positive,0.9996734857559204,0.00032651424407958984,agreement,agreement,none,none
1260,362,1,positive,0.9755515,0.003819706,0.020628814,positive,0.9998787641525269,0.00012123584747314453,conflict,conflict,conflict,conflict
1261,362,1,neutral,0.06690066,0.60296667,0.33013266,negative,0.03328739479184151,0.9667126052081585,none,agreement,none,agreement
1262,362,1,neutral,0.11684395,0.10806422,0.7750918,negative,0.023899773135781288,0.9761002268642187,none,agreement,none,none
1263,362,1,positive,0.9528139,0.0044454057,0.042740677,positive,0.999800980091095,0.0001990199089050293,conflict,conflict,conflict,conflict
1264,362,1,neutral,0.20406537,0.5229516,0.27298298,negative,0.11219778656959534,0.8878022134304047,none,agreement,none,agreement
1265,362,1,positive,0.9806192,0.006164196,0.013216541,positive,0.9914745092391968,0.008525490760803223,conflict,conflict,conflict,conflict
1266,362,1,positive,0.7749094,0.033982266,0.19110839,positive,0.9884583353996277,0.011541664600372314,conflict,conflict,conflict,conflict
1267,362,1,negative,0.010461023,0.863804,0.12573488,negative,0.005050388164818287,0.9949496118351817,agreement,agreement,agreement,agreement
1268,362,1,positive,0.89284754,0.028369762,0.07878274,negative,0.0062768226489424706,0.9937231773510575,conflict,agreement,conflict,none
1269,362,1,neutral,0.04227801,0.6596566,0.29806536,neutral,0.5421701669692993,0.4578298330307007,none,none,none,none
1270,362,1,negative,0.0145068,0.7537105,0.23178269,negative,0.003010290442034602,0.9969897095579654,agreement,agreement,agreement,none
1271,362,1,positive,0.707497,0.07172207,0.22078097,positive,0.9987590312957764,0.0012409687042236328,conflict,conflict,conflict,conflict
1272,362,1,neutral,0.10481761,0.47577086,0.41941157,positive,0.9962737560272217,0.0037262439727783203,none,conflict,none,conflict
1273,362,1,neutral,0.49649054,0.123883456,0.37962598,neutral,0.44427618384361267,0.5557238161563873,none,none,none,none
1274,363,0,positive,0.7506231,0.017959168,0.2314177,positive,0.9984708428382874,0.0015291571617126465,agreement,agreement,none,none
1277,363,0,positive,0.94452596,0.0043520867,0.051121943,positive,0.9998574256896973,0.00014257431030273438,agreement,agreement,agreement,agreement
1278,363,0,negative,0.011276062,0.7930917,0.19563223,positive,0.9964333772659302,0.0035666227340698242,conflict,agreement,conflict,agreement
1279,363,0,neutral,0.3200319,0.020330498,0.6596376,positive,0.9994340538978577,0.000565946102142334,none,agreement,none,agreement
1280,363,0,positive,0.9752746,0.004273046,0.020452382,positive,0.9991262555122375,0.0008737444877624512,agreement,agreement,agreement,agreement
1281,363,0,neutral,0.1027027,0.26466268,0.63263464,positive,0.9266624450683594,0.07333755493164062,none,agreement,none,agreement
1282,363,0,neutral,0.05112138,0.4376846,0.51119405,positive,0.8549476861953735,0.14505231380462646,none,agreement,none,none
1283,363,0,neutral,0.6514506,0.037346154,0.31120327,positive,0.9995180368423462,0.0004819631576538086,none,agreement,none,none
1284,363,0,negative,0.01402795,0.8175622,0.16840984,negative,0.001001872238703072,0.9989981277612969,conflict,conflict,conflict,conflict
1285,363,0,negative,0.018786214,0.7510982,0.23011564,negative,0.004376652650535107,0.9956233473494649,conflict,conflict,conflict,conflict
1286,363,0,neutral,0.04432751,0.3328009,0.6228716,positive,0.9911208748817444,0.008879125118255615,none,agreement,none,none
1287,363,0,positive,0.8960502,0.016379897,0.087569855,positive,0.9961329698562622,0.003867030143737793,agreement,agreement,none,none
1288,363,0,negative,0.00908345,0.8579125,0.13300411,negative,0.04637731984257698,0.953622680157423,conflict,conflict,conflict,conflict
1289,363,0,neutral,0.046265155,0.47321874,0.48051617,negative,0.11608484387397766,0.8839151561260223,none,conflict,none,conflict
1290,363,0,negative,0.006884804,0.9355336,0.057581525,negative,0.0042837210930883884,0.9957162789069116,conflict,conflict,conflict,conflict
1291,363,0,neutral,0.29291132,0.22204712,0.48504153,positive,0.9778884649276733,0.02211153507232666,none,agreement,none,agreement
1292,363,0,positive,0.8310813,0.02014044,0.14877823,positive,0.9213641881942749,0.0786358118057251,agreement,agreement,none,none
1293,363,0,neutral,0.53811854,0.040097054,0.42178437,negative,0.04775131866335869,0.9522486813366413,none,conflict,none,conflict
1294,363,0,neutral,0.5541338,0.016502377,0.42936388,positive,0.8859612345695496,0.11403876543045044,none,agreement,none,agreement
1295,363,0,negative,0.009763025,0.87923056,0.11100636,negative,0.0014328858815133572,0.9985671141184866,conflict,conflict,conflict,conflict
1296,363,0,negative,0.023727119,0.7234419,0.252831,negative,0.00614530174061656,0.9938546982593834,conflict,conflict,conflict,conflict
1297,363,0,neutral,0.06156966,0.57508427,0.36334604,positive,0.9712479114532471,0.02875208854675293,none,agreement,none,none
1298,363,0,neutral,0.032530703,0.57716984,0.39029953,negative,0.0036514578387141228,0.9963485421612859,none,conflict,none,conflict
1299,363,0,neutral,0.12632251,0.12894939,0.74472815,positive,0.9690814018249512,0.030918598175048828,none,agreement,none,agreement
1300,363,0,neutral,0.3821445,0.012524029,0.6053315,negative,0.011785975657403469,0.9882140243425965,none,conflict,none,conflict
1302,364,0,negative,0.0077048326,0.86770314,0.12459206,negative,0.005251940805464983,0.994748059194535,conflict,conflict,conflict,conflict
1303,364,0,neutral,0.037855722,0.4745475,0.48759672,negative,0.0011314119910821319,0.9988685880089179,none,conflict,none,conflict
1304,364,0,neutral,0.32378295,0.372605,0.30361208,negative,0.011986088939011097,0.9880139110609889,none,conflict,none,conflict
1305,364,0,positive,0.9743671,0.0050598835,0.02057296,positive,0.9980049729347229,0.0019950270652770996,agreement,agreement,none,agreement
1306,364,0,neutral,0.2607269,0.012565846,0.72670734,positive,0.9991391897201538,0.0008608102798461914,none,agreement,none,none
1307,364,0,positive,0.8117993,0.041640613,0.14656004,positive,0.9991750121116638,0.0008249878883361816,agreement,agreement,agreement,agreement
1308,364,0,negative,0.02015199,0.71412617,0.26572183,negative,0.026156973093748093,0.9738430269062519,conflict,conflict,conflict,conflict
1309,364,0,negative,0.012625916,0.791526,0.19584802,positive,0.8133927583694458,0.1866072416305542,conflict,agreement,conflict,agreement
1310,364,0,negative,0.009424373,0.7923409,0.19823472,positive,0.9916210174560547,0.008378982543945312,conflict,agreement,conflict,agreement
1311,364,0,neutral,0.1256515,0.35084063,0.5235079,negative,0.0058438098058104515,0.9941561901941895,none,conflict,none,conflict
1312,364,0,positive,0.7654452,0.022852743,0.21170203,positive,0.9956833124160767,0.00431668758392334,agreement,agreement,none,none
1313,364,0,positive,0.8408266,0.030398907,0.12877451,positive,0.9962112903594971,0.0037887096405029297,agreement,agreement,none,none
1314,364,0,positive,0.9256067,0.0034789322,0.07091439,positive,0.9995355606079102,0.00046443939208984375,agreement,agreement,none,none
1315,364,0,positive,0.8709073,0.004049015,0.12504366,positive,0.998857855796814,0.0011421442031860352,agreement,agreement,agreement,none
1316,364,0,neutral,0.65344644,0.0064758505,0.3400778,positive,0.9977268576622009,0.0022731423377990723,none,agreement,none,none
1317,364,0,positive,0.81265277,0.028945941,0.15840136,positive,0.9882892370223999,0.011710762977600098,agreement,agreement,none,agreement
1318,364,0,neutral,0.21595399,0.06429133,0.71975464,negative,0.010229872539639473,0.9897701274603605,none,conflict,none,conflict
1319,364,0,neutral,0.104135945,0.24364263,0.6522215,positive,0.9993696808815002,0.0006303191184997559,none,agreement,none,agreement
1320,364,0,positive,0.92733085,0.008221072,0.06444811,positive,0.9888753890991211,0.011124610900878906,agreement,agreement,none,agreement
1321,364,0,neutral,0.65706587,0.033761136,0.30917302,positive,0.987236499786377,0.012763500213623047,none,agreement,none,none
1322,364,0,neutral,0.5464248,0.07661958,0.37695557,positive,0.9941666126251221,0.00583338737487793,none,agreement,none,agreement
1323,364,0,neutral,0.5985391,0.0954374,0.3060235,positive,0.9604967832565308,0.03950321674346924,none,agreement,none,agreement
1324,364,0,neutral,0.06898843,0.45378628,0.47722536,neutral,0.3358137905597687,0.6641862094402313,none,none,none,none
1325,364,0,neutral,0.0333265,0.65367323,0.31300026,negative,0.015099466778337955,0.984900533221662,none,conflict,none,conflict
1326,364,0,neutral,0.070739634,0.39394927,0.53531116,positive,0.9260898232460022,0.0739101767539978,none,agreement,none,none
1327,364,0,neutral,0.27193362,0.15899967,0.5690667,negative,0.028057487681508064,0.9719425123184919,none,conflict,none,conflict
1328,364,0,neutral,0.14511567,0.17445233,0.680432,negative,0.004065413028001785,0.9959345869719982,none,conflict,none,conflict
1329,364,0,neutral,0.012559428,0.66808224,0.31935838,negative,0.0005456514772959054,0.9994543485227041,none,conflict,none,conflict
1330,364,0,neutral,0.11434893,0.5119705,0.37368047,negative,0.002675666706636548,0.9973243332933635,none,conflict,none,conflict
1331,364,0,neutral,0.022486165,0.5662753,0.41123855,negative,0.032224349677562714,0.9677756503224373,none,conflict,none,conflict
1332,364,0,neutral,0.11233419,0.22587161,0.6617942,negative,0.007479416206479073,0.9925205837935209,none,conflict,none,conflict
1333,364,0,neutral,0.0352724,0.34015143,0.62457615,negative,0.18917196989059448,0.8108280301094055,none,conflict,none,conflict
1334,364,0,neutral,0.03712024,0.32646915,0.6364106,negative,0.002677787560969591,0.9973222124390304,none,conflict,none,conflict
1335,364,0,neutral,0.05142274,0.28980857,0.6587687,negative,0.0022908300161361694,0.9977091699838638,none,conflict,none,conflict
1336,364,0,neutral,0.23922694,0.14431284,0.61646026,neutral,0.6480713486671448,0.3519286513328552,none,none,none,none
1337,364,0,neutral,0.5818189,0.022122359,0.39605877,positive,0.9970278143882751,0.0029721856117248535,none,agreement,none,agreement
1338,364,0,neutral,0.15575454,0.16978186,0.6744636,positive,0.9394681453704834,0.0605318546295166,none,agreement,none,none
1339,364,0,neutral,0.12153348,0.17347611,0.70499045,negative,0.0055155628360807896,0.9944844371639192,none,conflict,none,conflict
1340,364,0,neutral,0.025684034,0.5496453,0.42467067,negative,0.0027361989486962557,0.9972638010513037,none,conflict,none,conflict
1341,364,0,positive,0.9454184,0.011168242,0.043413267,positive,0.9967905879020691,0.003209412097930908,agreement,agreement,none,none
1342,364,0,positive,0.8965041,0.013325394,0.09017046,positive,0.9995304346084595,0.00046956539154052734,agreement,agreement,agreement,agreement
1344,364,0,neutral,0.44803607,0.14893888,0.4030251,positive,0.9903259873390198,0.009674012660980225,none,agreement,none,none
1345,364,0,neutral,0.1557695,0.13899073,0.7052397,positive,0.9892643094062805,0.010735690593719482,none,agreement,none,agreement
1346,364,0,neutral,0.55603373,0.07608655,0.36787975,positive,0.9856758117675781,0.014324188232421875,none,agreement,none,agreement
1347,364,0,positive,0.81460726,0.028892282,0.15650047,neutral,0.6482953429222107,0.3517046570777893,agreement,none,none,none
1348,364,0,neutral,0.29432335,0.057531077,0.6481456,positive,0.9994458556175232,0.0005541443824768066,none,agreement,none,agreement
1349,364,0,positive,0.84017444,0.024295816,0.13552979,positive,0.9655238389968872,0.03447616100311279,agreement,agreement,agreement,none
1350,364,0,neutral,0.32606393,0.40217915,0.27175686,positive,0.998868465423584,0.0011315345764160156,none,agreement,none,agreement
1351,364,0,positive,0.9118562,0.009370434,0.07877342,positive,0.98752361536026,0.01247638463973999,agreement,agreement,none,none
1352,364,0,positive,0.89141476,0.02310271,0.085482545,positive,0.996992826461792,0.003007173538208008,agreement,agreement,none,agreement
1353,364,0,neutral,0.03956584,0.43687654,0.5235576,neutral,0.5153270959854126,0.4846729040145874,none,none,none,none
1354,364,0,neutral,0.47837424,0.050840847,0.4707849,negative,0.038978103548288345,0.9610218964517117,none,conflict,none,conflict
1355,364,0,neutral,0.0987923,0.23955432,0.66165334,negative,0.0022247890010476112,0.9977752109989524,none,conflict,none,conflict
1356,364,0,positive,0.9149933,0.022220442,0.06278627,positive,0.9997161030769348,0.00028389692306518555,agreement,agreement,none,agreement
1357,364,0,positive,0.940785,0.0061885486,0.053026482,positive,0.9998664855957031,0.000133514404296875,agreement,agreement,none,none
1358,365,1,neutral,0.5502282,0.02471192,0.42505994,negative,0.019429374486207962,0.980570625513792,none,agreement,none,none
1359,365,1,neutral,0.13031906,0.44177702,0.42790386,negative,0.003290860913693905,0.9967091390863061,none,agreement,none,none
1360,365,1,positive,0.9459367,0.015201563,0.03886175,positive,0.99972003698349,0.00027996301651000977,none,none,none,none
1361,365,1,neutral,0.1887574,0.27987674,0.5313659,negative,0.00248360657133162,0.9975163934286684,none,agreement,none,none
1362,365,1,neutral,0.35237122,0.14487894,0.5027498,positive,0.9787818789482117,0.02121812105178833,none,none,none,none
1363,365,1,neutral,0.09966729,0.24522282,0.6551098,negative,0.07706998288631439,0.9229300171136856,none,agreement,none,none
1364,365,1,neutral,0.52844495,0.08106379,0.39049128,neutral,0.6456621289253235,0.3543378710746765,none,none,none,none
1365,365,1,neutral,0.01338051,0.62420934,0.36241016,negative,0.0002627022622618824,0.9997372977377381,none,agreement,none,none
1366,365,1,negative,0.011190238,0.778346,0.21046369,negative,0.009814005345106125,0.9901859946548939,agreement,agreement,none,none
1367,365,1,neutral,0.32504258,0.28363943,0.39131802,negative,0.013162029907107353,0.9868379700928926,none,agreement,none,none
1368,365,1,neutral,0.041794706,0.6895006,0.26870477,negative,0.0008837402565404773,0.9991162597434595,none,agreement,none,none
1369,365,1,negative,0.007956221,0.9210421,0.07100172,negative,0.023006215691566467,0.9769937843084335,agreement,agreement,none,none
1370,365,1,negative,0.026020264,0.73437816,0.23960151,negative,0.020729588344693184,0.9792704116553068,agreement,agreement,none,none
1371,365,1,neutral,0.23589434,0.59988517,0.16422048,positive,0.9672931432723999,0.0327068567276001,none,none,none,none
1372,365,1,negative,0.07004227,0.78232974,0.14762801,positive,0.9681844711303711,0.031815528869628906,agreement,none,none,none
1373,365,1,neutral,0.12191967,0.27748892,0.6005914,neutral,0.3304111659526825,0.6695888340473175,none,none,none,none
1374,365,1,neutral,0.5963833,0.080062784,0.3235539,negative,0.04906507208943367,0.9509349279105663,none,agreement,none,none
1375,365,1,negative,0.0106970165,0.8543466,0.13495645,negative,0.06068900227546692,0.9393109977245331,agreement,agreement,none,none
1376,365,1,negative,0.008989163,0.8498627,0.1411481,negative,0.004101146012544632,0.9958988539874554,agreement,agreement,none,none
1377,365,1,neutral,0.13262627,0.2647551,0.60261863,negative,0.009661298245191574,0.9903387017548084,none,agreement,none,none
1378,365,1,neutral,0.0421354,0.45319325,0.50467134,positive,0.9377896189689636,0.06221038103103638,none,none,none,none
1379,365,1,neutral,0.068580836,0.34269994,0.58871925,negative,0.009057040326297283,0.9909429596737027,none,agreement,none,none
1380,365,1,positive,0.8805155,0.01930598,0.10017847,positive,0.9849515557289124,0.015048444271087646,none,none,none,none
1381,365,1,neutral,0.516816,0.040866632,0.44231734,negative,0.025261908769607544,0.9747380912303925,none,agreement,none,none
1382,365,1,positive,0.7220611,0.056483243,0.22145568,positive,0.995704710483551,0.004295289516448975,none,none,none,none
1383,365,1,neutral,0.32521832,0.082692154,0.5920896,positive,0.9982092380523682,0.001790761947631836,none,none,none,none
1384,365,1,neutral,0.07816727,0.21760327,0.70422953,negative,0.024959351867437363,0.9750406481325626,none,agreement,none,none
1385,365,1,neutral,0.06942965,0.35291332,0.577657,neutral,0.35344213247299194,0.6465578675270081,none,none,none,none
1386,365,1,positive,0.91879255,0.016944068,0.06426344,positive,0.975496768951416,0.024503231048583984,none,none,none,none
1387,365,1,negative,0.012295912,0.84662485,0.14107923,negative,0.017893381416797638,0.9821066185832024,agreement,agreement,none,none
1388,365,1,negative,0.04346009,0.70052606,0.25601387,negative,0.021548431366682053,0.978451568633318,agreement,agreement,none,none
1389,365,1,negative,0.01819276,0.80486876,0.17693849,neutral,0.5295954942703247,0.4704045057296753,agreement,none,none,none
1390,365,1,neutral,0.19636962,0.36495087,0.4386795,negative,0.00583706283941865,0.9941629371605814,none,agreement,none,none
1391,365,1,negative,0.025733609,0.7127465,0.26151997,negative,0.10144348442554474,0.8985565155744553,agreement,agreement,none,none
1392,365,1,neutral,0.09237894,0.46374252,0.44387856,negative,0.0074583725072443485,0.9925416274927557,none,agreement,none,none
1393,365,1,neutral,0.16512598,0.13167115,0.7032029,positive,0.9472066760063171,0.05279332399368286,none,none,none,none
1394,365,1,neutral,0.15575379,0.36122495,0.48302126,negative,0.23244567215442657,0.7675543278455734,none,agreement,none,none
1395,365,1,neutral,0.37263456,0.06348182,0.56388354,positive,0.9957002401351929,0.004299759864807129,none,none,none,none
1396,365,1,neutral,0.2617597,0.16757883,0.5706614,positive,0.9989306330680847,0.0010693669319152832,none,none,none,none
1397,365,1,positive,0.82520276,0.034028724,0.14076845,positive,0.9995892643928528,0.0004107356071472168,none,none,none,none
1398,365,1,neutral,0.20184752,0.32469583,0.47345668,positive,0.9973354935646057,0.002664506435394287,none,none,none,none
1399,365,1,positive,0.98647135,0.0031143215,0.010414336,positive,0.9997977614402771,0.0002022385597229004,none,none,none,none
1400,365,1,positive,0.9768132,0.002533043,0.020653803,positive,0.9975735545158386,0.002426445484161377,none,none,none,none
1402,366,0,positive,0.8753999,0.010528653,0.114071414,positive,0.9941012263298035,0.005898773670196533,agreement,agreement,agreement,agreement
1403,366,0,positive,0.83753055,0.025558503,0.13691097,positive,0.9709799885749817,0.02902001142501831,agreement,agreement,agreement,agreement
1404,366,0,neutral,0.54878503,0.0065035634,0.44471142,positive,0.998026430606842,0.001973569393157959,none,agreement,none,agreement
1405,366,0,positive,0.95626956,0.0048336363,0.03889676,positive,0.9998432397842407,0.00015676021575927734,agreement,agreement,none,none
1406,366,0,neutral,0.32553324,0.28774136,0.38672543,positive,0.9358405470848083,0.06415945291519165,none,agreement,none,none
1407,366,0,neutral,0.56427836,0.042580113,0.39314154,negative,0.055188197642564774,0.9448118023574352,none,conflict,none,conflict
1408,366,0,neutral,0.042443283,0.34039763,0.61715907,negative,0.024278035387396812,0.9757219646126032,none,conflict,none,conflict
1409,366,0,neutral,0.38334215,0.026010584,0.5906473,negative,0.05217701569199562,0.9478229843080044,none,conflict,none,conflict
1410,366,0,positive,0.9503995,0.00517381,0.044426654,positive,0.9992979764938354,0.0007020235061645508,agreement,agreement,agreement,agreement
1411,366,0,positive,0.967602,0.0057363138,0.026661739,positive,0.9975233674049377,0.002476632595062256,agreement,agreement,none,none
1412,366,0,neutral,0.51746494,0.03771204,0.444823,positive,0.9856610298156738,0.014338970184326172,none,agreement,none,none
1413,366,0,neutral,0.3389506,0.031054951,0.62999445,positive,0.9172935485839844,0.08270645141601562,none,agreement,none,none
1414,366,0,neutral,0.6098117,0.09095351,0.2992348,positive,0.8487111330032349,0.15128886699676514,none,agreement,none,none
1415,366,0,neutral,0.02667934,0.55737054,0.41595015,negative,0.009623045101761818,0.9903769548982382,none,conflict,none,conflict
1416,366,0,negative,0.009324044,0.7562765,0.23439951,negative,0.013403111137449741,0.9865968888625503,conflict,conflict,conflict,conflict
1417,366,0,negative,0.014563498,0.73699385,0.24844253,negative,0.0033188515808433294,0.9966811484191567,conflict,conflict,conflict,conflict
1419,366,0,positive,0.9704389,0.0044771605,0.025083855,positive,0.9991346001625061,0.0008653998374938965,agreement,agreement,none,none
1420,366,0,neutral,0.14388224,0.3061686,0.54994917,positive,0.9993613362312317,0.0006386637687683105,none,agreement,none,none
1421,366,0,neutral,0.6415209,0.0691226,0.2893565,positive,0.9907508492469788,0.00924915075302124,none,agreement,none,agreement
1422,366,0,neutral,0.591606,0.0673613,0.34103262,positive,0.9997357726097107,0.00026422739028930664,none,agreement,none,none
1423,366,0,negative,0.0072268485,0.9000609,0.09271218,negative,0.0037691572215408087,0.9962308427784592,conflict,conflict,conflict,conflict
1424,366,0,neutral,0.0749552,0.13674802,0.78829676,negative,0.009129294194281101,0.9908707058057189,none,conflict,none,conflict
1425,366,0,neutral,0.25672236,0.2071327,0.5361449,neutral,0.3396962285041809,0.6603037714958191,none,none,none,none
1426,366,0,neutral,0.13556731,0.1221274,0.7423053,neutral,0.6036436557769775,0.39635634422302246,none,none,none,none
1427,366,0,neutral,0.30076078,0.080353595,0.61888564,negative,0.011820831336081028,0.988179168663919,none,conflict,none,conflict
1428,366,0,neutral,0.03123288,0.58451265,0.38425446,positive,0.9203868508338928,0.07961314916610718,none,agreement,none,agreement
1429,366,0,negative,0.010348502,0.81709224,0.17255926,negative,0.0008912272751331329,0.9991087727248669,conflict,conflict,conflict,conflict
1430,366,0,negative,0.021506358,0.7400484,0.23844522,negative,0.0011629658984020352,0.998837034101598,conflict,conflict,conflict,conflict
1431,366,0,positive,0.96865016,0.008172697,0.023177223,positive,0.9998102784156799,0.00018972158432006836,agreement,agreement,none,none
1432,366,0,positive,0.89590067,0.017806757,0.08629257,positive,0.949964702129364,0.050035297870635986,agreement,agreement,agreement,agreement
1433,366,0,neutral,0.20642906,0.1595719,0.63399905,positive,0.987165629863739,0.012834370136260986,none,agreement,none,none
1434,366,0,positive,0.7747532,0.052470338,0.17277648,positive,0.9995480179786682,0.0004519820213317871,agreement,agreement,agreement,none
1435,366,0,neutral,0.54066217,0.10928224,0.35005558,negative,0.07537670433521271,0.9246232956647873,none,conflict,none,conflict
1436,366,0,neutral,0.24287443,0.055168238,0.7019573,positive,0.9912747144699097,0.008725285530090332,none,agreement,none,agreement
1437,366,0,neutral,0.15209968,0.12582548,0.7220748,neutral,0.5739895701408386,0.4260104298591614,none,none,none,none
1438,366,0,positive,0.89754903,0.013100437,0.089350596,positive,0.9997501969337463,0.0002498030662536621,agreement,agreement,none,none
1441,367,1,neutral,0.6558542,0.022913411,0.3212324,positive,0.9958130717277527,0.0041869282722473145,none,conflict,none,conflict
1442,367,1,neutral,0.15005215,0.21819082,0.6317571,positive,0.9362910389900208,0.06370896100997925,none,conflict,none,conflict
1443,367,1,neutral,0.01703013,0.6777313,0.3052386,negative,0.00026849229470826685,0.9997315077052917,none,agreement,none,agreement
1444,367,1,negative,0.0114495,0.8884836,0.100066975,negative,0.0021050909999758005,0.9978949090000242,agreement,agreement,none,agreement
1445,367,1,neutral,0.04530046,0.25499895,0.69970053,negative,0.0011667630169540644,0.9988332369830459,none,agreement,none,none
1446,367,1,neutral,0.6597566,0.013276617,0.3269668,positive,0.9448620080947876,0.0551379919052124,none,conflict,none,conflict
1447,367,1,positive,0.95302016,0.0035739038,0.043405928,positive,0.9998113512992859,0.00018864870071411133,conflict,conflict,conflict,conflict
1448,367,1,neutral,0.42884037,0.052263983,0.5188956,negative,0.007147497497498989,0.992852502502501,none,agreement,none,agreement
1449,367,1,neutral,0.39008725,0.025199875,0.58471286,positive,0.8783019781112671,0.12169802188873291,none,conflict,none,conflict
1450,367,1,neutral,0.24820876,0.5394267,0.21236448,positive,0.9994785189628601,0.0005214810371398926,none,conflict,none,conflict
1451,367,1,neutral,0.04307604,0.6498238,0.30710024,negative,0.026233546435832977,0.973766453564167,none,agreement,none,none
1452,367,1,neutral,0.061512653,0.34052193,0.5979653,negative,0.0203211922198534,0.9796788077801466,none,agreement,none,agreement
1453,367,1,negative,0.015531512,0.8518017,0.13266675,negative,0.0034102287609130144,0.996589771239087,agreement,agreement,agreement,none
1454,367,1,negative,0.02412977,0.75223607,0.22363408,negative,0.004712458699941635,0.9952875413000584,agreement,agreement,none,none
1455,367,1,neutral,0.040919837,0.5951935,0.36388665,positive,0.9125131964683533,0.08748680353164673,none,conflict,none,conflict
1456,367,1,neutral,0.07470758,0.4106849,0.5146075,negative,0.0014519719406962395,0.9985480280593038,none,agreement,none,none
1457,367,1,neutral,0.10752988,0.42929015,0.46317998,negative,0.05704294517636299,0.942957054823637,none,agreement,none,none
1458,367,1,neutral,0.08967653,0.5022613,0.4080621,negative,0.0090741366147995,0.9909258633852005,none,agreement,none,none
1459,367,1,neutral,0.14232838,0.050783835,0.8068877,negative,0.0040880716405808926,0.9959119283594191,none,agreement,none,none
1460,367,1,neutral,0.019746529,0.69582665,0.28442678,negative,0.00561830447986722,0.9943816955201328,none,agreement,none,none
1461,367,1,neutral,0.2161944,0.29082662,0.49297896,negative,0.2589355409145355,0.7410644590854645,none,agreement,none,none
1462,367,1,neutral,0.110955596,0.3729453,0.5160991,negative,0.008218573406338692,0.9917814265936613,none,agreement,none,agreement
1463,367,1,negative,0.0099551985,0.88661844,0.10342634,positive,0.9633243083953857,0.03667569160461426,agreement,conflict,agreement,conflict
1464,367,1,neutral,0.0872402,0.37620077,0.53655905,positive,0.9871516227722168,0.012848377227783203,none,conflict,none,conflict
1465,367,1,negative,0.006631784,0.8453618,0.14800642,negative,0.0016826350474730134,0.998317364952527,agreement,agreement,agreement,agreement
1466,367,1,negative,0.0062539987,0.93108547,0.06266061,negative,0.0011113611981272697,0.9988886388018727,agreement,agreement,none,none
1467,367,1,negative,0.024644716,0.7746799,0.20067543,negative,0.01943015679717064,0.9805698432028294,agreement,agreement,none,agreement
1468,367,1,negative,0.012577495,0.81183845,0.17558408,negative,0.0004350113740656525,0.9995649886259343,agreement,agreement,agreement,none
1469,367,1,neutral,0.027061334,0.6859445,0.2869942,negative,0.004242274444550276,0.9957577255554497,none,agreement,none,none
1470,367,1,neutral,0.16611472,0.05071846,0.7831668,negative,0.15249334275722504,0.847506657242775,none,agreement,none,agreement
1471,367,1,neutral,0.1253026,0.35131237,0.523385,positive,0.848149836063385,0.151850163936615,none,conflict,none,conflict
1472,367,1,neutral,0.09020938,0.5922376,0.31755298,positive,0.7030236124992371,0.29697638750076294,none,conflict,none,conflict
1473,367,1,positive,0.9417255,0.0035635496,0.054710988,positive,0.9985141158103943,0.0014858841896057129,conflict,conflict,conflict,conflict
1474,367,1,positive,0.9037799,0.010044728,0.08617532,positive,0.9991098046302795,0.000890195369720459,conflict,conflict,conflict,conflict
1475,367,1,positive,0.86804795,0.03061114,0.101340935,positive,0.9932492971420288,0.006750702857971191,conflict,conflict,conflict,conflict
1477,367,1,positive,0.95244265,0.0065224622,0.041034877,positive,0.9997918009757996,0.00020819902420043945,conflict,conflict,conflict,conflict
1478,367,1,positive,0.77879685,0.014327592,0.20687553,positive,0.9973611235618591,0.002638876438140869,conflict,conflict,conflict,conflict
1479,367,1,neutral,0.6667877,0.008657658,0.3245546,positive,0.9753990173339844,0.024600982666015625,none,conflict,none,conflict
1480,367,1,neutral,0.019183708,0.5838661,0.39695016,negative,0.0023438860662281513,0.9976561139337718,none,agreement,none,agreement
1481,368,0,neutral,0.23540555,0.104927085,0.6596674,positive,0.9997472167015076,0.00025278329849243164,none,agreement,none,none
1483,368,0,positive,0.9229789,0.0074241487,0.069596946,positive,0.999430239200592,0.000569760799407959,agreement,agreement,none,none
1484,368,0,negative,0.026897162,0.7861882,0.18691473,negative,0.00599769689142704,0.994002303108573,none,none,none,none
1485,368,0,negative,0.019508995,0.8032774,0.17721365,positive,0.9837012887001038,0.01629871129989624,none,agreement,none,none
1486,368,0,neutral,0.22952506,0.06262328,0.70785165,negative,0.006680319085717201,0.9933196809142828,none,none,none,none
1487,368,0,positive,0.81545824,0.02478078,0.15976103,negative,0.027432400733232498,0.9725675992667675,agreement,none,none,none
1488,368,0,neutral,0.07179622,0.53718174,0.39102203,negative,0.00032815252779982984,0.9996718474722002,none,none,none,none
1489,368,0,positive,0.78644854,0.08114897,0.13240246,negative,0.00044351047836244106,0.9995564895216376,agreement,none,none,none
1490,368,0,neutral,0.2658216,0.1039593,0.6302191,positive,0.9949187636375427,0.005081236362457275,none,agreement,none,none
1491,368,0,positive,0.86586535,0.015620954,0.118513696,positive,0.9980206489562988,0.001979351043701172,agreement,agreement,none,none
1492,368,0,neutral,0.1496954,0.39580184,0.4545028,negative,0.009629840962588787,0.9903701590374112,none,none,none,none
1493,368,0,neutral,0.046696525,0.5679683,0.38533518,negative,0.004040475934743881,0.9959595240652561,none,none,none,none
1494,368,0,neutral,0.17863733,0.06431592,0.7570468,positive,0.993813157081604,0.006186842918395996,none,agreement,none,none
1495,368,0,neutral,0.11344042,0.36444923,0.52211034,negative,0.005109259858727455,0.9948907401412725,none,none,none,none
1496,368,0,positive,0.9241864,0.018279538,0.057534017,positive,0.9949253797531128,0.005074620246887207,agreement,agreement,none,none
1497,368,0,positive,0.9716114,0.006487656,0.02190095,positive,0.9998341798782349,0.00016582012176513672,agreement,agreement,none,none
1498,368,0,neutral,0.52746314,0.04922737,0.4233095,positive,0.9070119261741638,0.09298807382583618,none,agreement,none,none
1499,368,0,negative,0.014879416,0.7756447,0.20947582,negative,0.005984640214592218,0.9940153597854078,none,none,none,none
1500,368,0,neutral,0.02999896,0.60790133,0.36209974,negative,0.0011612732196226716,0.9988387267803773,none,none,none,none
1501,368,0,negative,0.009477855,0.8944924,0.09602972,negative,0.00029719271697103977,0.999702807283029,none,none,none,none
1502,368,0,neutral,0.04189845,0.58981997,0.36828163,negative,0.016732577234506607,0.9832674227654934,none,none,none,none
1503,368,0,neutral,0.08247862,0.6707254,0.24679591,positive,0.9936532974243164,0.006346702575683594,none,agreement,none,none
1504,368,0,neutral,0.17837209,0.30426627,0.51736164,negative,0.10126160085201263,0.8987383991479874,none,none,none,none
1505,368,0,negative,0.01153245,0.9093612,0.07910636,negative,0.00025770749198272824,0.9997422925080173,none,none,none,none
1506,368,0,negative,0.013136279,0.8237307,0.16313303,negative,0.00803269725292921,0.9919673027470708,none,none,none,none
1507,368,0,negative,0.017706487,0.8186864,0.16360709,negative,0.0008978935657069087,0.9991021064342931,none,none,none,none
1508,368,0,neutral,0.3109423,0.19947368,0.4895841,negative,0.007096092216670513,0.9929039077833295,none,none,none,none
1509,368,0,negative,0.023559486,0.73102415,0.24541631,negative,0.03809206560254097,0.961907934397459,none,none,none,none
1510,368,0,neutral,0.6142564,0.05147436,0.33426926,positive,0.998360812664032,0.0016391873359680176,none,agreement,none,none
1511,368,0,positive,0.76482356,0.048671633,0.18650472,positive,0.996720016002655,0.0032799839973449707,agreement,agreement,none,none
1512,368,0,positive,0.90095615,0.010780195,0.08826363,positive,0.9957261085510254,0.004273891448974609,agreement,agreement,none,none
1513,369,0,positive,0.9801057,0.0032575468,0.01663678,positive,0.9998693466186523,0.00013065338134765625,agreement,agreement,agreement,agreement
1514,369,0,neutral,0.48436975,0.04029163,0.47533858,positive,0.8639171719551086,0.13608282804489136,none,agreement,none,none
1515,369,0,negative,0.01639343,0.7923166,0.19128989,negative,0.019803984090685844,0.9801960159093142,conflict,conflict,conflict,conflict
1516,369,0,positive,0.7928843,0.032274593,0.17484109,neutral,0.48823097348213196,0.511769026517868,agreement,none,none,none
1517,369,0,positive,0.9481014,0.008483332,0.043415274,positive,0.9993466734886169,0.0006533265113830566,agreement,agreement,none,none
1518,369,0,neutral,0.08254787,0.2316145,0.6858377,negative,0.004887931048870087,0.9951120689511299,none,conflict,none,conflict
1519,369,0,positive,0.94244134,0.009171911,0.04838674,positive,0.9996557235717773,0.00034427642822265625,agreement,agreement,none,none
1520,369,0,positive,0.71286756,0.072620735,0.21451163,positive,0.7579122185707092,0.24208778142929077,agreement,agreement,none,none
1521,369,0,neutral,0.060632903,0.6417309,0.29763624,positive,0.983444333076477,0.01655566692352295,none,agreement,none,agreement
1522,369,0,negative,0.046386212,0.7484414,0.20517243,negative,0.006879208143800497,0.9931207918561995,conflict,conflict,conflict,conflict
1523,369,0,neutral,0.06740664,0.23952135,0.6930721,negative,0.0025675541255623102,0.9974324458744377,none,conflict,none,conflict
1524,369,0,neutral,0.6942725,0.029339518,0.276388,positive,0.9987562894821167,0.0012437105178833008,none,agreement,none,agreement
1525,369,0,positive,0.9710074,0.004126891,0.024865713,positive,0.9996203184127808,0.0003796815872192383,agreement,agreement,none,none
1526,369,0,positive,0.986167,0.0050095683,0.008823368,positive,0.9997979998588562,0.00020200014114379883,agreement,agreement,none,none
1527,369,0,neutral,0.03810645,0.5373066,0.424587,positive,0.7843892574310303,0.21561074256896973,none,agreement,none,none
1528,369,0,neutral,0.36648718,0.22590838,0.40760446,positive,0.9247055649757385,0.07529443502426147,none,agreement,none,none
1529,369,0,positive,0.97889334,0.0061810724,0.014925607,positive,0.9998723268508911,0.00012767314910888672,agreement,agreement,agreement,agreement
1530,369,0,positive,0.9073843,0.03370892,0.058906794,positive,0.9996781349182129,0.0003218650817871094,agreement,agreement,none,agreement
1532,369,0,neutral,0.08861143,0.24339348,0.66799515,negative,0.012610893696546555,0.9873891063034534,none,conflict,none,conflict
1533,369,0,neutral,0.4660366,0.06849769,0.46546578,positive,0.9656383991241455,0.03436160087585449,none,agreement,none,none
1534,369,0,neutral,0.3617867,0.08002715,0.55818623,positive,0.9940337538719177,0.005966246128082275,none,agreement,none,none
1535,369,0,neutral,0.699709,0.0640338,0.23625718,positive,0.9962608218193054,0.00373917818069458,none,agreement,none,none
1536,369,0,positive,0.9122308,0.021786522,0.06598272,positive,0.9981739521026611,0.0018260478973388672,agreement,agreement,none,none
1537,369,0,neutral,0.56968904,0.05962234,0.3706886,positive,0.9652838110923767,0.03471618890762329,none,agreement,none,none
1538,369,0,positive,0.9505437,0.003841602,0.045614686,positive,0.999078631401062,0.0009213685989379883,agreement,agreement,none,none
1539,370,0,positive,0.9388995,0.0048974026,0.0562031,positive,0.9997574687004089,0.00024253129959106445,agreement,agreement,none,agreement
1540,370,0,positive,0.9425451,0.0050452244,0.052409705,positive,0.9995155334472656,0.000484466552734375,agreement,agreement,none,none
1541,370,0,neutral,0.043731824,0.57754564,0.37872252,positive,0.9985479712486267,0.001452028751373291,none,agreement,none,agreement
1542,370,0,positive,0.8611455,0.021303667,0.117550775,negative,0.006993508897721767,0.9930064911022782,agreement,conflict,agreement,conflict
1543,370,0,positive,0.9301015,0.006317046,0.06358144,positive,0.9977126121520996,0.0022873878479003906,agreement,agreement,none,none
1544,370,0,positive,0.95556086,0.006320577,0.038118605,positive,0.997157096862793,0.0028429031372070312,agreement,agreement,agreement,none
1545,370,0,neutral,0.39975652,0.025993956,0.57424957,positive,0.9908278584480286,0.009172141551971436,none,agreement,none,none
1547,370,0,positive,0.9169241,0.008905493,0.074170396,positive,0.9842643141746521,0.0157356858253479,agreement,agreement,none,none
1548,370,0,neutral,0.6881936,0.07999441,0.23181199,negative,0.0029362330678850412,0.997063766932115,none,conflict,none,conflict
1549,370,0,neutral,0.051792998,0.5641326,0.38407442,negative,0.001421480206772685,0.9985785197932273,none,conflict,none,conflict
1550,370,0,neutral,0.10474484,0.57767284,0.31758234,negative,0.01178273931145668,0.9882172606885433,none,conflict,none,conflict
1551,370,0,negative,0.0074983896,0.90286434,0.08963734,negative,0.0009868344059213996,0.9990131655940786,conflict,conflict,conflict,conflict
1552,370,0,neutral,0.036368392,0.6343517,0.32927996,negative,0.0035131690092384815,0.9964868309907615,none,conflict,none,conflict
1553,370,0,negative,0.0066780066,0.91504925,0.0782727,negative,0.00047493577585555613,0.9995250642241444,conflict,conflict,conflict,conflict
1554,370,0,neutral,0.5490718,0.23420322,0.21672502,positive,0.9997565150260925,0.0002434849739074707,none,agreement,none,none
1555,370,0,positive,0.91965467,0.016351964,0.0639934,neutral,0.35386258363723755,0.6461374163627625,agreement,none,none,none
1556,370,0,neutral,0.056251287,0.58167833,0.36207032,negative,0.0013245996087789536,0.998675400391221,none,conflict,none,conflict
1557,370,0,neutral,0.21305245,0.114576645,0.67237085,positive,0.8758595585823059,0.12414044141769409,none,agreement,none,none
1558,370,0,neutral,0.29483655,0.053665,0.6514984,negative,0.026013284921646118,0.9739867150783539,none,conflict,none,conflict
1559,370,0,neutral,0.0413834,0.5315351,0.42708144,negative,0.004646060056984425,0.9953539399430156,none,conflict,none,conflict
1560,370,0,neutral,0.04716117,0.18418962,0.76864916,negative,0.0025535395834594965,0.9974464604165405,none,conflict,none,conflict
1561,370,0,negative,0.012344035,0.74493605,0.24271995,negative,0.0002010173921007663,0.9997989826078992,conflict,conflict,conflict,conflict
1562,370,0,neutral,0.015637485,0.6438467,0.3405158,negative,0.0007215363439172506,0.9992784636560827,none,conflict,none,conflict
1563,370,0,neutral,0.5954145,0.010493261,0.39409223,negative,0.00994938425719738,0.9900506157428026,none,conflict,none,conflict
1564,370,0,positive,0.9708646,0.0052389475,0.02389644,positive,0.9997088313102722,0.0002911686897277832,agreement,agreement,agreement,agreement
1565,370,0,positive,0.96004874,0.0044359467,0.035515327,positive,0.9993684887886047,0.0006315112113952637,agreement,agreement,none,agreement
1566,370,0,positive,0.7540752,0.057715844,0.18820891,positive,0.9760873317718506,0.023912668228149414,agreement,agreement,none,agreement
1567,370,0,positive,0.97562146,0.0053395773,0.019038968,positive,0.9995736479759216,0.00042635202407836914,agreement,agreement,none,agreement
1569,371,0,positive,0.95941854,0.007599192,0.032982253,negative,0.026043854653835297,0.9739561453461647,agreement,none,none,none
1570,371,0,positive,0.9020124,0.0051725083,0.09281507,positive,0.9980713725090027,0.0019286274909973145,agreement,agreement,none,none
1571,371,0,neutral,0.31423238,0.015414413,0.6703532,positive,0.9968442916870117,0.0031557083129882812,none,agreement,none,none
1572,371,0,neutral,0.18574725,0.15154131,0.6627115,positive,0.9986504912376404,0.0013495087623596191,none,agreement,none,none
1573,371,0,negative,0.008033596,0.8079597,0.18400681,negative,0.002208305522799492,0.9977916944772005,none,none,none,none
1574,371,0,neutral,0.45735598,0.054942336,0.48770165,positive,0.9994691014289856,0.0005308985710144043,none,agreement,none,none
1576,371,0,negative,0.014228,0.7853905,0.20038152,negative,0.00026817404432222247,0.9997318259556778,none,none,none,none
1577,371,0,negative,0.012525033,0.7684966,0.21897843,negative,0.03646998107433319,0.9635300189256668,none,none,none,none
1578,371,0,negative,0.013528526,0.71733344,0.26913795,negative,0.0014955904334783554,0.9985044095665216,none,none,none,none
1579,371,0,negative,0.017226208,0.7556534,0.22712049,negative,0.0005429640877991915,0.9994570359122008,none,none,none,none
1582,371,0,positive,0.9555038,0.0051094024,0.039386813,positive,0.9998194575309753,0.0001805424690246582,agreement,agreement,none,none
1583,371,0,negative,0.014212916,0.8707945,0.114992596,negative,0.0013857635203748941,0.9986142364796251,none,none,none,none
1584,371,0,neutral,0.0242152,0.55172783,0.424057,negative,0.010885469615459442,0.9891145303845406,none,none,none,none
1585,371,0,neutral,0.06838017,0.60637283,0.32524705,negative,0.002547168405726552,0.9974528315942734,none,none,none,none
1589,371,0,neutral,0.4146597,0.1281181,0.45722225,positive,0.9980833530426025,0.001916646957397461,none,agreement,none,none
1590,372,1,neutral,0.5438861,0.09814042,0.3579735,negative,0.0021647093817591667,0.9978352906182408,none,agreement,none,none
1591,372,1,neutral,0.36952406,0.08239911,0.54807687,positive,0.9320845603942871,0.06791543960571289,none,none,none,none
1592,372,1,positive,0.9647772,0.004904004,0.03031887,positive,0.9989792704582214,0.0010207295417785645,none,none,none,none
1593,372,1,neutral,0.0353002,0.51402265,0.4506771,neutral,0.6106209754943848,0.38937902450561523,none,none,none,none
1594,372,1,neutral,0.05905178,0.6270754,0.31387284,negative,0.03267420455813408,0.9673257954418659,none,agreement,none,none
1595,372,1,neutral,0.1718466,0.37892967,0.4492238,positive,0.9983598589897156,0.0016401410102844238,none,none,none,none
1596,372,1,neutral,0.16985953,0.041976273,0.7881642,positive,0.9616971015930176,0.03830289840698242,none,none,none,none
1597,372,1,neutral,0.0854593,0.4948756,0.41966504,positive,0.9968360662460327,0.003163933753967285,none,none,none,none
1598,372,1,neutral,0.5434144,0.053072646,0.4035129,positive,0.999403715133667,0.0005962848663330078,none,none,none,none
1599,372,1,neutral,0.35502142,0.1076077,0.5373709,positive,0.9997137188911438,0.00028628110885620117,none,none,none,none
1600,372,1,neutral,0.19476394,0.36240327,0.4428328,positive,0.999782383441925,0.00021761655807495117,none,none,none,none
1601,372,1,neutral,0.1160403,0.18141156,0.7025482,positive,0.9605461359024048,0.039453864097595215,none,none,none,none
1602,372,1,neutral,0.026614532,0.6241332,0.34925225,negative,0.0015860527055338025,0.9984139472944662,none,agreement,none,none
1603,372,1,negative,0.017048283,0.7672789,0.21567275,negative,0.001041835406795144,0.9989581645932049,agreement,agreement,none,none
1604,372,1,neutral,0.031054968,0.6214945,0.34745058,negative,0.0012468831846490502,0.998753116815351,none,agreement,none,none
1605,372,1,neutral,0.058699932,0.2127517,0.72854835,positive,0.9708235859870911,0.029176414012908936,none,none,none,none
1606,372,1,neutral,0.022250736,0.68892074,0.28882852,negative,0.014724005945026875,0.9852759940549731,none,agreement,none,none
1607,372,1,negative,0.012622029,0.8589588,0.12841913,negative,0.00365066179074347,0.9963493382092565,agreement,agreement,none,none
1608,372,1,neutral,0.33179188,0.18691711,0.4812909,positive,0.7547668218612671,0.2452331781387329,none,none,none,none
1610,372,1,neutral,0.57701594,0.087138645,0.33584547,negative,0.01020303275436163,0.9897969672456384,none,agreement,none,none
1611,372,1,neutral,0.13151318,0.056966208,0.8115206,negative,0.0023487324360758066,0.9976512675639242,none,agreement,none,none
1612,372,1,neutral,0.10307682,0.65457326,0.24235001,positive,0.999588668346405,0.0004113316535949707,none,none,none,none
1613,372,1,neutral,0.24440749,0.24958326,0.50600916,negative,0.0037900276947766542,0.9962099723052233,none,agreement,none,none
1614,372,1,neutral,0.14543618,0.39345106,0.46111274,negative,0.16875703632831573,0.8312429636716843,none,agreement,none,none
1615,372,1,neutral,0.12551317,0.5369367,0.3375501,positive,0.7558684945106506,0.24413150548934937,none,none,none,none
1616,372,1,neutral,0.06102133,0.4622918,0.4766869,negative,0.010293521918356419,0.9897064780816436,none,agreement,none,none
1617,372,1,neutral,0.15467001,0.43678632,0.40854368,negative,0.021187318488955498,0.9788126815110445,none,agreement,none,none
1618,372,1,negative,0.015658071,0.7877594,0.19658251,negative,0.0030619900207966566,0.9969380099792033,agreement,agreement,none,none
1619,372,1,negative,0.0074659665,0.89524686,0.09728722,negative,0.0019827329088002443,0.9980172670911998,agreement,agreement,none,none
1620,372,1,neutral,0.4577415,0.1363128,0.40594575,neutral,0.6186158657073975,0.38138413429260254,none,none,none,none
1621,372,1,neutral,0.5100746,0.10060988,0.38931546,negative,0.008365586400032043,0.991634413599968,none,agreement,none,none
1622,372,1,neutral,0.40974018,0.008550403,0.5817094,positive,0.991489052772522,0.008510947227478027,none,none,none,none
1623,372,1,neutral,0.32141492,0.29113197,0.38745308,negative,0.002993964357301593,0.9970060356426984,none,agreement,none,none
1624,372,1,neutral,0.05337255,0.558946,0.38768145,neutral,0.5911026000976562,0.40889739990234375,none,none,none,none
1625,372,1,positive,0.91914177,0.003021936,0.077836245,positive,0.9986140727996826,0.0013859272003173828,none,none,none,none
1626,372,1,neutral,0.38279134,0.011507919,0.6057008,negative,0.006173855159431696,0.9938261448405683,none,agreement,none,none
1627,372,1,positive,0.86515003,0.018366504,0.116483435,positive,0.9913758635520935,0.008624136447906494,none,none,none,none
1628,373,0,positive,0.7281323,0.008266351,0.2636013,positive,0.9998353719711304,0.0001646280288696289,agreement,agreement,none,none
1629,373,0,positive,0.9394702,0.0029301716,0.057599694,positive,0.9993793964385986,0.0006206035614013672,agreement,agreement,none,none
1630,373,0,neutral,0.3734286,0.018785814,0.6077856,positive,0.9965259432792664,0.0034740567207336426,none,agreement,none,none
1631,373,0,neutral,0.4861861,0.07253972,0.4412743,negative,0.11881766468286514,0.8811823353171349,none,none,none,none
1632,373,0,neutral,0.124147266,0.518465,0.35738772,negative,0.0021440975833684206,0.9978559024166316,none,none,none,none
1633,373,0,positive,0.70161283,0.01187152,0.2865156,negative,0.013756519183516502,0.9862434808164835,agreement,none,none,none
1634,373,0,positive,0.7957201,0.015484701,0.18879515,negative,0.028791707009077072,0.9712082929909229,agreement,none,none,none
1635,373,0,positive,0.9373646,0.0077911685,0.054844253,positive,0.999638557434082,0.00036144256591796875,agreement,agreement,none,none
1636,373,0,neutral,0.6002864,0.027851293,0.37186232,positive,0.9984669089317322,0.0015330910682678223,none,agreement,none,none
1638,373,0,positive,0.7538557,0.038916826,0.20722744,positive,0.9982732534408569,0.0017267465591430664,agreement,agreement,none,none
1640,373,0,neutral,0.44193706,0.14161117,0.41645172,negative,0.1978997141122818,0.8021002858877182,none,none,none,none
1641,373,0,neutral,0.022451004,0.58222425,0.3953248,negative,0.0008806657860986888,0.9991193342139013,none,none,none,none
1642,373,0,neutral,0.08217407,0.39380667,0.52401924,positive,0.9730192422866821,0.02698075771331787,none,agreement,none,none
1643,373,0,neutral,0.17209126,0.314456,0.5134528,positive,0.9955476522445679,0.004452347755432129,none,agreement,none,none
1644,373,0,neutral,0.03874983,0.5682698,0.3929803,negative,0.0043638464994728565,0.9956361535005271,none,none,none,none
1645,373,0,neutral,0.32573098,0.19096828,0.48330072,negative,0.009823127649724483,0.9901768723502755,none,none,none,none
1646,373,0,negative,0.009246855,0.8845469,0.106206276,negative,0.00881265476346016,0.9911873452365398,none,none,none,none
1647,373,0,neutral,0.45055148,0.0917641,0.4576844,positive,0.9690956473350525,0.03090435266494751,none,agreement,none,none
1648,373,0,neutral,0.6498759,0.041888673,0.3082355,negative,0.0192228015512228,0.9807771984487772,none,none,none,none
1649,373,0,neutral,0.037309125,0.45077744,0.5119135,negative,0.04813364893198013,0.9518663510680199,none,none,none,none
1650,373,0,negative,0.029474799,0.7604062,0.21011901,positive,0.9746453762054443,0.025354623794555664,none,agreement,none,none
1651,373,0,neutral,0.4122125,0.07100215,0.5167854,negative,0.2689889371395111,0.7310110628604889,none,none,none,none
1652,373,0,neutral,0.35476384,0.21631175,0.42892438,positive,0.9980248212814331,0.0019751787185668945,none,agreement,none,none
1653,373,0,positive,0.931643,0.010418861,0.05793814,positive,0.9998078942298889,0.00019210577011108398,agreement,agreement,none,none
1654,373,0,neutral,0.4582818,0.14294131,0.39877692,positive,0.9979250431060791,0.0020749568939208984,none,agreement,none,none
1656,374,0,positive,0.91993505,0.010309948,0.06975505,positive,0.9946568012237549,0.005343198776245117,agreement,agreement,agreement,agreement
1657,374,0,neutral,0.4638437,0.090055004,0.44610125,neutral,0.4176967442035675,0.5823032557964325,none,none,none,none
1658,374,0,neutral,0.6491744,0.037911262,0.3129143,positive,0.995318591594696,0.004681408405303955,none,agreement,none,agreement
1659,374,0,neutral,0.090501785,0.03546001,0.8740382,positive,0.7113606333732605,0.2886393666267395,none,agreement,none,agreement
1660,374,0,neutral,0.2966866,0.19896978,0.5043437,negative,0.2688349187374115,0.7311650812625885,none,conflict,none,conflict
1661,374,0,neutral,0.34356713,0.03740821,0.61902463,positive,0.9595927000045776,0.04040729999542236,none,agreement,none,agreement
1662,374,0,positive,0.83888984,0.018768543,0.1423416,positive,0.9992056488990784,0.0007943511009216309,agreement,agreement,agreement,none
1663,374,0,positive,0.96134436,0.004161561,0.034494087,positive,0.999194324016571,0.0008056759834289551,agreement,agreement,none,none
1664,374,0,positive,0.88838035,0.0144666815,0.09715301,positive,0.9998719692230225,0.00012803077697753906,agreement,agreement,agreement,agreement
1665,374,0,neutral,0.13440348,0.13948882,0.7261076,negative,0.04223760589957237,0.9577623941004276,none,conflict,none,conflict
1666,374,0,negative,0.029650727,0.8242686,0.14608067,negative,0.023138124495744705,0.9768618755042553,conflict,conflict,conflict,conflict
1667,374,0,neutral,0.6973627,0.05973592,0.24290144,positive,0.9995915293693542,0.00040847063064575195,none,agreement,none,agreement
1668,374,0,negative,0.011957902,0.8031591,0.18488294,negative,0.0004520932270679623,0.999547906772932,conflict,conflict,conflict,conflict
1669,374,0,negative,0.014363239,0.7668356,0.21880126,negative,0.0028311884962022305,0.9971688115037978,conflict,conflict,conflict,conflict
1670,374,0,negative,0.015026912,0.7344925,0.25048056,negative,0.0022504334338009357,0.9977495665661991,conflict,conflict,conflict,conflict
1672,374,0,neutral,0.02542532,0.60186124,0.37271348,negative,0.0008714134455658495,0.9991285865544342,none,conflict,none,conflict
1673,374,0,negative,0.019680174,0.79275054,0.18756923,negative,0.00031143930391408503,0.9996885606960859,conflict,conflict,conflict,conflict
1674,374,0,positive,0.75457424,0.016472898,0.22895283,positive,0.9871597290039062,0.01284027099609375,agreement,agreement,none,agreement
1675,374,0,neutral,0.6624539,0.04559866,0.29194745,negative,0.013798583298921585,0.9862014167010784,none,conflict,none,conflict
1676,374,0,negative,0.009947141,0.8992408,0.09081218,negative,0.0011055446229875088,0.9988944553770125,conflict,conflict,conflict,conflict
1677,374,0,neutral,0.026411908,0.6850232,0.2885649,negative,0.001194286858662963,0.998805713141337,none,conflict,none,conflict
1680,374,0,neutral,0.1650554,0.22182809,0.6131165,negative,0.009475204162299633,0.9905247958377004,none,conflict,none,conflict
1681,374,0,neutral,0.05301285,0.29618064,0.65080655,negative,0.19980162382125854,0.8001983761787415,none,conflict,none,conflict
1682,374,0,neutral,0.20438874,0.43176645,0.36384484,negative,0.004883755464106798,0.9951162445358932,none,conflict,none,conflict
1683,374,0,neutral,0.16572183,0.029796196,0.804482,positive,0.9813070297241211,0.018692970275878906,none,agreement,none,agreement
1684,374,0,negative,0.006681852,0.9024386,0.0908796,negative,0.006559835281223059,0.9934401647187769,conflict,conflict,conflict,conflict
1688,375,0,positive,0.95150596,0.0063872435,0.04210676,positive,0.9997883439064026,0.0002116560935974121,agreement,agreement,none,none
1689,375,0,positive,0.7945812,0.011035875,0.1943829,positive,0.9627887606620789,0.03721123933792114,agreement,agreement,none,none
1690,375,0,neutral,0.14244497,0.4664421,0.39111295,negative,0.0636998787522316,0.9363001212477684,none,none,none,none
1691,375,0,positive,0.97390985,0.003889286,0.022200858,positive,0.8300080895423889,0.16999191045761108,agreement,agreement,none,none
1692,375,0,neutral,0.22470298,0.457914,0.31738302,neutral,0.5958362817764282,0.4041637182235718,none,none,none,none
1693,375,0,neutral,0.05240614,0.5911647,0.3564292,negative,0.005906514823436737,0.9940934851765633,none,none,none,none
1696,375,0,neutral,0.056339525,0.6195683,0.3240922,negative,0.0009856203105300665,0.9990143796894699,none,none,none,none
1697,375,0,positive,0.85867876,0.019360147,0.12196114,positive,0.9949740171432495,0.005025982856750488,agreement,agreement,none,none
1698,375,0,positive,0.8324376,0.015048949,0.15251353,positive,0.9987738728523254,0.0012261271476745605,agreement,agreement,none,none
1700,375,0,neutral,0.32612252,0.16001284,0.5138647,positive,0.9560834169387817,0.04391658306121826,none,agreement,none,none
1701,376,1,neutral,0.0577964,0.66260725,0.27959636,negative,0.0006364901782944798,0.9993635098217055,none,agreement,none,none
1702,376,1,positive,0.7862338,0.0101729855,0.20359327,positive,0.9932931661605835,0.006706833839416504,none,none,none,none
1703,376,1,negative,0.016903521,0.816503,0.16659348,negative,0.009497208520770073,0.9905027914792299,agreement,agreement,none,none
1704,376,1,neutral,0.048209026,0.4747681,0.47702286,positive,0.9857521653175354,0.0142478346824646,none,none,none,none
1705,376,1,positive,0.9602746,0.0044282353,0.03529721,positive,0.9997184872627258,0.0002815127372741699,none,none,none,none
1706,376,1,negative,0.022569038,0.71275073,0.26468018,negative,0.018285728991031647,0.9817142710089684,agreement,agreement,none,none
1707,376,1,neutral,0.090533696,0.533124,0.37634227,negative,0.004234686493873596,0.9957653135061264,none,agreement,none,none
1708,376,1,neutral,0.46226078,0.019542385,0.51819676,negative,0.0017905529821291566,0.9982094470178708,none,agreement,none,none
1709,376,1,neutral,0.19647963,0.46426678,0.33925354,negative,0.001254213391803205,0.9987457866081968,none,agreement,none,none
1710,376,1,negative,0.009718215,0.8467943,0.14348742,negative,0.0037190080620348454,0.9962809919379652,agreement,agreement,none,none
1711,376,1,neutral,0.030099655,0.512709,0.4571913,positive,0.9970101118087769,0.0029898881912231445,none,none,none,none
1713,376,1,negative,0.014405159,0.8148554,0.17073946,negative,0.05796372890472412,0.9420362710952759,agreement,agreement,none,none
1714,376,1,neutral,0.033838272,0.44380558,0.5223561,positive,0.985088050365448,0.014911949634552002,none,none,none,none
1715,376,1,negative,0.027867375,0.737195,0.23493761,positive,0.8604901432991028,0.13950985670089722,agreement,none,none,none
1716,376,1,negative,0.008363322,0.8862025,0.10543424,negative,0.0052812835201621056,0.9947187164798379,agreement,agreement,none,none
1717,376,1,neutral,0.19755428,0.15111518,0.65133053,positive,0.9906322956085205,0.009367704391479492,none,none,none,none
1718,376,1,negative,0.010251747,0.8784936,0.11125473,negative,0.000643362698610872,0.9993566373013891,agreement,agreement,none,none
1719,376,1,neutral,0.062965795,0.52180845,0.41522577,negative,0.006845249328762293,0.9931547506712377,none,agreement,none,none
1720,376,1,negative,0.0104680555,0.8532737,0.13625827,negative,0.001783590530976653,0.9982164094690233,agreement,agreement,none,none
1721,376,1,neutral,0.023888303,0.6485463,0.32756546,positive,0.8492490649223328,0.15075093507766724,none,none,none,none
1722,376,1,neutral,0.14434084,0.28230757,0.57335156,neutral,0.38344746828079224,0.6165525317192078,none,none,none,none
1723,376,1,positive,0.7351985,0.10268743,0.1621141,positive,0.9885860085487366,0.011413991451263428,none,none,none,none
1724,376,1,neutral,0.38211188,0.22006826,0.3978198,positive,0.9987025260925293,0.0012974739074707031,none,none,none,none
1725,376,1,neutral,0.14715934,0.44963953,0.40320116,positive,0.9907464981079102,0.009253501892089844,none,none,none,none
1726,376,1,negative,0.02139562,0.7023226,0.27628174,negative,0.0015894693788141012,0.9984105306211859,agreement,agreement,none,none
1727,376,1,neutral,0.054187782,0.6395513,0.3062609,negative,0.0062438505701720715,0.9937561494298279,none,agreement,none,none
1728,376,1,neutral,0.14331765,0.22701767,0.6296648,negative,0.001705024391412735,0.9982949756085873,none,agreement,none,none
1730,376,1,neutral,0.26528102,0.2511857,0.48353326,negative,0.055631186813116074,0.9443688131868839,none,agreement,none,none
1732,377,1,positive,0.72937226,0.021762934,0.24886481,negative,0.0043045226484537125,0.9956954773515463,conflict,agreement,conflict,agreement
1733,377,1,neutral,0.10186216,0.050250433,0.8478874,negative,0.009651975706219673,0.9903480242937803,none,agreement,none,none
1734,377,1,neutral,0.26862952,0.042498313,0.68887216,positive,0.9732591509819031,0.026740849018096924,none,conflict,none,conflict
1735,377,1,neutral,0.24438034,0.04036775,0.715252,positive,0.9980460405349731,0.0019539594650268555,none,conflict,none,conflict
1736,377,1,neutral,0.3325824,0.062460642,0.60495687,positive,0.9932235479354858,0.00677645206451416,none,conflict,none,conflict
1737,377,1,positive,0.7791393,0.035189565,0.18567117,negative,0.282969206571579,0.717030793428421,conflict,agreement,conflict,none
1738,377,1,positive,0.9592951,0.0050783497,0.035626482,positive,0.9996411800384521,0.00035881996154785156,conflict,conflict,conflict,conflict
1739,377,1,positive,0.9785039,0.0041317716,0.017364321,positive,0.9993392825126648,0.0006607174873352051,conflict,conflict,conflict,conflict
1740,377,1,neutral,0.21656166,0.018797431,0.7646409,positive,0.9895433187484741,0.010456681251525879,none,conflict,none,conflict
1741,377,1,neutral,0.047230702,0.28878328,0.6639861,negative,0.023826653137803078,0.9761733468621969,none,agreement,none,agreement
1742,377,1,positive,0.9819719,0.00305214,0.014975954,positive,0.9997414946556091,0.00025850534439086914,conflict,conflict,conflict,conflict
1743,377,1,neutral,0.07356948,0.10687702,0.8195536,positive,0.9908259510993958,0.009174048900604248,none,conflict,none,conflict
1745,377,1,neutral,0.55146813,0.02370217,0.42482972,positive,0.980599582195282,0.019400417804718018,none,conflict,none,conflict
1746,377,1,neutral,0.6702994,0.07174781,0.25795275,neutral,0.6716957688331604,0.3283042311668396,none,none,none,none
1747,377,1,positive,0.96170044,0.004192428,0.034107193,positive,0.9996805191040039,0.00031948089599609375,conflict,conflict,conflict,conflict
1748,377,1,neutral,0.4865108,0.051974412,0.46151483,negative,0.05151679366827011,0.9484832063317299,none,agreement,none,agreement
1749,377,1,negative,0.0129161915,0.82726717,0.1598167,negative,0.0031536719761788845,0.9968463280238211,agreement,agreement,agreement,none
1750,377,1,neutral,0.08142877,0.086828016,0.83174324,negative,0.009402510710060596,0.9905974892899394,none,agreement,none,agreement
1751,377,1,neutral,0.07106658,0.29330337,0.6356301,negative,0.12667477130889893,0.8733252286911011,none,agreement,none,none
1752,377,1,neutral,0.03092986,0.5545608,0.41450936,negative,0.027204805985093117,0.9727951940149069,none,agreement,none,none
1753,377,1,neutral,0.10301827,0.2598544,0.63712734,negative,0.01149066910147667,0.9885093308985233,none,agreement,none,agreement
1754,377,1,positive,0.97811264,0.004870667,0.017016673,positive,0.9997487664222717,0.0002512335777282715,conflict,conflict,conflict,conflict
1755,377,1,neutral,0.11452262,0.15878242,0.72669494,negative,0.004705499857664108,0.9952945001423359,none,agreement,none,agreement
1756,377,1,neutral,0.10045341,0.13195881,0.76758784,negative,0.02116258069872856,0.9788374193012714,none,agreement,none,agreement
1757,377,1,negative,0.00686726,0.91008615,0.0830466,negative,0.007110250648111105,0.9928897493518889,agreement,agreement,none,none
1758,377,1,negative,0.005545701,0.9451728,0.049281474,negative,0.0035177406389266253,0.9964822593610734,agreement,agreement,agreement,agreement
1759,377,1,negative,0.014405476,0.8813411,0.104253456,negative,0.0007423005881719291,0.9992576994118281,agreement,agreement,agreement,none
1760,377,1,neutral,0.25840816,0.11399225,0.62759954,negative,0.0049025858752429485,0.995097414124757,none,agreement,none,agreement
1761,377,1,negative,0.020667601,0.7278834,0.251449,negative,0.0013151704333722591,0.9986848295666277,agreement,agreement,agreement,agreement
1762,377,1,neutral,0.08569483,0.326235,0.58807015,negative,0.03440908342599869,0.9655909165740013,none,agreement,none,agreement
1763,377,1,positive,0.89132,0.0217169,0.08696313,positive,0.9996930360794067,0.0003069639205932617,conflict,conflict,conflict,conflict
1764,377,1,neutral,0.07242395,0.24603868,0.68153745,negative,0.016093049198389053,0.983906950801611,none,agreement,none,none
1766,377,1,positive,0.97723436,0.0040362407,0.018729368,positive,0.9997746348381042,0.00022536516189575195,conflict,conflict,conflict,conflict
1768,378,0,positive,0.95876914,0.0120606655,0.029170165,positive,0.9997401833534241,0.00025981664657592773,agreement,agreement,none,none
1769,378,0,positive,0.7233231,0.077796675,0.19888018,positive,0.9968274235725403,0.003172576427459717,agreement,agreement,none,none
1770,378,0,neutral,0.30127752,0.16170716,0.5370153,negative,0.000570013013202697,0.9994299869867973,none,conflict,none,conflict
1771,378,0,positive,0.8923256,0.015807461,0.09186693,positive,0.9982008934020996,0.0017991065979003906,agreement,agreement,none,none
1772,378,0,neutral,0.6019797,0.068770334,0.32925004,negative,0.009948811493813992,0.990051188506186,none,conflict,none,conflict
1773,378,0,positive,0.9486207,0.006070344,0.045308996,positive,0.9995576739311218,0.00044232606887817383,agreement,agreement,agreement,agreement
1775,378,0,positive,0.8719311,0.018356077,0.10971291,positive,0.9994327425956726,0.0005672574043273926,agreement,agreement,none,none
1776,378,0,neutral,0.29340455,0.22280346,0.483792,positive,0.9766992330551147,0.023300766944885254,none,agreement,none,agreement
1777,378,0,negative,0.006940789,0.92238945,0.070669696,negative,0.0008348428527824581,0.9991651571472175,conflict,conflict,conflict,conflict
1778,378,0,neutral,0.021509107,0.69111776,0.28737313,negative,0.0004675762611441314,0.9995324237388559,none,conflict,none,conflict
1779,378,0,neutral,0.35175136,0.300838,0.34741065,negative,0.010322608053684235,0.9896773919463158,none,conflict,none,conflict
1780,378,0,neutral,0.6485877,0.13499609,0.21641612,positive,0.9986408352851868,0.0013591647148132324,none,agreement,none,agreement
1781,378,0,neutral,0.67034966,0.10068457,0.22896576,positive,0.9990890026092529,0.0009109973907470703,none,agreement,none,none
1782,378,0,positive,0.9764553,0.0058694407,0.017675318,positive,0.9966195821762085,0.003380417823791504,agreement,agreement,none,agreement
1783,378,0,neutral,0.09011826,0.51656264,0.39331916,positive,0.9875200986862183,0.012479901313781738,none,agreement,none,none
1784,378,0,neutral,0.4619301,0.050893456,0.48717648,negative,0.004009030759334564,0.9959909692406654,none,conflict,none,conflict
1785,378,0,neutral,0.66767186,0.060675796,0.27165234,positive,0.9537783265113831,0.04622167348861694,none,agreement,none,none
1786,378,0,positive,0.81043994,0.023421012,0.16613904,positive,0.9972442388534546,0.00275576114654541,agreement,agreement,none,none
1787,378,0,neutral,0.076080285,0.4639724,0.45994726,positive,0.9953688383102417,0.004631161689758301,none,agreement,none,agreement
1788,378,0,positive,0.7600274,0.012601877,0.22737068,positive,0.9978882670402527,0.0021117329597473145,agreement,agreement,none,none
1791,379,0,positive,0.8640695,0.008693603,0.12723693,positive,0.9987949132919312,0.0012050867080688477,agreement,agreement,none,none
1792,379,0,positive,0.8314552,0.021027772,0.14751704,positive,0.9803115129470825,0.01968848705291748,agreement,agreement,none,none
1793,379,0,neutral,0.33765247,0.024861129,0.6374864,positive,0.9911177754402161,0.008882224559783936,none,agreement,none,none
1794,379,0,neutral,0.3743116,0.069236524,0.55645186,positive,0.999032735824585,0.0009672641754150391,none,agreement,none,none
1795,379,0,positive,0.92654747,0.0020262618,0.07142619,positive,0.9986336827278137,0.0013663172721862793,agreement,agreement,none,none
1796,379,0,neutral,0.2286138,0.020659044,0.7507272,positive,0.9976213574409485,0.0023786425590515137,none,agreement,none,none
1797,379,0,neutral,0.5678394,0.016878853,0.4152817,negative,0.060239389538764954,0.939760610461235,none,conflict,none,conflict
1798,379,0,positive,0.96770924,0.0034236168,0.028867118,positive,0.9997606873512268,0.00023931264877319336,agreement,agreement,none,agreement
1799,379,0,neutral,0.14192958,0.12765527,0.7304151,negative,0.019641868770122528,0.9803581312298775,none,conflict,none,conflict
1800,379,0,neutral,0.44666785,0.015816743,0.53751546,positive,0.9987198114395142,0.0012801885604858398,none,agreement,none,agreement
1801,379,0,neutral,0.32919243,0.31318158,0.357626,negative,0.0018913199892267585,0.9981086800107732,none,conflict,none,conflict
1802,379,0,neutral,0.041342556,0.47748268,0.48117474,negative,0.021452410146594048,0.978547589853406,none,conflict,none,conflict
1803,379,0,negative,0.01577991,0.7761791,0.20804112,negative,0.01573372818529606,0.9842662718147039,conflict,conflict,conflict,conflict
1804,379,0,neutral,0.01829148,0.69245094,0.28925756,negative,0.0009863621089607477,0.9990136378910393,none,conflict,none,conflict
1805,379,0,neutral,0.038862787,0.6129424,0.34819487,positive,0.9744893312454224,0.025510668754577637,none,agreement,none,none
1806,379,0,positive,0.8619406,0.0087032365,0.12935618,positive,0.9884077906608582,0.011592209339141846,agreement,agreement,none,none
1807,379,0,positive,0.7268716,0.047589432,0.22553897,negative,0.03154832124710083,0.9684516787528992,agreement,conflict,none,conflict
1808,379,0,positive,0.9799129,0.0041952115,0.01589188,positive,0.9996517896652222,0.00034821033477783203,agreement,agreement,none,agreement
1809,379,0,positive,0.89344865,0.029771825,0.07677951,positive,0.9985080361366272,0.0014919638633728027,agreement,agreement,none,agreement
1810,379,0,positive,0.92877537,0.02016781,0.05105682,positive,0.9736382365226746,0.02636176347732544,agreement,agreement,agreement,agreement
1811,379,0,negative,0.015857715,0.7894753,0.19466697,negative,0.026860078796744347,0.9731399212032557,conflict,conflict,conflict,conflict
1812,379,0,neutral,0.062188495,0.3688964,0.5689151,negative,0.00946253351867199,0.990537466481328,none,conflict,none,conflict
1813,379,0,neutral,0.046063073,0.5272821,0.42665485,negative,0.0035556768998503685,0.9964443231001496,none,conflict,none,conflict
1814,379,0,neutral,0.30681643,0.2207898,0.47239378,negative,0.003661115886643529,0.9963388841133565,none,conflict,none,conflict
1815,379,0,negative,0.012293319,0.73949176,0.24821499,negative,0.00023609146592207253,0.9997639085340779,conflict,conflict,conflict,conflict
1816,379,0,positive,0.9715029,0.004839712,0.02365738,positive,0.999273955821991,0.0007260441780090332,agreement,agreement,agreement,agreement
1817,379,0,positive,0.95657533,0.010132594,0.033292063,positive,0.99972003698349,0.00027996301651000977,agreement,agreement,none,agreement
1818,379,0,positive,0.8233372,0.0046311324,0.17203169,positive,0.9994893074035645,0.0005106925964355469,agreement,agreement,agreement,agreement
1820,380,0,positive,0.79196477,0.026654735,0.18138048,positive,0.9902468919754028,0.009753108024597168,agreement,agreement,none,none
1821,380,0,neutral,0.22266811,0.31934062,0.4579913,negative,0.0017435603076592088,0.9982564396923408,none,none,none,none
1822,380,0,positive,0.91524386,0.013315722,0.07144041,positive,0.9985966086387634,0.0014033913612365723,agreement,agreement,none,none
1823,380,0,neutral,0.22084649,0.34755367,0.4315998,positive,0.9842533469200134,0.015746653079986572,none,agreement,none,none
1824,380,0,neutral,0.10646712,0.18895371,0.7045792,positive,0.9919609427452087,0.00803905725479126,none,agreement,none,none
1825,380,0,positive,0.76116145,0.020634333,0.2182042,positive,0.9995999932289124,0.0004000067710876465,agreement,agreement,none,none
1826,380,0,positive,0.7689013,0.010017237,0.22108145,positive,0.7231912612915039,0.2768087387084961,agreement,agreement,none,none
1827,380,0,neutral,0.14256318,0.09240095,0.7650359,negative,0.06732367724180222,0.9326763227581978,none,none,none,none
1828,380,0,neutral,0.16674605,0.22938138,0.6038726,negative,0.002179029630497098,0.9978209703695029,none,none,none,none
1829,380,0,neutral,0.56949836,0.035532456,0.39496917,positive,0.9994514584541321,0.0005485415458679199,none,agreement,none,none
1830,380,0,neutral,0.575618,0.034009304,0.39037263,positive,0.9959217309951782,0.004078269004821777,none,agreement,none,none
1831,380,0,positive,0.81444407,0.023425909,0.16212994,negative,0.030198244377970695,0.9698017556220293,agreement,none,none,none
1832,380,0,neutral,0.2054559,0.19843152,0.59611267,neutral,0.4824162423610687,0.5175837576389313,none,none,none,none
1833,380,0,neutral,0.13773513,0.19080104,0.67146385,positive,0.9988943934440613,0.0011056065559387207,none,agreement,none,none
1834,380,0,neutral,0.07840718,0.3134934,0.6080994,negative,0.011280997656285763,0.9887190023437142,none,none,none,none
1835,380,0,neutral,0.34248617,0.034209784,0.62330407,negative,0.018019158393144608,0.9819808416068554,none,none,none,none
1836,380,0,neutral,0.53404707,0.09013173,0.37582123,negative,0.00920168124139309,0.9907983187586069,none,none,none,none
1837,380,0,neutral,0.5141645,0.16967279,0.31616277,negative,0.024134812876582146,0.9758651871234179,none,none,none,none
1839,380,0,neutral,0.2790226,0.3286559,0.3923215,positive,0.9994310736656189,0.0005689263343811035,none,agreement,none,none
1840,380,0,neutral,0.11467361,0.06523448,0.820092,positive,0.8169951438903809,0.18300485610961914,none,agreement,none,none
1841,380,0,neutral,0.33988035,0.030630428,0.62948924,positive,0.9724439978599548,0.027556002140045166,none,agreement,none,none
1842,380,0,neutral,0.21156375,0.23096006,0.55747616,negative,0.011244609020650387,0.9887553909793496,none,none,none,none
1843,380,0,neutral,0.07937084,0.1081349,0.8124943,negative,0.010125669650733471,0.9898743303492665,none,none,none,none
1844,380,0,neutral,0.029623527,0.43573555,0.53464097,negative,0.0008997592958621681,0.9991002407041378,none,none,none,none
1845,380,0,neutral,0.044707768,0.52440447,0.43088782,negative,0.26611366868019104,0.733886331319809,none,none,none,none
1846,380,0,negative,0.017730827,0.76919264,0.2130765,positive,0.9820556044578552,0.017944395542144775,none,agreement,none,none
1847,380,0,neutral,0.019912375,0.5589251,0.42116252,negative,0.005699856206774712,0.9943001437932253,none,none,none,none
1849,380,0,neutral,0.02327318,0.52743685,0.44929,negative,0.005533408839255571,0.9944665911607444,none,none,none,none
1850,380,0,neutral,0.031472363,0.5147028,0.45382485,negative,0.0011443186085671186,0.9988556813914329,none,none,none,none
1851,380,0,neutral,0.18582594,0.10225587,0.7119182,negative,0.006224246695637703,0.9937757533043623,none,none,none,none
1852,380,0,negative,0.007957651,0.8432084,0.14883395,negative,0.21056842803955078,0.7894315719604492,none,none,none,none
1854,380,0,neutral,0.4477939,0.018020967,0.5341852,negative,0.0114236855879426,0.9885763144120574,none,none,none,none
1855,380,0,neutral,0.05524452,0.35140857,0.5933469,negative,0.07874485105276108,0.9212551489472389,none,none,none,none
1856,380,0,neutral,0.277828,0.19689238,0.52527964,negative,0.005141688510775566,0.9948583114892244,none,none,none,none
1857,380,0,neutral,0.3271799,0.056633946,0.61618614,negative,0.0017335106385871768,0.9982664893614128,none,none,none,none
1858,380,0,neutral,0.061437543,0.17477135,0.7637911,negative,0.01941392384469509,0.9805860761553049,none,none,none,none
1859,380,0,neutral,0.049602237,0.4403537,0.510044,negative,0.07229507714509964,0.9277049228549004,none,none,none,none
1860,380,0,neutral,0.10256182,0.492597,0.40484113,negative,0.01124567911028862,0.9887543208897114,none,none,none,none
1861,380,0,neutral,0.12159501,0.17056443,0.7078406,positive,0.9263088703155518,0.07369112968444824,none,agreement,none,none
1862,380,0,positive,0.9688183,0.0046456885,0.026536085,positive,0.9998226761817932,0.0001773238182067871,agreement,agreement,none,none
1863,380,0,neutral,0.07939657,0.4744518,0.44615158,negative,0.0033585282508283854,0.9966414717491716,none,none,none,none
1864,380,0,positive,0.9068687,0.006640316,0.08649097,positive,0.99943608045578,0.0005639195442199707,agreement,agreement,none,none
1865,380,0,neutral,0.1981616,0.22822165,0.57361674,positive,0.9686238765716553,0.03137612342834473,none,agreement,none,none
1866,380,0,negative,0.020557297,0.7312325,0.24821019,negative,0.2337474375963211,0.7662525624036789,none,none,none,none
1867,380,0,negative,0.012592848,0.78080344,0.20660368,negative,0.0038159999530762434,0.9961840000469238,none,none,none,none
1868,380,0,negative,0.018541584,0.72746885,0.25398952,negative,0.010861258953809738,0.9891387410461903,none,none,none,none
1869,380,0,neutral,0.6776417,0.08040876,0.2419495,negative,0.009641967713832855,0.9903580322861671,none,none,none,none
1870,380,0,positive,0.70000046,0.010480443,0.28951907,negative,0.007066762540489435,0.9929332374595106,agreement,none,none,none
1871,380,0,neutral,0.08351151,0.28486505,0.6316234,negative,0.01611417345702648,0.9838858265429735,none,none,none,none
1873,381,1,neutral,0.21473867,0.5539248,0.23133658,positive,0.9995774626731873,0.00042253732681274414,none,conflict,none,conflict
1874,381,1,neutral,0.4682636,0.24640016,0.28533626,positive,0.9953990578651428,0.004600942134857178,none,conflict,none,conflict
1875,381,1,neutral,0.2484388,0.24440153,0.5071597,positive,0.9997767806053162,0.0002232193946838379,none,conflict,none,conflict
1876,381,1,neutral,0.24164839,0.37117225,0.38717937,positive,0.7109880447387695,0.28901195526123047,none,conflict,none,conflict
1878,381,1,neutral,0.027477425,0.4938843,0.4786383,negative,0.016680050641298294,0.9833199493587017,none,agreement,none,none
1879,381,1,negative,0.009496677,0.8205548,0.16994861,negative,0.002396809635683894,0.9976031903643161,agreement,agreement,agreement,none
1880,381,1,neutral,0.033688437,0.48843983,0.47787175,negative,0.008879752829670906,0.9911202471703291,none,agreement,none,agreement
1881,381,1,positive,0.91617405,0.008494665,0.07533127,neutral,0.5353397727012634,0.4646602272987366,conflict,none,conflict,none
1882,381,1,negative,0.019934563,0.7024737,0.2775917,negative,0.03987330198287964,0.9601266980171204,agreement,agreement,agreement,agreement
1883,381,1,neutral,0.18592732,0.24398918,0.5700835,negative,0.005767091177403927,0.9942329088225961,none,agreement,none,none
1886,381,1,negative,0.006944493,0.9147301,0.078325406,negative,0.00040298010571859777,0.9995970198942814,agreement,agreement,none,none
1887,381,1,negative,0.02807519,0.701284,0.2706409,negative,0.00032244971953332424,0.9996775502804667,agreement,agreement,agreement,agreement
1888,381,1,negative,0.010491895,0.7794421,0.21006607,neutral,0.38106968998908997,0.61893031001091,agreement,none,none,none
1889,381,1,neutral,0.48648575,0.056950048,0.45656416,negative,0.02780301682651043,0.9721969831734896,none,agreement,none,agreement
1890,381,1,negative,0.020210065,0.7164923,0.26329765,negative,0.002573954639956355,0.9974260453600436,agreement,agreement,none,none
1891,381,1,neutral,0.03641883,0.5447327,0.41884845,negative,0.0028136628679931164,0.9971863371320069,none,agreement,none,agreement
1892,381,1,negative,0.022587413,0.7394501,0.23796253,negative,0.0007901276112534106,0.9992098723887466,agreement,agreement,agreement,agreement
1893,381,1,neutral,0.25684533,0.32319617,0.41995853,positive,0.9532007575035095,0.04679924249649048,none,conflict,none,conflict
1894,381,1,positive,0.9788164,0.0052273083,0.015956353,positive,0.9998809099197388,0.00011909008026123047,conflict,conflict,conflict,conflict
1895,381,1,positive,0.923199,0.007923107,0.06887794,positive,0.9986044764518738,0.0013955235481262207,conflict,conflict,conflict,conflict
1896,381,1,positive,0.9553989,0.0041152723,0.04048579,positive,0.9996572732925415,0.0003427267074584961,conflict,conflict,conflict,conflict
1897,381,1,positive,0.9844482,0.002884006,0.012667851,positive,0.9995101690292358,0.0004898309707641602,conflict,conflict,conflict,conflict
1898,381,1,positive,0.92556995,0.014958919,0.059471164,positive,0.9936820268630981,0.0063179731369018555,conflict,conflict,conflict,conflict
1899,381,1,neutral,0.66525126,0.022196002,0.3125527,positive,0.9996004700660706,0.00039952993392944336,none,conflict,none,conflict
1900,381,1,positive,0.8338419,0.00989626,0.15626186,positive,0.9959805011749268,0.004019498825073242,conflict,conflict,conflict,conflict
1901,381,1,positive,0.8155472,0.020010017,0.16444272,positive,0.8956513404846191,0.10434865951538086,conflict,conflict,conflict,conflict
1903,381,1,negative,0.015113457,0.80418146,0.18070513,negative,0.0066303969360888,0.9933696030639112,agreement,agreement,none,none
1905,381,1,positive,0.9864109,0.0029101938,0.01067886,positive,0.9997681975364685,0.00023180246353149414,conflict,conflict,conflict,conflict
1906,381,1,negative,0.030650705,0.76482654,0.20452273,negative,0.00326902000233531,0.9967309799976647,agreement,agreement,none,none
1909,382,0,neutral,0.64306796,0.037704628,0.31922737,positive,0.9984294772148132,0.0015705227851867676,none,agreement,none,none
1910,382,0,positive,0.9224302,0.0054730205,0.072096825,positive,0.9874839186668396,0.0125160813331604,agreement,agreement,none,agreement
1911,382,0,neutral,0.14850688,0.36450404,0.48698914,positive,0.9952144622802734,0.0047855377197265625,none,agreement,none,none
1912,382,0,neutral,0.6793012,0.020980297,0.2997184,positive,0.9995805621147156,0.00041943788528442383,none,agreement,none,none
1913,382,0,neutral,0.68568707,0.036496405,0.27781647,negative,0.004019554238766432,0.9959804457612336,none,conflict,none,conflict
1914,382,0,neutral,0.58448195,0.040832844,0.3746852,positive,0.997940719127655,0.0020592808723449707,none,agreement,none,none
1915,382,0,neutral,0.50012404,0.0722735,0.42760253,negative,0.0033007576130330563,0.9966992423869669,none,conflict,none,conflict
1916,382,0,positive,0.8318037,0.049129203,0.11906706,negative,0.21858413517475128,0.7814158648252487,agreement,conflict,agreement,conflict
1917,382,0,neutral,0.10081237,0.5254245,0.3737632,positive,0.8801279067993164,0.1198720932006836,none,agreement,none,none
1918,382,0,positive,0.8778062,0.020447183,0.101746656,positive,0.9944508075714111,0.005549192428588867,agreement,agreement,none,none
1919,382,0,neutral,0.08308989,0.46014252,0.45676756,negative,0.0031932087149471045,0.9968067912850529,none,conflict,none,conflict
1920,382,0,positive,0.7379659,0.0868285,0.17520562,positive,0.9873546957969666,0.012645304203033447,agreement,agreement,none,agreement
1921,382,0,positive,0.8024513,0.016372792,0.18117581,positive,0.9959343671798706,0.0040656328201293945,agreement,agreement,none,none
1923,382,0,neutral,0.6952175,0.03023724,0.27454525,positive,0.7078194618225098,0.29218053817749023,none,agreement,none,agreement
1924,382,0,negative,0.02577981,0.7147445,0.25947568,negative,0.009505042806267738,0.9904949571937323,conflict,conflict,conflict,conflict
1925,382,0,positive,0.9648842,0.004173138,0.030942647,positive,0.9990702271461487,0.0009297728538513184,agreement,agreement,none,none
1926,382,0,positive,0.9436276,0.0066141407,0.049758244,positive,0.999742329120636,0.00025767087936401367,agreement,agreement,none,none
1928,382,0,neutral,0.027250966,0.6999509,0.27279818,positive,0.9353448152542114,0.06465518474578857,none,agreement,none,none
1930,383,0,positive,0.95174253,0.009473053,0.038784493,positive,0.9997959733009338,0.0002040266990661621,agreement,agreement,none,none
1931,383,0,neutral,0.17585026,0.14824289,0.67590696,positive,0.9987456798553467,0.0012543201446533203,none,agreement,none,none
1932,383,0,neutral,0.43093878,0.035522167,0.53353906,positive,0.9950194358825684,0.004980564117431641,none,agreement,none,none
1933,383,0,negative,0.01476092,0.8354528,0.14978632,negative,0.0010790105443447828,0.9989209894556552,none,none,none,none
1934,383,0,positive,0.8886091,0.014408845,0.096982054,positive,0.9977154731750488,0.002284526824951172,agreement,agreement,none,none
1935,383,0,neutral,0.5115319,0.054573104,0.43389508,positive,0.9957349300384521,0.0042650699615478516,none,agreement,none,none
1936,383,0,positive,0.7385697,0.052828215,0.20860204,positive,0.9905486702919006,0.009451329708099365,agreement,agreement,none,none
1937,383,0,neutral,0.41597196,0.067712724,0.51631534,positive,0.9903186559677124,0.009681344032287598,none,agreement,none,none
1938,383,0,neutral,0.13920635,0.21457021,0.6462234,negative,0.006598280277103186,0.9934017197228968,none,none,none,none
1939,383,0,negative,0.036895536,0.7254939,0.23761058,negative,0.00675719091668725,0.9932428090833127,none,none,none,none
1941,383,0,positive,0.801281,0.007635303,0.19108376,positive,0.9810510873794556,0.018948912620544434,agreement,agreement,none,none
1942,383,0,positive,0.8590863,0.015061006,0.12585276,positive,0.9730322957038879,0.02696770429611206,agreement,agreement,none,none
1943,383,0,neutral,0.029463021,0.67898095,0.29155606,negative,0.0028635619673877954,0.9971364380326122,none,none,none,none
1944,383,0,neutral,0.516214,0.05719878,0.4265872,positive,0.9909191131591797,0.009080886840820312,none,agreement,none,none
1945,383,0,neutral,0.023474561,0.6479211,0.32860437,negative,0.031461190432310104,0.9685388095676899,none,none,none,none
1946,383,0,negative,0.018841105,0.72696555,0.25419343,negative,0.0007821315084584057,0.9992178684915416,none,none,none,none
1947,383,0,neutral,0.031112105,0.6193122,0.34957564,negative,0.002969834953546524,0.9970301650464535,none,none,none,none
1948,383,0,neutral,0.19230749,0.03972271,0.7679698,negative,0.03549475967884064,0.9645052403211594,none,none,none,none
1949,383,0,neutral,0.07329889,0.34140712,0.58529407,negative,0.0018101766472682357,0.9981898233527318,none,none,none,none
1950,383,0,neutral,0.22375774,0.06321296,0.7130293,negative,0.03533562645316124,0.9646643735468388,none,none,none,none
1951,383,0,neutral,0.3326505,0.11361111,0.55373836,negative,0.2711949050426483,0.7288050949573517,none,none,none,none
1952,383,0,negative,0.030058095,0.74326813,0.22667381,positive,0.9440666437149048,0.055933356285095215,none,agreement,none,none
1953,383,0,neutral,0.3332038,0.24906635,0.41772982,positive,0.9874655604362488,0.01253443956375122,none,agreement,none,none
1954,383,0,positive,0.90102434,0.030190868,0.068784796,positive,0.9995446801185608,0.000455319881439209,agreement,agreement,none,none
1955,383,0,neutral,0.18218216,0.049874645,0.76794326,negative,0.2205822765827179,0.7794177234172821,none,none,none,none
1956,383,0,positive,0.78556645,0.02146904,0.1929645,positive,0.9903458952903748,0.009654104709625244,agreement,agreement,none,none
1957,383,0,neutral,0.543522,0.0058140866,0.4506639,positive,0.9990693926811218,0.0009306073188781738,none,agreement,none,none
1959,383,0,neutral,0.2342657,0.23106827,0.534666,positive,0.9923956394195557,0.007604360580444336,none,agreement,none,none
1960,383,0,positive,0.9665462,0.0033178132,0.030135974,positive,0.9996534585952759,0.0003465414047241211,agreement,agreement,none,none
1961,383,0,neutral,0.6149121,0.085907206,0.2991807,negative,0.05006087198853493,0.9499391280114651,none,none,none,none
1962,383,0,positive,0.8684365,0.009617759,0.121945694,positive,0.9997358918190002,0.00026410818099975586,agreement,agreement,none,none
1964,384,1,positive,0.8251543,0.014857268,0.15998839,positive,0.9982184767723083,0.0017815232276916504,conflict,conflict,conflict,conflict
1965,384,1,positive,0.9069795,0.0044587418,0.08856179,positive,0.999483585357666,0.0005164146423339844,conflict,conflict,conflict,conflict
1966,384,1,positive,0.9733776,0.003933065,0.02268932,positive,0.9997331500053406,0.00026684999465942383,conflict,conflict,conflict,conflict
1967,384,1,neutral,0.13842297,0.28804228,0.5735347,positive,0.9993767142295837,0.0006232857704162598,none,conflict,none,conflict
1968,384,1,neutral,0.03547635,0.42040977,0.54411393,negative,0.0053216698579490185,0.994678330142051,none,agreement,none,agreement
1969,384,1,neutral,0.111146614,0.21969798,0.66915536,negative,0.011178632266819477,0.9888213677331805,none,agreement,none,none
1970,384,1,neutral,0.17275248,0.1775032,0.64974433,negative,0.025619687512516975,0.974380312487483,none,agreement,none,none
1972,384,1,neutral,0.021483479,0.524352,0.45416445,negative,0.009142930619418621,0.9908570693805814,none,agreement,none,agreement
1973,384,1,neutral,0.018687151,0.544881,0.43643194,negative,0.0004944580141454935,0.9995055419858545,none,agreement,none,none
1974,384,1,negative,0.0114965,0.8238768,0.16462667,negative,0.002843981608748436,0.9971560183912516,agreement,agreement,agreement,none
1975,384,1,neutral,0.055401683,0.381857,0.56274134,negative,0.0011004075640812516,0.9988995924359187,none,agreement,none,none
1976,384,1,neutral,0.06917275,0.6905338,0.2402935,negative,0.002959260018542409,0.9970407399814576,none,agreement,none,none
1977,384,1,neutral,0.2341031,0.1633152,0.60258174,negative,0.0005023012636229396,0.9994976987363771,none,agreement,none,agreement
1978,384,1,negative,0.008476546,0.8233034,0.16822001,neutral,0.5389961004257202,0.4610038995742798,agreement,none,agreement,none
1979,384,1,negative,0.023152456,0.77000105,0.20684655,negative,0.0030878153629601,0.9969121846370399,agreement,agreement,none,none
1980,384,1,neutral,0.21327184,0.2591683,0.5275598,negative,0.004122072830796242,0.9958779271692038,none,agreement,none,none
1981,384,1,neutral,0.22517473,0.013223109,0.7616021,negative,0.005617623217403889,0.9943823767825961,none,agreement,none,agreement
1983,384,1,neutral,0.14599426,0.047242664,0.806763,positive,0.8001686334609985,0.19983136653900146,none,conflict,none,conflict
1984,384,1,positive,0.8475788,0.026079617,0.1263415,negative,0.0065774875693023205,0.9934225124306977,conflict,agreement,conflict,none
1985,384,1,positive,0.8322006,0.032751895,0.13504747,negative,0.003711432684212923,0.9962885673157871,conflict,agreement,conflict,none
1988,385,0,positive,0.9488328,0.008751996,0.042415228,positive,0.9995642304420471,0.00043576955795288086,agreement,agreement,none,none
1989,385,0,negative,0.009485511,0.87833965,0.11217485,negative,0.001195981283672154,0.9988040187163278,none,none,none,none
1990,385,0,neutral,0.042236287,0.47277164,0.48499212,negative,0.002266645897179842,0.9977333541028202,none,none,none,none
1994,386,0,neutral,0.09713185,0.4462942,0.45657402,negative,0.06912728399038315,0.9308727160096169,none,none,none,none
1995,386,0,negative,0.026730966,0.79656035,0.17670864,negative,0.23273691534996033,0.7672630846500397,none,none,none,none
1996,386,0,neutral,0.6271286,0.07235891,0.30051243,positive,0.9748657941818237,0.02513420581817627,none,agreement,none,none
1997,386,0,neutral,0.5232697,0.012469479,0.4642608,neutral,0.3540714681148529,0.6459285318851471,none,none,none,none
1998,386,0,neutral,0.104427114,0.18751113,0.7080618,negative,0.0016185750719159842,0.998381424928084,none,none,none,none
1999,386,0,neutral,0.3291231,0.10299625,0.56788063,positive,0.9105784893035889,0.08942151069641113,none,agreement,none,none
2000,386,0,neutral,0.26796037,0.06996751,0.6620721,positive,0.9909061193466187,0.009093880653381348,none,agreement,none,none
2001,386,0,positive,0.9546686,0.006091737,0.03923968,positive,0.9974855184555054,0.002514481544494629,agreement,agreement,none,none
2002,386,0,neutral,0.63289416,0.11604625,0.25105965,negative,0.11347109824419022,0.8865289017558098,none,none,none,none
2003,386,0,neutral,0.036623165,0.5950972,0.36827964,negative,0.0013844654895365238,0.9986155345104635,none,none,none,none
2004,386,0,neutral,0.19276161,0.24386111,0.56337726,neutral,0.42630085349082947,0.5736991465091705,none,none,none,none
2005,386,0,neutral,0.17377979,0.38740668,0.4388135,positive,0.9838723540306091,0.01612764596939087,none,agreement,none,none
2006,386,0,neutral,0.11633052,0.18293113,0.7007384,positive,0.9876089096069336,0.012391090393066406,none,agreement,none,none
2007,386,0,neutral,0.6044703,0.04183922,0.35369045,positive,0.9997368454933167,0.0002631545066833496,none,agreement,none,none
2008,386,0,neutral,0.5037835,0.06937005,0.42684647,negative,0.005153881851583719,0.9948461181484163,none,none,none,none
2009,386,0,neutral,0.08784612,0.16308825,0.74906564,negative,0.008794184774160385,0.9912058152258396,none,none,none,none
2010,386,0,neutral,0.022881098,0.54978853,0.42733037,negative,0.007652899716049433,0.9923471002839506,none,none,none,none
2011,386,0,negative,0.008722636,0.8872106,0.10406681,negative,0.0011768920812755823,0.9988231079187244,none,none,none,none
2012,386,0,neutral,0.040397875,0.6473014,0.31230077,positive,0.9838328957557678,0.016167104244232178,none,agreement,none,none
2013,386,0,positive,0.94041806,0.010470791,0.049111165,positive,0.9985442161560059,0.0014557838439941406,agreement,agreement,none,none
2015,386,0,neutral,0.6748448,0.033485938,0.29166928,positive,0.9993844032287598,0.0006155967712402344,none,agreement,none,none
2016,386,0,neutral,0.24627616,0.2743623,0.47936156,negative,0.04724202677607536,0.9527579732239246,none,none,none,none
2017,386,0,neutral,0.5198769,0.04823364,0.43188938,positive,0.9754279255867004,0.02457207441329956,none,agreement,none,none
2018,386,0,positive,0.91898346,0.0078123794,0.07320419,positive,0.9996402263641357,0.0003597736358642578,agreement,agreement,none,none
2019,386,0,positive,0.73848915,0.08960148,0.1719094,positive,0.9978460073471069,0.0021539926528930664,agreement,agreement,none,none
2020,386,0,neutral,0.19053353,0.0626956,0.7467708,positive,0.9965804219245911,0.0034195780754089355,none,agreement,none,none
2021,386,0,positive,0.9755308,0.006537201,0.017931955,positive,0.9997135996818542,0.00028640031814575195,agreement,agreement,none,none
2022,386,0,neutral,0.6397751,0.008993608,0.35123128,positive,0.9996132254600525,0.00038677453994750977,none,agreement,none,none
2023,386,0,positive,0.8965974,0.007908686,0.09549398,positive,0.9982237219810486,0.001776278018951416,agreement,agreement,none,none
2024,386,0,positive,0.8972777,0.01212102,0.09060124,neutral,0.3874073028564453,0.6125926971435547,agreement,none,none,none
2027,387,0,neutral,0.051408906,0.37270212,0.57588893,negative,0.0007532322779297829,0.9992467677220702,none,conflict,none,conflict
2028,387,0,neutral,0.12524158,0.21950926,0.6552492,positive,0.9996738433837891,0.0003261566162109375,none,agreement,none,none
2031,387,0,negative,0.006521186,0.828468,0.16501077,negative,0.002122490433976054,0.997877509566024,conflict,conflict,conflict,conflict
2032,387,0,positive,0.8891125,0.012567897,0.098319694,positive,0.9998502731323242,0.00014972686767578125,agreement,agreement,none,none
2033,387,0,neutral,0.4226097,0.0069762734,0.57041407,positive,0.9980030655860901,0.001996934413909912,none,agreement,none,none
2034,387,0,positive,0.97024417,0.002508379,0.027247448,positive,0.9986816048622131,0.0013183951377868652,agreement,agreement,none,agreement
2035,387,0,positive,0.74226993,0.03493762,0.22279237,positive,0.9981934428215027,0.0018065571784973145,agreement,agreement,agreement,none
2036,387,0,neutral,0.59049153,0.080487974,0.32902044,positive,0.9993636012077332,0.0006363987922668457,none,agreement,none,agreement
2037,387,0,positive,0.871673,0.013828001,0.114498936,positive,0.9998342990875244,0.00016570091247558594,agreement,agreement,none,none
2039,388,1,neutral,0.38370073,0.0436455,0.5726538,negative,0.017794761806726456,0.9822052381932735,none,agreement,none,none
2040,388,1,negative,0.011525026,0.849148,0.13932697,negative,0.00021966625354252756,0.9997803337464575,agreement,agreement,none,none
2041,388,1,neutral,0.06282932,0.4442121,0.49295858,negative,0.003502033883705735,0.9964979661162943,none,agreement,none,none
2044,388,1,negative,0.007028352,0.8993645,0.09360717,negative,0.000562253117095679,0.9994377468829043,agreement,agreement,none,agreement
2045,388,1,neutral,0.08294799,0.27885753,0.63819444,negative,0.0013595366617664695,0.9986404633382335,none,agreement,none,none
2047,388,1,negative,0.013425609,0.76568455,0.22088982,negative,0.004889960400760174,0.9951100395992398,agreement,agreement,none,none
2048,388,1,neutral,0.14335823,0.47924146,0.37740034,negative,0.0002537588297855109,0.9997462411702145,none,agreement,none,none
2050,388,1,neutral,0.26894298,0.27868858,0.45236844,positive,0.9981632828712463,0.0018367171287536621,none,conflict,none,conflict
2051,388,1,negative,0.004987269,0.94085324,0.05415952,negative,0.0008193393005058169,0.9991806606994942,agreement,agreement,none,none
2053,389,1,neutral,0.12168029,0.3891177,0.48920205,positive,0.9992480874061584,0.0007519125938415527,none,none,none,none
2054,389,1,neutral,0.2414842,0.37487867,0.38363713,negative,0.0007343044271692634,0.9992656955728307,none,agreement,none,none
2055,389,1,negative,0.01821422,0.7974692,0.18431658,negative,0.0005072334315627813,0.9994927665684372,agreement,agreement,none,none
2056,389,1,neutral,0.02605593,0.6339228,0.34002125,negative,0.0003203327942173928,0.9996796672057826,none,agreement,none,none
2057,389,1,neutral,0.687767,0.014229026,0.29800394,positive,0.9980263113975525,0.0019736886024475098,none,none,none,none
2058,389,1,neutral,0.10790203,0.49051708,0.40158087,positive,0.9995575547218323,0.0004424452781677246,none,none,none,none
2060,389,1,neutral,0.17572734,0.17730327,0.64696944,positive,0.9927485585212708,0.007251441478729248,none,none,none,none
2061,389,1,negative,0.035134744,0.72327405,0.24159116,negative,0.007545373868197203,0.9924546261318028,agreement,agreement,none,none
2062,389,1,negative,0.045892287,0.70064974,0.25345796,negative,0.004507117439061403,0.9954928825609386,agreement,agreement,none,none
2063,389,1,negative,0.010605926,0.84189093,0.14750311,negative,0.0003004023164976388,0.9996995976835024,agreement,agreement,none,none
2065,389,1,neutral,0.069754355,0.36993033,0.5603154,negative,0.03943217173218727,0.9605678282678127,none,agreement,none,none
2066,389,1,neutral,0.2815051,0.10445013,0.6140448,positive,0.9900345206260681,0.009965479373931885,none,none,none,none
2068,390,0,positive,0.7593939,0.018662931,0.22194318,positive,0.9984618425369263,0.0015381574630737305,agreement,agreement,none,none
2069,390,0,neutral,0.5170787,0.02159343,0.4613279,positive,0.9918791055679321,0.008120894432067871,none,agreement,none,none
2070,390,0,positive,0.92376477,0.0049488912,0.071286336,positive,0.7141850590705872,0.28581494092941284,agreement,agreement,none,none
2072,390,0,positive,0.83402526,0.008780072,0.15719464,positive,0.9595120549201965,0.04048794507980347,agreement,agreement,none,none
2073,390,0,neutral,0.22265989,0.39052582,0.38681427,positive,0.7854967713356018,0.2145032286643982,none,agreement,none,none
2074,390,0,neutral,0.22905985,0.26820976,0.50273037,negative,0.0503968819975853,0.9496031180024147,none,none,none,none
2077,390,0,positive,0.9605885,0.0044561224,0.03495544,positive,0.9980224370956421,0.00197756290435791,agreement,agreement,none,none
2078,390,0,positive,0.8286261,0.034446448,0.13692746,positive,0.9992352724075317,0.0007647275924682617,agreement,agreement,none,none
2079,390,0,neutral,0.23794402,0.093752906,0.6683031,negative,0.058999884873628616,0.9410001151263714,none,none,none,none
2080,390,0,neutral,0.28054205,0.10048715,0.6189708,positive,0.9982136487960815,0.001786351203918457,none,agreement,none,none
2081,390,0,neutral,0.20244946,0.23761046,0.5599401,positive,0.9960108995437622,0.003989100456237793,none,agreement,none,none
2082,390,0,neutral,0.25720355,0.041996133,0.70080036,negative,0.1349402219057083,0.8650597780942917,none,none,none,none
2084,390,0,negative,0.01448849,0.7061722,0.27933928,negative,0.002666336949914694,0.9973336630500853,none,none,none,none
2085,390,0,neutral,0.24754092,0.3791335,0.37332565,negative,0.0010577414650470018,0.998942258534953,none,none,none,none
2086,390,0,negative,0.024322135,0.7101164,0.2655614,negative,0.002381771570071578,0.9976182284299284,none,none,none,none
2087,390,0,neutral,0.031077797,0.6681938,0.3007284,negative,0.0046423133462667465,0.9953576866537333,none,none,none,none
2088,390,0,neutral,0.033812415,0.4101154,0.5560722,negative,0.006487319711595774,0.9935126802884042,none,none,none,none
2090,390,0,negative,0.039198454,0.71927446,0.24152707,positive,0.9570865631103516,0.04291343688964844,none,agreement,none,none
2092,390,0,neutral,0.34056753,0.40264916,0.25678334,positive,0.9550412893295288,0.04495871067047119,none,agreement,none,none
2093,390,0,positive,0.9892188,0.0025796245,0.008201565,positive,0.9998847246170044,0.00011527538299560547,agreement,agreement,none,none
2094,390,0,neutral,0.3964373,0.12277344,0.48078918,positive,0.9983569979667664,0.0016430020332336426,none,agreement,none,none
2095,390,0,neutral,0.11517591,0.23319083,0.6516332,negative,0.1295703500509262,0.8704296499490738,none,none,none,none
2096,390,0,positive,0.98105294,0.004681522,0.014265587,positive,0.9998642206192017,0.00013577938079833984,agreement,agreement,none,none
2098,391,0,negative,0.012593372,0.82467043,0.16273612,negative,0.004882583394646645,0.9951174166053534,none,none,none,none
2099,391,0,neutral,0.12368285,0.15075682,0.72556037,negative,0.0030209252145141363,0.9969790747854859,none,none,none,none
2100,391,0,positive,0.8599311,0.02082715,0.11924176,positive,0.999821126461029,0.00017887353897094727,agreement,agreement,none,none
2101,391,0,neutral,0.22667769,0.17091699,0.6024053,positive,0.998400866985321,0.001599133014678955,none,agreement,none,none
2103,391,0,negative,0.021252524,0.70938176,0.2693658,negative,0.0016014095162972808,0.9983985904837027,none,none,none,none
2105,391,0,negative,0.008789599,0.9295805,0.06162994,negative,0.055647049099206924,0.9443529509007931,none,none,none,none
2106,391,0,positive,0.89110374,0.018469822,0.09042651,positive,0.9991661310195923,0.0008338689804077148,agreement,agreement,none,none
2107,391,0,positive,0.79441786,0.054815967,0.1507661,positive,0.9991542100906372,0.000845789909362793,agreement,agreement,none,none
2109,392,0,positive,0.92436504,0.011033825,0.06460114,positive,0.9995237588882446,0.0004762411117553711,agreement,agreement,none,none
2110,392,0,neutral,0.39266285,0.1278687,0.4794685,positive,0.8470643758773804,0.15293562412261963,none,agreement,none,none
2111,392,0,neutral,0.04181678,0.45664844,0.50153476,negative,0.0018062811577692628,0.9981937188422307,none,conflict,none,conflict
2112,392,0,neutral,0.56814855,0.03535251,0.39649892,neutral,0.41660386323928833,0.5833961367607117,none,none,none,none
2114,392,0,negative,0.013483917,0.7108687,0.2756473,negative,0.003344473661854863,0.9966555263381451,conflict,conflict,conflict,conflict
2117,392,0,positive,0.8582362,0.030684186,0.11107969,positive,0.9993890523910522,0.0006109476089477539,agreement,agreement,agreement,agreement
2118,392,0,neutral,0.6196854,0.12174583,0.25856885,positive,0.9860556125640869,0.013944387435913086,none,agreement,none,agreement
2119,392,0,positive,0.92538697,0.010269264,0.064343795,negative,0.21364513039588928,0.7863548696041107,agreement,conflict,none,conflict
2120,392,0,neutral,0.06805043,0.45113686,0.4808128,neutral,0.6965614557266235,0.30343854427337646,none,none,none,none
2121,392,0,negative,0.013681227,0.7951739,0.19114493,negative,0.0003829661582130939,0.9996170338417869,conflict,conflict,conflict,conflict
2122,392,0,negative,0.007935422,0.82767385,0.16439071,negative,0.00047162192640826106,0.9995283780735917,conflict,conflict,conflict,conflict
2123,392,0,positive,0.9744308,0.004286974,0.021282224,positive,0.999881386756897,0.00011861324310302734,agreement,agreement,none,none
2126,393,0,neutral,0.65407324,0.07592735,0.26999938,negative,0.016610171645879745,0.9833898283541203,none,conflict,none,conflict
2127,393,0,neutral,0.3121598,0.11847176,0.56936836,positive,0.8830015063285828,0.11699849367141724,none,agreement,none,none
2128,393,0,neutral,0.11290813,0.07281244,0.81427944,negative,0.1666414439678192,0.8333585560321808,none,conflict,none,conflict
2129,393,0,neutral,0.6272221,0.031486325,0.34129152,positive,0.9995346069335938,0.00046539306640625,none,agreement,none,agreement
2130,393,0,neutral,0.014379886,0.65184367,0.3337765,negative,0.00030956752016209066,0.9996904324798379,none,conflict,none,conflict
2131,393,0,neutral,0.63106906,0.062845096,0.3060858,positive,0.9989520311355591,0.001047968864440918,none,agreement,none,agreement
2132,393,0,positive,0.95603776,0.0046602064,0.039301988,positive,0.9995748400688171,0.00042515993118286133,agreement,agreement,none,none
2133,393,0,neutral,0.16356757,0.23341317,0.6030193,positive,0.9733953475952148,0.026604652404785156,none,agreement,none,agreement
2134,393,0,neutral,0.08167661,0.03817817,0.88014525,negative,0.016727423295378685,0.9832725767046213,none,conflict,none,conflict
2135,393,0,neutral,0.2837779,0.3042438,0.41197833,negative,0.0016887013334780931,0.9983112986665219,none,conflict,none,conflict
2136,393,0,positive,0.8164219,0.019272877,0.16430523,negative,0.03446924686431885,0.9655307531356812,agreement,conflict,none,conflict
2137,393,0,neutral,0.6918173,0.03756975,0.2706129,positive,0.9943950176239014,0.005604982376098633,none,agreement,none,agreement
2138,393,0,neutral,0.122666635,0.083891205,0.79344213,negative,0.0016024436336010695,0.9983975563663989,none,conflict,none,conflict
2140,393,0,neutral,0.11575106,0.021370428,0.8628785,positive,0.9984096884727478,0.0015903115272521973,none,agreement,none,none
2142,395,0,positive,0.984039,0.003436996,0.012523932,positive,0.9998538494110107,0.0001461505889892578,agreement,agreement,none,none
2143,395,0,positive,0.914947,0.009211605,0.07584146,positive,0.9991362690925598,0.0008637309074401855,agreement,agreement,none,none
2144,395,0,neutral,0.40353078,0.024923073,0.57154614,positive,0.9954116940498352,0.004588305950164795,none,agreement,none,none
2145,395,0,positive,0.70592153,0.035525475,0.258553,negative,0.008958518505096436,0.9910414814949036,agreement,none,none,none
2146,395,0,positive,0.9706223,0.0033248235,0.026052887,positive,0.9996147155761719,0.000385284423828125,agreement,agreement,none,none
2147,395,0,neutral,0.2717222,0.14373927,0.5845386,positive,0.9998482465744019,0.00015175342559814453,none,agreement,none,none
2148,395,0,positive,0.92360204,0.012078746,0.06431917,positive,0.9914202690124512,0.008579730987548828,agreement,agreement,none,none
2149,395,0,neutral,0.1062947,0.57600045,0.31770477,negative,0.021901877596974373,0.9780981224030256,none,none,none,none
2150,395,0,neutral,0.03269755,0.56415325,0.40314922,negative,0.03488663211464882,0.9651133678853512,none,none,none,none
2151,395,0,negative,0.0062885084,0.931225,0.062486477,negative,0.0009146829252131283,0.9990853170747869,none,none,none,none
2152,395,0,negative,0.0064865346,0.8521975,0.14131601,negative,0.000667367537971586,0.9993326324620284,none,none,none,none
2153,395,0,positive,0.98120743,0.006779334,0.012013259,positive,0.9997733235359192,0.00022667646408081055,agreement,agreement,none,none
2154,395,0,positive,0.94737244,0.015377856,0.037249655,positive,0.999832034111023,0.00016796588897705078,agreement,agreement,none,none
2155,395,0,negative,0.010426693,0.850565,0.1390083,negative,0.0028857311699539423,0.9971142688300461,none,none,none,none
2156,395,0,positive,0.9614623,0.011039868,0.027497787,positive,0.9998785257339478,0.0001214742660522461,agreement,agreement,none,none
2157,395,0,negative,0.022993535,0.809923,0.1670835,negative,0.003055456792935729,0.9969445432070643,none,none,none,none
2158,395,0,positive,0.9872606,0.0037186989,0.009020686,positive,0.9998794794082642,0.00012052059173583984,agreement,agreement,none,none
2159,395,0,neutral,0.24515077,0.3001324,0.4547169,positive,0.9977908134460449,0.002209186553955078,none,agreement,none,none
2160,395,0,neutral,0.0899177,0.42827743,0.4818048,negative,0.01691540516912937,0.9830845948308706,none,none,none,none
2161,395,0,positive,0.9743404,0.002713537,0.022946043,positive,0.9998196959495544,0.00018030405044555664,agreement,agreement,none,none
2162,395,0,positive,0.8724742,0.012411882,0.11511394,positive,0.9992179870605469,0.000782012939453125,agreement,agreement,none,none
2164,396,0,neutral,0.19650094,0.24739012,0.55610895,negative,0.03974946588277817,0.9602505341172218,none,none,none,none
2165,396,0,positive,0.94979894,0.0053895153,0.044811506,positive,0.9979149699211121,0.0020850300788879395,agreement,agreement,none,none
2166,396,0,negative,0.013982376,0.8244923,0.16152535,negative,0.0022252060007303953,0.9977747939992696,none,none,none,none
2167,396,0,positive,0.7188824,0.034018,0.24709968,positive,0.9992407560348511,0.0007592439651489258,agreement,agreement,none,none
2168,396,0,neutral,0.51970315,0.011711132,0.46858564,negative,0.04954608902335167,0.9504539109766483,none,none,none,none
2169,396,0,positive,0.9457602,0.0031206424,0.05111924,positive,0.9990328550338745,0.0009671449661254883,agreement,agreement,none,none
2170,396,0,neutral,0.15943481,0.2214855,0.6190797,negative,0.0030871022026985884,0.9969128977973014,none,none,none,none
2171,396,0,positive,0.82772666,0.024372075,0.14790128,positive,0.9995812773704529,0.00041872262954711914,agreement,agreement,none,none
2172,396,0,neutral,0.36164385,0.26393887,0.37441728,negative,0.012729485519230366,0.9872705144807696,none,none,none,none
2174,396,0,neutral,0.11152532,0.41460764,0.473867,negative,0.17302143573760986,0.8269785642623901,none,none,none,none
2175,396,0,negative,0.010030433,0.83838344,0.15158622,negative,0.0035196118988096714,0.9964803881011903,none,none,none,none
2176,396,0,neutral,0.62472147,0.08763908,0.28763947,positive,0.7484802007675171,0.2515197992324829,none,agreement,none,none
2177,396,0,neutral,0.05506188,0.45877126,0.48616692,negative,0.009080437012016773,0.9909195629879832,none,none,none,none
2178,396,0,negative,0.017597,0.7265709,0.25583202,negative,0.00222992105409503,0.997770078945905,none,none,none,none
2179,396,0,neutral,0.42310324,0.11651295,0.46038383,negative,0.05555828660726547,0.9444417133927345,none,none,none,none
2180,396,0,neutral,0.342432,0.08666922,0.57089883,positive,0.9958013892173767,0.004198610782623291,none,agreement,none,none
2181,396,0,neutral,0.18577693,0.36900896,0.44521412,negative,0.01994389481842518,0.9800561051815748,none,none,none,none
2182,396,0,neutral,0.044328656,0.65337634,0.3022951,negative,0.009018379263579845,0.9909816207364202,none,none,none,none
2183,396,0,neutral,0.4731714,0.00953812,0.51729053,positive,0.9942013621330261,0.005798637866973877,none,agreement,none,none
2184,396,0,neutral,0.3552347,0.10541521,0.5393501,positive,0.9995860457420349,0.0004139542579650879,none,agreement,none,none
2186,397,0,neutral,0.11575478,0.46369922,0.420546,negative,0.008428234606981277,0.9915717653930187,none,none,none,none
2187,397,0,negative,0.01401232,0.7898233,0.19616443,negative,0.2712194621562958,0.7287805378437042,none,none,none,none
2188,397,0,positive,0.95204765,0.0035092046,0.04444316,positive,0.9982483386993408,0.0017516613006591797,agreement,agreement,none,none
2189,397,0,positive,0.76610756,0.034521475,0.19937102,negative,0.015426795929670334,0.9845732040703297,agreement,none,none,none
2190,397,0,positive,0.87106115,0.014770042,0.11416879,positive,0.9998315572738647,0.0001684427261352539,agreement,agreement,none,none
2191,397,0,positive,0.7791173,0.0142180575,0.20666462,negative,0.02961292676627636,0.9703870732337236,agreement,none,none,none
2192,397,0,positive,0.7392894,0.090562284,0.17014834,positive,0.9995846152305603,0.00041538476943969727,agreement,agreement,none,none
2193,397,0,neutral,0.08029902,0.3755959,0.54410505,positive,0.9793229103088379,0.02067708969116211,none,agreement,none,none
2194,397,0,positive,0.8088162,0.04451621,0.14666763,positive,0.9885461926460266,0.011453807353973389,agreement,agreement,none,none
2195,397,0,positive,0.8915823,0.011096428,0.09732125,negative,0.08923743665218353,0.9107625633478165,agreement,none,none,none
2196,397,0,negative,0.00573734,0.89923286,0.09502974,negative,0.001943638315424323,0.9980563616845757,none,none,none,none
2197,397,0,neutral,0.051621217,0.40876156,0.5396173,negative,0.0071882144547998905,0.9928117855452001,none,none,none,none
2198,397,0,neutral,0.029373832,0.53811896,0.43250728,negative,0.0013617578661069274,0.9986382421338931,none,none,none,none
2200,397,0,negative,0.006205991,0.8881258,0.10566829,negative,0.0013495242455974221,0.9986504757544026,none,none,none,none
2201,397,0,neutral,0.044140324,0.63155806,0.32430166,negative,0.021337060257792473,0.9786629397422075,none,none,none,none
2202,397,0,neutral,0.23939773,0.26194453,0.49865767,positive,0.9903164505958557,0.009683549404144287,none,agreement,none,none
2203,397,0,neutral,0.05567791,0.4839089,0.46041322,negative,0.0007230310002341866,0.9992769689997658,none,none,none,none
2204,397,0,neutral,0.4697375,0.17388861,0.35637385,positive,0.9996139407157898,0.0003860592842102051,none,agreement,none,none
2205,397,0,negative,0.0166234,0.7963256,0.18705095,positive,0.8395824432373047,0.1604175567626953,none,agreement,none,none
2206,397,0,neutral,0.02110997,0.64305407,0.335836,negative,0.0075228153727948666,0.9924771846272051,none,none,none,none
2207,397,0,neutral,0.041407567,0.51286495,0.4457276,negative,0.0743701159954071,0.9256298840045929,none,none,none,none
2208,397,0,negative,0.011317714,0.77799684,0.21068546,negative,0.001257165102288127,0.9987428348977119,none,none,none,none
2209,397,0,neutral,0.032055542,0.51230955,0.45563492,positive,0.9832401871681213,0.016759812831878662,none,agreement,none,none
2210,397,0,neutral,0.17492652,0.22101825,0.6040553,negative,0.006526329088956118,0.9934736709110439,none,none,none,none
2211,397,0,positive,0.9632127,0.0037651593,0.03302211,positive,0.999165415763855,0.0008345842361450195,agreement,agreement,none,none
2212,397,0,neutral,0.3043684,0.25729868,0.4383329,positive,0.9563233256340027,0.043676674365997314,none,agreement,none,none
2213,397,0,positive,0.9509276,0.0057367473,0.043335598,positive,0.9996906518936157,0.00030934810638427734,agreement,agreement,none,none
2214,399,0,neutral,0.31158543,0.15146856,0.53694594,positive,0.9923937320709229,0.0076062679290771484,none,agreement,none,none
2215,399,0,positive,0.9683024,0.0032198364,0.028477717,positive,0.9994388222694397,0.0005611777305603027,agreement,agreement,none,none
2216,399,0,neutral,0.3026413,0.054205675,0.643153,positive,0.9779175519943237,0.02208244800567627,none,agreement,none,none
2217,399,0,neutral,0.17897165,0.44292733,0.37810108,positive,0.9960874319076538,0.003912568092346191,none,agreement,none,none
2219,399,0,neutral,0.061817758,0.50410765,0.43407455,negative,0.0016104333335533738,0.9983895666664466,none,none,none,none
2220,399,0,negative,0.010496791,0.8768801,0.11262305,negative,0.0008745626546442509,0.9991254373453557,none,none,none,none
2221,399,0,neutral,0.36835235,0.13689673,0.49475095,positive,0.9989224672317505,0.0010775327682495117,none,agreement,none,none
2222,399,0,negative,0.021657117,0.7393131,0.23902982,negative,0.009843186475336552,0.9901568135246634,none,none,none,none
2223,399,0,negative,0.029990563,0.71417856,0.25583082,negative,0.006198727525770664,0.9938012724742293,none,none,none,none
2224,399,0,neutral,0.19570425,0.43171543,0.37258035,negative,0.05129940062761307,0.9487005993723869,none,none,none,none
2225,399,0,positive,0.91447467,0.014585005,0.070940346,positive,0.9992424249649048,0.0007575750350952148,agreement,agreement,none,none
2226,399,0,positive,0.9746577,0.0046111145,0.020731132,positive,0.9966818690299988,0.0033181309700012207,agreement,agreement,none,none
2227,399,0,neutral,0.051969156,0.30539504,0.6426358,positive,0.9892371296882629,0.01076287031173706,none,agreement,none,none
2228,399,0,neutral,0.29045048,0.16151108,0.5480385,positive,0.9970334768295288,0.0029665231704711914,none,agreement,none,none
2229,399,0,neutral,0.06981115,0.5839505,0.34623834,negative,0.0030528418719768524,0.9969471581280231,none,none,none,none
2230,399,0,neutral,0.23597857,0.14212023,0.6219012,positive,0.9918672442436218,0.008132755756378174,none,agreement,none,none
2231,399,0,neutral,0.44105566,0.06293686,0.49600738,negative,0.13771316409111023,0.8622868359088898,none,none,none,none
2232,399,0,positive,0.93663406,0.004948959,0.058416992,positive,0.9998064637184143,0.00019353628158569336,agreement,agreement,none,none
2233,399,0,positive,0.88220125,0.025259392,0.09253944,positive,0.9985917210578918,0.0014082789421081543,agreement,agreement,none,none
2234,400,0,positive,0.7930117,0.025262931,0.1817253,positive,0.9996384382247925,0.00036156177520751953,agreement,agreement,none,none
2235,400,0,neutral,0.30246666,0.018706197,0.67882717,positive,0.9902605414390564,0.009739458560943604,none,agreement,none,none
2236,400,0,neutral,0.4892237,0.05174835,0.45902798,positive,0.9617955684661865,0.03820443153381348,none,agreement,none,none
2237,400,0,neutral,0.087178744,0.09799166,0.8148296,negative,0.0015202094800770283,0.998479790519923,none,none,none,none
2238,400,0,neutral,0.294252,0.19052185,0.5152262,positive,0.9997699856758118,0.00023001432418823242,none,agreement,none,none
2239,400,0,neutral,0.08357336,0.5318415,0.38458502,negative,0.01315244659781456,0.9868475534021854,none,none,none,none
2240,400,0,neutral,0.33764642,0.07108778,0.5912658,positive,0.9933416247367859,0.006658375263214111,none,agreement,none,none
2241,400,0,neutral,0.41960672,0.080016024,0.50037724,positive,0.9913752675056458,0.008624732494354248,none,agreement,none,none
2242,400,0,neutral,0.07051827,0.5662444,0.36323726,negative,0.030649865046143532,0.9693501349538565,none,none,none,none
2243,400,0,positive,0.7089088,0.013264991,0.2778262,positive,0.999681830406189,0.00031816959381103516,agreement,agreement,none,none
2244,400,0,neutral,0.6578452,0.09899289,0.24316193,negative,0.0009045182378031313,0.9990954817621969,none,none,none,none
2245,400,0,neutral,0.42847207,0.15084349,0.42068443,positive,0.9610573053359985,0.038942694664001465,none,agreement,none,none
2246,400,0,neutral,0.028204776,0.5868986,0.38489655,negative,0.0040474277921020985,0.9959525722078979,none,none,none,none
2247,400,0,neutral,0.47929788,0.13139689,0.38930532,positive,0.9049501419067383,0.09504985809326172,none,agreement,none,none
2248,400,0,positive,0.97410494,0.0034801445,0.022414858,positive,0.9957386255264282,0.004261374473571777,agreement,agreement,none,none
2249,400,0,neutral,0.13752504,0.1314156,0.7310594,negative,0.014783873222768307,0.9852161267772317,none,none,none,none
2250,400,0,negative,0.0073555503,0.8846056,0.108038835,negative,0.0004481820797082037,0.9995518179202918,none,none,none,none
2251,400,0,neutral,0.1323359,0.31785405,0.54981005,positive,0.7351021766662598,0.26489782333374023,none,agreement,none,none
2252,400,0,positive,0.9800689,0.0035430419,0.016388064,positive,0.996721088886261,0.0032789111137390137,agreement,agreement,none,none
2253,400,0,positive,0.9280148,0.016712965,0.055272236,positive,0.9994286894798279,0.0005713105201721191,agreement,agreement,none,none
2255,401,0,positive,0.78472763,0.014661732,0.20061065,positive,0.9992197751998901,0.0007802248001098633,agreement,agreement,none,none
2256,401,0,neutral,0.11600254,0.40932953,0.47466794,negative,0.1253824681043625,0.8746175318956375,none,none,none,none
2257,401,0,positive,0.81915486,0.017705066,0.16314009,positive,0.9949448704719543,0.005055129528045654,agreement,agreement,none,none
2258,401,0,negative,0.006043798,0.9252229,0.06873328,negative,0.005920743569731712,0.9940792564302683,none,none,none,none
2259,401,0,neutral,0.1841109,0.13561364,0.68027544,negative,0.025785235688090324,0.9742147643119097,none,none,none,none
2260,401,0,positive,0.72284424,0.0121360235,0.26501974,positive,0.9963502883911133,0.0036497116088867188,agreement,agreement,none,none
2261,401,0,positive,0.9037928,0.013215362,0.08299183,positive,0.8968809247016907,0.10311907529830933,agreement,agreement,none,none
2263,401,0,neutral,0.5770157,0.026135324,0.396849,positive,0.9857795238494873,0.014220476150512695,none,agreement,none,none
2264,401,0,neutral,0.022565758,0.5967584,0.38067585,negative,0.0007970527512952685,0.9992029472487047,none,none,none,none
2265,401,0,neutral,0.029222583,0.65595394,0.3148235,negative,0.01181880570948124,0.9881811942905188,none,none,none,none
2266,401,0,neutral,0.053761955,0.4260856,0.5201525,negative,0.004863215610384941,0.9951367843896151,none,none,none,none
2267,401,0,neutral,0.084032185,0.42992595,0.48604178,positive,0.9918432831764221,0.00815671682357788,none,agreement,none,none
2269,401,0,negative,0.023661748,0.8025899,0.17374825,negative,0.003578564617782831,0.9964214353822172,none,none,none,none
2270,401,0,neutral,0.05387283,0.6470223,0.2991049,negative,0.15560169517993927,0.8443983048200607,none,none,none,none
2271,401,0,neutral,0.1686038,0.12005665,0.71133953,negative,0.05092094838619232,0.9490790516138077,none,none,none,none
2272,401,0,neutral,0.026817344,0.57289636,0.4002863,neutral,0.43875381350517273,0.5612461864948273,none,none,none,none
2273,401,0,neutral,0.070032656,0.2110204,0.71894693,negative,0.016853414475917816,0.9831465855240822,none,none,none,none
2275,401,0,negative,0.020735227,0.831835,0.14742973,negative,0.0010783394100144506,0.9989216605899855,none,none,none,none
2276,401,0,neutral,0.031221421,0.61193645,0.35684204,positive,0.997463583946228,0.0025364160537719727,none,agreement,none,none
2277,401,0,neutral,0.5103521,0.056279335,0.43336853,negative,0.0683099627494812,0.9316900372505188,none,none,none,none
2280,402,1,positive,0.74641836,0.058821786,0.19475979,negative,0.07323487102985382,0.9267651289701462,none,agreement,none,none
2281,402,1,neutral,0.1537793,0.5600466,0.286174,neutral,0.5838594436645508,0.4161405563354492,none,none,none,none
2282,402,1,positive,0.9688655,0.0078007076,0.023333775,negative,0.18270455300807953,0.8172954469919205,none,agreement,none,none
2283,402,1,positive,0.8067913,0.052858576,0.14035004,positive,0.996243953704834,0.0037560462951660156,none,none,none,none
2284,402,1,neutral,0.09044533,0.46843112,0.44112355,negative,0.0064271739684045315,0.9935728260315955,none,agreement,none,none
2285,402,1,neutral,0.37679735,0.03590708,0.5872956,negative,0.024113692343235016,0.975886307656765,none,agreement,none,none
2286,402,1,neutral,0.62987477,0.038559802,0.3315654,neutral,0.6608642339706421,0.3391357660293579,none,none,none,none
2287,402,1,negative,0.023311859,0.7193345,0.25735366,negative,0.02848576195538044,0.9715142380446196,agreement,agreement,none,none
2288,402,1,positive,0.77499914,0.036148272,0.1888526,negative,0.011681455187499523,0.9883185448125005,none,agreement,none,none
2289,402,1,positive,0.92029,0.008738911,0.07097113,positive,0.990056574344635,0.00994342565536499,none,none,none,none
2290,402,1,neutral,0.19845639,0.21938664,0.582157,negative,0.009914563968777657,0.9900854360312223,none,agreement,none,none
2291,402,1,positive,0.8504985,0.04323855,0.10626292,positive,0.9998188614845276,0.0001811385154724121,none,none,none,none
2292,402,1,neutral,0.10077305,0.31617182,0.5830551,negative,0.04861524701118469,0.9513847529888153,none,agreement,none,none
2294,402,1,positive,0.9467484,0.0160846,0.037166994,positive,0.9962669014930725,0.0037330985069274902,none,none,none,none
2295,402,1,positive,0.9598954,0.010262252,0.029842343,positive,0.9962279796600342,0.0037720203399658203,none,none,none,none
2296,402,1,neutral,0.16543669,0.2689459,0.5656174,negative,0.001252058893442154,0.9987479411065578,none,agreement,none,none
2297,402,1,neutral,0.22008449,0.021046348,0.7588692,negative,0.17714311182498932,0.8228568881750107,none,agreement,none,none
2298,402,1,positive,0.9092939,0.02698537,0.06372076,negative,0.048710476607084274,0.9512895233929157,none,agreement,none,none
2299,402,1,positive,0.8107082,0.048158444,0.1411333,positive,0.9965927004814148,0.003407299518585205,none,none,none,none
2300,402,1,positive,0.85535276,0.02960815,0.1150391,positive,0.9256789088249207,0.07432109117507935,none,none,none,none
2301,402,1,positive,0.7950585,0.046565626,0.15837593,positive,0.9977534413337708,0.002246558666229248,none,none,none,none
2302,403,0,positive,0.9793258,0.003263496,0.017410759,positive,0.999789297580719,0.00021070241928100586,agreement,agreement,none,none
2303,403,0,neutral,0.031099064,0.61005145,0.3588495,negative,0.0006018061540089548,0.999398193845991,none,conflict,none,conflict
2305,403,0,positive,0.97990614,0.002436238,0.017657649,positive,0.9989950060844421,0.0010049939155578613,agreement,agreement,none,agreement
2306,403,0,positive,0.8362862,0.013021473,0.15069231,positive,0.9994309544563293,0.0005690455436706543,agreement,agreement,none,agreement
2307,403,0,positive,0.7538415,0.027787449,0.21837102,positive,0.998400866985321,0.001599133014678955,agreement,agreement,agreement,agreement
2308,403,0,negative,0.007870663,0.8527554,0.1393739,negative,0.0012563976924866438,0.9987436023075134,conflict,conflict,conflict,conflict
2309,403,0,positive,0.7740947,0.0344824,0.1914229,positive,0.9981024861335754,0.0018975138664245605,agreement,agreement,none,none
2310,403,0,negative,0.013769305,0.7061384,0.28009233,negative,0.0023778940085321665,0.9976221059914678,conflict,conflict,conflict,conflict
2311,403,0,neutral,0.018211115,0.6235327,0.35825613,negative,0.0022803000174462795,0.9977196999825537,none,conflict,none,conflict
2312,403,0,positive,0.96385753,0.0043778643,0.03176467,positive,0.9986943602561951,0.0013056397438049316,agreement,agreement,none,none
2313,403,0,neutral,0.33011457,0.08031235,0.589573,negative,0.006003581453114748,0.9939964185468853,none,conflict,none,conflict
2314,403,0,neutral,0.05742191,0.31417602,0.6284021,negative,0.09823436290025711,0.9017656370997429,none,conflict,none,conflict
2315,403,0,positive,0.70576245,0.13802783,0.15620969,positive,0.9995438456535339,0.00045615434646606445,agreement,agreement,none,none
2316,403,0,neutral,0.6444376,0.023853062,0.33170938,positive,0.9994115829467773,0.0005884170532226562,none,agreement,none,none
2317,403,0,neutral,0.2464098,0.29650104,0.4570891,negative,0.005541034042835236,0.9944589659571648,none,conflict,none,conflict
2318,403,0,positive,0.81738085,0.008667457,0.17395175,positive,0.9997993111610413,0.00020068883895874023,agreement,agreement,agreement,agreement
2319,403,0,positive,0.756252,0.02329309,0.22045492,negative,0.00649341382086277,0.9935065861791372,agreement,conflict,none,conflict
2320,403,0,neutral,0.65595835,0.06256465,0.281477,positive,0.9972375631332397,0.002762436866760254,none,agreement,none,agreement
2321,403,0,neutral,0.6877428,0.027450196,0.28480703,positive,0.9904295206069946,0.009570479393005371,none,agreement,none,none
2322,403,0,positive,0.83937615,0.0073772734,0.15324655,positive,0.9986839890480042,0.0013160109519958496,agreement,agreement,none,none
2324,404,0,positive,0.97421205,0.0037125908,0.022075284,positive,0.999631404876709,0.0003685951232910156,agreement,agreement,none,none
2325,404,0,positive,0.8770973,0.028359506,0.09454316,negative,0.15790300071239471,0.8420969992876053,agreement,conflict,agreement,conflict
2326,404,0,neutral,0.027464645,0.5451207,0.42741457,negative,0.0011470337631180882,0.9988529662368819,none,conflict,none,conflict
2327,404,0,positive,0.7613318,0.014592627,0.22407553,neutral,0.5553102493286133,0.4446897506713867,agreement,none,none,none
2329,404,0,neutral,0.18206927,0.31794962,0.49998105,negative,0.0020780861377716064,0.9979219138622284,none,conflict,none,conflict
2331,404,0,negative,0.012640586,0.82132727,0.16603221,negative,0.002084436360746622,0.9979155636392534,conflict,conflict,conflict,conflict
2334,404,0,neutral,0.052039035,0.5013551,0.44660586,negative,0.003844289109110832,0.9961557108908892,none,conflict,none,conflict
2335,404,0,neutral,0.24690905,0.18173872,0.57135224,neutral,0.5453670024871826,0.4546329975128174,none,none,none,none
2336,404,0,negative,0.013110624,0.77207935,0.21481012,negative,0.004266603384166956,0.995733396615833,conflict,conflict,conflict,conflict
2337,404,0,neutral,0.35582933,0.20455146,0.4396193,positive,0.9962802529335022,0.0037197470664978027,none,agreement,none,none
2338,404,0,positive,0.89018893,0.01694305,0.09286809,positive,0.9976932406425476,0.0023067593574523926,agreement,agreement,none,none
2339,404,0,positive,0.9276743,0.0072673853,0.06505836,positive,0.9991748929023743,0.0008251070976257324,agreement,agreement,none,none
2340,404,0,positive,0.77216667,0.010625897,0.21720745,positive,0.9697738885879517,0.03022611141204834,agreement,agreement,none,agreement
2341,404,0,neutral,0.1286329,0.13781296,0.7335542,negative,0.017329594120383263,0.9826704058796167,none,conflict,none,conflict
2342,404,0,neutral,0.41943848,0.31006697,0.2704945,positive,0.9997666478157043,0.0002333521842956543,none,agreement,none,none
2343,404,0,positive,0.7152661,0.025265293,0.25946856,negative,0.025722449645400047,0.9742775503546,agreement,conflict,none,conflict
2344,404,0,neutral,0.24691251,0.017648017,0.7354395,negative,0.01721486635506153,0.9827851336449385,none,conflict,none,conflict
2345,404,0,neutral,0.33720022,0.12128765,0.5415121,negative,0.010247635655105114,0.9897523643448949,none,conflict,none,conflict
2346,404,0,positive,0.9844214,0.0046463693,0.010932222,positive,0.9998594522476196,0.0001405477523803711,agreement,agreement,none,agreement
2348,405,1,neutral,0.5080102,0.022193428,0.4697964,neutral,0.6961801052093506,0.3038198947906494,none,none,none,none
2349,405,1,neutral,0.15647371,0.38715264,0.4563736,negative,0.1596694439649582,0.8403305560350418,none,agreement,none,none
2350,405,1,positive,0.9182304,0.007870462,0.073899135,positive,0.9986938834190369,0.0013061165809631348,conflict,conflict,conflict,conflict
2351,405,1,positive,0.9596306,0.005935789,0.03443356,positive,0.9996908903121948,0.0003091096878051758,conflict,conflict,conflict,conflict
2353,405,1,positive,0.71938103,0.00821924,0.27239975,positive,0.9996910095214844,0.000308990478515625,conflict,conflict,conflict,conflict
2354,405,1,positive,0.98147637,0.0028266488,0.01569692,positive,0.9997047781944275,0.00029522180557250977,conflict,conflict,conflict,conflict
2355,405,1,neutral,0.16902468,0.13700764,0.6939677,positive,0.9939391613006592,0.00606083869934082,none,conflict,none,conflict
2356,405,1,positive,0.8561055,0.013268994,0.13062555,positive,0.9971408843994141,0.0028591156005859375,conflict,conflict,conflict,conflict
2357,405,1,positive,0.8573851,0.011226695,0.13138816,positive,0.9968817234039307,0.003118276596069336,conflict,conflict,conflict,conflict
2358,405,1,positive,0.712772,0.0310406,0.25618735,negative,0.13821451365947723,0.8617854863405228,conflict,agreement,conflict,none
2359,405,1,neutral,0.13826445,0.355246,0.5064896,positive,0.990199863910675,0.009800136089324951,none,conflict,none,conflict
2360,405,1,neutral,0.023856618,0.6359681,0.34017527,negative,0.0004652913485188037,0.9995347086514812,none,agreement,none,none
2361,405,1,negative,0.012370204,0.80628216,0.18134771,negative,0.003659863956272602,0.9963401360437274,agreement,agreement,agreement,agreement
2362,405,1,neutral,0.2664564,0.1992686,0.534275,negative,0.019364219158887863,0.9806357808411121,none,agreement,none,none
2363,405,1,negative,0.018937202,0.8002772,0.18078561,negative,0.0021793986670672894,0.9978206013329327,agreement,agreement,none,agreement
2364,405,1,neutral,0.15669984,0.35464466,0.48865548,positive,0.7652061581611633,0.23479384183883667,none,conflict,none,conflict
2365,405,1,negative,0.0202382,0.7306045,0.24915732,negative,0.04336138814687729,0.9566386118531227,agreement,agreement,agreement,none
2366,405,1,neutral,0.06293291,0.50338817,0.43367898,negative,0.01949382573366165,0.9805061742663383,none,agreement,none,agreement
2367,405,1,negative,0.020986637,0.7701316,0.2088818,positive,0.9641323685646057,0.03586763143539429,agreement,conflict,none,conflict
2368,405,1,neutral,0.37601367,0.026979115,0.5970072,positive,0.9893434047698975,0.010656595230102539,none,conflict,none,conflict
2369,405,1,negative,0.009331296,0.8495112,0.14115751,negative,0.0024241565261036158,0.9975758434738964,agreement,agreement,agreement,agreement
2370,405,1,negative,0.02339535,0.7087812,0.2678235,negative,0.018568983301520348,0.9814310166984797,agreement,agreement,agreement,agreement
2371,405,1,neutral,0.01696285,0.6818996,0.30113757,negative,0.011057374067604542,0.9889426259323955,none,agreement,none,none
2372,405,1,neutral,0.019549085,0.63398975,0.34646118,negative,0.0006461817538365722,0.9993538182461634,none,agreement,none,none
2373,405,1,neutral,0.07816052,0.3420439,0.5797956,negative,0.0010293517261743546,0.9989706482738256,none,agreement,none,agreement
2374,405,1,negative,0.0064642895,0.86478335,0.12875238,negative,0.023218076676130295,0.9767819233238697,agreement,agreement,none,none
2375,405,1,negative,0.0056756483,0.92107433,0.07325012,negative,0.00037418617284856737,0.9996258138271514,agreement,agreement,none,none
2376,405,1,negative,0.013722574,0.79573053,0.19054684,negative,0.0037848837673664093,0.9962151162326336,agreement,agreement,agreement,none
2377,405,1,neutral,0.025657943,0.5617767,0.41256535,negative,0.009463141672313213,0.9905368583276868,none,agreement,none,agreement
2378,405,1,negative,0.007815584,0.8942143,0.09797009,negative,0.005339045077562332,0.9946609549224377,agreement,agreement,none,agreement
2379,405,1,neutral,0.30642912,0.059104457,0.63446635,negative,0.005315879825502634,0.9946841201744974,none,agreement,none,none
2380,405,1,neutral,0.18166932,0.28920805,0.5291226,negative,0.0019865098875015974,0.9980134901124984,none,agreement,none,agreement
2381,405,1,positive,0.7919998,0.055941176,0.15205897,positive,0.9951586127281189,0.0048413872718811035,conflict,conflict,conflict,conflict
2382,405,1,positive,0.9725343,0.0026504693,0.024815207,positive,0.9998462200164795,0.0001537799835205078,conflict,conflict,conflict,conflict
2383,405,1,neutral,0.30023974,0.11896789,0.58079237,negative,0.00590535020455718,0.9940946497954428,none,agreement,none,none
2384,405,1,neutral,0.055973414,0.55667454,0.3873521,negative,0.006613409146666527,0.9933865908533335,none,agreement,none,agreement
2385,405,1,positive,0.7636627,0.032929245,0.20340802,negative,0.011084018275141716,0.9889159817248583,conflict,agreement,conflict,none
2386,405,1,positive,0.89425945,0.029304646,0.076435864,positive,0.9991458654403687,0.0008541345596313477,conflict,conflict,conflict,conflict
2387,405,1,positive,0.8676983,0.036773067,0.09552861,positive,0.999542236328125,0.000457763671875,conflict,conflict,conflict,conflict
2388,405,1,positive,0.92438775,0.0063366075,0.06927571,positive,0.9994868040084839,0.0005131959915161133,conflict,conflict,conflict,conflict
2389,405,1,neutral,0.03994181,0.41446754,0.5455907,positive,0.9564858675003052,0.043514132499694824,none,conflict,none,conflict
2390,406,0,positive,0.97225326,0.0031505225,0.024596218,positive,0.9997206330299377,0.00027936697006225586,agreement,agreement,none,none
2391,406,0,negative,0.04476629,0.74878377,0.20644997,negative,0.0033947518095374107,0.9966052481904626,conflict,conflict,conflict,conflict
2392,406,0,positive,0.79364425,0.01510918,0.19124652,positive,0.9979382157325745,0.002061784267425537,agreement,agreement,none,agreement
2393,406,0,neutral,0.25896,0.029903492,0.7111366,negative,0.006783381104469299,0.9932166188955307,none,conflict,none,conflict
2394,406,0,negative,0.017077753,0.7533321,0.22959012,negative,0.006420344579964876,0.9935796554200351,conflict,conflict,conflict,conflict
2395,406,0,neutral,0.44945472,0.026867902,0.5236774,negative,0.012103612534701824,0.9878963874652982,none,conflict,none,conflict
2396,406,0,positive,0.84698766,0.0101383515,0.14287396,positive,0.9997949004173279,0.00020509958267211914,agreement,agreement,agreement,agreement
2397,406,0,neutral,0.025041241,0.5479866,0.42697212,negative,0.0012804449070245028,0.9987195550929755,none,conflict,none,conflict
2398,406,0,neutral,0.031196637,0.5038909,0.46491256,negative,0.09726981818675995,0.90273018181324,none,conflict,none,conflict
2399,406,0,neutral,0.16120954,0.13809137,0.7006991,neutral,0.5701364874839783,0.42986351251602173,none,none,none,none
2401,406,0,positive,0.7147352,0.08431716,0.20094763,positive,0.9905213117599487,0.00947868824005127,agreement,agreement,none,agreement
2402,406,0,positive,0.9765429,0.0063321446,0.017124988,positive,0.9997830986976624,0.00021690130233764648,agreement,agreement,none,agreement
2403,406,0,positive,0.88393384,0.009341136,0.10672501,positive,0.9943416118621826,0.005658388137817383,agreement,agreement,agreement,agreement
2404,406,0,neutral,0.2004201,0.23374999,0.5658299,negative,0.0968603566288948,0.9031396433711052,none,conflict,none,conflict
2405,406,0,positive,0.9648917,0.009616415,0.025491856,positive,0.9981474876403809,0.0018525123596191406,agreement,agreement,none,none
2406,406,0,neutral,0.6397149,0.09177626,0.26850882,positive,0.9996166229248047,0.0003833770751953125,none,agreement,none,agreement
2407,407,0,neutral,0.38937283,0.012315599,0.5983116,positive,0.9945135116577148,0.005486488342285156,none,agreement,none,none
2408,407,0,positive,0.9283421,0.008393557,0.06326433,positive,0.9955704808235168,0.004429519176483154,agreement,agreement,none,none
2409,407,0,neutral,0.15294562,0.1494879,0.6975664,negative,0.030950598418712616,0.9690494015812874,none,conflict,none,conflict
2410,407,0,neutral,0.08860355,0.09221521,0.81918126,negative,0.00680070323869586,0.9931992967613041,none,conflict,none,conflict
2411,407,0,neutral,0.034061495,0.6463289,0.3196096,negative,0.003614685731008649,0.9963853142689914,none,conflict,none,conflict
2412,407,0,neutral,0.110953145,0.25973478,0.6293121,neutral,0.47540712356567383,0.5245928764343262,none,none,none,none
2413,407,0,neutral,0.5269899,0.011585002,0.46142513,negative,0.015012506395578384,0.9849874936044216,none,conflict,none,conflict
2414,407,0,positive,0.8961311,0.0067633004,0.09710563,negative,0.035067249089479446,0.9649327509105206,agreement,conflict,agreement,conflict
2415,407,0,neutral,0.36951888,0.05021394,0.5802672,positive,0.9932055473327637,0.006794452667236328,none,agreement,none,agreement
2416,407,0,neutral,0.63676494,0.020479396,0.34275565,negative,0.01777884177863598,0.982221158221364,none,conflict,none,conflict
2417,407,0,positive,0.8381941,0.01866366,0.14314221,positive,0.9992626309394836,0.0007373690605163574,agreement,agreement,none,none
2418,407,0,neutral,0.24025157,0.1833173,0.57643116,negative,0.020776983350515366,0.9792230166494846,none,conflict,none,conflict
2419,407,0,neutral,0.5671073,0.06716861,0.3657241,positive,0.9382373094558716,0.06176269054412842,none,agreement,none,none
2420,407,0,neutral,0.03862548,0.5979785,0.36339608,neutral,0.3486446738243103,0.6513553261756897,none,none,none,none
2421,407,0,neutral,0.34228218,0.109822184,0.54789567,negative,0.00040227698627859354,0.9995977230137214,none,conflict,none,conflict
2422,407,0,neutral,0.20721203,0.120839775,0.6719482,negative,0.001018827548250556,0.9989811724517494,none,conflict,none,conflict
2423,407,0,neutral,0.1817118,0.20461251,0.6136757,positive,0.9446693658828735,0.055330634117126465,none,agreement,none,agreement
2424,407,0,neutral,0.044297926,0.5896042,0.3660978,negative,0.006616796832531691,0.9933832031674683,none,conflict,none,conflict
2425,407,0,neutral,0.04659996,0.60970575,0.34369433,negative,0.01037041749805212,0.9896295825019479,none,conflict,none,conflict
2426,407,0,negative,0.02537023,0.7292045,0.24542528,negative,0.0022036016453057528,0.9977963983546942,conflict,conflict,conflict,conflict
2427,407,0,neutral,0.04734113,0.63887674,0.31378207,positive,0.8761440515518188,0.12385594844818115,none,agreement,none,none
2428,407,0,neutral,0.6630327,0.022090953,0.31487635,negative,0.020742880180478096,0.9792571198195219,none,conflict,none,conflict
2429,407,0,positive,0.7939848,0.042541195,0.16347404,positive,0.9998086094856262,0.0001913905143737793,agreement,agreement,none,agreement
2430,407,0,neutral,0.08074093,0.3963596,0.52289945,negative,0.01389483641833067,0.9861051635816693,none,conflict,none,conflict
2431,407,0,neutral,0.18593028,0.1380674,0.6760023,positive,0.9840700626373291,0.0159299373626709,none,agreement,none,agreement
2432,407,0,positive,0.77423453,0.04145398,0.1843115,positive,0.9994408488273621,0.0005591511726379395,agreement,agreement,none,none
2433,407,0,neutral,0.11266351,0.3988476,0.4884889,negative,0.0215871874243021,0.9784128125756979,none,conflict,none,conflict
2434,407,0,positive,0.84390914,0.0070750164,0.14901583,positive,0.9949212670326233,0.005078732967376709,agreement,agreement,none,agreement
2435,408,0,neutral,0.32751766,0.019882947,0.6525994,positive,0.9688637256622314,0.031136274337768555,none,agreement,none,none
2437,408,0,neutral,0.31066743,0.19547398,0.4938586,positive,0.9592026472091675,0.04079735279083252,none,agreement,none,none
2438,408,0,positive,0.89991385,0.0055709337,0.09451529,positive,0.9984585046768188,0.0015414953231811523,agreement,agreement,none,none
2439,408,0,positive,0.8723724,0.013085472,0.114542186,positive,0.9997946619987488,0.0002053380012512207,agreement,agreement,none,agreement
2440,408,0,neutral,0.27483162,0.045766067,0.67940223,positive,0.9954663515090942,0.004533648490905762,none,agreement,none,none
2441,408,0,neutral,0.42541054,0.10782972,0.46675974,positive,0.8032990097999573,0.19670099020004272,none,agreement,none,none
2442,408,0,neutral,0.07176392,0.5836259,0.34461018,negative,0.02589600160717964,0.9741039983928204,none,conflict,none,conflict
2443,408,0,negative,0.027812527,0.71689314,0.25529435,negative,0.0021680325735360384,0.997831967426464,conflict,conflict,conflict,conflict
2444,408,0,positive,0.9590557,0.0063531087,0.034591194,positive,0.9831846356391907,0.016815364360809326,agreement,agreement,none,none
2445,408,0,positive,0.91970134,0.011567724,0.06873096,positive,0.9977331161499023,0.0022668838500976562,agreement,agreement,none,none
2446,408,0,positive,0.9749247,0.005761982,0.01931336,positive,0.9998331069946289,0.00016689300537109375,agreement,agreement,none,agreement
2447,408,0,positive,0.89286387,0.005524305,0.101611815,negative,0.2675296664237976,0.7324703335762024,agreement,conflict,none,conflict
2448,408,0,neutral,0.68808025,0.0475895,0.26433024,negative,0.043742693960666656,0.9562573060393333,none,conflict,none,conflict
2449,408,0,positive,0.9646806,0.002860969,0.032458454,positive,0.9998273849487305,0.00017261505126953125,agreement,agreement,agreement,agreement
2451,409,0,positive,0.76196384,0.036860187,0.20117594,positive,0.9968104958534241,0.0031895041465759277,agreement,agreement,none,none
2452,409,0,neutral,0.65696055,0.029139508,0.31389987,positive,0.993123471736908,0.006876528263092041,none,agreement,none,none
2453,409,0,neutral,0.07282201,0.18408068,0.7430973,negative,0.0014101973501965404,0.9985898026498035,none,none,none,none
2454,409,0,neutral,0.09242127,0.2371016,0.67047703,negative,0.020276693627238274,0.9797233063727617,none,none,none,none
2455,409,0,neutral,0.47406858,0.029197492,0.49673393,positive,0.9887586832046509,0.011241316795349121,none,agreement,none,none
2456,409,0,neutral,0.41083047,0.108717404,0.48045215,positive,0.7435361742973328,0.25646382570266724,none,agreement,none,none
2457,409,0,neutral,0.15493545,0.44172516,0.40333942,positive,0.8583664298057556,0.14163357019424438,none,agreement,none,none
2458,409,0,neutral,0.051219102,0.53363055,0.41515037,negative,0.003291859058663249,0.9967081409413368,none,none,none,none
2459,409,0,neutral,0.03908397,0.67429817,0.28661788,negative,0.04655986279249191,0.9534401372075081,none,none,none,none
2460,409,0,neutral,0.086820245,0.24609295,0.66708684,negative,0.162522092461586,0.837477907538414,none,none,none,none
2461,409,0,negative,0.0107814865,0.8591424,0.13007611,negative,0.0015752465697005391,0.9984247534302995,none,none,none,none
2462,409,0,neutral,0.4420939,0.093893886,0.46401218,negative,0.024440370500087738,0.9755596294999123,none,none,none,none
2463,409,0,negative,0.03043932,0.71176356,0.25779712,negative,0.000941513862926513,0.9990584861370735,none,none,none,none
2464,409,0,positive,0.9697675,0.0055883937,0.024644079,positive,0.9995834231376648,0.0004165768623352051,agreement,agreement,none,none
2465,409,0,positive,0.96439415,0.0049750526,0.03063079,positive,0.9985665678977966,0.0014334321022033691,agreement,agreement,none,none
2466,409,0,neutral,0.12128731,0.2715865,0.6071262,negative,0.0013076824834570289,0.998692317516543,none,none,none,none
2467,409,0,neutral,0.2956232,0.16197073,0.54240596,positive,0.9251505136489868,0.07484948635101318,none,agreement,none,none
2468,409,0,negative,0.0066925655,0.8933954,0.099912085,negative,0.0011259681778028607,0.9988740318221971,none,none,none,none
2469,409,0,neutral,0.06724168,0.3220413,0.610717,negative,0.003700054483488202,0.9962999455165118,none,none,none,none
2470,409,0,positive,0.73390496,0.033501953,0.23259309,negative,0.05449535325169563,0.9455046467483044,agreement,none,none,none
2471,409,0,positive,0.8597669,0.02100394,0.119229116,negative,0.09599115699529648,0.9040088430047035,agreement,none,none,none
2472,409,0,positive,0.93318594,0.0064920806,0.060321987,positive,0.9978463649749756,0.002153635025024414,agreement,agreement,none,none
2473,409,0,neutral,0.053869277,0.2549378,0.6911929,negative,0.006473881658166647,0.9935261183418334,none,none,none,none
2475,410,1,neutral,0.46767136,0.06622004,0.4661086,positive,0.9986384510993958,0.001361548900604248,none,none,none,none
2476,410,1,positive,0.8792349,0.0430175,0.07774759,positive,0.9943152070045471,0.005684792995452881,none,none,none,none
2477,410,1,neutral,0.37708136,0.26093075,0.36198786,negative,0.0005356564652174711,0.9994643435347825,none,agreement,none,none
2478,410,1,positive,0.722258,0.012450332,0.2652917,positive,0.9475993514060974,0.05240064859390259,none,none,none,none
2479,410,1,neutral,0.15320839,0.06482773,0.7819639,positive,0.9924593567848206,0.007540643215179443,none,none,none,none
2480,410,1,positive,0.9185672,0.0035370158,0.07789586,positive,0.9998124241828918,0.0001875758171081543,none,none,none,none
2481,410,1,neutral,0.35849574,0.10443083,0.5370735,negative,0.20647047460079193,0.7935295253992081,none,agreement,none,none
2482,410,1,positive,0.9426274,0.009233212,0.0481394,positive,0.9996528625488281,0.000347137451171875,none,none,none,none
2483,410,1,positive,0.9469338,0.011899954,0.041166257,positive,0.9984785914421082,0.0015214085578918457,none,none,none,none
2484,410,1,neutral,0.14518271,0.32259068,0.53222656,positive,0.9459154605865479,0.05408453941345215,none,none,none,none
2485,410,1,positive,0.94855344,0.0061073424,0.045339283,positive,0.9996229410171509,0.0003770589828491211,none,none,none,none
2486,410,1,positive,0.9392497,0.0069251503,0.053825155,positive,0.9996978044509888,0.00030219554901123047,none,none,none,none
2487,410,1,neutral,0.031378966,0.6574837,0.31113732,negative,0.013851840049028397,0.9861481599509716,none,agreement,none,none
2488,410,1,neutral,0.45280093,0.12131461,0.42588443,positive,0.998673677444458,0.0013263225555419922,none,none,none,none
2489,410,1,neutral,0.46622592,0.13700809,0.396766,positive,0.9940947890281677,0.005905210971832275,none,none,none,none
2490,410,1,negative,0.011480982,0.82732123,0.16119784,negative,0.01094138901680708,0.9890586109831929,agreement,agreement,none,none
2491,410,1,neutral,0.036812447,0.42930585,0.5338818,negative,0.000999597366899252,0.9990004026331007,none,agreement,none,none
2492,410,1,negative,0.013484383,0.8496068,0.13690881,negative,0.007115510758012533,0.9928844892419875,agreement,agreement,none,none
2493,410,1,neutral,0.072516,0.54398704,0.3834969,neutral,0.5029798746109009,0.4970201253890991,none,none,none,none
2494,410,1,positive,0.89125663,0.014949479,0.093793854,positive,0.9991776347160339,0.0008223652839660645,none,none,none,none
2495,410,1,positive,0.7336723,0.09939867,0.16692899,negative,0.12615638971328735,0.8738436102867126,none,agreement,none,none
2497,410,1,positive,0.9451122,0.01270589,0.04218195,positive,0.9998267292976379,0.00017327070236206055,none,none,none,none
2499,411,0,neutral,0.63972133,0.012183354,0.3480954,positive,0.9978801012039185,0.002119898796081543,none,agreement,none,agreement
2500,411,0,positive,0.9448564,0.0057599656,0.049383614,positive,0.999259889125824,0.0007401108741760254,agreement,agreement,none,agreement
2501,411,0,neutral,0.08006283,0.019748503,0.9001887,negative,0.02139314077794552,0.9786068592220545,none,conflict,none,conflict
2502,411,0,neutral,0.3144314,0.034333892,0.6512347,negative,0.10946383327245712,0.8905361667275429,none,conflict,none,conflict
2503,411,0,positive,0.96439683,0.0051140804,0.030489061,positive,0.9998316764831543,0.00016832351684570312,agreement,agreement,agreement,agreement
2504,411,0,neutral,0.5316477,0.06810618,0.40024614,positive,0.999584972858429,0.0004150271415710449,none,agreement,none,agreement
2505,411,0,neutral,0.17962931,0.20154698,0.61882377,negative,0.00618233997374773,0.9938176600262523,none,conflict,none,conflict
2506,411,0,neutral,0.08729077,0.3129017,0.5998075,negative,0.009726648218929768,0.9902733517810702,none,conflict,none,conflict
2507,411,0,neutral,0.32072988,0.20872141,0.4705487,positive,0.9961385130882263,0.0038614869117736816,none,agreement,none,agreement
2508,411,0,neutral,0.01862928,0.6061933,0.3751774,negative,0.0005952325882390141,0.999404767411761,none,conflict,none,conflict
2509,411,0,negative,0.015656857,0.73094726,0.25339586,positive,0.9975893497467041,0.0024106502532958984,conflict,agreement,conflict,none
2510,411,0,neutral,0.030498797,0.5454914,0.4240098,negative,0.014795906841754913,0.9852040931582451,none,conflict,none,conflict
2511,411,0,neutral,0.15642156,0.26393035,0.579648,negative,0.026246340945363045,0.973753659054637,none,conflict,none,conflict
2512,411,0,neutral,0.14306508,0.49836752,0.3585674,positive,0.9966224431991577,0.003377556800842285,none,agreement,none,agreement
2513,411,0,neutral,0.017718818,0.67748797,0.30479318,negative,0.0008965343586169183,0.9991034656413831,none,conflict,none,conflict
2514,411,0,neutral,0.022601437,0.6055352,0.37186328,negative,0.0008174263639375567,0.9991825736360624,none,conflict,none,conflict
2515,411,0,neutral,0.016476955,0.64533764,0.33818543,negative,0.019454259425401688,0.9805457405745983,none,conflict,none,conflict
2516,411,0,neutral,0.01811343,0.5938981,0.38798842,negative,0.024545853957533836,0.9754541460424662,none,conflict,none,conflict
2518,411,0,neutral,0.026332365,0.6367716,0.3368961,negative,0.0026344566140323877,0.9973655433859676,none,conflict,none,conflict
2519,411,0,neutral,0.048227265,0.1671677,0.784605,negative,0.005970530677586794,0.9940294693224132,none,conflict,none,conflict
2520,411,0,negative,0.014157583,0.79430145,0.19154099,negative,0.09442225843667984,0.9055777415633202,conflict,conflict,conflict,conflict
2521,411,0,neutral,0.1906501,0.08939188,0.719958,negative,0.01630529947578907,0.9836947005242109,none,conflict,none,conflict
2522,411,0,neutral,0.07546536,0.34085065,0.583684,negative,0.0033323948737233877,0.9966676051262766,none,conflict,none,conflict
2523,411,0,neutral,0.37868077,0.19260934,0.42870992,positive,0.997016191482544,0.0029838085174560547,none,agreement,none,agreement
2524,411,0,positive,0.9226318,0.007997462,0.069370784,positive,0.9993780851364136,0.0006219148635864258,agreement,agreement,agreement,none
2525,411,0,negative,0.03315812,0.7056586,0.26118332,positive,0.9123207926750183,0.08767920732498169,conflict,agreement,conflict,agreement
2526,411,0,neutral,0.09502567,0.5071686,0.39780572,positive,0.9477150440216064,0.052284955978393555,none,agreement,none,agreement
2527,411,0,neutral,0.11033965,0.4087455,0.4809149,positive,0.983849287033081,0.016150712966918945,none,agreement,none,agreement
2528,411,0,neutral,0.12711997,0.4587884,0.41409162,neutral,0.33289799094200134,0.6671020090579987,none,none,none,none
2529,411,0,neutral,0.07842397,0.52708685,0.39448926,negative,0.007337312679737806,0.9926626873202622,none,conflict,none,conflict
2530,411,0,positive,0.915479,0.011313651,0.07320735,positive,0.9949840307235718,0.005015969276428223,agreement,agreement,agreement,none
2531,411,0,neutral,0.15775537,0.16976613,0.67247856,negative,0.013812463730573654,0.9861875362694263,none,conflict,none,conflict
2534,412,1,positive,0.8651562,0.004724295,0.13011949,positive,0.8887656927108765,0.11123430728912354,none,none,none,none
2535,412,1,neutral,0.09163366,0.26273596,0.6456305,negative,0.0019399335142225027,0.9980600664857775,none,agreement,none,none
2536,412,1,positive,0.9758907,0.0022675265,0.021841832,positive,0.9996296167373657,0.00037038326263427734,none,none,none,none
2537,412,1,neutral,0.19972044,0.022736508,0.7775431,negative,0.0015647218097001314,0.9984352781902999,none,agreement,none,none
2538,412,1,neutral,0.089681625,0.16303706,0.7472813,negative,0.017974920570850372,0.9820250794291496,none,agreement,none,none
2539,412,1,positive,0.8804994,0.009606592,0.109893985,positive,0.9997171759605408,0.0002828240394592285,none,none,none,none
2541,412,1,neutral,0.027622035,0.6023971,0.36998084,negative,0.004775072913616896,0.9952249270863831,none,agreement,none,none
2542,412,1,neutral,0.12950134,0.13061239,0.7398863,neutral,0.34322550892829895,0.656774491071701,none,none,none,none
2543,412,1,neutral,0.0779062,0.13890052,0.7831933,negative,0.0018087356584146619,0.9981912643415853,none,agreement,none,none
2544,412,1,neutral,0.22453189,0.24490313,0.53056496,negative,0.004229335580021143,0.9957706644199789,none,agreement,none,none
2545,412,1,negative,0.016237333,0.77454716,0.20921555,negative,0.009990189224481583,0.9900098107755184,agreement,agreement,none,none
2546,412,1,positive,0.7871497,0.027908716,0.1849416,negative,0.04045306518673897,0.959546934813261,none,agreement,none,none
2548,412,1,negative,0.010741225,0.8158817,0.17337711,negative,0.001871550572104752,0.9981284494278952,agreement,agreement,none,none
2549,412,1,negative,0.06919146,0.74905014,0.1817584,negative,0.0003590779087971896,0.9996409220912028,agreement,agreement,none,none
2550,412,1,positive,0.8033158,0.007531506,0.18915263,positive,0.999151349067688,0.0008486509323120117,none,none,none,none
2551,412,1,neutral,0.5617652,0.018298237,0.4199366,positive,0.9989752769470215,0.0010247230529785156,none,none,none,none
2552,413,0,positive,0.7964225,0.01007057,0.19350696,positive,0.7274141907691956,0.27258580923080444,agreement,agreement,none,none
2553,413,0,neutral,0.2639037,0.061565347,0.67453104,negative,0.07305525988340378,0.9269447401165962,none,none,none,none
2554,413,0,neutral,0.17314339,0.2144114,0.6124452,neutral,0.5255109667778015,0.4744890332221985,none,none,none,none
2555,413,0,neutral,0.5952958,0.005671618,0.39903262,positive,0.9978137016296387,0.002186298370361328,none,agreement,none,none
2556,413,0,positive,0.714963,0.009400902,0.2756361,positive,0.9995775818824768,0.00042241811752319336,agreement,agreement,none,none
2557,413,0,positive,0.80476594,0.037972163,0.15726186,neutral,0.4317787289619446,0.5682212710380554,agreement,none,none,none
2558,413,0,positive,0.83149606,0.018588224,0.1499157,positive,0.9995211362838745,0.0004788637161254883,agreement,agreement,none,none
2559,413,0,neutral,0.25558767,0.24414258,0.5002697,positive,0.9317759871482849,0.06822401285171509,none,agreement,none,none
2560,413,0,neutral,0.023359746,0.59215194,0.38448834,negative,0.002195774344727397,0.9978042256552726,none,none,none,none
2561,413,0,neutral,0.06980629,0.14109534,0.7890984,positive,0.9926937818527222,0.007306218147277832,none,agreement,none,none
2562,413,0,negative,0.014140904,0.84405106,0.1418081,negative,0.00036955176619812846,0.9996304482338019,none,none,none,none
2563,413,0,neutral,0.04341312,0.5310713,0.4255156,negative,0.017484210431575775,0.9825157895684242,none,none,none,none
2564,413,0,neutral,0.07237332,0.5064373,0.4211893,positive,0.942261278629303,0.05773872137069702,none,agreement,none,none
2565,413,0,negative,0.025127595,0.7595081,0.21536428,positive,0.9810785055160522,0.018921494483947754,none,agreement,none,none
2566,413,0,positive,0.9264299,0.016509116,0.05706101,positive,0.9979414343833923,0.002058565616607666,agreement,agreement,none,none
2567,413,0,neutral,0.034291252,0.64132744,0.3243813,negative,0.0019390943925827742,0.9980609056074172,none,none,none,none
2568,413,0,neutral,0.025340326,0.69925565,0.275404,negative,0.0039033102802932262,0.9960966897197068,none,none,none,none
2569,413,0,negative,0.0182499,0.73897296,0.2427771,negative,0.0011069921310991049,0.9988930078689009,none,none,none,none
2570,413,0,neutral,0.033194687,0.5316504,0.43515489,negative,0.010971962474286556,0.9890280375257134,none,none,none,none
2571,413,0,negative,0.010216741,0.849015,0.1407683,negative,0.00265609472990036,0.9973439052700996,none,none,none,none
2572,413,0,neutral,0.66169804,0.055100158,0.28320178,positive,0.998779833316803,0.0012201666831970215,none,agreement,none,none
2573,413,0,neutral,0.023514483,0.6851854,0.29130015,negative,0.0009238815400749445,0.999076118459925,none,none,none,none
2574,413,0,positive,0.9432688,0.010443961,0.046287242,positive,0.9995699524879456,0.00043004751205444336,agreement,agreement,none,none
2575,413,0,negative,0.010441927,0.7592348,0.23032333,negative,0.0009274922776967287,0.9990725077223033,none,none,none,none
2576,413,0,neutral,0.39987764,0.053614218,0.54650813,positive,0.9969791173934937,0.0030208826065063477,none,agreement,none,none
2577,413,0,positive,0.92626184,0.009588186,0.064149946,positive,0.9972127079963684,0.002787292003631592,agreement,agreement,none,none
2578,413,0,positive,0.8096321,0.023218507,0.16714935,positive,0.9679923057556152,0.032007694244384766,agreement,agreement,none,none
2579,414,1,positive,0.9437372,0.0065222243,0.04974061,positive,0.9995934367179871,0.00040656328201293945,conflict,conflict,conflict,conflict
2580,414,1,neutral,0.057485223,0.5874641,0.3550507,neutral,0.44686365127563477,0.5531363487243652,none,none,none,none
2581,414,1,positive,0.9211703,0.0036129733,0.07521666,positive,0.9993213415145874,0.0006786584854125977,conflict,conflict,conflict,conflict
2582,414,1,positive,0.9745594,0.0057617077,0.019678896,positive,0.9995237588882446,0.0004762411117553711,conflict,conflict,conflict,conflict
2583,414,1,positive,0.9458582,0.007809557,0.04633226,neutral,0.40446552634239197,0.595534473657608,conflict,none,conflict,none
2584,414,1,positive,0.9543255,0.0058936793,0.03978081,positive,0.9429749250411987,0.05702507495880127,conflict,conflict,conflict,conflict
2585,414,1,neutral,0.18688689,0.30868116,0.504432,positive,0.995042085647583,0.004957914352416992,none,conflict,none,conflict
2586,414,1,negative,0.009273557,0.858673,0.13205352,negative,0.005235959310084581,0.9947640406899154,agreement,agreement,none,none
2587,414,1,negative,0.008331935,0.91331947,0.07834862,negative,0.0010567825520411134,0.9989432174479589,agreement,agreement,none,none
2588,414,1,negative,0.0052806963,0.8913726,0.10334664,negative,0.000453064771136269,0.9995469352288637,agreement,agreement,agreement,agreement
2589,414,1,neutral,0.03535179,0.42933154,0.5353167,negative,0.0005153653910383582,0.9994846346089616,none,agreement,none,none
2590,414,1,negative,0.0063079163,0.8968671,0.096825026,negative,0.00025275841471739113,0.9997472415852826,agreement,agreement,agreement,agreement
2591,414,1,negative,0.0056573483,0.9109533,0.08338942,negative,0.000567160255741328,0.9994328397442587,agreement,agreement,agreement,agreement
2592,414,1,negative,0.0052999915,0.9417239,0.052976124,negative,0.00040320950211025774,0.9995967904978897,agreement,agreement,none,none
2593,414,1,negative,0.008639827,0.9005737,0.0907864,negative,0.0005304200458340347,0.999469579954166,agreement,agreement,agreement,agreement
2594,414,1,positive,0.7014125,0.040175773,0.25841174,negative,0.0012211865978315473,0.9987788134021685,conflict,agreement,conflict,agreement
2595,414,1,positive,0.72300804,0.083907,0.193085,positive,0.9970400929450989,0.002959907054901123,conflict,conflict,conflict,conflict
2596,414,1,negative,0.008205633,0.86615014,0.12564418,negative,0.024256577715277672,0.9757434222847223,agreement,agreement,agreement,none
2597,414,1,neutral,0.04508376,0.4550023,0.49991393,positive,0.9922534823417664,0.007746517658233643,none,conflict,none,conflict
2598,414,1,positive,0.7941565,0.014666399,0.19117713,positive,0.9995409250259399,0.0004590749740600586,conflict,conflict,conflict,conflict
2599,414,1,positive,0.71108073,0.037284132,0.2516351,positive,0.9931507110595703,0.0068492889404296875,conflict,conflict,conflict,conflict
2600,414,1,neutral,0.41076532,0.0993251,0.4899096,negative,0.04004838690161705,0.959951613098383,none,agreement,none,agreement
2601,414,1,positive,0.86872154,0.018924735,0.11235375,negative,0.0017330583650618792,0.9982669416349381,conflict,agreement,conflict,agreement
2602,414,1,neutral,0.021550937,0.46159708,0.51685196,negative,0.00038528177537955344,0.9996147182246204,none,agreement,none,none
2603,414,1,positive,0.72324693,0.0555956,0.22115746,positive,0.9992340803146362,0.0007659196853637695,conflict,conflict,conflict,conflict
2604,415,0,neutral,0.67705184,0.023936985,0.29901117,positive,0.920043408870697,0.07995659112930298,none,agreement,none,none
2605,415,0,positive,0.8691154,0.0084806625,0.122403994,positive,0.9982661604881287,0.0017338395118713379,agreement,agreement,agreement,agreement
2606,415,0,neutral,0.47582147,0.031087834,0.49309066,negative,0.01989051140844822,0.9801094885915518,none,conflict,none,conflict
2607,415,0,neutral,0.33737135,0.06702759,0.595601,negative,0.0013524095993489027,0.9986475904006511,none,conflict,none,conflict
2608,415,0,positive,0.94532543,0.0040151547,0.050659385,positive,0.9996472597122192,0.0003527402877807617,agreement,agreement,none,none
2609,415,0,positive,0.9706698,0.0034217644,0.025908394,positive,0.9974610805511475,0.002538919448852539,agreement,agreement,none,agreement
2610,415,0,neutral,0.67244685,0.07469179,0.25286132,neutral,0.6986122727394104,0.3013877272605896,none,none,none,none
2611,415,0,neutral,0.035347115,0.4847683,0.47988462,neutral,0.3126889169216156,0.6873110830783844,none,none,none,none
2612,415,0,neutral,0.5917453,0.005392246,0.4028625,positive,0.9987132549285889,0.0012867450714111328,none,agreement,none,none
2613,415,0,neutral,0.017756306,0.6203612,0.36188245,negative,0.025584964081645012,0.974415035918355,none,conflict,none,conflict
2614,415,0,neutral,0.26301676,0.097512126,0.6394711,positive,0.9981461763381958,0.0018538236618041992,none,agreement,none,none
2616,415,0,negative,0.011748493,0.8430848,0.1451667,negative,0.006804772187024355,0.9931952278129756,conflict,conflict,conflict,conflict
2617,415,0,negative,0.0150531195,0.8850476,0.09989918,negative,0.0016726976027712226,0.9983273023972288,conflict,conflict,conflict,conflict
2618,415,0,neutral,0.12052114,0.3377093,0.54176956,positive,0.962101936340332,0.03789806365966797,none,agreement,none,agreement
2620,415,0,neutral,0.63765293,0.06422914,0.29811794,negative,0.07721931487321854,0.9227806851267815,none,conflict,none,conflict
2621,415,0,neutral,0.1889667,0.32087824,0.49015507,negative,0.1766963005065918,0.8233036994934082,none,conflict,none,conflict
2622,415,0,neutral,0.039285015,0.67610466,0.28461036,negative,0.031590208411216736,0.9684097915887833,none,conflict,none,conflict
2623,415,0,positive,0.9626312,0.0046700803,0.03269868,positive,0.9998254179954529,0.00017458200454711914,agreement,agreement,none,agreement
2624,416,0,neutral,0.63389844,0.034662876,0.3314387,positive,0.9997954964637756,0.00020450353622436523,none,agreement,none,agreement
2625,416,0,neutral,0.35150778,0.15815805,0.49033418,negative,0.018450282514095306,0.9815497174859047,none,conflict,none,conflict
2626,416,0,neutral,0.2125561,0.23366405,0.55377984,negative,0.05652483552694321,0.9434751644730568,none,conflict,none,conflict
2627,416,0,positive,0.7441363,0.025485672,0.23037802,positive,0.9979515671730042,0.0020484328269958496,agreement,agreement,agreement,none
2628,416,0,neutral,0.038576342,0.449988,0.5114356,negative,0.0023386566899716854,0.9976613433100283,none,conflict,none,conflict
2629,416,0,neutral,0.19972275,0.32887518,0.4714021,negative,0.002508627949282527,0.9974913720507175,none,conflict,none,conflict
2630,416,0,neutral,0.06310325,0.2755387,0.66135806,positive,0.9902846217155457,0.009715378284454346,none,agreement,none,agreement
2631,416,0,positive,0.7745862,0.014954372,0.21045943,positive,0.9929488897323608,0.00705111026763916,agreement,agreement,none,none
2632,416,0,neutral,0.5160885,0.13833094,0.34558058,positive,0.9994657635688782,0.0005342364311218262,none,agreement,none,agreement
2633,416,0,negative,0.0075387065,0.84060824,0.15185311,negative,0.00020872123423032463,0.9997912787657697,conflict,conflict,conflict,conflict
2634,416,0,neutral,0.03460674,0.52246165,0.44293165,negative,0.0006965011125430465,0.999303498887457,none,conflict,none,conflict
2635,416,0,neutral,0.15765701,0.4284337,0.41390935,positive,0.995368242263794,0.004631757736206055,none,agreement,none,agreement
2636,416,0,neutral,0.027510688,0.68907124,0.28341812,negative,0.00210496480576694,0.9978950351942331,none,conflict,none,conflict
2637,416,0,neutral,0.61787814,0.10679187,0.27532998,negative,0.08136255294084549,0.9186374470591545,none,conflict,none,conflict
2638,416,0,positive,0.92455685,0.013433626,0.062009506,positive,0.9998670816421509,0.0001329183578491211,agreement,agreement,agreement,none
2639,416,0,neutral,0.115027055,0.43683955,0.44813338,negative,0.02077762968838215,0.9792223703116179,none,conflict,none,conflict
2640,416,0,positive,0.9560034,0.011313263,0.032683257,positive,0.9994266033172607,0.0005733966827392578,agreement,agreement,none,agreement
2641,416,0,neutral,0.4663371,0.18466859,0.34899434,positive,0.8673153519630432,0.1326846480369568,none,agreement,none,agreement
2642,416,0,negative,0.010702095,0.8102257,0.17907223,negative,0.00032281881431117654,0.9996771811856888,conflict,conflict,conflict,conflict
2643,416,0,neutral,0.48757637,0.19019555,0.3222281,positive,0.9973650574684143,0.0026349425315856934,none,agreement,none,none
2644,416,0,neutral,0.5174902,0.09672269,0.3857872,positive,0.9934844374656677,0.006515562534332275,none,agreement,none,none
2645,416,0,neutral,0.026209455,0.632906,0.34088457,positive,0.9919183850288391,0.008081614971160889,none,agreement,none,none
2646,416,0,positive,0.74276274,0.074331544,0.18290569,positive,0.9963847398757935,0.003615260124206543,agreement,agreement,none,agreement
2647,416,0,neutral,0.36620253,0.24649875,0.38729873,positive,0.9960519671440125,0.003948032855987549,none,agreement,none,agreement
2648,416,0,positive,0.8450519,0.027318694,0.12762943,positive,0.999226450920105,0.0007735490798950195,agreement,agreement,none,none
2649,417,0,neutral,0.5562422,0.09184723,0.3519105,positive,0.9772791862487793,0.022720813751220703,none,agreement,none,none
2650,417,0,neutral,0.49879014,0.17055023,0.33065963,positive,0.9820039868354797,0.017996013164520264,none,agreement,none,none
2651,417,0,neutral,0.113234594,0.21469335,0.67207205,negative,0.008801007643342018,0.991198992356658,none,none,none,none
2652,417,0,neutral,0.13072559,0.2803716,0.5889027,negative,0.004800770897418261,0.9951992291025817,none,none,none,none
2653,417,0,neutral,0.14137869,0.37217253,0.4864488,negative,0.01605820283293724,0.9839417971670628,none,none,none,none
2654,417,0,neutral,0.05893403,0.6297394,0.3113266,negative,0.0004461139324121177,0.9995538860675879,none,none,none,none
2655,417,0,negative,0.011260609,0.83779603,0.15094341,negative,0.0009629406849853694,0.9990370593150146,none,none,none,none
2656,417,0,neutral,0.025626577,0.55991906,0.41445437,positive,0.9845513701438904,0.01544862985610962,none,agreement,none,none
2657,417,0,negative,0.007145168,0.82913274,0.16372205,negative,0.0006917897262610495,0.999308210273739,none,none,none,none
2658,417,0,neutral,0.5947324,0.12300222,0.28226537,positive,0.9993298053741455,0.0006701946258544922,none,agreement,none,none
2659,417,0,positive,0.9437512,0.011898891,0.044349965,positive,0.9996602535247803,0.00033974647521972656,agreement,agreement,none,none
2660,417,0,neutral,0.10601963,0.49607697,0.39790344,negative,0.0012067912612110376,0.998793208738789,none,none,none,none
2661,417,0,positive,0.89429367,0.023284568,0.08242173,positive,0.9996869564056396,0.00031304359436035156,agreement,agreement,none,none
2662,417,0,positive,0.87161624,0.030708304,0.097675495,negative,0.056064993143081665,0.9439350068569183,agreement,none,none,none
2663,417,0,neutral,0.14651164,0.070708424,0.78277993,negative,0.046837419271469116,0.9531625807285309,none,none,none,none
2664,417,0,neutral,0.22317435,0.026099816,0.75072587,neutral,0.36442145705223083,0.6355785429477692,none,none,none,none
2665,417,0,positive,0.88193643,0.009856696,0.10820689,positive,0.9995518326759338,0.0004481673240661621,agreement,agreement,none,none
2666,417,0,neutral,0.11044613,0.41765204,0.47190183,negative,0.0005996081163175404,0.9994003918836825,none,none,none,none
2667,417,0,neutral,0.39568406,0.18961841,0.41469753,positive,0.7368592619895935,0.2631407380104065,none,agreement,none,none
2669,418,0,positive,0.86334217,0.024003938,0.11265388,positive,0.9982434511184692,0.0017565488815307617,agreement,agreement,none,none
2670,418,0,neutral,0.029982729,0.2869741,0.6830431,neutral,0.5077335238456726,0.4922664761543274,none,none,none,none
2671,418,0,positive,0.9112231,0.024190113,0.06458679,negative,0.002626210218295455,0.9973737897817045,agreement,none,none,none
2672,418,0,neutral,0.32715973,0.186495,0.4863453,positive,0.9191049337387085,0.0808950662612915,none,agreement,none,none
2673,418,0,neutral,0.116923295,0.48812628,0.39495048,positive,0.9881505966186523,0.011849403381347656,none,agreement,none,none
2674,418,0,neutral,0.04145278,0.6182851,0.34026217,negative,0.0016328284982591867,0.9983671715017408,none,none,none,none
2675,418,0,negative,0.016152583,0.8040035,0.17984387,negative,0.025324564427137375,0.9746754355728626,none,none,none,none
2676,418,0,neutral,0.025562221,0.6081219,0.3663158,negative,0.0007857063901610672,0.9992142936098389,none,none,none,none
2677,418,0,neutral,0.26604596,0.112012506,0.6219415,positive,0.9267296195030212,0.07327038049697876,none,agreement,none,none
2678,418,0,positive,0.707223,0.019244105,0.27353287,positive,0.9992953538894653,0.000704646110534668,agreement,agreement,none,none
2679,418,0,neutral,0.02297957,0.46623072,0.5107897,negative,0.014320511370897293,0.9856794886291027,none,none,none,none
2680,418,0,neutral,0.07114959,0.60376585,0.32508454,negative,0.11959364265203476,0.8804063573479652,none,none,none,none
2681,418,0,positive,0.84789944,0.028338885,0.12376167,negative,0.2762277126312256,0.7237722873687744,agreement,none,none,none
2682,418,0,neutral,0.044498686,0.34630868,0.60919267,neutral,0.5023314356803894,0.4976685643196106,none,none,none,none
2683,418,0,negative,0.012224437,0.8323286,0.15544695,negative,0.03159583732485771,0.9684041626751423,none,none,none,none
2684,418,0,negative,0.035135757,0.7551543,0.20970999,negative,0.0049186768010258675,0.9950813231989741,none,none,none,none
2685,418,0,neutral,0.02209016,0.6771052,0.30080473,negative,0.013026785105466843,0.9869732148945332,none,none,none,none
2686,418,0,positive,0.76551104,0.018088385,0.21640053,positive,0.9848203063011169,0.015179693698883057,agreement,agreement,none,none
2687,418,0,positive,0.9261484,0.013223945,0.0606276,positive,0.9983044862747192,0.0016955137252807617,agreement,agreement,none,none
2688,418,0,positive,0.7970812,0.022191655,0.18072723,positive,0.9991686344146729,0.0008313655853271484,agreement,agreement,none,none
2689,418,0,positive,0.9315244,0.018009065,0.0504666,positive,0.9982632994651794,0.0017367005348205566,agreement,agreement,none,none
2690,418,0,neutral,0.66911256,0.04125384,0.28963357,positive,0.9944427609443665,0.005557239055633545,none,agreement,none,none
2691,418,0,negative,0.015888171,0.7995132,0.18459858,negative,0.0072522247210145,0.9927477752789855,none,none,none,none
2692,418,0,negative,0.0076509803,0.8401268,0.15222216,negative,0.0013140772935003042,0.9986859227064997,none,none,none,none
2693,418,0,neutral,0.37508047,0.25279883,0.37212068,positive,0.9991176724433899,0.0008823275566101074,none,agreement,none,none
2694,419,0,positive,0.8459962,0.010641439,0.14336234,positive,0.9980239868164062,0.00197601318359375,agreement,agreement,none,agreement
2695,419,0,positive,0.7545374,0.052941486,0.19252111,positive,0.9994381070137024,0.0005618929862976074,agreement,agreement,none,none
2696,419,0,neutral,0.4956576,0.020924449,0.483418,negative,0.04887659475207329,0.9511234052479267,none,conflict,none,conflict
2697,419,0,positive,0.94211227,0.0081186965,0.04976903,positive,0.9998084902763367,0.00019150972366333008,agreement,agreement,agreement,agreement
2698,419,0,positive,0.94257843,0.009006137,0.048415408,positive,0.9995824694633484,0.00041753053665161133,agreement,agreement,agreement,agreement
2699,419,0,neutral,0.019868253,0.6227536,0.35737813,negative,0.0007751435623504221,0.9992248564376496,none,conflict,none,conflict
2700,419,0,positive,0.9326347,0.0035539179,0.06381139,positive,0.9979052543640137,0.002094745635986328,agreement,agreement,none,none
2701,419,0,positive,0.9543581,0.0037265571,0.041915387,positive,0.999049961566925,0.0009500384330749512,agreement,agreement,agreement,agreement
2702,419,0,negative,0.026612746,0.74118006,0.2322071,negative,0.004603354260325432,0.9953966457396746,conflict,conflict,conflict,conflict
2703,419,0,neutral,0.09241361,0.40940672,0.49817964,negative,0.006778403650969267,0.9932215963490307,none,conflict,none,conflict
2704,419,0,negative,0.008860215,0.84389216,0.14724757,negative,0.0004799365997314453,0.9995200634002686,conflict,conflict,conflict,conflict
2705,419,0,negative,0.006357832,0.8803076,0.113334514,negative,0.0003683242539409548,0.999631675746059,conflict,conflict,conflict,conflict
2706,419,0,neutral,0.07699896,0.65399194,0.26900917,positive,0.9928433299064636,0.007156670093536377,none,agreement,none,none
2707,419,0,neutral,0.074473396,0.37756136,0.5479653,negative,0.0034020545426756144,0.9965979454573244,none,conflict,none,conflict
2708,419,0,positive,0.9217825,0.0064383443,0.07177916,positive,0.99979168176651,0.00020831823348999023,agreement,agreement,none,agreement
2709,419,0,neutral,0.030800907,0.4983004,0.4708987,negative,0.004187203478068113,0.9958127965219319,none,conflict,none,conflict
2710,419,0,negative,0.016989507,0.7173991,0.26561138,negative,0.003243150655180216,0.9967568493448198,conflict,conflict,conflict,conflict
2711,419,0,positive,0.8905211,0.03332981,0.07614911,positive,0.9997735619544983,0.00022643804550170898,agreement,agreement,none,agreement
2712,419,0,positive,0.9583917,0.0043345094,0.037273828,positive,0.999804675579071,0.00019532442092895508,agreement,agreement,agreement,agreement
2713,419,0,neutral,0.40643197,0.113024026,0.48054397,positive,0.9856495261192322,0.014350473880767822,none,agreement,none,none
2714,419,0,neutral,0.3933048,0.2124205,0.39427465,negative,0.0010214876383543015,0.9989785123616457,none,conflict,none,conflict
2715,419,0,negative,0.032272078,0.73669994,0.23102787,negative,0.001297413487918675,0.9987025865120813,conflict,conflict,conflict,conflict
2716,419,0,neutral,0.038371336,0.512703,0.44892558,negative,0.09240761399269104,0.907592386007309,none,conflict,none,conflict
2717,419,0,positive,0.9617434,0.008968239,0.029288301,positive,0.9997702240943909,0.00022977590560913086,agreement,agreement,none,agreement
2718,420,0,neutral,0.5030718,0.024044793,0.47288343,positive,0.9976921081542969,0.002307891845703125,none,agreement,none,agreement
2719,420,0,neutral,0.09261766,0.4087295,0.49865282,positive,0.9936913251876831,0.0063086748123168945,none,agreement,none,agreement
2721,420,0,neutral,0.15752204,0.045023497,0.7974544,negative,0.14717476069927216,0.8528252393007278,none,conflict,none,conflict
2722,420,0,neutral,0.2288246,0.41973975,0.35143572,negative,0.007779350504279137,0.9922206494957209,none,conflict,none,conflict
2723,420,0,neutral,0.22525062,0.26755646,0.50719285,negative,0.003085019066929817,0.9969149809330702,none,conflict,none,conflict
2724,420,0,neutral,0.08209442,0.46667552,0.4512301,negative,0.02662503533065319,0.9733749646693468,none,conflict,none,conflict
2726,420,0,negative,0.009404876,0.9021039,0.08849125,negative,0.0004620053805410862,0.9995379946194589,conflict,conflict,conflict,conflict
2727,420,0,negative,0.008411334,0.9077361,0.08385257,negative,0.004857265390455723,0.9951427346095443,conflict,conflict,conflict,conflict
2728,420,0,negative,0.009503877,0.85719246,0.1333037,negative,0.0006027343333698809,0.9993972656666301,conflict,conflict,conflict,conflict
2730,420,0,neutral,0.424313,0.19799842,0.3776886,positive,0.999039351940155,0.0009606480598449707,none,agreement,none,none
2731,420,0,neutral,0.045633443,0.49521762,0.4591489,positive,0.8479944467544556,0.15200555324554443,none,agreement,none,agreement
2732,420,0,neutral,0.045890614,0.42570686,0.52840257,negative,0.014268104918301105,0.9857318950816989,none,conflict,none,conflict
2733,420,0,neutral,0.14513426,0.397971,0.45689473,positive,0.8484002947807312,0.1515997052192688,none,agreement,none,agreement
2734,420,0,neutral,0.4116443,0.06998264,0.518373,positive,0.9995562434196472,0.0004437565803527832,none,agreement,none,agreement
2735,420,0,neutral,0.5134686,0.116323486,0.37020785,negative,0.0018720459192991257,0.9981279540807009,none,conflict,none,conflict
2736,420,0,neutral,0.46448857,0.105078384,0.43043303,positive,0.9990254640579224,0.0009745359420776367,none,agreement,none,none
2737,420,0,neutral,0.15020533,0.3017562,0.5480385,negative,0.0025422885082662106,0.9974577114917338,none,conflict,none,conflict
2738,420,0,positive,0.93231565,0.0050641377,0.06262019,positive,0.9807939529418945,0.01920604705810547,agreement,agreement,agreement,none
2740,420,0,positive,0.7491529,0.017341072,0.23350604,positive,0.9995130300521851,0.0004869699478149414,agreement,agreement,agreement,agreement
2742,421,1,positive,0.89434505,0.0029263555,0.10272854,positive,0.9984114170074463,0.001588582992553711,none,none,none,none
2743,421,1,neutral,0.21119227,0.37819782,0.41060987,positive,0.9986734390258789,0.0013265609741210938,none,none,none,none
2745,421,1,neutral,0.48571083,0.12354443,0.39074472,negative,0.06514035165309906,0.9348596483469009,none,agreement,none,none
2746,421,1,positive,0.94830334,0.011563517,0.04013314,positive,0.9997541308403015,0.00024586915969848633,none,none,none,none
2747,421,1,negative,0.0074355146,0.84887826,0.14368619,negative,0.0017097602831199765,0.99829023971688,agreement,agreement,none,none
2748,421,1,neutral,0.57205933,0.046919003,0.38102165,positive,0.9962016940116882,0.0037983059883117676,none,none,none,none
2749,421,1,neutral,0.03694993,0.4019594,0.56109065,negative,0.006008870434015989,0.993991129565984,none,agreement,none,none
2750,421,1,negative,0.006172573,0.9073251,0.08650229,negative,0.0008081524865701795,0.9991918475134298,agreement,agreement,none,none
2751,421,1,negative,0.017038058,0.8156537,0.1673083,negative,0.0014877503272145987,0.9985122496727854,agreement,agreement,none,none
2752,421,1,neutral,0.027398948,0.51077646,0.4618246,negative,0.0012108715018257499,0.9987891284981743,none,agreement,none,none
2753,421,1,negative,0.010060579,0.88335836,0.10658097,negative,0.0015670170541852713,0.9984329829458147,agreement,agreement,none,none
2754,421,1,negative,0.020895014,0.732267,0.24683799,neutral,0.5981133580207825,0.40188664197921753,agreement,none,none,none
2755,421,1,negative,0.00874425,0.8969543,0.09430147,negative,0.003678942332044244,0.9963210576679558,agreement,agreement,none,none
2756,421,1,negative,0.00922364,0.8143449,0.17643152,negative,0.0006766542792320251,0.999323345720768,agreement,agreement,none,none
2757,421,1,positive,0.94288594,0.018806752,0.03830732,positive,0.9994184970855713,0.0005815029144287109,none,none,none,none
2758,421,1,neutral,0.41626596,0.15627435,0.42745972,negative,0.05953997001051903,0.940460029989481,none,agreement,none,none
2759,421,1,neutral,0.5907644,0.024467757,0.3847678,positive,0.997225284576416,0.0027747154235839844,none,none,none,none
2760,421,1,positive,0.957612,0.015977934,0.026410114,positive,0.9995655417442322,0.00043445825576782227,none,none,none,none
2761,421,1,positive,0.86256886,0.0035446472,0.13388644,positive,0.9991760849952698,0.0008239150047302246,none,none,none,none
2762,422,0,neutral,0.24992304,0.140697,0.60938,negative,0.27858978509902954,0.7214102149009705,none,none,none,none
2763,422,0,positive,0.95098746,0.0049640755,0.044048477,positive,0.997197151184082,0.0028028488159179688,agreement,agreement,none,none
2764,422,0,negative,0.0073734997,0.91458946,0.07803704,negative,0.00028295005904510617,0.9997170499409549,none,none,none,none
2765,422,0,neutral,0.51619387,0.049865693,0.43394038,positive,0.9994890689849854,0.0005109310150146484,none,agreement,none,none
2766,422,0,positive,0.8393328,0.010605436,0.15006171,positive,0.9961095452308655,0.0038904547691345215,agreement,agreement,none,none
2767,422,0,positive,0.91208965,0.015323496,0.07258683,positive,0.9720903635025024,0.02790963649749756,agreement,agreement,none,none
2768,422,0,neutral,0.05261455,0.44808707,0.49929842,negative,0.02291206642985344,0.9770879335701466,none,none,none,none
2769,422,0,neutral,0.67188555,0.06178225,0.26633218,negative,0.09506838768720627,0.9049316123127937,none,none,none,none
2770,422,0,neutral,0.43136346,0.022439634,0.5461968,positive,0.9265267252922058,0.07347327470779419,none,agreement,none,none
2771,422,0,positive,0.80469614,0.009497393,0.18580644,positive,0.9989896416664124,0.0010103583335876465,agreement,agreement,none,none
2772,422,0,neutral,0.23645787,0.3383745,0.42516762,positive,0.9967446327209473,0.0032553672790527344,none,agreement,none,none
2773,422,0,neutral,0.07174867,0.045880873,0.8823705,negative,0.010396582074463367,0.9896034179255366,none,none,none,none
2774,422,0,neutral,0.045387983,0.49500766,0.45960438,positive,0.9775763154029846,0.02242368459701538,none,agreement,none,none
2775,422,0,neutral,0.031218255,0.4582687,0.510513,positive,0.9158028960227966,0.08419710397720337,none,agreement,none,none
2776,422,0,neutral,0.05311347,0.57489926,0.37198728,positive,0.9179955124855042,0.08200448751449585,none,agreement,none,none
2777,422,0,neutral,0.086399965,0.08580033,0.82779974,negative,0.21501165628433228,0.7849883437156677,none,none,none,none
2778,422,0,neutral,0.021094816,0.546579,0.43232617,negative,0.006528697442263365,0.9934713025577366,none,none,none,none
2779,422,0,neutral,0.38387284,0.30333585,0.31279132,positive,0.9985961318016052,0.0014038681983947754,none,agreement,none,none
2780,422,0,positive,0.96813,0.005207868,0.026662137,positive,0.9997684359550476,0.00023156404495239258,agreement,agreement,none,none
2781,422,0,negative,0.020757018,0.81012684,0.16911623,negative,0.01271643303334713,0.9872835669666529,none,none,none,none
2782,422,0,neutral,0.01620276,0.6946867,0.28911054,negative,0.04677296429872513,0.9532270357012749,none,none,none,none
2783,422,0,neutral,0.10034223,0.51140314,0.3882546,negative,0.019753456115722656,0.9802465438842773,none,none,none,none
2784,422,0,negative,0.010514403,0.8165792,0.17290634,negative,0.0020706788636744022,0.9979293211363256,none,none,none,none
2785,422,0,negative,0.019463629,0.7733847,0.20715168,negative,0.01038187462836504,0.989618125371635,none,none,none,none
2786,422,0,neutral,0.09999888,0.54047775,0.35952333,negative,0.006245712283998728,0.9937542877160013,none,none,none,none
2787,422,0,neutral,0.029049313,0.636144,0.3348067,negative,0.10048167407512665,0.8995183259248734,none,none,none,none
2788,422,0,negative,0.010494392,0.8330411,0.15646449,negative,0.0020480032544583082,0.9979519967455417,none,none,none,none
2789,422,0,neutral,0.049163956,0.55067307,0.40016294,negative,0.004560934845358133,0.9954390651546419,none,none,none,none
2790,422,0,positive,0.9593291,0.0061728894,0.034497976,positive,0.9980216026306152,0.0019783973693847656,agreement,agreement,none,none
2791,422,0,positive,0.90377486,0.024885513,0.071339644,positive,0.9997932314872742,0.00020676851272583008,agreement,agreement,none,none
2792,422,0,neutral,0.4533837,0.024281323,0.52233493,negative,0.019041690975427628,0.9809583090245724,none,none,none,none
2793,422,0,neutral,0.41070405,0.13523538,0.4540606,positive,0.9961270689964294,0.0038729310035705566,none,agreement,none,none
2794,422,0,neutral,0.029484717,0.54838276,0.42213243,negative,0.038690235465765,0.961309764534235,none,none,none,none
2795,422,0,negative,0.007117084,0.8233856,0.16949737,negative,0.0057495455257594585,0.9942504544742405,none,none,none,none
2796,422,0,negative,0.007982015,0.8344833,0.15753457,negative,0.0149068683385849,0.9850931316614151,none,none,none,none
2797,422,0,neutral,0.01922697,0.5839842,0.39678884,negative,0.0007795558776706457,0.9992204441223294,none,none,none,none
2798,422,0,negative,0.0098659,0.87777835,0.112355724,negative,0.0013469643890857697,0.9986530356109142,none,none,none,none
2799,422,0,positive,0.9052298,0.013454494,0.08131571,positive,0.9996211528778076,0.0003788471221923828,agreement,agreement,none,none
2800,422,0,neutral,0.575072,0.10963444,0.31529358,positive,0.9998043179512024,0.00019568204879760742,none,agreement,none,none
2802,423,0,neutral,0.11375026,0.046321806,0.83992785,positive,0.9840338230133057,0.015966176986694336,none,agreement,none,none
2803,423,0,neutral,0.3999044,0.0054581854,0.59463745,positive,0.9624416828155518,0.03755831718444824,none,agreement,none,none
2804,423,0,neutral,0.13047907,0.16845532,0.7010656,positive,0.9493125677108765,0.050687432289123535,none,agreement,none,agreement
2805,423,0,neutral,0.47105068,0.00838864,0.5205607,positive,0.9402187466621399,0.05978125333786011,none,agreement,none,agreement
2806,423,0,neutral,0.11792951,0.03692382,0.84514666,positive,0.8406420946121216,0.15935790538787842,none,agreement,none,agreement
2807,423,0,neutral,0.09947529,0.10748563,0.7930391,negative,0.0038899234496057034,0.9961100765503943,none,conflict,none,conflict
2808,423,0,neutral,0.18189676,0.15469874,0.66340446,negative,0.0032304958440363407,0.9967695041559637,none,conflict,none,conflict
2809,423,0,negative,0.012192752,0.74953,0.23827723,negative,0.0004295965190976858,0.9995704034809023,conflict,conflict,conflict,conflict
2810,423,0,neutral,0.04297265,0.5704352,0.38659206,positive,0.9873908162117004,0.01260918378829956,none,agreement,none,agreement
2811,423,0,neutral,0.057954445,0.6078185,0.33422711,negative,0.00347676663659513,0.9965232333634049,none,conflict,none,conflict
2812,423,0,neutral,0.017886085,0.48902002,0.4930939,negative,0.0008217631839215755,0.9991782368160784,none,conflict,none,conflict
2813,423,0,neutral,0.032875597,0.68839663,0.27872777,negative,0.0006823038565926254,0.9993176961434074,none,conflict,none,conflict
2814,423,0,neutral,0.30544946,0.24764198,0.44690856,negative,0.08583495765924454,0.9141650423407555,none,conflict,none,conflict
2816,423,0,neutral,0.035594005,0.63781583,0.3265902,negative,0.05186627060174942,0.9481337293982506,none,conflict,none,conflict
2817,423,0,negative,0.009153134,0.86758626,0.123260655,negative,0.0006493197288364172,0.9993506802711636,conflict,conflict,conflict,conflict
2818,423,0,negative,0.007524307,0.8735969,0.11887875,negative,0.0008108052425086498,0.9991891947574914,conflict,conflict,conflict,conflict
2819,423,0,neutral,0.04003459,0.535633,0.42433238,negative,0.026317104697227478,0.9736828953027725,none,conflict,none,conflict
2821,423,0,positive,0.7536279,0.045966007,0.20040606,positive,0.9997932314872742,0.00020676851272583008,agreement,agreement,agreement,agreement
2822,423,0,neutral,0.12987037,0.4229923,0.4471373,negative,0.009414288215339184,0.9905857117846608,none,conflict,none,conflict
2823,423,0,neutral,0.54981595,0.03405419,0.4161298,negative,0.1485406905412674,0.8514593094587326,none,conflict,none,conflict
2824,424,0,positive,0.9834606,0.0031159448,0.013423461,positive,0.9998669624328613,0.00013303756713867188,agreement,agreement,none,none
2825,424,0,positive,0.9527414,0.011473145,0.03578544,positive,0.9991016387939453,0.0008983612060546875,agreement,agreement,none,none
2826,424,0,positive,0.75682694,0.016424863,0.22674817,positive,0.9975776076316833,0.0024223923683166504,agreement,agreement,agreement,none
2827,424,0,positive,0.93515545,0.00412516,0.060719457,positive,0.9982556700706482,0.0017443299293518066,agreement,agreement,agreement,agreement
2828,424,0,positive,0.9397836,0.014213854,0.046002496,positive,0.9987473487854004,0.0012526512145996094,agreement,agreement,none,none
2829,424,0,neutral,0.2630098,0.17558235,0.5614078,negative,0.026139723137021065,0.9738602768629789,none,conflict,none,conflict
2830,424,0,positive,0.8712694,0.014301618,0.11442903,positive,0.9967286586761475,0.003271341323852539,agreement,agreement,none,none
2831,424,0,positive,0.87923306,0.012345522,0.10842143,positive,0.9987238049507141,0.0012761950492858887,agreement,agreement,none,none
2832,424,0,neutral,0.49996406,0.019640315,0.48039564,positive,0.884839653968811,0.11516034603118896,none,agreement,none,none
2833,424,0,neutral,0.11443351,0.33634722,0.54921925,negative,0.11740129441022873,0.8825987055897713,none,conflict,none,conflict
2834,424,0,negative,0.008885319,0.9006577,0.090456955,positive,0.9200761914253235,0.07992380857467651,conflict,agreement,conflict,agreement
2835,424,0,neutral,0.5260187,0.03607997,0.43790132,positive,0.997378945350647,0.0026210546493530273,none,agreement,none,none
2836,424,0,neutral,0.39009154,0.29002506,0.31988338,positive,0.999869704246521,0.0001302957534790039,none,agreement,none,agreement
2837,424,0,neutral,0.19093876,0.091434,0.7176272,positive,0.9972072243690491,0.0027927756309509277,none,agreement,none,agreement
2838,424,0,neutral,0.10189281,0.433019,0.4650882,negative,0.11446639150381088,0.8855336084961891,none,conflict,none,conflict
2839,424,0,neutral,0.017747251,0.66560847,0.3166443,negative,0.0017403870588168502,0.9982596129411831,none,conflict,none,conflict
2840,424,0,neutral,0.05481913,0.5059379,0.439243,negative,0.013303943909704685,0.9866960560902953,none,conflict,none,conflict
2841,424,0,neutral,0.4943575,0.14070606,0.36493644,negative,0.007090406958013773,0.9929095930419862,none,conflict,none,conflict
2842,424,0,neutral,0.4786692,0.15661845,0.3647123,neutral,0.41194775700569153,0.5880522429943085,none,none,none,none
2843,424,0,neutral,0.16056459,0.37798196,0.46145344,negative,0.0013362900353968143,0.9986637099646032,none,conflict,none,conflict
2844,424,0,negative,0.016107274,0.86786646,0.116026305,negative,0.00852496363222599,0.991475036367774,conflict,conflict,conflict,conflict
2845,424,0,negative,0.01404765,0.7885558,0.1973965,negative,0.12305665761232376,0.8769433423876762,conflict,conflict,conflict,conflict
2846,424,0,positive,0.98153496,0.0045748376,0.013890167,positive,0.9998688697814941,0.00013113021850585938,agreement,agreement,agreement,none
2847,424,0,neutral,0.14530252,0.21700099,0.63769644,positive,0.9057065844535828,0.09429341554641724,none,agreement,none,none
2848,424,0,positive,0.9421254,0.007179509,0.05069512,positive,0.9997695088386536,0.00023049116134643555,agreement,agreement,none,agreement
2849,425,0,neutral,0.30495787,0.17698556,0.5180566,negative,0.010805729776620865,0.9891942702233791,none,none,none,none
2850,425,0,neutral,0.68531376,0.018741958,0.29594427,neutral,0.32782453298568726,0.6721754670143127,none,none,none,none
2851,425,0,positive,0.8326017,0.025897333,0.14150096,positive,0.9996814727783203,0.0003185272216796875,agreement,agreement,none,none
2852,425,0,positive,0.8405165,0.033112448,0.12637097,neutral,0.44888052344322205,0.551119476556778,agreement,none,none,none
2853,425,0,neutral,0.117453285,0.32373598,0.5588108,negative,0.00037055095890536904,0.9996294490410946,none,none,none,none
2854,425,0,neutral,0.22994065,0.010165046,0.75989425,negative,0.028808418661355972,0.971191581338644,none,none,none,none
2855,425,0,positive,0.91509855,0.00411566,0.080785714,positive,0.9904018044471741,0.009598195552825928,agreement,agreement,none,none
2856,425,0,positive,0.95890015,0.0042791762,0.03682068,positive,0.9969356060028076,0.003064393997192383,agreement,agreement,none,none
2857,425,0,neutral,0.60694003,0.016865624,0.37619433,negative,0.004532133229076862,0.9954678667709231,none,none,none,none
2858,425,0,neutral,0.5489879,0.033008054,0.418004,positive,0.9947888851165771,0.0052111148834228516,none,agreement,none,none
2859,425,0,neutral,0.68071115,0.0076924907,0.3115963,positive,0.9931746125221252,0.006825387477874756,none,agreement,none,none
2860,425,0,negative,0.015856314,0.76161754,0.2225261,negative,0.007037266623228788,0.9929627333767712,none,none,none,none
2861,425,0,negative,0.015856603,0.7686151,0.21552825,negative,0.004303423687815666,0.9956965763121843,none,none,none,none
2862,425,0,neutral,0.038794346,0.45816678,0.5030389,negative,0.0007948110578581691,0.9992051889421418,none,none,none,none
2863,425,0,negative,0.0076840287,0.8396731,0.15264285,negative,0.002855914644896984,0.997144085355103,none,none,none,none
2864,425,0,neutral,0.07047113,0.33803046,0.59149843,positive,0.9776175618171692,0.02238243818283081,none,agreement,none,none
2865,425,0,negative,0.010968029,0.81373036,0.17530157,negative,0.0006175607559271157,0.9993824392440729,none,none,none,none
2867,425,0,neutral,0.01893767,0.5947866,0.38627565,negative,0.0038309728261083364,0.9961690271738917,none,none,none,none
2868,425,0,neutral,0.04524347,0.4506496,0.504107,negative,0.0003906293713953346,0.9996093706286047,none,none,none,none
2869,425,0,neutral,0.17035356,0.08290867,0.7467378,negative,0.009265780448913574,0.9907342195510864,none,none,none,none
2870,425,0,neutral,0.019389378,0.67173845,0.30887213,negative,0.0011636574054136872,0.9988363425945863,none,none,none,none
2871,425,0,neutral,0.0360297,0.62930393,0.3346664,negative,0.001499923411756754,0.9985000765882432,none,none,none,none
2872,425,0,neutral,0.08945762,0.08094737,0.82959497,negative,0.002350547816604376,0.9976494521833956,none,none,none,none
2873,425,0,neutral,0.046393573,0.5559928,0.39761367,negative,0.004345211666077375,0.9956547883339226,none,none,none,none
2874,425,0,neutral,0.05524142,0.4466268,0.49813172,negative,0.0385708250105381,0.9614291749894619,none,none,none,none
2876,425,0,positive,0.9831466,0.00403755,0.012815844,positive,0.999862790107727,0.00013720989227294922,agreement,agreement,none,none
2877,425,0,neutral,0.60875475,0.15434365,0.2369016,positive,0.8034254908561707,0.19657450914382935,none,agreement,none,none
2878,425,0,neutral,0.2875161,0.32390815,0.38857576,negative,0.006096666678786278,0.9939033333212137,none,none,none,none
2879,425,0,neutral,0.41084954,0.04546806,0.5436824,negative,0.0073679592460393906,0.9926320407539606,none,none,none,none
2880,425,0,positive,0.9691207,0.004468764,0.026410481,positive,0.999874472618103,0.00012552738189697266,agreement,agreement,none,none
2881,426,1,neutral,0.48984876,0.11640706,0.39374417,positive,0.9604626893997192,0.03953731060028076,none,conflict,none,conflict
2882,426,1,neutral,0.6667049,0.033885926,0.29940915,negative,0.020515309646725655,0.9794846903532743,none,agreement,none,agreement
2883,426,1,neutral,0.10189296,0.44990847,0.44819856,positive,0.999401330947876,0.0005986690521240234,none,conflict,none,conflict
2884,426,1,neutral,0.5933881,0.09946029,0.30715165,positive,0.9939849972724915,0.006015002727508545,none,conflict,none,conflict
2885,426,1,neutral,0.014547949,0.6751358,0.3103163,negative,0.0018488483037799597,0.99815115169622,none,agreement,none,agreement
2886,426,1,negative,0.0187218,0.717732,0.26354617,negative,0.0016229955945163965,0.9983770044054836,agreement,agreement,none,none
2887,426,1,neutral,0.03405742,0.40326172,0.56268084,negative,0.015185925178229809,0.9848140748217702,none,agreement,none,agreement
2888,426,1,negative,0.018432347,0.7879069,0.19366078,negative,0.003988688345998526,0.9960113116540015,agreement,agreement,none,none
2889,426,1,negative,0.009830183,0.88679415,0.1033757,negative,0.006488085724413395,0.9935119142755866,agreement,agreement,none,agreement
2890,426,1,negative,0.014873288,0.7624639,0.22266273,negative,0.0028572510927915573,0.9971427489072084,agreement,agreement,none,none
2891,426,1,negative,0.0075005824,0.8464185,0.14608091,positive,0.9914830327033997,0.008516967296600342,agreement,conflict,none,conflict
2892,426,1,positive,0.7997288,0.016408449,0.18386279,positive,0.9998072981834412,0.0001927018165588379,conflict,conflict,conflict,conflict
2893,426,1,neutral,0.29457965,0.17769878,0.52772164,positive,0.9359166622161865,0.06408333778381348,none,conflict,none,conflict
2894,426,1,negative,0.008063949,0.8887559,0.10318023,negative,0.0014528544852510095,0.998547145514749,agreement,agreement,agreement,agreement
2895,426,1,negative,0.007143786,0.92131144,0.071544684,negative,0.0003314166679047048,0.9996685833320953,agreement,agreement,agreement,agreement
2896,426,1,neutral,0.028497115,0.6819128,0.2895901,negative,0.0011757060419768095,0.9988242939580232,none,agreement,none,none
2897,426,1,positive,0.8031044,0.021942465,0.1749531,positive,0.9995753169059753,0.0004246830940246582,conflict,conflict,conflict,conflict
2898,426,1,positive,0.9312433,0.020430906,0.048325844,positive,0.9995680451393127,0.00043195486068725586,conflict,conflict,conflict,conflict
2900,426,1,positive,0.9622676,0.005951902,0.031780582,positive,0.9870477318763733,0.012952268123626709,conflict,conflict,conflict,conflict
2902,427,0,neutral,0.15431328,0.16313519,0.68255156,negative,0.0011669964296743274,0.9988330035703257,none,none,none,none
2903,427,0,neutral,0.4801979,0.24134064,0.27846152,positive,0.9935235977172852,0.006476402282714844,none,agreement,none,none
2904,427,0,neutral,0.04489253,0.5479092,0.40719825,negative,0.022800959646701813,0.9771990403532982,none,none,none,none
2905,427,0,neutral,0.17298761,0.20927614,0.6177363,negative,0.0013039042241871357,0.9986960957758129,none,none,none,none
2906,427,0,negative,0.010753833,0.80486286,0.18438338,negative,0.0018749615410342813,0.9981250384589657,none,none,none,none
2907,427,0,negative,0.014591807,0.75405055,0.23135763,negative,0.09505663067102432,0.9049433693289757,none,none,none,none
2908,427,0,negative,0.014525241,0.7686616,0.21681312,negative,0.001432374119758606,0.9985676258802414,none,none,none,none
2910,427,0,neutral,0.1629601,0.2223937,0.61464614,positive,0.9957927465438843,0.004207253456115723,none,agreement,none,none
2911,427,0,neutral,0.36521816,0.05659431,0.5781875,positive,0.9942726492881775,0.00572735071182251,none,agreement,none,none
2912,427,0,neutral,0.09815602,0.5394545,0.3623895,negative,0.0034672156907618046,0.9965327843092382,none,none,none,none
2913,427,0,neutral,0.34621152,0.37014806,0.28364044,negative,0.0044557093642652035,0.9955442906357348,none,none,none,none
2914,427,0,positive,0.9565602,0.003679756,0.03976013,positive,0.9985226988792419,0.0014773011207580566,agreement,agreement,none,none
2916,427,0,neutral,0.07249694,0.57404387,0.35345918,negative,0.004072442185133696,0.9959275578148663,none,none,none,none
2917,427,0,negative,0.0076605408,0.8846924,0.107647106,negative,0.0012640872737392783,0.9987359127262607,none,none,none,none
2918,427,0,neutral,0.03868245,0.435519,0.52579856,negative,0.0028543074149638414,0.9971456925850362,none,none,none,none
2919,427,0,neutral,0.09800044,0.071332715,0.83066684,negative,0.12046685814857483,0.8795331418514252,none,none,none,none
2921,428,0,neutral,0.38619468,0.17862089,0.43518442,negative,0.010561088100075722,0.9894389118999243,none,conflict,none,conflict
2922,428,0,neutral,0.059806004,0.2843106,0.6558834,negative,0.008508244529366493,0.9914917554706335,none,conflict,none,conflict
2923,428,0,neutral,0.082428955,0.26154792,0.6560231,negative,0.002624667016789317,0.9973753329832107,none,conflict,none,conflict
2924,428,0,neutral,0.121386014,0.51846886,0.36014515,negative,0.000973666668869555,0.9990263333311304,none,conflict,none,conflict
2925,428,0,neutral,0.036815844,0.5780608,0.38512337,negative,0.0018876170506700873,0.9981123829493299,none,conflict,none,conflict
2926,428,0,neutral,0.2462087,0.06463486,0.6891565,negative,0.001815394964069128,0.9981846050359309,none,conflict,none,conflict
2927,428,0,neutral,0.24729496,0.0314948,0.7212103,positive,0.96312415599823,0.03687584400177002,none,agreement,none,none
2928,428,0,positive,0.7868968,0.024763558,0.18833965,positive,0.9994677901268005,0.0005322098731994629,agreement,agreement,none,agreement
2929,428,0,neutral,0.35299262,0.16382942,0.48317802,neutral,0.6470358967781067,0.3529641032218933,none,none,none,none
2930,428,0,neutral,0.46196607,0.03491198,0.503122,positive,0.7341012954711914,0.2658987045288086,none,agreement,none,agreement
2932,428,0,neutral,0.102579884,0.5038208,0.39359933,negative,0.0029044323600828648,0.9970955676399171,none,conflict,none,conflict
2933,428,0,neutral,0.48637652,0.015723122,0.49790028,positive,0.9644186496734619,0.035581350326538086,none,agreement,none,none
2934,428,0,positive,0.86431026,0.0104193585,0.12527037,positive,0.9994020462036133,0.0005979537963867188,agreement,agreement,none,agreement
2935,428,0,positive,0.89249575,0.027052218,0.080451995,positive,0.9997143149375916,0.00028568506240844727,agreement,agreement,none,agreement
2936,428,0,positive,0.7154221,0.08108613,0.2034918,positive,0.9943915009498596,0.005608499050140381,agreement,agreement,none,none
2937,429,0,neutral,0.62772566,0.06957486,0.3026995,negative,0.027630560100078583,0.9723694398999214,none,conflict,none,conflict
2939,429,0,neutral,0.036340173,0.51805836,0.44560146,positive,0.958496630191803,0.04150336980819702,none,agreement,none,none
2940,429,0,neutral,0.32709864,0.1907445,0.4821569,neutral,0.49618226289749146,0.5038177371025085,none,none,none,none
2942,429,0,neutral,0.6725401,0.09453795,0.2329219,negative,0.006514837499707937,0.9934851625002921,none,conflict,none,conflict
2943,429,0,negative,0.01474772,0.7155519,0.2697004,negative,0.006047175265848637,0.9939528247341514,conflict,conflict,conflict,conflict
2944,429,0,neutral,0.10669518,0.2408887,0.6524161,positive,0.8792338967323303,0.12076610326766968,none,agreement,none,none
2945,429,0,neutral,0.01770077,0.6286295,0.3536698,negative,0.0011903669219464064,0.9988096330780536,none,conflict,none,conflict
2946,429,0,negative,0.013593456,0.77643025,0.20997629,negative,0.0044521065428853035,0.9955478934571147,conflict,conflict,conflict,conflict
2947,429,0,neutral,0.07238492,0.17816024,0.7494548,negative,0.003777481848374009,0.996222518151626,none,conflict,none,conflict
2948,429,0,neutral,0.040544033,0.4951181,0.46433786,negative,0.0015984481433406472,0.9984015518566594,none,conflict,none,conflict
2949,429,0,neutral,0.18935116,0.41477424,0.3958746,negative,0.018048331141471863,0.9819516688585281,none,conflict,none,conflict
2950,429,0,neutral,0.39203012,0.051334836,0.556635,negative,0.014538721181452274,0.9854612788185477,none,conflict,none,conflict
2951,429,0,positive,0.7935308,0.025715197,0.18075393,positive,0.9990234375,0.0009765625,agreement,agreement,agreement,none
2952,429,0,positive,0.9689535,0.0050081643,0.026038414,positive,0.9996048808097839,0.00039511919021606445,agreement,agreement,none,agreement
2953,429,0,neutral,0.4166939,0.066166855,0.51713926,negative,0.006502270232886076,0.9934977297671139,none,conflict,none,conflict
2954,429,0,neutral,0.29855004,0.17377442,0.52767557,positive,0.9966738224029541,0.0033261775970458984,none,agreement,none,agreement
2955,429,0,neutral,0.033603013,0.6411278,0.3252692,positive,0.976960301399231,0.023039698600769043,none,agreement,none,agreement
2958,430,0,positive,0.9453168,0.005108504,0.049574688,positive,0.996086835861206,0.003913164138793945,agreement,agreement,none,none
2959,430,0,negative,0.014750078,0.83747864,0.14777134,negative,0.0013949002604931593,0.9986050997395068,conflict,conflict,conflict,conflict
2960,430,0,positive,0.9498793,0.006695439,0.043425243,positive,0.8625070452690125,0.13749295473098755,agreement,agreement,agreement,none
2961,430,0,neutral,0.039938103,0.66674465,0.2933172,negative,0.0017710101092234254,0.9982289898907766,none,conflict,none,conflict
2962,430,0,neutral,0.583683,0.014900109,0.4014169,neutral,0.3466707170009613,0.6533292829990387,none,none,none,none
2963,430,0,neutral,0.6309587,0.053827774,0.3152136,positive,0.9913052916526794,0.008694708347320557,none,agreement,none,agreement
2964,430,0,neutral,0.58033836,0.075285114,0.34437656,positive,0.9972972273826599,0.002702772617340088,none,agreement,none,none
2965,430,0,negative,0.021006612,0.7237712,0.2552221,negative,0.0010468843393027782,0.9989531156606972,conflict,conflict,conflict,conflict
2966,430,0,neutral,0.04112662,0.5739012,0.3849722,negative,0.007902003824710846,0.9920979961752892,none,conflict,none,conflict
2967,430,0,negative,0.015495399,0.77306634,0.21143825,neutral,0.6893272399902344,0.3106727600097656,conflict,none,conflict,none
2968,430,0,positive,0.7256605,0.029892644,0.2444468,positive,0.999478280544281,0.0005217194557189941,agreement,agreement,agreement,none
2969,430,0,positive,0.918421,0.014458796,0.067120224,positive,0.9975236058235168,0.0024763941764831543,agreement,agreement,none,agreement
2970,430,0,neutral,0.030001659,0.65574723,0.3142511,negative,0.0005510458140634,0.9994489541859366,none,conflict,none,conflict
2971,430,0,neutral,0.11415143,0.38985813,0.49599046,negative,0.0009634252637624741,0.9990365747362375,none,conflict,none,conflict
2972,430,0,negative,0.014913904,0.779396,0.20569012,negative,0.0019182164687663317,0.9980817835312337,conflict,conflict,conflict,conflict
2973,430,0,neutral,0.027932446,0.5419717,0.43009588,negative,0.008320066146552563,0.9916799338534474,none,conflict,none,conflict
2974,430,0,positive,0.8003209,0.033440765,0.16623828,positive,0.993729829788208,0.006270170211791992,agreement,agreement,none,none
2975,430,0,negative,0.020310057,0.793574,0.18611597,negative,0.03056427277624607,0.9694357272237539,conflict,conflict,conflict,conflict
2976,430,0,neutral,0.41883683,0.14214228,0.4390208,positive,0.9900915622711182,0.009908437728881836,none,agreement,none,agreement
2977,430,0,neutral,0.30297935,0.37395328,0.32306743,positive,0.9256395101547241,0.07436048984527588,none,agreement,none,none
2978,430,0,positive,0.96131593,0.00659914,0.032084893,positive,0.9966895580291748,0.0033104419708251953,agreement,agreement,agreement,agreement
2979,430,0,neutral,0.21809149,0.3272112,0.45469737,positive,0.855276882648468,0.14472311735153198,none,agreement,none,agreement
2980,431,0,positive,0.9307336,0.009380021,0.059886407,positive,0.9994514584541321,0.0005485415458679199,agreement,agreement,none,none
2981,431,0,positive,0.94225204,0.004731908,0.05301606,positive,0.9996926784515381,0.00030732154846191406,agreement,agreement,none,none
2982,431,0,neutral,0.18120722,0.2660435,0.5527493,negative,0.07127796858549118,0.9287220314145088,none,conflict,none,conflict
2983,431,0,neutral,0.15041468,0.17926793,0.6703174,negative,0.0011102373246103525,0.9988897626753896,none,conflict,none,conflict
2984,431,0,positive,0.93035376,0.016847124,0.052799188,positive,0.999794065952301,0.0002059340476989746,agreement,agreement,none,none
2985,431,0,neutral,0.041186806,0.6296157,0.3291974,negative,0.015248478390276432,0.9847515216097236,none,conflict,none,conflict
2986,431,0,positive,0.75065875,0.017145772,0.23219542,positive,0.9975422620773315,0.002457737922668457,agreement,agreement,none,agreement
2987,431,0,positive,0.8909051,0.02165495,0.08743996,positive,0.9944222569465637,0.005577743053436279,agreement,agreement,none,agreement
2988,431,0,positive,0.97608376,0.0038201392,0.020096092,positive,0.9992771744728088,0.0007228255271911621,agreement,agreement,none,none
2990,431,0,positive,0.8424994,0.0299999,0.12750067,positive,0.9994257688522339,0.0005742311477661133,agreement,agreement,none,none
2991,431,0,positive,0.8047017,0.0135711,0.18172717,positive,0.9774842858314514,0.022515714168548584,agreement,agreement,none,none
2992,431,0,negative,0.008511587,0.8778785,0.11360992,negative,0.0097655626013875,0.9902344373986125,conflict,conflict,conflict,conflict
2993,431,0,negative,0.022800105,0.7697425,0.20745747,negative,0.007473333738744259,0.9925266662612557,conflict,conflict,conflict,conflict
2994,431,0,positive,0.8859369,0.010587281,0.103475764,positive,0.9997922778129578,0.00020772218704223633,agreement,agreement,agreement,agreement
2995,432,0,positive,0.9719338,0.0047774073,0.023288783,positive,0.999841570854187,0.00015842914581298828,agreement,agreement,none,none
2996,432,0,positive,0.9452721,0.0039023277,0.050825637,positive,0.9997891783714294,0.00021082162857055664,agreement,agreement,none,none
2997,432,0,positive,0.9524161,0.009680624,0.03790326,positive,0.9994562268257141,0.0005437731742858887,agreement,agreement,none,agreement
2998,432,0,neutral,0.110775396,0.31521288,0.57401174,positive,0.8210994601249695,0.17890053987503052,none,agreement,none,none
2999,432,0,neutral,0.28278795,0.026701422,0.6905107,positive,0.9985236525535583,0.0014763474464416504,none,agreement,none,none
3000,432,0,neutral,0.17573005,0.56798047,0.25628945,positive,0.9981610178947449,0.001838982105255127,none,agreement,none,none
3001,432,0,positive,0.7312723,0.016447535,0.2522802,negative,0.002643017563968897,0.9973569824360311,agreement,conflict,none,conflict
3002,432,0,negative,0.016213248,0.82820624,0.15558046,negative,0.001720633008517325,0.9982793669914827,conflict,conflict,conflict,conflict
3003,432,0,positive,0.7396186,0.0521112,0.20827016,positive,0.9995135068893433,0.0004864931106567383,agreement,agreement,none,none
3004,432,0,neutral,0.29641432,0.1548157,0.54877,positive,0.9960896968841553,0.0039103031158447266,none,agreement,none,none
3005,432,0,neutral,0.063082784,0.2932062,0.64371103,positive,0.8382771015167236,0.16172289848327637,none,agreement,none,none
3006,432,0,positive,0.8033776,0.026386509,0.1702359,negative,0.0026821179781109095,0.9973178820218891,agreement,conflict,none,conflict
3007,432,0,neutral,0.39156458,0.096744314,0.5116912,positive,0.9977376461029053,0.0022623538970947266,none,agreement,none,agreement
3008,432,0,positive,0.94718856,0.0114441505,0.04136731,positive,0.9901844263076782,0.009815573692321777,agreement,agreement,none,none
3009,432,0,positive,0.9855642,0.0034767387,0.010959002,positive,0.9998247027397156,0.00017529726028442383,agreement,agreement,agreement,agreement
3011,432,0,neutral,0.08007436,0.35689294,0.5630328,negative,0.011474448256194592,0.9885255517438054,none,conflict,none,conflict
3012,432,0,neutral,0.19561243,0.20693375,0.5974538,negative,0.009700068272650242,0.9902999317273498,none,conflict,none,conflict
3013,432,0,positive,0.8616389,0.012400141,0.12596092,positive,0.9991695880889893,0.0008304119110107422,agreement,agreement,none,none
3014,432,0,neutral,0.5136003,0.13351585,0.35288382,positive,0.9987691044807434,0.0012308955192565918,none,agreement,none,agreement
3016,433,0,positive,0.7544216,0.05549628,0.19008216,negative,0.286675363779068,0.713324636220932,agreement,none,none,none
3017,433,0,positive,0.83960193,0.033533014,0.12686504,positive,0.9988663196563721,0.0011336803436279297,agreement,agreement,none,none
3018,433,0,neutral,0.6514431,0.009823363,0.3387335,neutral,0.6798701882362366,0.3201298117637634,none,none,none,none
3019,433,0,neutral,0.38653547,0.09202224,0.5214423,positive,0.9549334645271301,0.04506653547286987,none,agreement,none,none
3020,433,0,neutral,0.02228774,0.53346723,0.44424507,negative,0.001188928377814591,0.9988110716221854,none,none,none,none
3021,433,0,negative,0.027271213,0.7048613,0.26786748,negative,0.00865747220814228,0.9913425277918577,none,none,none,none
3022,433,0,neutral,0.12395105,0.24580884,0.63024014,negative,0.005735737271606922,0.9942642627283931,none,none,none,none
3023,433,0,negative,0.012062578,0.8901703,0.09776715,negative,0.003671409795060754,0.9963285902049392,none,none,none,none
3024,433,0,neutral,0.25605738,0.1895294,0.55441326,negative,0.0094043193385005,0.9905956806614995,none,none,none,none
3025,433,0,neutral,0.15372111,0.39770713,0.44857183,negative,0.0035467648413032293,0.9964532351586968,none,none,none,none
3026,433,0,neutral,0.45486048,0.14196837,0.40317115,positive,0.9716955423355103,0.028304457664489746,none,agreement,none,none
3027,433,0,positive,0.8219877,0.008786924,0.16922535,positive,0.9965257048606873,0.003474295139312744,agreement,agreement,none,none
3028,433,0,positive,0.8868338,0.015880972,0.09728524,positive,0.9977512955665588,0.002248704433441162,agreement,agreement,none,none
3029,433,0,neutral,0.07102022,0.4676506,0.46132916,negative,0.0013073624577373266,0.9986926375422627,none,none,none,none
3030,433,0,neutral,0.029001608,0.5883979,0.38260046,negative,0.00549031887203455,0.9945096811279655,none,none,none,none
3031,433,0,negative,0.015503322,0.7140913,0.2704054,negative,0.00041428429540246725,0.9995857157045975,none,none,none,none
3034,434,0,positive,0.92215765,0.0095390575,0.06830325,positive,0.9991500377655029,0.0008499622344970703,agreement,agreement,none,none
3035,434,0,neutral,0.6655199,0.04119607,0.29328406,positive,0.9998089671134949,0.00019103288650512695,none,agreement,none,none
3036,434,0,positive,0.93699974,0.005404522,0.05759571,positive,0.998416543006897,0.0015834569931030273,agreement,agreement,agreement,none
3037,434,0,neutral,0.042077005,0.19094159,0.7669814,negative,0.0031022250186651945,0.9968977749813348,none,conflict,none,conflict
3038,434,0,neutral,0.4839376,0.04353415,0.47252828,positive,0.9797678589820862,0.02023214101791382,none,agreement,none,agreement
3039,434,0,neutral,0.097616814,0.15166318,0.75072,negative,0.0026743754278868437,0.9973256245721132,none,conflict,none,conflict
3040,434,0,neutral,0.028332487,0.5546724,0.41699508,negative,0.0008328849798999727,0.9991671150201,none,conflict,none,conflict
3041,434,0,neutral,0.04175625,0.51726246,0.44098133,negative,0.044730521738529205,0.9552694782614708,none,conflict,none,conflict
3042,434,0,neutral,0.13071099,0.2769917,0.59229726,negative,0.0011155253741890192,0.998884474625811,none,conflict,none,conflict
3043,434,0,neutral,0.43186775,0.12435884,0.44377336,neutral,0.6542372703552246,0.3457627296447754,none,none,none,none
3044,434,0,neutral,0.16316582,0.2928625,0.54397166,positive,0.9944869875907898,0.005513012409210205,none,agreement,none,agreement
3045,434,0,negative,0.011136547,0.84258664,0.1462768,negative,0.02224782481789589,0.9777521751821041,conflict,conflict,conflict,conflict
3046,434,0,negative,0.008182473,0.88052005,0.11129757,negative,0.0037325944285839796,0.996267405571416,conflict,conflict,conflict,conflict
3047,434,0,neutral,0.050337866,0.5401567,0.4095054,positive,0.9918415546417236,0.008158445358276367,none,agreement,none,agreement
3048,434,0,neutral,0.015990065,0.66410226,0.31990758,negative,0.0071923439390957355,0.9928076560609043,none,conflict,none,conflict
3049,434,0,neutral,0.511806,0.060731605,0.42746237,positive,0.9956241250038147,0.004375874996185303,none,agreement,none,none
3050,434,0,negative,0.012788537,0.7508349,0.23637667,negative,0.009952066466212273,0.9900479335337877,conflict,conflict,conflict,conflict
3051,434,0,neutral,0.032528073,0.42320088,0.544271,negative,0.011610902845859528,0.9883890971541405,none,conflict,none,conflict
3052,434,0,neutral,0.09615408,0.33050078,0.57334507,neutral,0.5982000827789307,0.40179991722106934,none,none,none,none
3053,434,0,neutral,0.101092055,0.3612525,0.5376554,positive,0.9979877471923828,0.0020122528076171875,none,agreement,none,agreement
3054,434,0,neutral,0.047510073,0.37254214,0.57994777,negative,0.005807595327496529,0.9941924046725035,none,conflict,none,conflict
3055,434,0,positive,0.9595067,0.0051459763,0.03534735,positive,0.9878502488136292,0.01214975118637085,agreement,agreement,none,agreement
3056,434,0,neutral,0.41207895,0.12507756,0.46284345,positive,0.9980499744415283,0.0019500255584716797,none,agreement,none,agreement
3057,434,0,neutral,0.1226894,0.088033125,0.78927743,negative,0.02930423989892006,0.9706957601010799,none,conflict,none,conflict
3058,434,0,positive,0.90419066,0.016883263,0.07892608,positive,0.9973011612892151,0.002698838710784912,agreement,agreement,agreement,agreement
3059,434,0,neutral,0.30678505,0.09692482,0.5962902,negative,0.027966797351837158,0.9720332026481628,none,conflict,none,conflict
3060,434,0,negative,0.010392277,0.9068757,0.082731925,negative,0.0047095948830246925,0.9952904051169753,conflict,conflict,conflict,conflict
3061,434,0,neutral,0.20778744,0.040163297,0.75204927,positive,0.9993960857391357,0.0006039142608642578,none,agreement,none,agreement
3062,434,0,neutral,0.13457122,0.089224026,0.7762047,negative,0.009609025903046131,0.9903909740969539,none,conflict,none,conflict
3063,434,0,neutral,0.20083249,0.20581299,0.5933545,negative,0.021340083330869675,0.9786599166691303,none,conflict,none,conflict
3064,434,0,positive,0.9568373,0.0052986145,0.037864123,positive,0.9934304356575012,0.006569564342498779,agreement,agreement,agreement,none
3065,434,0,positive,0.9672898,0.00409636,0.028613871,positive,0.9998507499694824,0.00014925003051757812,agreement,agreement,none,agreement
3066,435,0,positive,0.7035371,0.012753986,0.2837089,positive,0.9607542753219604,0.03924572467803955,agreement,agreement,none,none
3067,435,0,neutral,0.31634736,0.08599383,0.5976588,negative,0.0004960321821272373,0.9995039678178728,none,none,none,none
3069,435,0,positive,0.8554024,0.02463264,0.119964905,positive,0.9997351765632629,0.00026482343673706055,agreement,agreement,none,none
3070,435,0,neutral,0.19748083,0.10864568,0.69387347,negative,0.06373651325702667,0.9362634867429733,none,none,none,none
3071,435,0,neutral,0.28724945,0.17746231,0.53528816,negative,0.00867459923028946,0.9913254007697105,none,none,none,none
3072,435,0,neutral,0.022530852,0.6478012,0.32966793,negative,0.0010468832915648818,0.9989531167084351,none,none,none,none
3073,435,0,positive,0.8639827,0.005511525,0.13050587,positive,0.9998002648353577,0.00019973516464233398,agreement,agreement,none,none
3074,435,0,neutral,0.59068,0.07372197,0.33559805,positive,0.9998476505279541,0.00015234947204589844,none,agreement,none,none
3075,435,0,neutral,0.40426525,0.085202836,0.5105319,positive,0.9766740798950195,0.02332592010498047,none,agreement,none,none
3076,435,0,neutral,0.35882598,0.35669306,0.284481,positive,0.9989609718322754,0.0010390281677246094,none,agreement,none,none
3077,435,0,neutral,0.37082806,0.05969741,0.5694745,positive,0.9962248802185059,0.0037751197814941406,none,agreement,none,none
3078,435,0,neutral,0.21351857,0.1669707,0.61951077,negative,0.019688265398144722,0.9803117346018553,none,none,none,none
3079,435,0,neutral,0.0251488,0.6888398,0.28601137,negative,0.0007053342997096479,0.9992946657002904,none,none,none,none
3080,435,0,negative,0.007099235,0.8764609,0.11643987,negative,0.0104607455432415,0.9895392544567585,none,none,none,none
3081,435,0,negative,0.00880218,0.86250925,0.12868857,negative,0.0018292502500116825,0.9981707497499883,none,none,none,none
3082,435,0,negative,0.010592026,0.85045385,0.13895416,negative,0.002395611722022295,0.9976043882779777,none,none,none,none
3083,435,0,neutral,0.22851226,0.1653229,0.6061649,negative,0.007895020768046379,0.9921049792319536,none,none,none,none
3084,435,0,neutral,0.040901206,0.46150032,0.49759844,negative,0.004265441093593836,0.9957345589064062,none,none,none,none
3085,435,0,positive,0.9276046,0.011479879,0.060915448,positive,0.9997720122337341,0.00022798776626586914,agreement,agreement,none,none
3086,435,0,neutral,0.092797145,0.63121825,0.27598453,negative,0.0014615594409406185,0.9985384405590594,none,none,none,none
3087,436,0,positive,0.89476675,0.012854693,0.09237855,positive,0.9933317303657532,0.006668269634246826,agreement,agreement,none,none
3088,436,0,neutral,0.5043704,0.03899865,0.45663092,positive,0.9723672270774841,0.02763277292251587,none,agreement,none,none
3089,436,0,neutral,0.12308378,0.15991592,0.7170003,negative,0.003426280803978443,0.9965737191960216,none,conflict,none,conflict
3090,436,0,neutral,0.67130023,0.0064366134,0.32226315,positive,0.9996318817138672,0.0003681182861328125,none,agreement,none,none
3091,436,0,positive,0.9154873,0.006095808,0.078416884,positive,0.9967064261436462,0.0032935738563537598,agreement,agreement,agreement,agreement
3092,436,0,neutral,0.45897314,0.037712183,0.5033146,positive,0.987266480922699,0.012733519077301025,none,agreement,none,none
3094,436,0,positive,0.7130377,0.029125875,0.25783634,negative,0.00198699114844203,0.998013008851558,agreement,conflict,none,conflict
3095,436,0,neutral,0.024838308,0.653036,0.32212567,negative,0.0004914833116345108,0.9995085166883655,none,conflict,none,conflict
3096,436,0,neutral,0.108922854,0.21225108,0.67882603,positive,0.9954054355621338,0.004594564437866211,none,agreement,none,agreement
3097,436,0,neutral,0.028230993,0.4770163,0.49475273,negative,0.0005648744408972561,0.9994351255591027,none,conflict,none,conflict
3098,436,0,neutral,0.061894216,0.6232335,0.3148723,negative,0.018560560420155525,0.9814394395798445,none,conflict,none,conflict
3099,436,0,neutral,0.53543675,0.06418915,0.40037405,positive,0.9525067806243896,0.04749321937561035,none,agreement,none,none
3100,436,0,neutral,0.025773684,0.67498755,0.29923883,negative,0.0022052389103919268,0.9977947610896081,none,conflict,none,conflict
3101,436,0,neutral,0.054661397,0.5424272,0.40291142,negative,0.00549253961071372,0.9945074603892863,none,conflict,none,conflict
3102,436,0,neutral,0.5418678,0.07066482,0.3874674,negative,0.01337154395878315,0.9866284560412169,none,conflict,none,conflict
3103,436,0,neutral,0.4719362,0.014279737,0.51378405,positive,0.9816865921020508,0.01831340789794922,none,agreement,none,agreement
3104,436,0,neutral,0.16410339,0.09477633,0.7411203,positive,0.9793407917022705,0.020659208297729492,none,agreement,none,agreement
3105,436,0,negative,0.015978279,0.7412446,0.24277715,negative,0.0011378797935321927,0.9988621202064678,conflict,conflict,conflict,conflict
3106,436,0,neutral,0.05828624,0.29401702,0.6476968,negative,0.19327381253242493,0.8067261874675751,none,conflict,none,conflict
3107,436,0,neutral,0.2309249,0.028279133,0.74079585,negative,0.03317765146493912,0.9668223485350609,none,conflict,none,conflict
3108,437,0,positive,0.96480054,0.0044920775,0.030707393,positive,0.9997510313987732,0.00024896860122680664,agreement,agreement,none,none
3109,437,0,neutral,0.46121323,0.010201649,0.5285852,positive,0.9949370622634888,0.0050629377365112305,none,agreement,none,none
3110,437,0,positive,0.86456144,0.0042192955,0.13121924,positive,0.9988628625869751,0.0011371374130249023,agreement,agreement,none,none
3111,437,0,neutral,0.044348307,0.35019472,0.6054569,negative,0.04582424834370613,0.9541757516562939,none,conflict,none,conflict
3112,437,0,positive,0.815574,0.025725434,0.15870064,positive,0.9924408197402954,0.00755918025970459,agreement,agreement,agreement,agreement
3113,437,0,negative,0.013975888,0.8817715,0.104252525,negative,0.0006562620983459055,0.9993437379016541,conflict,conflict,conflict,conflict
3114,437,0,neutral,0.076670825,0.26639488,0.65693426,negative,0.003176651429384947,0.996823348570615,none,conflict,none,conflict
3115,437,0,neutral,0.5881702,0.19761994,0.21420988,negative,0.010724528692662716,0.9892754713073373,none,conflict,none,conflict
3116,437,0,neutral,0.3075536,0.29186258,0.40058386,positive,0.7305583357810974,0.2694416642189026,none,agreement,none,none
3117,437,0,neutral,0.21824382,0.08136546,0.70039076,negative,0.009701904840767384,0.9902980951592326,none,conflict,none,conflict
3118,437,0,neutral,0.36717123,0.17528893,0.45753986,negative,0.09060794860124588,0.9093920513987541,none,conflict,none,conflict
3119,437,0,positive,0.95655656,0.0068153376,0.0366281,positive,0.999782383441925,0.00021761655807495117,agreement,agreement,none,none
3120,437,0,positive,0.7984882,0.0051751113,0.19633667,positive,0.9975125789642334,0.0024874210357666016,agreement,agreement,agreement,agreement
3121,437,0,positive,0.7647618,0.015757125,0.21948113,positive,0.9853357076644897,0.014664292335510254,agreement,agreement,none,agreement
3122,437,0,negative,0.009231624,0.86613905,0.12462926,negative,0.0004485628451220691,0.9995514371548779,conflict,conflict,conflict,conflict
3123,437,0,neutral,0.4898062,0.09325417,0.41693968,positive,0.9364529848098755,0.06354701519012451,none,agreement,none,agreement
3124,437,0,positive,0.9751423,0.0031388989,0.021718778,positive,0.9980327486991882,0.0019672513008117676,agreement,agreement,none,none
3125,437,0,positive,0.9465695,0.0037801513,0.049650285,positive,0.9998090863227844,0.00019091367721557617,agreement,agreement,none,agreement
3126,437,0,positive,0.97658294,0.0052128644,0.018204264,positive,0.9998503923416138,0.00014960765838623047,agreement,agreement,none,agreement
3128,438,0,positive,0.9785895,0.0046231025,0.016787361,positive,0.9998290538787842,0.0001709461212158203,agreement,agreement,none,none
3129,438,0,neutral,0.033843517,0.653896,0.31226048,negative,0.0004729919310193509,0.9995270080689806,none,conflict,none,conflict
3130,438,0,neutral,0.38596368,0.017522883,0.5965134,negative,0.03821476176381111,0.9617852382361889,none,conflict,none,conflict
3131,438,0,positive,0.96600103,0.003350412,0.030648554,positive,0.999679684638977,0.0003203153610229492,agreement,agreement,none,agreement
3132,438,0,positive,0.9153407,0.003452141,0.08120716,positive,0.9996469020843506,0.00035309791564941406,agreement,agreement,none,none
3133,438,0,positive,0.9570191,0.0028997876,0.040081184,positive,0.9994811415672302,0.0005188584327697754,agreement,agreement,agreement,agreement
3134,438,0,neutral,0.44887632,0.010625424,0.5404983,positive,0.9922992587089539,0.007700741291046143,none,agreement,none,none
3135,438,0,positive,0.9113943,0.00853172,0.08007396,positive,0.9997603297233582,0.0002396702766418457,agreement,agreement,none,none
3136,438,0,neutral,0.105009235,0.27682132,0.6181694,negative,0.1446213275194168,0.8553786724805832,none,conflict,none,conflict
3137,438,0,neutral,0.4071077,0.059113484,0.5337788,positive,0.7023801803588867,0.2976198196411133,none,agreement,none,none
3138,438,0,neutral,0.5952173,0.017242163,0.38754055,negative,0.051830314099788666,0.9481696859002113,none,conflict,none,conflict
3139,438,0,neutral,0.5789518,0.014588669,0.40645963,positive,0.9780380725860596,0.02196192741394043,none,agreement,none,none
3140,438,0,neutral,0.10585675,0.13869466,0.75544864,positive,0.9959415793418884,0.004058420658111572,none,agreement,none,none
3141,438,0,neutral,0.5876715,0.012213495,0.40011498,negative,0.004158569499850273,0.9958414305001497,none,conflict,none,conflict
3142,438,0,positive,0.8005426,0.011812846,0.1876446,positive,0.9951401948928833,0.004859805107116699,agreement,agreement,agreement,agreement
3143,438,0,neutral,0.22287059,0.29607227,0.4810572,neutral,0.4793771505355835,0.5206228494644165,none,none,none,none
3144,438,0,neutral,0.027508447,0.6173493,0.3551422,negative,0.00026461476227268577,0.9997353852377273,none,conflict,none,conflict
3145,438,0,neutral,0.031123154,0.58200246,0.3868744,negative,0.0005566446343436837,0.9994433553656563,none,conflict,none,conflict
3146,438,0,neutral,0.09195861,0.22967906,0.67836237,neutral,0.6245770454406738,0.37542295455932617,none,none,none,none
3147,438,0,neutral,0.038439363,0.5028335,0.45872712,negative,0.011990155093371868,0.9880098449066281,none,conflict,none,conflict
3148,438,0,negative,0.016624816,0.80853087,0.17484425,negative,0.0003586718230508268,0.9996413281769492,conflict,conflict,conflict,conflict
3149,438,0,negative,0.026292283,0.7209498,0.25275788,positive,0.9079800844192505,0.09201991558074951,conflict,agreement,conflict,agreement
3150,438,0,neutral,0.15780923,0.39442125,0.44776952,positive,0.9161522388458252,0.0838477611541748,none,agreement,none,none
3151,438,0,positive,0.9062142,0.0090319775,0.08475383,positive,0.9945624470710754,0.0054375529289245605,agreement,agreement,none,none
3152,438,0,positive,0.93980193,0.00735884,0.052839264,positive,0.9987321496009827,0.001267850399017334,agreement,agreement,none,none
3153,438,0,positive,0.91962314,0.008371276,0.07200562,positive,0.9989399313926697,0.0010600686073303223,agreement,agreement,none,agreement
3154,438,0,neutral,0.29171875,0.24938953,0.4588917,negative,0.002878922736272216,0.9971210772637278,none,conflict,none,conflict
3155,438,0,positive,0.7556273,0.020055305,0.22431748,positive,0.9894808530807495,0.010519146919250488,agreement,agreement,none,none
3156,439,0,positive,0.7820927,0.016867688,0.20103964,positive,0.9993938207626343,0.0006061792373657227,agreement,agreement,none,none
3157,439,0,neutral,0.44111675,0.01930167,0.5395815,positive,0.9520706534385681,0.047929346561431885,none,agreement,none,agreement
3158,439,0,positive,0.8189586,0.016569376,0.16447206,positive,0.775145411491394,0.22485458850860596,agreement,agreement,none,none
3159,439,0,neutral,0.3492268,0.026744734,0.6240284,positive,0.9972484707832336,0.0027515292167663574,none,agreement,none,none
3160,439,0,neutral,0.53295213,0.02544411,0.44160372,positive,0.9973415732383728,0.0026584267616271973,none,agreement,none,none
3161,439,0,positive,0.97071564,0.0028723427,0.026412081,positive,0.999758780002594,0.00024121999740600586,agreement,agreement,agreement,agreement
3162,439,0,neutral,0.16809715,0.020699594,0.8112033,positive,0.9985411167144775,0.001458883285522461,none,agreement,none,none
3163,439,0,neutral,0.6153445,0.07159696,0.3130585,positive,0.9996731281280518,0.0003268718719482422,none,agreement,none,agreement
3164,439,0,positive,0.72813916,0.021033337,0.2508275,neutral,0.49213364720344543,0.5078663527965546,agreement,none,none,none
3165,439,0,neutral,0.13652834,0.15956715,0.7039045,positive,0.9697599411010742,0.03024005889892578,none,agreement,none,none
3166,439,0,neutral,0.11778716,0.31729236,0.5649205,positive,0.9956170320510864,0.004382967948913574,none,agreement,none,none
3167,439,0,neutral,0.061440423,0.3077587,0.63080084,negative,0.01493623573333025,0.9850637642666698,none,conflict,none,conflict
3168,439,0,neutral,0.026398148,0.57113326,0.40246865,negative,0.0031746348831802607,0.9968253651168197,none,conflict,none,conflict
3169,439,0,neutral,0.053666376,0.5347459,0.4115878,negative,0.0020785925444215536,0.9979214074555784,none,conflict,none,conflict
3170,439,0,negative,0.0064726546,0.9243425,0.069184795,negative,0.00020638488058466464,0.9997936151194153,conflict,conflict,conflict,conflict
3171,439,0,positive,0.85365504,0.00948877,0.13685617,neutral,0.44291940331459045,0.5570805966854095,agreement,none,none,none
3172,439,0,neutral,0.17326671,0.28487104,0.5418622,positive,0.9797011613845825,0.02029883861541748,none,agreement,none,agreement
3173,439,0,neutral,0.06265624,0.48630655,0.45103723,negative,0.012595518492162228,0.9874044815078378,none,conflict,none,conflict
3174,439,0,negative,0.02813204,0.7006393,0.2712286,negative,0.0073096430860459805,0.992690356913954,conflict,conflict,conflict,conflict
3175,439,0,neutral,0.053721316,0.4732287,0.47305003,negative,0.010754483751952648,0.9892455162480474,none,conflict,none,conflict
3176,439,0,neutral,0.39145336,0.11139038,0.49715626,negative,0.06797080487012863,0.9320291951298714,none,conflict,none,conflict
3177,439,0,positive,0.95444864,0.007573664,0.037977666,positive,0.999782383441925,0.00021761655807495117,agreement,agreement,none,none
3178,439,0,neutral,0.4074171,0.04161046,0.55097246,positive,0.9698581695556641,0.030141830444335938,none,agreement,none,agreement
3179,439,0,neutral,0.3446785,0.20552881,0.44979265,negative,0.005969865247607231,0.9940301347523928,none,conflict,none,conflict
3181,439,0,positive,0.8178704,0.017615385,0.16451418,positive,0.9969462752342224,0.003053724765777588,agreement,agreement,agreement,agreement
3182,440,1,positive,0.86849594,0.0037568468,0.12774724,positive,0.999580442905426,0.0004195570945739746,conflict,conflict,conflict,conflict
3183,440,1,neutral,0.09793793,0.21189964,0.6901624,negative,0.009174679405987263,0.9908253205940127,none,agreement,none,none
3184,440,1,positive,0.8879988,0.013814345,0.098186806,positive,0.9995101690292358,0.0004898309707641602,conflict,conflict,conflict,conflict
3185,440,1,neutral,0.5019914,0.033451717,0.4645569,positive,0.9982669353485107,0.0017330646514892578,none,conflict,none,conflict
3186,440,1,neutral,0.09390019,0.13172661,0.77437323,negative,0.002294628182426095,0.9977053718175739,none,agreement,none,none
3187,440,1,positive,0.93038243,0.0051019266,0.06451562,positive,0.9916581511497498,0.008341848850250244,conflict,conflict,conflict,conflict
3188,440,1,neutral,0.38963133,0.03536466,0.5750041,positive,0.9939826130867004,0.0060173869132995605,none,conflict,none,conflict
3189,440,1,neutral,0.15927023,0.13733627,0.70339346,positive,0.9330640435218811,0.0669359564781189,none,conflict,none,conflict
3190,440,1,neutral,0.14405605,0.094053686,0.7618903,positive,0.9966974258422852,0.0033025741577148438,none,conflict,none,conflict
3191,440,1,neutral,0.4200282,0.053905874,0.5260659,positive,0.9989057779312134,0.001094222068786621,none,conflict,none,conflict
3192,440,1,neutral,0.018920204,0.68363476,0.29744503,negative,0.002943128813058138,0.9970568711869419,none,agreement,none,agreement
3193,440,1,neutral,0.02221346,0.5008873,0.47689918,negative,0.02666214480996132,0.9733378551900387,none,agreement,none,none
3194,440,1,neutral,0.015027987,0.6818426,0.30312937,negative,0.012944759801030159,0.9870552401989698,none,agreement,none,agreement
3195,440,1,neutral,0.0452726,0.29688522,0.65784216,positive,0.9861528873443604,0.013847112655639648,none,conflict,none,conflict
3196,440,1,negative,0.0077249985,0.84230685,0.14996818,negative,0.004862666595727205,0.9951373334042728,agreement,agreement,agreement,agreement
3198,440,1,negative,0.011112375,0.85280603,0.13608156,negative,0.0003442307352088392,0.9996557692647912,agreement,agreement,none,none
3199,440,1,negative,0.009206204,0.8550822,0.1357115,negative,0.0008921186090447009,0.9991078813909553,agreement,agreement,none,none
3200,440,1,neutral,0.042943474,0.3428889,0.61416763,negative,0.0008799054194241762,0.9991200945805758,none,agreement,none,agreement
3201,440,1,neutral,0.24492013,0.07530673,0.6797731,positive,0.988828182220459,0.011171817779541016,none,conflict,none,conflict
3202,440,1,negative,0.016879726,0.8335433,0.14957695,negative,0.00522599508985877,0.9947740049101412,agreement,agreement,agreement,agreement
3203,440,1,neutral,0.026498148,0.53589636,0.4376054,negative,0.0021207663230597973,0.9978792336769402,none,agreement,none,agreement
3204,440,1,neutral,0.017374577,0.6280949,0.3545304,positive,0.994596540927887,0.005403459072113037,none,conflict,none,conflict
3205,440,1,negative,0.024937037,0.73018295,0.24488005,negative,0.0006486173369921744,0.9993513826630078,agreement,agreement,agreement,agreement
3206,440,1,negative,0.008679506,0.8997342,0.0915863,negative,0.0032153348438441753,0.9967846651561558,agreement,agreement,agreement,none
3207,440,1,positive,0.7132722,0.010838299,0.27588952,negative,0.009615226648747921,0.9903847733512521,conflict,agreement,conflict,none
3208,440,1,positive,0.89256215,0.0092387535,0.09819905,positive,0.9985644221305847,0.0014355778694152832,conflict,conflict,conflict,conflict
3209,440,1,neutral,0.35510203,0.04152465,0.60337335,positive,0.9953809976577759,0.004619002342224121,none,conflict,none,conflict
3210,440,1,neutral,0.1353242,0.3997977,0.46487805,positive,0.9847129583358765,0.015287041664123535,none,conflict,none,conflict
3212,440,1,neutral,0.3011107,0.13874727,0.560142,positive,0.9962999224662781,0.003700077533721924,none,conflict,none,conflict
3214,440,1,neutral,0.12090505,0.28982902,0.5892659,negative,0.005257194861769676,0.9947428051382303,none,agreement,none,agreement
3215,441,1,neutral,0.656896,0.080972545,0.2621314,negative,0.009843788109719753,0.9901562118902802,none,agreement,none,none
3216,441,1,positive,0.9730666,0.0037674282,0.02316598,positive,0.9989458918571472,0.0010541081428527832,conflict,conflict,conflict,conflict
3217,441,1,positive,0.94914263,0.014361815,0.03649561,positive,0.9993489384651184,0.0006510615348815918,conflict,conflict,conflict,conflict
3218,441,1,negative,0.008671479,0.86259425,0.12873428,negative,0.0008412227034568787,0.9991587772965431,agreement,agreement,none,none
3220,441,1,neutral,0.16992976,0.38412043,0.44594982,negative,0.0024177476298063993,0.9975822523701936,none,agreement,none,agreement
3223,441,1,negative,0.0045129033,0.9221199,0.073367186,negative,0.0004382044426165521,0.9995617955573834,agreement,agreement,agreement,agreement
3224,441,1,neutral,0.02885903,0.59367543,0.37746558,negative,0.06221736595034599,0.937782634049654,none,agreement,none,none
3225,441,1,negative,0.0066631045,0.9355259,0.057811067,negative,0.007543434854596853,0.9924565651454031,agreement,agreement,agreement,agreement
3226,441,1,neutral,0.020264557,0.5906829,0.38905257,negative,0.017008915543556213,0.9829910844564438,none,agreement,none,none
3227,441,1,negative,0.020368408,0.7004436,0.27918798,negative,0.00473373755812645,0.9952662624418736,agreement,agreement,none,none
3228,441,1,negative,0.008475656,0.91127586,0.080248505,negative,0.008473945781588554,0.9915260542184114,agreement,agreement,none,none
3229,441,1,negative,0.0068053924,0.9217962,0.0713984,negative,0.0009697561035864055,0.9990302438964136,agreement,agreement,agreement,agreement
3231,441,1,neutral,0.05415341,0.5740634,0.37178314,neutral,0.6594344973564148,0.3405655026435852,none,none,none,none
3232,441,1,positive,0.9543533,0.016466243,0.029180497,positive,0.9998188614845276,0.0001811385154724121,conflict,conflict,conflict,conflict
3233,441,1,neutral,0.6923442,0.0103055,0.29735038,positive,0.9988413453102112,0.0011586546897888184,none,conflict,none,conflict
3234,441,1,neutral,0.05121107,0.66056585,0.288223,negative,0.0039643109776079655,0.996035689022392,none,agreement,none,none
3236,441,1,negative,0.008704907,0.8866846,0.104610525,negative,0.0045613632537424564,0.9954386367462575,agreement,agreement,none,none
3237,441,1,neutral,0.41387492,0.02523685,0.5608882,positive,0.9990901947021484,0.0009098052978515625,none,conflict,none,conflict
3238,442,0,positive,0.7612648,0.013986187,0.22474907,positive,0.9985478520393372,0.0014521479606628418,agreement,agreement,none,none
3239,442,0,neutral,0.13299118,0.14877196,0.71823686,negative,0.001801459351554513,0.9981985406484455,none,none,none,none
3240,442,0,negative,0.018812088,0.8121143,0.16907357,negative,0.10571887344121933,0.8942811265587807,none,none,none,none
3241,442,0,positive,0.7006776,0.009705954,0.28961644,positive,0.9996540546417236,0.0003459453582763672,agreement,agreement,none,none
3242,442,0,positive,0.81119806,0.02516502,0.16363697,positive,0.929789662361145,0.07021033763885498,agreement,agreement,none,none
3243,442,0,neutral,0.5371756,0.03730903,0.4255154,negative,0.027589421719312668,0.9724105782806873,none,none,none,none
3244,442,0,neutral,0.059142984,0.3590414,0.5818156,negative,0.22022661566734314,0.7797733843326569,none,none,none,none
3245,442,0,neutral,0.22598764,0.37042385,0.4035885,positive,0.9939663410186768,0.006033658981323242,none,agreement,none,none
3246,442,0,neutral,0.08059344,0.39136428,0.52804226,neutral,0.6432095766067505,0.3567904233932495,none,none,none,none
3248,442,0,neutral,0.1407878,0.2522142,0.606998,negative,0.003551111789420247,0.9964488882105798,none,none,none,none
3249,442,0,neutral,0.07218228,0.4062227,0.52159506,positive,0.9115193486213684,0.08848065137863159,none,agreement,none,none
3250,442,0,neutral,0.28492996,0.04648946,0.66858053,neutral,0.4218895137310028,0.5781104862689972,none,none,none,none
3251,442,0,negative,0.015363107,0.8038083,0.18082863,negative,0.008567750453948975,0.991432249546051,none,none,none,none
3252,442,0,negative,0.01736037,0.8092776,0.17336208,negative,0.0010817431611940265,0.998918256838806,none,none,none,none
3253,442,0,negative,0.01837625,0.8111641,0.17045967,negative,0.022132908925414085,0.9778670910745859,none,none,none,none
3254,442,0,neutral,0.098012954,0.41353866,0.4884484,negative,0.010075617581605911,0.9899243824183941,none,none,none,none
3255,442,0,neutral,0.16255261,0.28527653,0.55217093,positive,0.984918475151062,0.015081524848937988,none,agreement,none,none
3256,442,0,positive,0.86241996,0.023342356,0.114237666,positive,0.9976755976676941,0.002324402332305908,agreement,agreement,none,none
3257,442,0,neutral,0.6254778,0.0882251,0.28629708,positive,0.982727587223053,0.01727241277694702,none,agreement,none,none
3258,442,0,neutral,0.16615821,0.21656722,0.6172745,positive,0.9157705307006836,0.0842294692993164,none,agreement,none,none
3259,443,0,positive,0.86364686,0.015849147,0.120503955,positive,0.9925451874732971,0.007454812526702881,agreement,agreement,agreement,none
3260,443,0,neutral,0.18110403,0.27734143,0.5415546,neutral,0.6445383429527283,0.35546165704727173,none,none,none,none
3261,443,0,neutral,0.38882297,0.03823397,0.572943,negative,0.04386496543884277,0.9561350345611572,none,conflict,none,conflict
3262,443,0,neutral,0.15230736,0.048684634,0.799008,negative,0.007830468006432056,0.9921695319935679,none,conflict,none,conflict
3264,443,0,neutral,0.2049936,0.09278372,0.7022227,positive,0.9896270036697388,0.01037299633026123,none,agreement,none,agreement
3265,443,0,neutral,0.026074719,0.6475969,0.32632846,negative,0.011812480166554451,0.9881875198334455,none,conflict,none,conflict
3266,443,0,neutral,0.20782173,0.111921206,0.68025696,negative,0.012651130557060242,0.9873488694429398,none,conflict,none,conflict
3267,443,0,neutral,0.6292035,0.07814629,0.29265022,positive,0.9663985371589661,0.033601462841033936,none,agreement,none,agreement
3268,443,0,negative,0.023331098,0.7767375,0.19993146,negative,0.000626751862000674,0.9993732481379993,conflict,conflict,conflict,conflict
3271,444,0,positive,0.8254808,0.015785662,0.15873349,positive,0.999497652053833,0.0005023479461669922,agreement,agreement,none,none
3272,444,0,positive,0.7476803,0.01606382,0.23625587,positive,0.8470154404640198,0.15298455953598022,agreement,agreement,none,none
3273,444,0,positive,0.9713662,0.0059048976,0.022728903,positive,0.9998496770858765,0.00015032291412353516,agreement,agreement,none,none
3274,444,0,positive,0.76838595,0.004878109,0.22673586,positive,0.9894975423812866,0.010502457618713379,agreement,agreement,none,none
3275,444,0,positive,0.89948624,0.006777018,0.093736686,positive,0.9996205568313599,0.0003794431686401367,agreement,agreement,none,none
3276,444,0,neutral,0.041543853,0.68073976,0.2777163,negative,0.023212488740682602,0.9767875112593174,none,none,none,none
3277,444,0,negative,0.024144901,0.7705044,0.20535061,negative,0.0009958402952179313,0.9990041597047821,none,none,none,none
3278,444,0,neutral,0.44937602,0.12802948,0.42259458,negative,0.12018756568431854,0.8798124343156815,none,none,none,none
3279,444,0,negative,0.01974148,0.80944157,0.17081691,negative,0.0020476814825087786,0.9979523185174912,none,none,none,none
3280,444,0,neutral,0.37948218,0.07337794,0.5471398,positive,0.9907468557357788,0.009253144264221191,none,agreement,none,none
3281,444,0,negative,0.026236013,0.826478,0.14728594,negative,0.005961190443485975,0.994038809556514,none,none,none,none
3282,444,0,negative,0.008393013,0.8588886,0.13271841,negative,0.004851497244089842,0.9951485027559102,none,none,none,none
3283,444,0,neutral,0.054025467,0.45774356,0.48823097,negative,0.05680663511157036,0.9431933648884296,none,none,none,none
3284,444,0,neutral,0.03496454,0.5377959,0.4272396,negative,0.002000640146434307,0.9979993598535657,none,none,none,none
3285,444,0,neutral,0.14990962,0.051400784,0.7986896,positive,0.9950630068778992,0.00493699312210083,none,agreement,none,none
3286,444,0,neutral,0.03346817,0.31684375,0.64968807,negative,0.0729423388838768,0.9270576611161232,none,none,none,none
3287,444,0,positive,0.7459744,0.02831552,0.22570997,positive,0.9955477714538574,0.004452228546142578,agreement,agreement,none,none
3288,444,0,positive,0.94714946,0.0030253087,0.04982527,positive,0.9988248944282532,0.0011751055717468262,agreement,agreement,none,none
3289,444,0,negative,0.010526752,0.8205885,0.16888468,neutral,0.6693083047866821,0.33069169521331787,none,none,none,none
3290,444,0,positive,0.77969754,0.055152267,0.16515021,positive,0.992224931716919,0.007775068283081055,agreement,agreement,none,none
3291,444,0,neutral,0.18717581,0.113133095,0.69969106,negative,0.014934102073311806,0.9850658979266882,none,none,none,none
3292,444,0,neutral,0.14473091,0.27211726,0.5831519,negative,0.005666392855346203,0.9943336071446538,none,none,none,none
3293,444,0,neutral,0.056588396,0.63774884,0.30566275,positive,0.9922314882278442,0.007768511772155762,none,agreement,none,none
3294,444,0,positive,0.9611212,0.011246229,0.027632562,positive,0.9993951320648193,0.0006048679351806641,agreement,agreement,none,none
3295,444,0,neutral,0.2903836,0.08864959,0.6209668,positive,0.9749186038970947,0.025081396102905273,none,agreement,none,none
3296,444,0,neutral,0.22315255,0.3865131,0.39033434,negative,0.025032663717865944,0.9749673362821341,none,none,none,none
3297,444,0,neutral,0.09507142,0.52668965,0.37823898,neutral,0.46139949560165405,0.538600504398346,none,none,none,none
3298,444,0,neutral,0.3500483,0.3766336,0.27331814,positive,0.9475030899047852,0.052496910095214844,none,agreement,none,none
3299,444,0,positive,0.9622967,0.005385716,0.032317586,positive,0.9995573163032532,0.00044268369674682617,agreement,agreement,none,none
3302,445,0,positive,0.8974469,0.003657053,0.09889612,positive,0.999760091304779,0.00023990869522094727,agreement,agreement,agreement,agreement
3303,445,0,neutral,0.10945276,0.25575277,0.6347945,positive,0.9520776867866516,0.04792231321334839,none,agreement,none,agreement
3304,445,0,positive,0.8654039,0.007908727,0.12668745,positive,0.9998310804367065,0.00016891956329345703,agreement,agreement,none,none
3305,445,0,neutral,0.19318247,0.35794935,0.44886822,negative,0.009482389315962791,0.9905176106840372,none,conflict,none,conflict
3306,445,0,neutral,0.248358,0.4174757,0.33416626,positive,0.9991927742958069,0.0008072257041931152,none,agreement,none,agreement
3307,445,0,neutral,0.25204277,0.32915518,0.41880202,negative,0.01772146113216877,0.9822785388678312,none,conflict,none,conflict
3308,445,0,negative,0.007815056,0.91101974,0.081165105,negative,0.0018326384015381336,0.9981673615984619,conflict,conflict,conflict,conflict
3309,445,0,positive,0.80157673,0.047527812,0.15089542,positive,0.7401692271232605,0.2598307728767395,agreement,agreement,agreement,agreement
3310,445,0,neutral,0.20121895,0.18808946,0.61069155,positive,0.9604856371879578,0.039514362812042236,none,agreement,none,none
3311,445,0,neutral,0.48426473,0.07120043,0.44453487,positive,0.9923862218856812,0.007613778114318848,none,agreement,none,none
3312,445,0,positive,0.94360405,0.0062953983,0.05010056,positive,0.999869704246521,0.0001302957534790039,agreement,agreement,none,agreement
3313,445,0,positive,0.94857484,0.0039246567,0.047500473,positive,0.999727189540863,0.0002728104591369629,agreement,agreement,none,none
3314,445,0,negative,0.037672915,0.7175258,0.24480134,negative,0.026011480018496513,0.9739885199815035,conflict,conflict,conflict,conflict
3315,445,0,neutral,0.13167317,0.64382774,0.22449903,negative,0.11869318783283234,0.8813068121671677,none,conflict,none,conflict
3317,445,0,neutral,0.6593527,0.14032535,0.20032191,positive,0.9263274073600769,0.0736725926399231,none,agreement,none,agreement
3318,445,0,negative,0.007950688,0.90219235,0.08985688,negative,0.0036642446648329496,0.996335755335167,conflict,conflict,conflict,conflict
3319,445,0,positive,0.9729254,0.0040694405,0.023005055,positive,0.9998428821563721,0.0001571178436279297,agreement,agreement,none,agreement
3320,445,0,neutral,0.6999968,0.022891376,0.27711177,negative,0.005010973196476698,0.9949890268035233,none,conflict,none,conflict
3321,446,0,positive,0.85741717,0.03940439,0.10317843,negative,0.061395592987537384,0.9386044070124626,agreement,conflict,none,conflict
3322,446,0,neutral,0.533004,0.023104046,0.4438919,positive,0.9942580461502075,0.0057419538497924805,none,agreement,none,agreement
3323,446,0,positive,0.98559904,0.003158412,0.011242575,positive,0.9998480081558228,0.0001519918441772461,agreement,agreement,agreement,agreement
3324,446,0,positive,0.9706241,0.003928627,0.02544732,positive,0.9930779337882996,0.0069220662117004395,agreement,agreement,none,agreement
3326,446,0,neutral,0.34739336,0.26761845,0.3849882,positive,0.999332845211029,0.0006671547889709473,none,agreement,none,none
3327,446,0,neutral,0.1450965,0.18959661,0.6653069,positive,0.9873271584510803,0.012672841548919678,none,agreement,none,none
3328,446,0,positive,0.97484833,0.0065736715,0.018577982,positive,0.9993963241577148,0.0006036758422851562,agreement,agreement,none,none
3329,446,0,neutral,0.045439523,0.6723186,0.28224194,negative,0.048062924295663834,0.9519370757043362,none,conflict,none,conflict
3330,446,0,negative,0.0070519443,0.90205204,0.090896,negative,0.0038971873000264168,0.9961028126999736,conflict,conflict,conflict,conflict
3331,446,0,neutral,0.08189182,0.29879498,0.6193132,negative,0.021940579637885094,0.9780594203621149,none,conflict,none,conflict
3332,446,0,positive,0.9395428,0.009959781,0.050497483,positive,0.999568521976471,0.00043147802352905273,agreement,agreement,none,none
3333,446,0,positive,0.9588972,0.009901154,0.031201696,positive,0.999853253364563,0.00014674663543701172,agreement,agreement,none,none
3334,446,0,positive,0.78913206,0.031898618,0.1789693,positive,0.9843831658363342,0.015616834163665771,agreement,agreement,none,none
3335,446,0,positive,0.7284055,0.021767417,0.24982715,positive,0.9906094074249268,0.009390592575073242,agreement,agreement,none,none
3336,446,0,positive,0.87773854,0.0094131725,0.112848245,positive,0.9240899682044983,0.07591003179550171,agreement,agreement,none,none
3337,446,0,positive,0.8726121,0.0393245,0.0880634,positive,0.999510645866394,0.000489354133605957,agreement,agreement,none,none
3338,446,0,positive,0.9517571,0.0129981,0.03524481,positive,0.9958860278129578,0.004113972187042236,agreement,agreement,none,none
3339,446,0,positive,0.7709619,0.036052454,0.19298571,negative,0.15848159790039062,0.8415184020996094,agreement,conflict,none,conflict
3340,446,0,positive,0.94438154,0.008463593,0.047154848,positive,0.9992812275886536,0.0007187724113464355,agreement,agreement,none,none
3341,446,0,neutral,0.5585168,0.0751755,0.3663077,positive,0.9052342176437378,0.09476578235626221,none,agreement,none,none
3342,446,0,positive,0.9706579,0.0047353115,0.024606775,positive,0.9997190833091736,0.000280916690826416,agreement,agreement,none,agreement
3344,447,0,positive,0.80361944,0.02880728,0.1675733,positive,0.9991870522499084,0.0008129477500915527,agreement,agreement,agreement,agreement
3345,447,0,negative,0.06175094,0.7176777,0.2205713,positive,0.9995890259742737,0.00041097402572631836,conflict,agreement,conflict,none
3346,447,0,positive,0.8246778,0.010345508,0.16497663,negative,0.18558375537395477,0.8144162446260452,agreement,conflict,agreement,conflict
3347,447,0,neutral,0.6152064,0.014305939,0.37048766,negative,0.001846108352765441,0.9981538916472346,none,conflict,none,conflict
3348,447,0,neutral,0.13211052,0.2936356,0.5742538,positive,0.9928926229476929,0.007107377052307129,none,agreement,none,agreement
3349,447,0,neutral,0.59422165,0.025544696,0.38023365,positive,0.9996128678321838,0.0003871321678161621,none,agreement,none,agreement
3350,447,0,neutral,0.0132369,0.6908933,0.29586983,negative,0.00859637837857008,0.9914036216214299,none,conflict,none,conflict
3351,447,0,neutral,0.028974526,0.5076914,0.46333405,negative,0.003174134297296405,0.9968258657027036,none,conflict,none,conflict
3352,447,0,neutral,0.094668314,0.30148456,0.60384715,negative,0.2774188220500946,0.7225811779499054,none,conflict,none,conflict
3353,447,0,positive,0.9520229,0.004633784,0.04334334,positive,0.9998223185539246,0.00017768144607543945,agreement,agreement,agreement,agreement
3354,447,0,neutral,0.030416178,0.65306646,0.31651738,negative,0.09809113293886185,0.9019088670611382,none,conflict,none,conflict
3355,447,0,negative,0.013163569,0.7605289,0.22630748,negative,0.0030922251753509045,0.9969077748246491,conflict,conflict,conflict,conflict
3356,447,0,negative,0.016371736,0.7996079,0.1840204,neutral,0.5480977892875671,0.45190221071243286,conflict,none,conflict,none
3357,447,0,negative,0.0085021015,0.7911223,0.20037554,negative,0.0056923674419522285,0.9943076325580478,conflict,conflict,conflict,conflict
3358,447,0,neutral,0.28859085,0.24493515,0.46647397,negative,0.01716289296746254,0.9828371070325375,none,conflict,none,conflict
3359,447,0,neutral,0.43891883,0.033631552,0.52744967,positive,0.9936888217926025,0.006311178207397461,none,agreement,none,agreement
3361,447,0,neutral,0.6149327,0.12897564,0.25609168,neutral,0.3893987238407135,0.6106012761592865,none,none,none,none
3362,447,0,neutral,0.071478404,0.5862024,0.3423192,neutral,0.6553860902786255,0.3446139097213745,none,none,none,none
3363,447,0,negative,0.011049779,0.7441181,0.24483204,negative,0.0017106655286625028,0.9982893344713375,conflict,conflict,conflict,conflict
3364,447,0,neutral,0.1580107,0.072862975,0.76912636,negative,0.02301412634551525,0.9769858736544847,none,conflict,none,conflict
3365,448,1,positive,0.9327139,0.003840205,0.063445896,positive,0.9997572302818298,0.00024276971817016602,conflict,conflict,conflict,conflict
3366,448,1,positive,0.7971371,0.02841357,0.17444938,positive,0.9962479472160339,0.0037520527839660645,conflict,conflict,conflict,conflict
3367,448,1,neutral,0.03266891,0.6519041,0.31542698,positive,0.8249582052230835,0.1750417947769165,none,conflict,none,conflict
3368,448,1,neutral,0.13449545,0.35079154,0.514713,negative,0.004362328443676233,0.9956376715563238,none,agreement,none,agreement
3369,448,1,positive,0.8822118,0.011555255,0.10623289,positive,0.9993742108345032,0.0006257891654968262,conflict,conflict,conflict,conflict
3370,448,1,negative,0.02310678,0.78642476,0.19046842,negative,0.00791754387319088,0.9920824561268091,agreement,agreement,agreement,agreement
3371,448,1,neutral,0.18183628,0.32862112,0.48954266,positive,0.9981458187103271,0.0018541812896728516,none,conflict,none,conflict
3372,448,1,neutral,0.25099248,0.2148378,0.53416973,positive,0.9984121322631836,0.0015878677368164062,none,conflict,none,conflict
3373,448,1,neutral,0.08630354,0.38853884,0.52515763,negative,0.00708896666765213,0.9929110333323479,none,agreement,none,none
3374,448,1,positive,0.7556757,0.027686574,0.2166378,positive,0.9958561062812805,0.004143893718719482,conflict,conflict,conflict,conflict
3375,448,1,neutral,0.045879666,0.5024838,0.45163652,negative,0.010020020417869091,0.9899799795821309,none,agreement,none,none
3376,448,1,negative,0.007308379,0.8977311,0.09496049,negative,0.007275771349668503,0.9927242286503315,agreement,agreement,none,agreement
3377,448,1,negative,0.010868251,0.8700723,0.119059436,positive,0.9411013126373291,0.0588986873626709,agreement,conflict,none,conflict
3378,448,1,positive,0.93405086,0.010794645,0.055154495,positive,0.9992870688438416,0.0007129311561584473,conflict,conflict,conflict,conflict
3379,448,1,neutral,0.038845457,0.4830746,0.47807992,negative,0.011138067580759525,0.9888619324192405,none,agreement,none,none
3380,448,1,neutral,0.28453153,0.14247176,0.5729968,positive,0.9901936650276184,0.009806334972381592,none,conflict,none,conflict
3381,448,1,neutral,0.69157934,0.06383732,0.24458331,positive,0.9740186333656311,0.025981366634368896,none,conflict,none,conflict
3382,448,1,neutral,0.024894329,0.67347336,0.3016323,negative,0.0020511788316071033,0.9979488211683929,none,agreement,none,agreement
3383,448,1,neutral,0.39073554,0.106946826,0.5023176,negative,0.0011956236558035016,0.9988043763441965,none,agreement,none,none
3384,448,1,neutral,0.044404913,0.6918017,0.26379335,negative,0.0006168736726976931,0.9993831263273023,none,agreement,none,agreement
3385,448,1,negative,0.006065466,0.9051177,0.08881681,negative,0.00032586895395070314,0.9996741310460493,agreement,agreement,agreement,agreement
3386,448,1,neutral,0.28019696,0.055084746,0.6647183,positive,0.7211458086967468,0.2788541913032532,none,conflict,none,conflict
3387,448,1,neutral,0.311595,0.15073586,0.5376691,positive,0.9528188109397888,0.04718118906021118,none,conflict,none,conflict
3388,448,1,positive,0.9442661,0.0106164655,0.04511738,positive,0.9996992349624634,0.0003007650375366211,conflict,conflict,conflict,conflict
3389,448,1,neutral,0.34058207,0.19370826,0.46570975,positive,0.998695433139801,0.0013045668601989746,none,conflict,none,conflict
3390,448,1,neutral,0.21721445,0.31742692,0.4653587,negative,0.007883402518928051,0.992116597481072,none,agreement,none,agreement
3391,448,1,neutral,0.3075089,0.28804287,0.4044483,negative,0.001834880793467164,0.9981651192065328,none,agreement,none,agreement
3392,448,1,negative,0.02300647,0.7683815,0.20861205,positive,0.7498267889022827,0.2501732110977173,agreement,conflict,agreement,conflict
3393,448,1,neutral,0.26713032,0.097771674,0.635098,negative,0.26662054657936096,0.733379453420639,none,agreement,none,none
3394,448,1,neutral,0.034377553,0.65922165,0.30640078,negative,0.0038703209720551968,0.9961296790279448,none,agreement,none,agreement
3395,448,1,positive,0.76008844,0.07217834,0.16773327,positive,0.9985270500183105,0.0014729499816894531,conflict,conflict,conflict,conflict
3396,448,1,neutral,0.056512885,0.5164488,0.42703837,negative,0.010825314559042454,0.9891746854409575,none,agreement,none,agreement
3397,448,1,positive,0.95612365,0.0050583635,0.038817983,positive,0.9965039491653442,0.0034960508346557617,conflict,conflict,conflict,conflict
3398,448,1,negative,0.012944512,0.8444622,0.14259334,negative,0.0012980395695194602,0.9987019604304805,agreement,agreement,none,none
3399,449,0,positive,0.9631154,0.002717461,0.034167096,positive,0.9997472167015076,0.00025278329849243164,agreement,agreement,none,agreement
3400,449,0,neutral,0.09104403,0.26666552,0.6422905,negative,0.0006685745902359486,0.999331425409764,none,conflict,none,conflict
3401,449,0,neutral,0.1572557,0.2986709,0.54407346,positive,0.9981322884559631,0.0018677115440368652,none,agreement,none,none
3402,449,0,neutral,0.5065533,0.035243783,0.4582029,positive,0.9930678606033325,0.0069321393966674805,none,agreement,none,none
3403,449,0,neutral,0.3373185,0.07764999,0.5850315,positive,0.9856674075126648,0.014332592487335205,none,agreement,none,agreement
3404,449,0,positive,0.9431919,0.0058389395,0.05096919,positive,0.993569016456604,0.006430983543395996,agreement,agreement,none,agreement
3405,449,0,neutral,0.2512687,0.03834077,0.7103905,negative,0.04406054690480232,0.9559394530951977,none,conflict,none,conflict
3406,449,0,neutral,0.2783028,0.18312822,0.53856903,negative,0.0031066578812897205,0.9968933421187103,none,conflict,none,conflict
3407,449,0,neutral,0.027324302,0.39971617,0.57295954,positive,0.8065663576126099,0.19343364238739014,none,agreement,none,none
3408,449,0,neutral,0.19763649,0.1807523,0.62161124,neutral,0.5089441537857056,0.49105584621429443,none,none,none,none
3409,449,0,neutral,0.12731089,0.35904133,0.5136478,positive,0.8715284466743469,0.12847155332565308,none,agreement,none,none
3410,449,0,neutral,0.02539793,0.56646836,0.4081337,negative,0.0036099895369261503,0.9963900104630738,none,conflict,none,conflict
3411,449,0,positive,0.9561026,0.005912969,0.03798441,positive,0.9998447895050049,0.0001552104949951172,agreement,agreement,none,none
3412,449,0,neutral,0.16758755,0.14241543,0.689997,negative,0.21526506543159485,0.7847349345684052,none,conflict,none,conflict
3413,449,0,negative,0.010294666,0.8029611,0.18674427,negative,0.0006186529062688351,0.9993813470937312,conflict,conflict,conflict,conflict
3414,449,0,neutral,0.01768868,0.62445354,0.3578578,negative,0.0008133573574014008,0.9991866426425986,none,conflict,none,conflict
3415,449,0,positive,0.7565858,0.05519837,0.18821579,negative,0.015527523122727871,0.9844724768772721,agreement,conflict,none,conflict
3416,449,0,positive,0.78741837,0.023986531,0.18859512,positive,0.9982877373695374,0.0017122626304626465,agreement,agreement,none,agreement
3417,449,0,positive,0.80809164,0.029445523,0.16246285,positive,0.9964864253997803,0.0035135746002197266,agreement,agreement,agreement,agreement
3418,449,0,positive,0.7454159,0.023503616,0.23108049,positive,0.9950632452964783,0.0049367547035217285,agreement,agreement,none,agreement
3419,449,0,neutral,0.11686736,0.20076552,0.68236715,positive,0.9747009873390198,0.025299012660980225,none,agreement,none,agreement
3420,449,0,neutral,0.29249805,0.19533576,0.5121662,positive,0.9742530584335327,0.025746941566467285,none,agreement,none,agreement
3421,449,0,neutral,0.14753537,0.14948787,0.7029767,negative,0.21777872741222382,0.7822212725877762,none,conflict,none,conflict
3422,449,0,neutral,0.65293294,0.015452423,0.33161464,negative,0.014206002466380596,0.9857939975336194,none,conflict,none,conflict
3423,449,0,positive,0.7213039,0.014071417,0.26462477,positive,0.9991808533668518,0.0008191466331481934,agreement,agreement,none,none
3424,450,0,positive,0.9739865,0.0043491605,0.021664288,positive,0.9998626708984375,0.0001373291015625,agreement,agreement,none,none
3425,450,0,neutral,0.051812865,0.58994824,0.35823885,negative,0.006612648256123066,0.9933873517438769,none,none,none,none
3426,450,0,positive,0.9792007,0.0033097812,0.017489431,positive,0.999298095703125,0.000701904296875,agreement,agreement,none,none
3427,450,0,positive,0.9554958,0.0066874735,0.03781673,positive,0.9997467398643494,0.00025326013565063477,agreement,agreement,none,none
3428,450,0,positive,0.91186565,0.0057636844,0.08237067,positive,0.9994926452636719,0.000507354736328125,agreement,agreement,none,none
3430,450,0,negative,0.0043279384,0.92939186,0.066280164,negative,0.0005244598723948002,0.9994755401276052,none,none,none,none
3431,450,0,positive,0.7042679,0.11904631,0.17668575,negative,0.0782613456249237,0.9217386543750763,agreement,none,none,none
3432,450,0,negative,0.0066451314,0.91756964,0.07578527,negative,0.007172605022788048,0.992827394977212,none,none,none,none
3433,450,0,negative,0.01857791,0.8397832,0.14163885,negative,0.009430951438844204,0.9905690485611558,none,none,none,none
3434,450,0,neutral,0.042987637,0.54159933,0.41541302,negative,0.0008185085607692599,0.9991814914392307,none,none,none,none
3435,450,0,neutral,0.40227702,0.12820382,0.46951917,negative,0.006949311587959528,0.9930506884120405,none,none,none,none
3436,450,0,positive,0.72021955,0.011622683,0.26815778,positive,0.9984545707702637,0.0015454292297363281,agreement,agreement,none,none
3437,450,0,neutral,0.28907454,0.18109961,0.52982587,positive,0.8820027112960815,0.11799728870391846,none,agreement,none,none
3438,450,0,negative,0.007701458,0.8621597,0.13013881,negative,0.0007249152404256165,0.9992750847595744,none,none,none,none
3439,450,0,negative,0.04248424,0.7676356,0.18988022,positive,0.9821441173553467,0.01785588264465332,none,agreement,none,none
3440,450,0,neutral,0.6398699,0.024134405,0.33599564,positive,0.9991002082824707,0.0008997917175292969,none,agreement,none,none
3441,450,0,positive,0.93440294,0.0040460243,0.061551012,positive,0.9998056292533875,0.00019437074661254883,agreement,agreement,none,none
3442,450,0,negative,0.011291914,0.7832665,0.20544156,positive,0.7961645722389221,0.20383542776107788,none,agreement,none,none
3443,450,0,negative,0.016252842,0.8342826,0.14946458,negative,0.0017994762165471911,0.9982005237834528,none,none,none,none
3444,450,0,neutral,0.041095782,0.48746106,0.47144318,negative,0.0029403779190033674,0.9970596220809966,none,none,none,none
3445,450,0,positive,0.9542524,0.01028107,0.035466485,positive,0.9997528195381165,0.0002471804618835449,agreement,agreement,none,none
3446,450,0,positive,0.71311593,0.042487543,0.24439648,positive,0.9895046949386597,0.010495305061340332,agreement,agreement,none,none
3447,450,0,neutral,0.18437666,0.035253357,0.78036994,negative,0.007147927302867174,0.9928520726971328,none,none,none,none
3448,450,0,negative,0.008519291,0.9250699,0.06641075,negative,0.0012521883472800255,0.99874781165272,none,none,none,none
3449,450,0,neutral,0.064064,0.4789984,0.45693758,negative,0.0059508210979402065,0.9940491789020598,none,none,none,none
3450,450,0,positive,0.9654903,0.0026433375,0.031866465,positive,0.9998167157173157,0.00018328428268432617,agreement,agreement,none,none
3451,450,0,neutral,0.4559062,0.11808125,0.42601252,positive,0.9943808913230896,0.0056191086769104,none,agreement,none,none
3452,450,0,negative,0.0060905553,0.91801137,0.075898156,negative,0.001015939051285386,0.9989840609487146,none,none,none,none
3453,450,0,negative,0.008785246,0.89652807,0.094686635,positive,0.9909572601318359,0.009042739868164062,none,agreement,none,none
3454,450,0,neutral,0.069816425,0.3142082,0.6159754,negative,0.005727897398173809,0.9942721026018262,none,none,none,none
3455,450,0,positive,0.973449,0.0048358403,0.021715198,positive,0.9998644590377808,0.00013554096221923828,agreement,agreement,none,none
3456,451,0,neutral,0.23486455,0.1643764,0.600759,negative,0.05954620614647865,0.9404537938535213,none,conflict,none,conflict
3457,451,0,negative,0.022015687,0.7306305,0.2473538,negative,0.003161258529871702,0.9968387414701283,conflict,conflict,conflict,conflict
3458,451,0,positive,0.81783885,0.012450755,0.16971044,positive,0.9956895709037781,0.004310429096221924,agreement,agreement,none,none
3459,451,0,positive,0.8115117,0.006419346,0.18206894,positive,0.9962568283081055,0.0037431716918945312,agreement,agreement,none,none
3460,451,0,positive,0.9679748,0.0049538943,0.027071351,positive,0.9996050000190735,0.00039499998092651367,agreement,agreement,none,none
3461,451,0,positive,0.97642833,0.004291876,0.019279748,positive,0.9987574815750122,0.001242518424987793,agreement,agreement,agreement,agreement
3462,451,0,positive,0.73406094,0.022638718,0.24330029,positive,0.999823272228241,0.0001767277717590332,agreement,agreement,agreement,agreement
3463,451,0,neutral,0.10869974,0.5593379,0.33196235,positive,0.8425562381744385,0.15744376182556152,none,agreement,none,none
3464,451,0,neutral,0.061898317,0.50015265,0.4379491,negative,0.06366048753261566,0.9363395124673843,none,conflict,none,conflict
3465,451,0,positive,0.9347048,0.006970486,0.05832472,positive,0.9998407363891602,0.00015926361083984375,agreement,agreement,none,none
3466,451,0,positive,0.74087024,0.009643069,0.24948664,positive,0.9994944334030151,0.0005055665969848633,agreement,agreement,none,none
3467,451,0,neutral,0.12478181,0.3494259,0.5257923,positive,0.9761704802513123,0.023829519748687744,none,agreement,none,agreement
3468,451,0,neutral,0.025655013,0.6389407,0.33540428,negative,0.04352252185344696,0.956477478146553,none,conflict,none,conflict
3469,451,0,negative,0.0075025563,0.8672132,0.12528415,negative,0.0012428931659087539,0.9987571068340912,conflict,conflict,conflict,conflict
3470,451,0,neutral,0.058551177,0.52902913,0.41241968,negative,0.0013536923797801137,0.9986463076202199,none,conflict,none,conflict
3471,451,0,negative,0.010605911,0.840671,0.14872304,positive,0.9670101404190063,0.03298985958099365,conflict,agreement,conflict,agreement
3473,451,0,neutral,0.021216225,0.672092,0.30669174,negative,0.0006458529969677329,0.9993541470030323,none,conflict,none,conflict
3474,451,0,negative,0.010635976,0.75795346,0.23141062,negative,0.0011180972214788198,0.9988819027785212,conflict,conflict,conflict,conflict
3475,451,0,negative,0.014112954,0.8255859,0.16030112,negative,0.001564232399687171,0.9984357676003128,conflict,conflict,conflict,conflict
3476,451,0,neutral,0.1366927,0.32174057,0.54156667,negative,0.0018513933755457401,0.9981486066244543,none,conflict,none,conflict
3477,451,0,negative,0.010988294,0.78657186,0.20243979,negative,0.0006307815783657134,0.9993692184216343,conflict,conflict,conflict,conflict
3478,451,0,neutral,0.3412519,0.1787691,0.4799791,positive,0.9946863651275635,0.0053136348724365234,none,agreement,none,agreement
3479,451,0,positive,0.9686687,0.0058908276,0.025440488,positive,0.9997687935829163,0.00023120641708374023,agreement,agreement,none,none
3480,451,0,neutral,0.033142813,0.61519486,0.35166234,negative,0.009936278685927391,0.9900637213140726,none,conflict,none,conflict
3481,451,0,neutral,0.19091977,0.21510567,0.5939745,positive,0.9972119927406311,0.0027880072593688965,none,agreement,none,agreement
3482,451,0,neutral,0.14152536,0.40894556,0.44952917,neutral,0.49931052327156067,0.5006894767284393,none,none,none,none
3483,451,0,positive,0.81091064,0.024119155,0.16497023,positive,0.9996427297592163,0.0003572702407836914,agreement,agreement,agreement,none
3484,451,0,positive,0.74495065,0.055201843,0.1998475,positive,0.9994889497756958,0.0005110502243041992,agreement,agreement,none,none
3487,452,0,neutral,0.19239841,0.18992403,0.6176775,negative,0.002367073902860284,0.9976329260971397,none,conflict,none,conflict
3488,452,0,neutral,0.36194623,0.103354685,0.5346991,negative,0.012892146594822407,0.9871078534051776,none,conflict,none,conflict
3490,452,0,negative,0.016627273,0.7903006,0.19307216,negative,0.04139517992734909,0.9586048200726509,conflict,conflict,conflict,conflict
3491,452,0,negative,0.011176916,0.8025353,0.1862878,negative,0.0009515818674117327,0.9990484181325883,conflict,conflict,conflict,conflict
3493,452,0,positive,0.88219166,0.02493386,0.09287447,positive,0.8115074634552002,0.1884925365447998,agreement,agreement,agreement,none
3495,452,0,negative,0.02239479,0.7269588,0.2506464,negative,0.00042358823702670634,0.9995764117629733,conflict,conflict,conflict,conflict
3496,452,0,negative,0.037861094,0.73756504,0.22457382,negative,0.09978030622005463,0.9002196937799454,conflict,conflict,conflict,conflict
3498,452,0,neutral,0.21586594,0.048797764,0.73533624,negative,0.017879649996757507,0.9821203500032425,none,conflict,none,conflict
3499,452,0,neutral,0.57580584,0.008098312,0.41609588,positive,0.9864657521247864,0.013534247875213623,none,agreement,none,agreement
3501,453,1,positive,0.86835086,0.013488405,0.118160695,positive,0.9362874031066895,0.06371259689331055,conflict,conflict,none,conflict
3502,453,1,positive,0.9361917,0.013100594,0.050707754,positive,0.9826833009719849,0.017316699028015137,conflict,conflict,none,conflict
3503,453,1,neutral,0.26440912,0.29050145,0.4450894,negative,0.005820986349135637,0.9941790136508644,none,agreement,none,agreement
3504,453,1,neutral,0.012223139,0.6979565,0.2898203,negative,0.01584857515990734,0.9841514248400927,none,agreement,none,agreement
3505,453,1,neutral,0.08168296,0.49873874,0.41957828,neutral,0.622230052947998,0.37776994705200195,none,none,none,none
3506,453,1,neutral,0.6519309,0.016574547,0.33149448,positive,0.9995373487472534,0.00046265125274658203,none,conflict,none,conflict
3507,453,1,neutral,0.55847627,0.026394468,0.4151293,positive,0.7713298201560974,0.2286701798439026,none,conflict,none,conflict
3509,453,1,neutral,0.43788257,0.11017971,0.45193774,positive,0.9914801120758057,0.008519887924194336,none,conflict,none,conflict
3510,453,1,neutral,0.09469138,0.10130205,0.8040066,negative,0.027338234707713127,0.9726617652922869,none,agreement,none,agreement
3511,453,1,neutral,0.016065346,0.66681254,0.3171221,negative,0.0025376626290380955,0.9974623373709619,none,agreement,none,agreement
3512,453,1,neutral,0.4254822,0.06534453,0.50917333,positive,0.9809702038764954,0.01902979612350464,none,conflict,none,conflict
3513,453,1,neutral,0.636813,0.10337355,0.2598135,positive,0.988959550857544,0.011040449142456055,none,conflict,none,conflict
3514,453,1,neutral,0.09743315,0.27613756,0.62642926,negative,0.000542237947229296,0.9994577620527707,none,agreement,none,agreement
3515,453,1,neutral,0.11961893,0.18299116,0.69738996,negative,0.01862764172255993,0.9813723582774401,none,agreement,none,agreement
3516,453,1,neutral,0.06679744,0.4318913,0.50131124,positive,0.9441076517105103,0.055892348289489746,none,conflict,none,conflict
3517,453,1,neutral,0.24888693,0.15891835,0.59219474,positive,0.9669739007949829,0.03302609920501709,none,conflict,none,conflict
3518,453,1,neutral,0.0712379,0.4434153,0.48534676,positive,0.9872839450836182,0.012716054916381836,none,conflict,none,conflict
3519,453,1,neutral,0.6153865,0.10501373,0.27959982,negative,0.019937988370656967,0.980062011629343,none,agreement,none,none
3521,453,1,positive,0.75171655,0.07929656,0.16898693,positive,0.9660471081733704,0.03395289182662964,conflict,conflict,none,conflict
3522,453,1,neutral,0.042816203,0.4098786,0.54730517,negative,0.0049674795009195805,0.9950325204990804,none,agreement,none,agreement
3523,453,1,neutral,0.25156012,0.08138343,0.66705644,positive,0.9995796084403992,0.0004203915596008301,none,conflict,none,conflict
3524,454,0,positive,0.7782614,0.04432095,0.17741765,neutral,0.5056915283203125,0.4943084716796875,agreement,none,none,none
3525,454,0,positive,0.95524615,0.0035786422,0.041175164,positive,0.9997814297676086,0.00021857023239135742,agreement,agreement,agreement,agreement
3526,454,0,neutral,0.6459703,0.029947808,0.32408193,negative,0.28480908274650574,0.7151909172534943,none,conflict,none,conflict
3528,454,0,neutral,0.37652135,0.086419284,0.53705937,neutral,0.6816248297691345,0.3183751702308655,none,none,none,none
3529,454,0,neutral,0.023272239,0.67553395,0.30119383,positive,0.9716236591339111,0.028376340866088867,none,agreement,none,agreement
3530,454,0,neutral,0.122809835,0.31573865,0.56145144,negative,0.28558671474456787,0.7144132852554321,none,conflict,none,conflict
3531,454,0,neutral,0.081346825,0.33801055,0.5806427,negative,0.0038552170153707266,0.9961447829846293,none,conflict,none,conflict
3532,454,0,negative,0.022715015,0.783894,0.19339097,negative,0.03215832635760307,0.9678416736423969,conflict,conflict,conflict,conflict
3533,454,0,negative,0.014350684,0.8216773,0.16397204,negative,0.0006320007378235459,0.9993679992621765,conflict,conflict,conflict,conflict
3534,454,0,positive,0.88372684,0.013526327,0.10274683,positive,0.9983677268028259,0.0016322731971740723,agreement,agreement,agreement,agreement
3536,454,0,neutral,0.06622251,0.6647196,0.26905793,negative,0.0016588505823165178,0.9983411494176835,none,conflict,none,conflict
3537,454,0,neutral,0.48526302,0.11820362,0.3965333,positive,0.9984626770019531,0.001537322998046875,none,agreement,none,none
3538,454,0,negative,0.008008932,0.896343,0.0956481,negative,0.0006207727710716426,0.9993792272289284,conflict,conflict,conflict,conflict
3540,455,0,positive,0.7152062,0.03047097,0.25432286,positive,0.9948386549949646,0.0051613450050354,agreement,agreement,none,none
3541,455,0,neutral,0.30641425,0.12796277,0.56562304,positive,0.9995324611663818,0.00046753883361816406,none,agreement,none,none
3542,455,0,positive,0.936481,0.013056235,0.050462756,positive,0.99440598487854,0.005594015121459961,agreement,agreement,none,none
3543,455,0,positive,0.9736338,0.004343435,0.02202275,positive,0.9997591376304626,0.00024086236953735352,agreement,agreement,none,none
3544,455,0,positive,0.942069,0.0061858795,0.051745158,positive,0.9998778104782104,0.00012218952178955078,agreement,agreement,none,none
3545,455,0,positive,0.9533663,0.008212506,0.038421154,positive,0.9990956783294678,0.0009043216705322266,agreement,agreement,none,none
3546,455,0,positive,0.9375892,0.0055984193,0.05681237,positive,0.9998558759689331,0.00014412403106689453,agreement,agreement,none,none
3547,455,0,neutral,0.164035,0.08553924,0.7504258,positive,0.9930562376976013,0.006943762302398682,none,agreement,none,none
3548,455,0,neutral,0.4543307,0.009019795,0.5366495,positive,0.9953088164329529,0.004691183567047119,none,agreement,none,none
3549,455,0,neutral,0.06979311,0.58430785,0.34589905,positive,0.7587611079216003,0.24123889207839966,none,agreement,none,none
3550,455,0,positive,0.8273057,0.018586617,0.15410772,positive,0.9960786700248718,0.003921329975128174,agreement,agreement,none,none
3551,455,0,neutral,0.343526,0.13707718,0.51939684,negative,0.07507021725177765,0.9249297827482224,none,conflict,none,conflict
3552,455,0,neutral,0.040446814,0.6923876,0.26716557,neutral,0.3133191466331482,0.6866808533668518,none,none,none,none
3553,455,0,positive,0.9243128,0.0073007527,0.06838641,positive,0.9924255609512329,0.00757443904876709,agreement,agreement,none,none
3554,455,0,positive,0.97476053,0.009142778,0.016096693,positive,0.9998539686203003,0.00014603137969970703,agreement,agreement,none,none
3555,455,0,neutral,0.15474628,0.22745086,0.61780286,positive,0.9940794706344604,0.005920529365539551,none,agreement,none,none
3556,455,0,neutral,0.29483572,0.070052564,0.6351117,positive,0.9988522529602051,0.0011477470397949219,none,agreement,none,none
3557,455,0,positive,0.98651206,0.002858896,0.010628994,positive,0.999830961227417,0.0001690387725830078,agreement,agreement,none,agreement
3558,456,0,positive,0.9553171,0.008261826,0.03642102,positive,0.999115526676178,0.0008844733238220215,agreement,agreement,none,none
3559,456,0,positive,0.85047436,0.009911828,0.13961378,positive,0.9946618676185608,0.005338132381439209,agreement,agreement,none,none
3560,456,0,positive,0.7669582,0.025411913,0.20762993,positive,0.9974395036697388,0.0025604963302612305,agreement,agreement,none,none
3561,456,0,negative,0.01740425,0.84149307,0.14110269,negative,0.022449757903814316,0.9775502420961857,none,none,none,none
3562,456,0,neutral,0.46417257,0.056332365,0.47949502,positive,0.996630847454071,0.003369152545928955,none,agreement,none,none
3563,456,0,positive,0.95071346,0.005974139,0.043312367,positive,0.9996837377548218,0.00031626224517822266,agreement,agreement,none,none
3564,456,0,neutral,0.1388242,0.08461422,0.7765616,positive,0.8944999575614929,0.10550004243850708,none,agreement,none,none
3565,456,0,positive,0.8673077,0.0063131745,0.12637912,positive,0.9984851479530334,0.0015148520469665527,agreement,agreement,none,none
3566,456,0,neutral,0.06486328,0.46152672,0.47360995,negative,0.0016030310653150082,0.998396968934685,none,none,none,none
3567,456,0,neutral,0.169358,0.07689702,0.753745,negative,0.007463285233825445,0.9925367147661746,none,none,none,none
3568,456,0,neutral,0.17814983,0.38882786,0.4330223,negative,0.007865640334784985,0.992134359665215,none,none,none,none
3569,456,0,negative,0.011088799,0.75804824,0.23086295,negative,0.004844209644943476,0.9951557903550565,none,none,none,none
3570,456,0,negative,0.0076147425,0.8508351,0.14155015,negative,0.0026124687865376472,0.9973875312134624,none,none,none,none
3571,456,0,neutral,0.10868282,0.4474421,0.44387504,positive,0.9753422141075134,0.024657785892486572,none,agreement,none,none
3572,456,0,neutral,0.11838093,0.34202868,0.53959036,negative,0.20101235806941986,0.7989876419305801,none,none,none,none
3573,456,0,neutral,0.0368804,0.4101321,0.5529875,negative,0.041163500398397446,0.9588364996016026,none,none,none,none
3574,456,0,neutral,0.16203173,0.4747588,0.3632095,neutral,0.5029852390289307,0.49701476097106934,none,none,none,none
3575,456,0,positive,0.9416602,0.014064039,0.044275668,positive,0.9994636178016663,0.0005363821983337402,agreement,agreement,none,none
3576,456,0,neutral,0.2809782,0.21972075,0.49930105,negative,0.0008873203187249601,0.999112679681275,none,none,none,none
3577,456,0,neutral,0.37427965,0.07670731,0.5490131,neutral,0.6239292621612549,0.3760707378387451,none,none,none,none
3578,456,0,positive,0.97877777,0.00428681,0.01693539,positive,0.9998606443405151,0.00013935565948486328,agreement,agreement,none,none
3579,456,0,positive,0.87116843,0.0105108125,0.11832076,positive,0.986893892288208,0.013106107711791992,agreement,agreement,none,none
3580,456,0,neutral,0.09456,0.28695294,0.61848706,negative,0.0005441748653538525,0.9994558251346461,none,none,none,none
3581,456,0,neutral,0.56959707,0.11149674,0.31890622,negative,0.06047358363866806,0.9395264163613319,none,none,none,none
3582,456,0,positive,0.9786213,0.0024774917,0.018901207,positive,0.9996986389160156,0.000301361083984375,agreement,agreement,none,none
3583,457,0,positive,0.94368464,0.004089059,0.052226312,positive,0.9989320635795593,0.0010679364204406738,agreement,agreement,none,none
3584,457,0,positive,0.94301414,0.0048530283,0.052132808,positive,0.9988824725151062,0.0011175274848937988,agreement,agreement,none,none
3585,457,0,negative,0.032724597,0.7189446,0.2483308,negative,0.22083278000354767,0.7791672199964523,conflict,conflict,conflict,conflict
3586,457,0,neutral,0.06451441,0.08547618,0.8500094,positive,0.9939788579940796,0.00602114200592041,none,agreement,none,none
3587,457,0,neutral,0.23989993,0.10186903,0.658231,positive,0.990040123462677,0.009959876537322998,none,agreement,none,none
3588,457,0,positive,0.87874454,0.016015379,0.105240025,positive,0.9877113699913025,0.01228863000869751,agreement,agreement,none,none
3589,457,0,neutral,0.32085106,0.19541657,0.48373243,negative,0.0029386153910309076,0.9970613846089691,none,conflict,none,conflict
3590,457,0,negative,0.022499511,0.7776013,0.1998992,negative,0.0007098472560755908,0.9992901527439244,conflict,conflict,conflict,conflict
3591,457,0,negative,0.01766993,0.85830504,0.12402512,negative,0.0005574883543886244,0.9994425116456114,conflict,conflict,conflict,conflict
3593,457,0,negative,0.011496328,0.8309492,0.15755446,neutral,0.37364089488983154,0.6263591051101685,conflict,none,conflict,none
3595,457,0,positive,0.8917558,0.019879552,0.08836465,positive,0.998515784740448,0.001484215259552002,agreement,agreement,agreement,agreement
3596,457,0,positive,0.83822995,0.014042516,0.14772758,positive,0.9996148347854614,0.0003851652145385742,agreement,agreement,agreement,agreement
3597,457,0,positive,0.93238413,0.016807515,0.050808348,positive,0.9995688796043396,0.0004311203956604004,agreement,agreement,none,none
3598,457,0,positive,0.7726138,0.059090707,0.16829552,positive,0.9943392872810364,0.005660712718963623,agreement,agreement,agreement,agreement
3599,457,0,neutral,0.22392617,0.2849929,0.49108097,negative,0.015110675245523453,0.9848893247544765,none,conflict,none,conflict
3600,457,0,positive,0.73484135,0.036576875,0.22858177,positive,0.9935503005981445,0.006449699401855469,agreement,agreement,none,agreement
3601,457,0,positive,0.89842784,0.013105225,0.08846696,positive,0.9939318895339966,0.006068110466003418,agreement,agreement,none,none
3602,457,0,positive,0.9604584,0.007980028,0.031561535,positive,0.9691824913024902,0.030817508697509766,agreement,agreement,agreement,none
3603,457,0,neutral,0.05021391,0.66397387,0.28581223,neutral,0.545028567314148,0.45497143268585205,none,none,none,none
3604,457,0,positive,0.9840089,0.002727976,0.013263088,positive,0.9998646974563599,0.00013530254364013672,agreement,agreement,none,none
3605,457,0,positive,0.7676734,0.026140375,0.20618631,positive,0.982752799987793,0.01724720001220703,agreement,agreement,none,none
3607,457,0,neutral,0.3719718,0.20786531,0.42016292,positive,0.9319660663604736,0.06803393363952637,none,agreement,none,none
3608,458,0,positive,0.9539209,0.0050486573,0.04103041,positive,0.999749481678009,0.0002505183219909668,agreement,agreement,none,none
3609,458,0,neutral,0.26983944,0.38011166,0.350049,positive,0.9975581169128418,0.002441883087158203,none,agreement,none,none
3610,458,0,positive,0.9461382,0.0022087365,0.051653106,positive,0.999502420425415,0.0004975795745849609,agreement,agreement,none,none
3611,458,0,positive,0.89381343,0.008065372,0.09812118,positive,0.9933549165725708,0.006645083427429199,agreement,agreement,none,none
3612,458,0,positive,0.9681211,0.0059966166,0.025882289,positive,0.998424768447876,0.0015752315521240234,agreement,agreement,none,none
3613,458,0,neutral,0.5951735,0.015858551,0.38896793,negative,0.1708410382270813,0.8291589617729187,none,none,none,none
3615,458,0,neutral,0.4444791,0.025024941,0.53049594,positive,0.7351489067077637,0.26485109329223633,none,agreement,none,none
3616,458,0,negative,0.016479438,0.7581409,0.2253796,negative,0.0004764098848681897,0.9995235901151318,none,none,none,none
3617,458,0,neutral,0.054465227,0.33942875,0.60610604,negative,0.004480517003685236,0.9955194829963148,none,none,none,none
3618,458,0,neutral,0.22529967,0.3386791,0.43602124,positive,0.9899284243583679,0.01007157564163208,none,agreement,none,none
3619,458,0,negative,0.035058677,0.7201561,0.24478514,negative,0.0037995888851583004,0.9962004111148417,none,none,none,none
3620,458,0,neutral,0.6230709,0.076406375,0.30052266,positive,0.9994811415672302,0.0005188584327697754,none,agreement,none,none
3621,458,0,neutral,0.3574887,0.21494143,0.42756987,negative,0.06408616155385971,0.9359138384461403,none,none,none,none
3622,458,0,positive,0.7592854,0.095633514,0.14508107,negative,0.0020045561250299215,0.9979954438749701,agreement,none,none,none
3623,458,0,positive,0.78423667,0.060004756,0.15575854,positive,0.9155009388923645,0.0844990611076355,agreement,agreement,none,none
3624,458,0,neutral,0.06226551,0.5156734,0.4220611,negative,0.004419987555593252,0.9955800124444067,none,none,none,none
3625,458,0,neutral,0.36309773,0.12351926,0.51338303,negative,0.0032894646283239126,0.9967105353716761,none,none,none,none
3626,458,0,negative,0.01233615,0.830495,0.15716891,negative,0.0033371036406606436,0.9966628963593394,none,none,none,none
3627,458,0,neutral,0.43548435,0.11460647,0.44990912,negative,0.05036833882331848,0.9496316611766815,none,none,none,none
3629,459,0,neutral,0.19127136,0.0974196,0.711309,positive,0.9726511240005493,0.027348875999450684,none,agreement,none,none
3630,459,0,neutral,0.038732763,0.5557843,0.40548304,negative,0.0003630563151091337,0.9996369436848909,none,none,none,none
3631,459,0,positive,0.9105719,0.0069344766,0.08249363,positive,0.9995317459106445,0.00046825408935546875,agreement,agreement,none,none
3632,459,0,neutral,0.033308778,0.576301,0.3903902,negative,0.0004089927824679762,0.999591007217532,none,none,none,none
3633,459,0,positive,0.8125479,0.014788582,0.17266355,negative,0.0037202592939138412,0.9962797407060862,agreement,none,none,none
3635,459,0,neutral,0.10457787,0.14319696,0.75222516,negative,0.11737759411334991,0.8826224058866501,none,none,none,none
3636,459,0,neutral,0.033600114,0.59434277,0.37205714,positive,0.9770292639732361,0.022970736026763916,none,agreement,none,none
3637,459,0,neutral,0.021445675,0.5413367,0.43721762,negative,0.0013117608614265919,0.9986882391385734,none,none,none,none
3638,459,0,neutral,0.082554266,0.68646276,0.23098297,neutral,0.5133258700370789,0.48667412996292114,none,none,none,none
3640,459,0,negative,0.011730081,0.8713076,0.11696225,negative,0.004187291022390127,0.9958127089776099,none,none,none,none
3641,459,0,neutral,0.0676367,0.36065823,0.5717051,negative,0.0013740465510636568,0.9986259534489363,none,none,none,none
3642,459,0,positive,0.8325331,0.033763696,0.13370316,positive,0.9728968739509583,0.027103126049041748,agreement,agreement,none,none
3643,459,0,negative,0.0069041015,0.8993871,0.0937087,negative,0.0011334593873471022,0.9988665406126529,none,none,none,none
3644,459,0,neutral,0.27089292,0.4663524,0.26275468,positive,0.9833630323410034,0.016636967658996582,none,agreement,none,none
3645,459,0,neutral,0.10021688,0.32769105,0.5720921,negative,0.019030852243304253,0.9809691477566957,none,none,none,none
3646,459,0,neutral,0.13930778,0.22119083,0.6395014,negative,0.03546401858329773,0.9645359814167023,none,none,none,none
3647,459,0,neutral,0.081253126,0.5454315,0.3733153,positive,0.9977602958679199,0.002239704132080078,none,agreement,none,none
3648,459,0,negative,0.022668215,0.7823981,0.19493367,negative,0.007195675279945135,0.9928043247200549,none,none,none,none
3649,459,0,negative,0.02414959,0.80498016,0.17087024,negative,0.0015242623630911112,0.9984757376369089,none,none,none,none
3652,459,0,neutral,0.6769886,0.022415306,0.30059603,positive,0.9959828853607178,0.0040171146392822266,none,agreement,none,none
3653,459,0,neutral,0.6188051,0.07198639,0.30920854,positive,0.9997770190238953,0.00022298097610473633,none,agreement,none,none
3654,461,1,positive,0.79143065,0.050863903,0.1577054,negative,0.12335595488548279,0.8766440451145172,conflict,agreement,conflict,agreement
3655,461,1,neutral,0.16620518,0.49265847,0.3411363,positive,0.8752301335334778,0.12476986646652222,none,conflict,none,conflict
3656,461,1,neutral,0.05477141,0.5806252,0.3646034,positive,0.9004175066947937,0.0995824933052063,none,conflict,none,conflict
3657,461,1,neutral,0.045773588,0.6591391,0.2950873,negative,0.013969681225717068,0.9860303187742829,none,agreement,none,none
3658,461,1,neutral,0.031935908,0.46339324,0.50467086,negative,0.00878047849982977,0.9912195215001702,none,agreement,none,none
3659,461,1,neutral,0.08198014,0.23432574,0.6836942,neutral,0.31898045539855957,0.6810195446014404,none,none,none,none
3660,461,1,negative,0.026234524,0.76102483,0.21274064,negative,0.0006210971041582525,0.9993789028958417,agreement,agreement,agreement,none
3661,461,1,positive,0.97256875,0.004421186,0.023009995,positive,0.9998588562011719,0.000141143798828125,conflict,conflict,conflict,conflict
3662,461,1,negative,0.013789384,0.8241917,0.16201898,negative,0.01326465979218483,0.9867353402078152,agreement,agreement,agreement,agreement
3663,461,1,neutral,0.6922997,0.037048448,0.27065182,negative,0.012670621275901794,0.9873293787240982,none,agreement,none,none
3665,461,1,neutral,0.01724244,0.6376592,0.34509832,negative,0.0032152293715626,0.9967847706284374,none,agreement,none,agreement
3666,461,1,negative,0.007648738,0.9140009,0.07835044,negative,0.0014280070317909122,0.9985719929682091,agreement,agreement,none,none
3667,461,1,neutral,0.029498335,0.6921693,0.27833235,negative,0.007116770371794701,0.9928832296282053,none,agreement,none,none
3668,461,1,positive,0.74575496,0.046153072,0.20809197,negative,0.0027124611660838127,0.9972875388339162,conflict,agreement,conflict,agreement
3669,461,1,neutral,0.028698122,0.37703773,0.5942642,negative,0.000968427921179682,0.9990315720788203,none,agreement,none,none
3670,461,1,positive,0.960222,0.007989302,0.03178873,positive,0.9988083839416504,0.0011916160583496094,conflict,conflict,conflict,conflict
3671,461,1,neutral,0.1895106,0.5093235,0.30116585,positive,0.9581959843635559,0.04180401563644409,none,conflict,none,conflict
3672,461,1,negative,0.013929705,0.8627999,0.123270385,negative,0.000657621945720166,0.9993423780542798,agreement,agreement,agreement,none
3673,461,1,neutral,0.22971094,0.1827333,0.58755577,negative,0.0038038799539208412,0.9961961200460792,none,agreement,none,agreement
3674,461,1,neutral,0.6004593,0.0075063277,0.39203435,positive,0.9648873209953308,0.03511267900466919,none,conflict,none,conflict
3676,462,0,positive,0.95746154,0.007866555,0.0346719,positive,0.9977460503578186,0.0022539496421813965,agreement,agreement,none,none
3677,462,0,positive,0.96978,0.0057169786,0.024502978,positive,0.9996999502182007,0.0003000497817993164,agreement,agreement,none,none
3678,462,0,positive,0.84442514,0.012121756,0.14345314,negative,0.04479280859231949,0.9552071914076805,agreement,none,none,none
3679,462,0,negative,0.020809865,0.7433204,0.23586974,neutral,0.45946186780929565,0.5405381321907043,none,none,none,none
3680,462,0,neutral,0.10987092,0.15454824,0.73558086,negative,0.0008826609700918198,0.9991173390299082,none,none,none,none
3681,462,0,negative,0.013650166,0.79988545,0.18646437,negative,0.000768481579143554,0.9992315184208564,none,none,none,none
3682,462,0,positive,0.97296053,0.0035732302,0.023466256,positive,0.9989476799964905,0.0010523200035095215,agreement,agreement,none,none
3683,462,0,neutral,0.12396327,0.118282735,0.75775397,negative,0.016615726053714752,0.9833842739462852,none,none,none,none
3684,462,0,neutral,0.07295825,0.27641752,0.6506242,negative,0.0023816637694835663,0.9976183362305164,none,none,none,none
3685,462,0,positive,0.76239073,0.023023106,0.21458617,negative,0.18204793334007263,0.8179520666599274,agreement,none,none,none
3686,462,0,neutral,0.04017419,0.4828495,0.47697634,negative,0.013693347573280334,0.9863066524267197,none,none,none,none
3687,462,0,negative,0.010627569,0.8089544,0.18041797,negative,0.0036653901915997267,0.9963346098084003,none,none,none,none
3688,462,0,negative,0.0058361185,0.9243619,0.069802,negative,0.000712663633748889,0.9992873363662511,none,none,none,none
3689,462,0,neutral,0.535494,0.22125584,0.24325009,positive,0.965768575668335,0.03423142433166504,none,agreement,none,none
3690,462,0,neutral,0.07258405,0.56634605,0.36106992,positive,0.9911026954650879,0.00889730453491211,none,agreement,none,none
3691,462,0,negative,0.019219277,0.71314055,0.26764017,negative,0.0011028858134523034,0.9988971141865477,none,none,none,none
3692,462,0,negative,0.012442543,0.8162915,0.17126599,negative,0.0010795368580147624,0.9989204631419852,none,none,none,none
3693,462,0,neutral,0.1984325,0.5132071,0.28836042,negative,0.04264603927731514,0.9573539607226849,none,none,none,none
3694,462,0,negative,0.011728509,0.7747179,0.2135535,negative,0.0023202886804938316,0.9976797113195062,none,none,none,none
3695,462,0,neutral,0.07099426,0.6619728,0.26703286,negative,0.0008902148110792041,0.9991097851889208,none,none,none,none
3696,462,0,neutral,0.45539558,0.22926863,0.3153358,positive,0.9958064556121826,0.004193544387817383,none,agreement,none,none
3697,462,0,neutral,0.55135447,0.097487256,0.35115823,positive,0.9643383026123047,0.03566169738769531,none,agreement,none,none
3698,462,0,neutral,0.061074182,0.4065649,0.5323609,positive,0.9955611228942871,0.004438877105712891,none,agreement,none,none
3699,462,0,neutral,0.45462748,0.19012876,0.3552438,positive,0.9998266100883484,0.00017338991165161133,none,agreement,none,none
3700,463,0,positive,0.96825945,0.0052449317,0.026495624,positive,0.9982315897941589,0.0017684102058410645,agreement,agreement,none,none
3701,463,0,neutral,0.18582739,0.1054268,0.7087458,negative,0.011135599575936794,0.9888644004240632,none,conflict,none,conflict
3702,463,0,positive,0.9683525,0.0024921936,0.029155327,positive,0.9763513803482056,0.023648619651794434,agreement,agreement,none,none
3703,463,0,positive,0.71669775,0.053072624,0.23022966,positive,0.9226268529891968,0.07737314701080322,agreement,agreement,none,none
3704,463,0,positive,0.93050593,0.009589334,0.05990471,positive,0.9994182586669922,0.0005817413330078125,agreement,agreement,none,none
3705,463,0,positive,0.9681239,0.0032376884,0.028638437,positive,0.9730618000030518,0.026938199996948242,agreement,agreement,none,none
3707,463,0,neutral,0.57546425,0.07634951,0.34818622,positive,0.9996293783187866,0.0003706216812133789,none,agreement,none,none
3708,463,0,negative,0.015388655,0.82870305,0.15590824,negative,0.0013054183218628168,0.9986945816781372,conflict,conflict,conflict,conflict
3710,463,0,negative,0.01248513,0.77208483,0.21543013,negative,0.004840797279030085,0.9951592027209699,conflict,conflict,conflict,conflict
3711,463,0,positive,0.8805241,0.025077576,0.094398335,positive,0.9994797110557556,0.0005202889442443848,agreement,agreement,none,none
3712,463,0,neutral,0.03140862,0.46240774,0.5061836,negative,0.0006664710817858577,0.9993335289182141,none,conflict,none,conflict
3713,463,0,positive,0.94350356,0.008548258,0.047948156,positive,0.9928663969039917,0.007133603096008301,agreement,agreement,none,agreement
3714,463,0,neutral,0.34927005,0.12766673,0.5230633,positive,0.9703795313835144,0.029620468616485596,none,agreement,none,none
3715,463,0,neutral,0.07668485,0.30694592,0.6163692,positive,0.9707914590835571,0.02920854091644287,none,agreement,none,none
3716,463,0,positive,0.82818353,0.0075645377,0.16425192,positive,0.8879761099815369,0.11202389001846313,agreement,agreement,none,none
3717,463,0,positive,0.91071147,0.005817679,0.08347086,positive,0.9839551448822021,0.01604485511779785,agreement,agreement,agreement,agreement
3718,464,0,positive,0.84786326,0.038781784,0.113354996,positive,0.9981179237365723,0.0018820762634277344,agreement,agreement,none,none
3719,464,0,neutral,0.6250762,0.0710744,0.30384943,positive,0.9994669556617737,0.0005330443382263184,none,agreement,none,agreement
3720,464,0,neutral,0.62000483,0.012570164,0.367425,positive,0.999594509601593,0.0004054903984069824,none,agreement,none,agreement
3721,464,0,neutral,0.4481346,0.01678706,0.53507835,positive,0.7484569549560547,0.2515430450439453,none,agreement,none,agreement
3722,464,0,positive,0.9190727,0.00959891,0.07132844,negative,0.012629431672394276,0.9873705683276057,agreement,conflict,none,conflict
3723,464,0,neutral,0.4268154,0.040564448,0.5326202,positive,0.9989981055259705,0.001001894474029541,none,agreement,none,agreement
3724,464,0,positive,0.8406845,0.010110433,0.14920509,neutral,0.329051673412323,0.670948326587677,agreement,none,agreement,none
3725,464,0,neutral,0.088782325,0.43891892,0.47229877,negative,0.16783607006072998,0.83216392993927,none,conflict,none,conflict
3726,464,0,negative,0.019045798,0.7416972,0.23925702,negative,0.004258212633430958,0.995741787366569,conflict,conflict,conflict,conflict
3727,464,0,positive,0.91532606,0.017136848,0.06753706,positive,0.9998536109924316,0.00014638900756835938,agreement,agreement,agreement,agreement
3728,464,0,neutral,0.35815465,0.08287895,0.5589664,negative,0.003143089823424816,0.9968569101765752,none,conflict,none,conflict
3729,464,0,neutral,0.36413795,0.16959043,0.46627164,positive,0.9436007738113403,0.05639922618865967,none,agreement,none,none
3730,464,0,neutral,0.24702333,0.27660996,0.47636682,positive,0.9948561191558838,0.005143880844116211,none,agreement,none,none
3731,464,0,negative,0.01617552,0.7043927,0.27943182,positive,0.9708036780357361,0.029196321964263916,conflict,agreement,conflict,none
3732,464,0,neutral,0.22642249,0.09269933,0.6808783,negative,0.24794873595237732,0.7520512640476227,none,conflict,none,conflict
3733,464,0,positive,0.90950584,0.0084210085,0.08207311,positive,0.9383764863014221,0.06162351369857788,agreement,agreement,none,none
3734,464,0,neutral,0.25707263,0.038742196,0.70418525,positive,0.8473883867263794,0.1526116132736206,none,agreement,none,none
3735,464,0,neutral,0.09894402,0.15981317,0.74124277,positive,0.9958828687667847,0.004117131233215332,none,agreement,none,none
3737,464,0,neutral,0.12769444,0.23915873,0.63314676,negative,0.02159556746482849,0.9784044325351715,none,conflict,none,conflict
3738,464,0,positive,0.8844283,0.018891532,0.096680194,positive,0.996364951133728,0.0036350488662719727,agreement,agreement,none,none
3739,464,0,neutral,0.6101265,0.028464595,0.36140892,positive,0.9767228960990906,0.023277103900909424,none,agreement,none,agreement
3740,464,0,neutral,0.186095,0.38961992,0.4242851,negative,0.12921369075775146,0.8707863092422485,none,conflict,none,conflict
3741,464,0,negative,0.021177823,0.7598564,0.21896581,negative,0.002920706057921052,0.997079293942079,conflict,conflict,conflict,conflict
3742,464,0,neutral,0.073513806,0.34591442,0.5805718,positive,0.7552947998046875,0.2447052001953125,none,agreement,none,agreement
3743,464,0,positive,0.9670026,0.004784796,0.028212681,positive,0.9997958540916443,0.0002041459083557129,agreement,agreement,none,none
3745,465,0,positive,0.8788674,0.010114408,0.11101827,positive,0.9961710572242737,0.0038289427757263184,agreement,agreement,none,agreement
3746,465,0,neutral,0.03735719,0.6059664,0.3566764,neutral,0.38392582535743713,0.6160741746425629,none,none,none,none
3747,465,0,neutral,0.58962154,0.030617312,0.37976116,positive,0.9605724215507507,0.03942757844924927,none,agreement,none,agreement
3748,465,0,positive,0.73004913,0.014923113,0.25502777,positive,0.988696813583374,0.011303186416625977,agreement,agreement,agreement,agreement
3749,465,0,positive,0.71799433,0.088718355,0.19328724,negative,0.011595056392252445,0.9884049436077476,agreement,conflict,none,conflict
3751,465,0,neutral,0.16001238,0.11637336,0.7236142,negative,0.0010183622362092137,0.9989816377637908,none,conflict,none,conflict
3752,465,0,neutral,0.3440974,0.07651616,0.5793864,negative,0.06379756331443787,0.9362024366855621,none,conflict,none,conflict
3753,465,0,neutral,0.25525567,0.24443166,0.5003127,negative,0.0030257469043135643,0.9969742530956864,none,conflict,none,conflict
3754,465,0,neutral,0.066627845,0.57179654,0.3615756,negative,0.019313665106892586,0.9806863348931074,none,conflict,none,conflict
3755,465,0,negative,0.03153553,0.7534399,0.21502452,negative,0.005186793860048056,0.9948132061399519,conflict,conflict,conflict,conflict
3756,465,0,neutral,0.07904249,0.36159194,0.55936563,positive,0.94264155626297,0.05735844373703003,none,agreement,none,agreement
3758,465,0,positive,0.73674935,0.09504781,0.16820286,positive,0.9991039633750916,0.0008960366249084473,agreement,agreement,agreement,none
3759,465,0,neutral,0.023008531,0.65680236,0.32018915,negative,0.0013471029233187437,0.9986528970766813,none,conflict,none,conflict
3760,465,0,neutral,0.3206261,0.1825438,0.49683014,negative,0.0030724224634468555,0.9969275775365531,none,conflict,none,conflict
3761,465,0,negative,0.0094741415,0.93564904,0.05487683,negative,0.00025514306616969407,0.9997448569338303,conflict,conflict,conflict,conflict
3762,465,0,positive,0.89187574,0.025724396,0.08239979,positive,0.9983270764350891,0.0016729235649108887,agreement,agreement,agreement,agreement
3763,465,0,positive,0.97643346,0.005246134,0.018320423,positive,0.9986328482627869,0.0013671517372131348,agreement,agreement,none,agreement
3764,465,0,neutral,0.21863346,0.40638912,0.37497732,positive,0.9838641881942749,0.016135811805725098,none,agreement,none,none
3765,465,0,neutral,0.15699133,0.27409297,0.5689156,negative,0.006613045930862427,0.9933869540691376,none,conflict,none,conflict
3766,465,0,negative,0.0049862834,0.9196211,0.07539257,negative,0.0010476395254954696,0.9989523604745045,conflict,conflict,conflict,conflict
3767,465,0,negative,0.013191508,0.7063021,0.28050643,negative,0.003236849093809724,0.9967631509061903,conflict,conflict,conflict,conflict
3768,465,0,negative,0.014629855,0.91976166,0.06560849,neutral,0.4768773317337036,0.5231226682662964,conflict,none,conflict,none
3769,465,0,neutral,0.07855959,0.54200006,0.37944034,positive,0.9814735054969788,0.01852649450302124,none,agreement,none,none
3770,465,0,neutral,0.058618985,0.6455148,0.29586622,negative,0.006781531032174826,0.9932184689678252,none,conflict,none,conflict
3771,465,0,negative,0.023740785,0.70875376,0.2675055,negative,0.002363880630582571,0.9976361193694174,conflict,conflict,conflict,conflict
3772,465,0,neutral,0.23732653,0.38706067,0.37561283,positive,0.9988337159156799,0.0011662840843200684,none,agreement,none,none
3773,465,0,positive,0.97772837,0.003876731,0.018394932,positive,0.9997426867485046,0.00025731325149536133,agreement,agreement,agreement,agreement
3774,465,0,positive,0.7841009,0.032043573,0.18385552,positive,0.9992524981498718,0.0007475018501281738,agreement,agreement,agreement,agreement
3775,465,0,neutral,0.6731504,0.053216908,0.27363262,positive,0.9989768266677856,0.0010231733322143555,none,agreement,none,none
3778,466,0,neutral,0.12277041,0.4926631,0.3845665,positive,0.9976769089698792,0.0023230910301208496,none,agreement,none,none
3779,466,0,negative,0.010578992,0.8779749,0.11144605,negative,0.0007328507490456104,0.9992671492509544,none,none,none,none
3780,466,0,neutral,0.5350532,0.032403227,0.43254364,positive,0.9973626732826233,0.002637326717376709,none,agreement,none,none
3781,466,0,neutral,0.028470954,0.5372586,0.43427044,negative,0.002980611752718687,0.9970193882472813,none,none,none,none
3782,466,0,neutral,0.6201979,0.036629364,0.34317273,neutral,0.4796746075153351,0.5203253924846649,none,none,none,none
3783,466,0,neutral,0.24551708,0.16357192,0.590911,positive,0.9936462640762329,0.00635373592376709,none,agreement,none,none
3784,466,0,neutral,0.050164085,0.3760717,0.5737642,negative,0.044168245047330856,0.9558317549526691,none,none,none,none
3786,466,0,neutral,0.021044947,0.52976125,0.4491938,negative,0.017114097252488136,0.9828859027475119,none,none,none,none
3787,466,0,neutral,0.036506664,0.44539726,0.518096,positive,0.9481862187385559,0.05181378126144409,none,agreement,none,none
3788,466,0,negative,0.016245665,0.8387016,0.14505276,negative,0.20733308792114258,0.7926669120788574,none,none,none,none
3789,466,0,negative,0.007401149,0.9074375,0.08516143,negative,0.001351851155050099,0.9986481488449499,none,none,none,none
3790,466,0,negative,0.010090937,0.88581014,0.10409888,negative,0.0014687110669910908,0.9985312889330089,none,none,none,none
3791,466,0,negative,0.008352225,0.8558304,0.13581744,negative,0.0015614451840519905,0.998438554815948,none,none,none,none
3792,466,0,negative,0.0098290695,0.8703557,0.11981516,negative,0.0007058692281134427,0.9992941307718866,none,none,none,none
3794,466,0,negative,0.019027295,0.7598933,0.22107945,negative,0.0011021505342796445,0.9988978494657204,none,none,none,none
3795,466,0,neutral,0.052356217,0.21830337,0.72934043,neutral,0.6697254180908203,0.3302745819091797,none,none,none,none
3798,466,0,negative,0.015030768,0.8688023,0.11616685,negative,0.0012275500921532512,0.9987724499078467,none,none,none,none
3800,466,0,positive,0.9424425,0.0067690937,0.050788462,positive,0.9996434450149536,0.0003565549850463867,agreement,agreement,none,none
3801,466,0,positive,0.9544007,0.010648022,0.034951217,positive,0.9932472705841064,0.006752729415893555,agreement,agreement,none,none
3802,466,0,positive,0.9446313,0.0055181202,0.04985064,positive,0.9997000694274902,0.0002999305725097656,agreement,agreement,none,none
3803,466,0,positive,0.9709755,0.0056653596,0.023359153,positive,0.9997969269752502,0.00020307302474975586,agreement,agreement,none,none
3804,466,0,neutral,0.07956491,0.56607985,0.3543553,negative,0.0016385059570893645,0.9983614940429106,none,none,none,none
3805,466,0,neutral,0.061227873,0.25535035,0.6834218,negative,0.007133182138204575,0.9928668178617954,none,none,none,none
3806,466,0,positive,0.7469175,0.02380443,0.22927806,positive,0.9989928603172302,0.0010071396827697754,agreement,agreement,none,none
3807,466,0,positive,0.9302224,0.0060964697,0.063681155,positive,0.9995784163475037,0.0004215836524963379,agreement,agreement,none,none
3808,466,0,neutral,0.08863316,0.5583355,0.35303134,positive,0.8797975778579712,0.12020242214202881,none,agreement,none,none
3809,467,0,positive,0.84648484,0.016550587,0.13696453,positive,0.9992183446884155,0.0007816553115844727,agreement,agreement,none,agreement
3810,467,0,positive,0.9652874,0.012940627,0.021772046,positive,0.9988422989845276,0.0011577010154724121,agreement,agreement,agreement,agreement
3811,467,0,positive,0.78528446,0.019521622,0.19519387,positive,0.9965373277664185,0.003462672233581543,agreement,agreement,agreement,none
3812,467,0,neutral,0.2518365,0.005388488,0.742775,positive,0.781390905380249,0.21860909461975098,none,agreement,none,none
3813,467,0,neutral,0.5407121,0.011445325,0.4478425,positive,0.8340078592300415,0.1659921407699585,none,agreement,none,none
3814,467,0,neutral,0.49667203,0.12096792,0.38235998,positive,0.9907703399658203,0.009229660034179688,none,agreement,none,none
3815,467,0,neutral,0.16145013,0.10768393,0.730866,positive,0.9995342493057251,0.00046575069427490234,none,agreement,none,agreement
3816,467,0,neutral,0.39346626,0.05206104,0.55447274,negative,0.04533318057656288,0.9546668194234371,none,conflict,none,conflict
3821,467,0,neutral,0.02428389,0.5383174,0.4373988,negative,0.007528986316174269,0.9924710136838257,none,conflict,none,conflict
3822,467,0,neutral,0.025517011,0.5251304,0.44935256,negative,0.0021308274008333683,0.9978691725991666,none,conflict,none,conflict
3823,467,0,neutral,0.052996375,0.6940259,0.25297776,negative,0.0077535477466881275,0.9922464522533119,none,conflict,none,conflict
3824,467,0,neutral,0.05386809,0.2375524,0.70857954,negative,0.002936022123321891,0.9970639778766781,none,conflict,none,conflict
3825,467,0,positive,0.8367409,0.010560946,0.1526981,positive,0.9994151592254639,0.0005848407745361328,agreement,agreement,none,none
3826,467,0,positive,0.9264375,0.012815629,0.060746923,positive,0.9993857145309448,0.0006142854690551758,agreement,agreement,none,agreement
3827,467,0,neutral,0.018833142,0.5714631,0.40970373,neutral,0.44278618693351746,0.5572138130664825,none,none,none,none
3828,467,0,negative,0.01172424,0.8274605,0.16081515,negative,0.001167896087281406,0.9988321039127186,conflict,conflict,conflict,conflict
3829,467,0,neutral,0.07864755,0.47172478,0.4496278,positive,0.9980905652046204,0.0019094347953796387,none,agreement,none,none
3830,467,0,negative,0.012980171,0.7822209,0.20479888,negative,0.013314888812601566,0.9866851111873984,conflict,conflict,conflict,conflict
3832,467,0,neutral,0.114656255,0.2898505,0.5954932,negative,0.001816211617551744,0.9981837883824483,none,conflict,none,conflict
3833,467,0,neutral,0.433775,0.050463628,0.5157614,positive,0.8697950839996338,0.1302049160003662,none,agreement,none,agreement
3834,468,0,positive,0.97819453,0.005831557,0.015973924,positive,0.9914076924324036,0.008592307567596436,agreement,agreement,none,none
3835,468,0,negative,0.008923494,0.8914726,0.099603906,negative,0.00892368983477354,0.9910763101652265,conflict,conflict,conflict,conflict
3836,468,0,neutral,0.46342388,0.015826615,0.52074945,negative,0.17064227163791656,0.8293577283620834,none,conflict,none,conflict
3837,468,0,positive,0.9477955,0.0053675813,0.046836954,positive,0.999629020690918,0.00037097930908203125,agreement,agreement,agreement,none
3838,468,0,positive,0.98565465,0.0036252874,0.0107200565,positive,0.9997714161872864,0.00022858381271362305,agreement,agreement,none,none
3839,468,0,positive,0.7955773,0.006865234,0.19755757,positive,0.9994794726371765,0.0005205273628234863,agreement,agreement,none,none
3840,468,0,neutral,0.4423855,0.030551763,0.5270628,negative,0.016518546268343925,0.9834814537316561,none,conflict,none,conflict
3841,468,0,positive,0.9813363,0.003289012,0.015374642,positive,0.9995731711387634,0.00042682886123657227,agreement,agreement,none,none
3842,468,0,neutral,0.3350564,0.21082225,0.4541214,neutral,0.34323447942733765,0.6567655205726624,none,none,none,none
3844,468,0,negative,0.010185596,0.81987774,0.16993669,negative,0.002916228026151657,0.9970837719738483,conflict,conflict,conflict,conflict
3845,468,0,negative,0.018475201,0.7643233,0.21720156,positive,0.9802773594856262,0.01972264051437378,conflict,agreement,conflict,agreement
3846,468,0,neutral,0.10428537,0.3434064,0.55230826,negative,0.04708324372768402,0.952916756272316,none,conflict,none,conflict
3847,468,0,positive,0.74852157,0.10559077,0.1458876,positive,0.737322986125946,0.26267701387405396,agreement,agreement,agreement,none
3848,468,0,positive,0.90865916,0.010360807,0.08098004,positive,0.9989016056060791,0.0010983943939208984,agreement,agreement,none,none
3849,468,0,neutral,0.67369795,0.083705105,0.24259697,positive,0.9933018684387207,0.006698131561279297,none,agreement,none,agreement
3850,468,0,neutral,0.3088162,0.048463296,0.6427205,positive,0.9975858926773071,0.002414107322692871,none,agreement,none,none
3851,468,0,neutral,0.6416904,0.03222496,0.32608458,negative,0.0036116677802056074,0.9963883322197944,none,conflict,none,conflict
3852,468,0,positive,0.9393457,0.010732955,0.049921364,positive,0.9942222237586975,0.00577777624130249,agreement,agreement,none,none
3853,468,0,positive,0.84115106,0.032058768,0.1267902,positive,0.9995954632759094,0.00040453672409057617,agreement,agreement,none,none
3854,468,0,neutral,0.35852772,0.12814908,0.51332325,positive,0.7447270750999451,0.25527292490005493,none,agreement,none,none
3856,468,0,positive,0.92842954,0.0038607037,0.06770972,positive,0.9990191459655762,0.0009808540344238281,agreement,agreement,none,agreement
3857,468,0,neutral,0.12979728,0.07993481,0.79026794,negative,0.008701317943632603,0.9912986820563674,none,conflict,none,conflict
3858,468,0,positive,0.962171,0.003235361,0.03459368,positive,0.9993250370025635,0.0006749629974365234,agreement,agreement,agreement,agreement
3859,468,0,neutral,0.30191803,0.099709064,0.59837294,positive,0.9980010390281677,0.0019989609718322754,none,agreement,none,agreement
3860,468,0,positive,0.9797379,0.002968966,0.017293112,positive,0.9997214674949646,0.0002785325050354004,agreement,agreement,none,none
3861,469,0,neutral,0.2727947,0.06981674,0.6573886,positive,0.9997541308403015,0.00024586915969848633,none,agreement,none,agreement
3862,469,0,positive,0.86216486,0.007477556,0.13035758,positive,0.9993801116943359,0.0006198883056640625,agreement,agreement,none,none
3863,469,0,neutral,0.44022107,0.22480284,0.33497614,negative,0.0007595584611408412,0.9992404415388592,none,conflict,none,conflict
3864,469,0,positive,0.9218705,0.008623875,0.069505535,positive,0.9993488192558289,0.0006511807441711426,agreement,agreement,agreement,agreement
3865,469,0,negative,0.026230866,0.72661865,0.24715048,negative,0.0034072170965373516,0.9965927829034626,conflict,conflict,conflict,conflict
3866,469,0,neutral,0.6561821,0.048145715,0.29567215,positive,0.9914513230323792,0.00854867696762085,none,agreement,none,none
3867,469,0,neutral,0.5575355,0.03338719,0.40907732,neutral,0.5087459087371826,0.4912540912628174,none,none,none,none
3868,469,0,positive,0.84249145,0.008819842,0.14868878,positive,0.9995972514152527,0.00040274858474731445,agreement,agreement,none,agreement
3870,469,0,neutral,0.41758654,0.007647621,0.57476586,negative,0.1150425598025322,0.8849574401974678,none,conflict,none,conflict
3871,469,0,neutral,0.24844578,0.20893088,0.5426233,positive,0.8683098554611206,0.1316901445388794,none,agreement,none,none
3872,469,0,neutral,0.12935455,0.4454714,0.42517403,negative,0.004774594679474831,0.9952254053205252,none,conflict,none,conflict
3873,469,0,negative,0.011273736,0.74580437,0.2429219,negative,0.00039256465970538557,0.9996074353402946,conflict,conflict,conflict,conflict
3874,469,0,negative,0.008921957,0.85223025,0.13884775,negative,0.001881638658232987,0.998118361341767,conflict,conflict,conflict,conflict
3875,469,0,neutral,0.37177208,0.010572661,0.6176552,positive,0.9996922016143799,0.0003077983856201172,none,agreement,none,agreement
3876,469,0,positive,0.8192048,0.019437084,0.16135809,positive,0.9981004595756531,0.0018995404243469238,agreement,agreement,none,none
3877,469,0,neutral,0.06318342,0.3999473,0.53686935,negative,0.0009181726491078734,0.9990818273508921,none,conflict,none,conflict
3878,469,0,negative,0.009031111,0.8501698,0.14079906,negative,0.008792079985141754,0.9912079200148582,conflict,conflict,conflict,conflict
3882,469,0,negative,0.008947387,0.91008556,0.08096713,negative,0.0008868643781170249,0.999113135621883,conflict,conflict,conflict,conflict
3883,469,0,negative,0.013808658,0.83029884,0.15589243,negative,0.006583039183169603,0.9934169608168304,conflict,conflict,conflict,conflict
3884,469,0,positive,0.7416554,0.020654298,0.23769027,positive,0.9274097084999084,0.07259029150009155,agreement,agreement,agreement,agreement
3885,469,0,neutral,0.03980145,0.49772006,0.46247852,negative,0.008248071186244488,0.9917519288137555,none,conflict,none,conflict
3886,469,0,neutral,0.060915437,0.6594362,0.27964827,negative,0.013666692189872265,0.9863333078101277,none,conflict,none,conflict
3887,469,0,neutral,0.04195016,0.61788774,0.3401621,neutral,0.5967552065849304,0.4032447934150696,none,none,none,none
3888,469,0,positive,0.7923608,0.012916715,0.19472246,negative,0.004560103174299002,0.995439896825701,agreement,conflict,none,conflict
3889,469,0,positive,0.77429456,0.010813498,0.21489191,positive,0.9929094910621643,0.007090508937835693,agreement,agreement,agreement,agreement
3891,469,0,neutral,0.35857183,0.23142761,0.4100005,negative,0.08060214668512344,0.9193978533148766,none,conflict,none,conflict
3892,469,0,positive,0.9484304,0.008579703,0.04298988,positive,0.9986116886138916,0.0013883113861083984,agreement,agreement,agreement,agreement
3893,469,0,positive,0.9744252,0.0061529265,0.019421937,positive,0.9998321533203125,0.0001678466796875,agreement,agreement,none,none
3896,470,0,negative,0.030572513,0.7163604,0.25306714,positive,0.99819415807724,0.0018058419227600098,conflict,agreement,conflict,none
3897,470,0,positive,0.8369208,0.0046149474,0.1584642,positive,0.9998044371604919,0.00019556283950805664,agreement,agreement,none,none
3898,470,0,neutral,0.071451746,0.14507148,0.78347677,negative,0.011842085048556328,0.9881579149514437,none,conflict,none,conflict
3899,470,0,neutral,0.114605814,0.3427698,0.54262435,negative,0.0009025945910252631,0.9990974054089747,none,conflict,none,conflict
3900,470,0,neutral,0.41540048,0.04301435,0.5415852,positive,0.9780444502830505,0.021955549716949463,none,agreement,none,agreement
3901,470,0,negative,0.014700257,0.7746037,0.21069609,negative,0.0016726905014365911,0.9983273094985634,conflict,conflict,conflict,conflict
3902,470,0,neutral,0.086295985,0.08785436,0.8258496,negative,0.0030135938432067633,0.9969864061567932,none,conflict,none,conflict
3903,470,0,neutral,0.62819827,0.040745057,0.33105668,negative,0.00980488583445549,0.9901951141655445,none,conflict,none,conflict
3904,470,0,positive,0.9665414,0.0034635316,0.02999505,positive,0.969829797744751,0.030170202255249023,agreement,agreement,agreement,none
3905,470,0,positive,0.7311677,0.10255541,0.16627695,positive,0.9997949004173279,0.00020509958267211914,agreement,agreement,agreement,agreement
3906,470,0,neutral,0.6495026,0.044632513,0.30586484,positive,0.9980485439300537,0.001951456069946289,none,agreement,none,none
3907,470,0,negative,0.016687727,0.7761206,0.20719169,negative,0.0015943122562021017,0.9984056877437979,conflict,conflict,conflict,conflict
3908,470,0,neutral,0.5811922,0.18713443,0.23167334,negative,0.009195014834403992,0.990804985165596,none,conflict,none,conflict
3909,470,0,positive,0.79018563,0.04629528,0.16351908,positive,0.9996988773345947,0.00030112266540527344,agreement,agreement,agreement,agreement
3910,470,0,positive,0.98217636,0.007933168,0.009890464,positive,0.9998549222946167,0.00014507770538330078,agreement,agreement,none,none
3911,470,0,negative,0.009285596,0.89493823,0.09577611,negative,0.000604246451985091,0.9993957535480149,conflict,conflict,conflict,conflict
3912,470,0,neutral,0.3389288,0.3047476,0.35632357,negative,0.011018100194633007,0.988981899805367,none,conflict,none,conflict
3913,470,0,neutral,0.33596793,0.1767587,0.4872733,positive,0.9985560774803162,0.0014439225196838379,none,agreement,none,none
3914,470,0,negative,0.010369275,0.81794816,0.17168261,negative,0.004912957549095154,0.9950870424509048,conflict,conflict,conflict,conflict
3915,470,0,positive,0.8651948,0.007999523,0.12680562,positive,0.9995715022087097,0.0004284977912902832,agreement,agreement,none,none
3916,470,0,positive,0.9636222,0.006711998,0.029665727,positive,0.9997715353965759,0.00022846460342407227,agreement,agreement,agreement,agreement
3917,471,0,positive,0.98275244,0.0019528593,0.015294613,positive,0.9998457431793213,0.00015425682067871094,agreement,agreement,none,none
3918,471,0,positive,0.9523627,0.008993078,0.038644217,positive,0.9953011274337769,0.0046988725662231445,agreement,agreement,none,agreement
3919,471,0,positive,0.87853575,0.0036441511,0.11782012,positive,0.9998063445091248,0.00019365549087524414,agreement,agreement,agreement,agreement
3920,471,0,neutral,0.36748937,0.042873327,0.58963734,negative,0.02810010127723217,0.9718998987227678,none,conflict,none,conflict
3921,471,0,neutral,0.5429975,0.07757654,0.37942603,negative,0.1094755008816719,0.8905244991183281,none,conflict,none,conflict
3922,471,0,neutral,0.5590375,0.1367237,0.30423877,negative,0.05169212445616722,0.9483078755438328,none,conflict,none,conflict
3923,471,0,neutral,0.029426752,0.67234594,0.29822728,positive,0.7581478953361511,0.24185210466384888,none,agreement,none,none
3924,471,0,neutral,0.06628275,0.34290823,0.5908089,negative,0.0115803899243474,0.9884196100756526,none,conflict,none,conflict
3925,471,0,neutral,0.0628524,0.39594838,0.54119927,positive,0.9911425113677979,0.008857488632202148,none,agreement,none,none
3926,471,0,positive,0.85975677,0.041008838,0.09923439,positive,0.9918053150177002,0.008194684982299805,agreement,agreement,none,none
3927,471,0,negative,0.0056475336,0.9250687,0.0692838,negative,0.00035116798244416714,0.9996488320175558,conflict,conflict,conflict,conflict
3928,471,0,positive,0.8174735,0.026285447,0.15624109,positive,0.9260164499282837,0.07398355007171631,agreement,agreement,agreement,agreement
3929,471,0,negative,0.012411307,0.84938926,0.13819946,negative,0.005045550409704447,0.9949544495902956,conflict,conflict,conflict,conflict
3930,471,0,neutral,0.53711694,0.069668494,0.39321455,positive,0.9855777621269226,0.014422237873077393,none,agreement,none,none
3931,471,0,neutral,0.31222245,0.1497994,0.5379781,positive,0.9936787486076355,0.006321251392364502,none,agreement,none,none
3932,471,0,negative,0.006387261,0.86831427,0.12529846,negative,0.009790937416255474,0.9902090625837445,conflict,conflict,conflict,conflict
3933,471,0,neutral,0.057584047,0.5961757,0.3462403,positive,0.9068387150764465,0.09316128492355347,none,agreement,none,agreement
3934,471,0,positive,0.93683887,0.009516155,0.05364493,positive,0.9996153116226196,0.0003846883773803711,agreement,agreement,agreement,agreement
3935,471,0,positive,0.97276366,0.0037618594,0.023474494,positive,0.9994489550590515,0.0005510449409484863,agreement,agreement,none,none
3936,471,0,neutral,0.15596387,0.20540266,0.6386335,positive,0.9547584652900696,0.04524153470993042,none,agreement,none,none
3937,472,0,positive,0.858185,0.015154554,0.12666047,positive,0.9989983439445496,0.0010016560554504395,agreement,agreement,none,none
3938,472,0,positive,0.8545599,0.013755255,0.13168481,positive,0.9993553757667542,0.0006446242332458496,agreement,agreement,agreement,none
3939,472,0,positive,0.9662411,0.009054666,0.02470425,positive,0.9996588230133057,0.00034117698669433594,agreement,agreement,none,agreement
3940,472,0,neutral,0.065395154,0.64294046,0.29166442,positive,0.987542986869812,0.012457013130187988,none,agreement,none,agreement
3941,472,0,neutral,0.34956557,0.25005314,0.4003814,positive,0.9993354678153992,0.0006645321846008301,none,agreement,none,none
3942,472,0,negative,0.0688225,0.7360252,0.19515228,positive,0.9902492165565491,0.009750783443450928,conflict,agreement,conflict,none
3943,472,0,neutral,0.22715338,0.06656426,0.70628244,positive,0.989881694316864,0.010118305683135986,none,agreement,none,none
3944,472,0,negative,0.013519222,0.7494834,0.23699743,negative,0.024089589715003967,0.975910410284996,conflict,conflict,conflict,conflict
3945,472,0,neutral,0.02917943,0.59898406,0.3718365,neutral,0.45577895641326904,0.544221043586731,none,none,none,none
3946,472,0,negative,0.033610903,0.70878947,0.25759965,negative,0.021517250686883926,0.9784827493131161,conflict,conflict,conflict,conflict
3947,472,0,positive,0.8695639,0.010445499,0.119990624,positive,0.9995835423469543,0.0004164576530456543,agreement,agreement,none,none
3948,472,0,positive,0.9547693,0.006639992,0.0385907,positive,0.9996917247772217,0.0003082752227783203,agreement,agreement,agreement,agreement
3950,472,0,positive,0.95376515,0.007359769,0.038875077,positive,0.9998747110366821,0.0001252889633178711,agreement,agreement,agreement,none
3951,472,0,neutral,0.6025976,0.118670695,0.27873176,negative,0.02554209530353546,0.9744579046964645,none,conflict,none,conflict
3952,472,0,neutral,0.027890613,0.6166101,0.3554993,positive,0.9988318085670471,0.0011681914329528809,none,agreement,none,none
3953,472,0,positive,0.99041206,0.0028594842,0.006728503,positive,0.9998576641082764,0.0001423358917236328,agreement,agreement,none,none
3955,473,0,positive,0.7431235,0.019025391,0.23785111,neutral,0.578931987285614,0.421068012714386,agreement,none,none,none
3956,473,0,neutral,0.29639986,0.167343,0.53625715,neutral,0.6374360918998718,0.3625639081001282,none,none,none,none
3958,473,0,neutral,0.062270086,0.4557294,0.4820006,negative,0.003574907314032316,0.9964250926859677,none,conflict,none,conflict
3959,473,0,positive,0.94491076,0.0060794167,0.049009755,positive,0.9997327923774719,0.00026720762252807617,agreement,agreement,none,agreement
3960,473,0,positive,0.88012004,0.037609164,0.08227083,negative,0.005907105281949043,0.994092894718051,agreement,conflict,none,conflict
3961,473,0,positive,0.9364605,0.0101723485,0.053367145,positive,0.9991323351860046,0.0008676648139953613,agreement,agreement,none,agreement
3964,474,0,positive,0.93126255,0.0028907938,0.065846704,positive,0.9991434812545776,0.0008565187454223633,agreement,agreement,agreement,agreement
3965,474,0,positive,0.94673884,0.013881762,0.039379332,positive,0.9996291399002075,0.00037086009979248047,agreement,agreement,agreement,agreement
3966,474,0,positive,0.975491,0.007240389,0.017268635,positive,0.999843955039978,0.00015604496002197266,agreement,agreement,none,none
3967,474,0,neutral,0.6844779,0.09502668,0.22049537,positive,0.9930201172828674,0.006979882717132568,none,agreement,none,none
3968,474,0,positive,0.94393724,0.0044601155,0.05160262,positive,0.9996218681335449,0.0003781318664550781,agreement,agreement,none,agreement
3969,474,0,positive,0.81500643,0.016317477,0.16867606,positive,0.9926643967628479,0.0073356032371521,agreement,agreement,none,none
3970,474,0,negative,0.012859977,0.79090554,0.19623451,negative,0.000438862043665722,0.9995611379563343,conflict,conflict,conflict,conflict
3971,474,0,negative,0.006619877,0.891367,0.1020131,negative,0.00022438277665060014,0.9997756172233494,conflict,conflict,conflict,conflict
3972,474,0,negative,0.015018737,0.8012862,0.18369505,negative,0.002583220135420561,0.9974167798645794,conflict,conflict,conflict,conflict
3973,474,0,neutral,0.03742338,0.5979549,0.3646217,negative,0.009858785197138786,0.9901412148028612,none,conflict,none,conflict
3974,474,0,negative,0.007830129,0.8858474,0.1063225,negative,0.0018673340091481805,0.9981326659908518,conflict,conflict,conflict,conflict
3975,474,0,positive,0.96390724,0.0047617857,0.031330977,positive,0.9997674822807312,0.00023251771926879883,agreement,agreement,agreement,agreement
3976,474,0,positive,0.9559138,0.012452849,0.031633332,positive,0.9998132586479187,0.00018674135208129883,agreement,agreement,none,none
3977,474,0,neutral,0.08900851,0.17920367,0.7317878,negative,0.0015225571114569902,0.998477442888543,none,conflict,none,conflict
3978,474,0,negative,0.018221544,0.7456174,0.23616108,negative,0.0007803994230926037,0.9992196005769074,conflict,conflict,conflict,conflict
3979,474,0,neutral,0.109125614,0.19345535,0.69741905,neutral,0.6457464694976807,0.35425353050231934,none,none,none,none
3980,474,0,neutral,0.07680162,0.63795626,0.28524214,negative,0.0004338592989370227,0.999566140701063,none,conflict,none,conflict
3981,474,0,neutral,0.30671102,0.23080602,0.46248293,positive,0.9633732438087463,0.03662675619125366,none,agreement,none,none
3982,474,0,positive,0.9745944,0.0031636115,0.022241946,positive,0.9982213377952576,0.0017786622047424316,agreement,agreement,none,none
3983,475,0,positive,0.907468,0.010548057,0.081983894,positive,0.9996328353881836,0.00036716461181640625,agreement,agreement,none,none
3984,475,0,positive,0.9604421,0.0027395838,0.036818255,positive,0.9988743662834167,0.001125633716583252,agreement,agreement,none,none
3985,475,0,neutral,0.2297352,0.018687854,0.7515769,negative,0.022307908162474632,0.9776920918375254,none,none,none,none
3986,475,0,neutral,0.5493266,0.02039907,0.43027428,positive,0.9982958436012268,0.0017041563987731934,none,agreement,none,none
3987,475,0,neutral,0.4792046,0.0190853,0.50171006,negative,0.0208387840539217,0.9791612159460783,none,none,none,none
3988,475,0,neutral,0.20179136,0.15634094,0.64186776,negative,0.0011254680575802922,0.9988745319424197,none,none,none,none
3989,475,0,neutral,0.5802959,0.04002303,0.3796811,negative,0.04369281232357025,0.9563071876764297,none,none,none,none
3990,475,0,neutral,0.05181494,0.6313121,0.31687295,negative,0.006552337668836117,0.9934476623311639,none,none,none,none
3991,475,0,positive,0.8634464,0.017727608,0.11882594,positive,0.9992708563804626,0.0007291436195373535,agreement,agreement,none,none
3992,475,0,positive,0.9619818,0.0039975625,0.03402071,positive,0.9998663663864136,0.00013363361358642578,agreement,agreement,none,none
3993,475,0,neutral,0.24639721,0.13499944,0.61860335,negative,0.0030333083122968674,0.9969666916877031,none,none,none,none
3994,475,0,positive,0.8823098,0.009501491,0.10818876,negative,0.2005452960729599,0.7994547039270401,agreement,none,none,none
3995,476,0,neutral,0.16014513,0.21279158,0.6270633,positive,0.9906507730484009,0.009349226951599121,none,agreement,none,agreement
3996,476,0,negative,0.034537964,0.718423,0.24703902,negative,0.00044140711543150246,0.9995585928845685,conflict,conflict,conflict,conflict
3997,476,0,positive,0.8383613,0.0036056112,0.1580331,positive,0.9979141354560852,0.002085864543914795,agreement,agreement,none,agreement
3999,476,0,neutral,0.6461957,0.047782354,0.3060219,positive,0.9570959210395813,0.0429040789604187,none,agreement,none,none
4000,476,0,negative,0.006768297,0.9005761,0.09265559,negative,0.0006779141840524971,0.9993220858159475,conflict,conflict,conflict,conflict
4001,476,0,positive,0.7096375,0.04881809,0.24154435,positive,0.9998217225074768,0.00017827749252319336,agreement,agreement,agreement,agreement
4002,476,0,neutral,0.42418283,0.056882903,0.5189343,negative,0.0029986752197146416,0.9970013247802854,none,conflict,none,conflict
4003,476,0,positive,0.94082624,0.017789312,0.041384414,positive,0.999544084072113,0.0004559159278869629,agreement,agreement,agreement,none
4005,476,0,negative,0.014359931,0.7868714,0.19876876,negative,0.0011656077113002539,0.9988343922886997,conflict,conflict,conflict,conflict
4006,476,0,neutral,0.08241071,0.3113566,0.60623264,negative,0.08245339244604111,0.9175466075539589,none,conflict,none,conflict
4007,476,0,positive,0.9820872,0.0038572105,0.014055599,positive,0.9998641014099121,0.00013589859008789062,agreement,agreement,none,none
4008,477,0,positive,0.7807476,0.005955175,0.2132973,positive,0.9994001388549805,0.0005998611450195312,agreement,agreement,none,agreement
4009,477,0,neutral,0.6929961,0.036315512,0.27068844,positive,0.9997257590293884,0.00027424097061157227,none,agreement,none,none
4010,477,0,positive,0.96414196,0.0037723766,0.032085627,positive,0.9985237717628479,0.0014762282371520996,agreement,agreement,none,none
4011,477,0,positive,0.96750253,0.0077935643,0.024703873,positive,0.9998007416725159,0.00019925832748413086,agreement,agreement,agreement,agreement
4012,477,0,neutral,0.22178,0.017333992,0.76088595,positive,0.9755240082740784,0.02447599172592163,none,agreement,none,agreement
4013,477,0,neutral,0.4300511,0.034838438,0.5351105,positive,0.9958622455596924,0.004137754440307617,none,agreement,none,agreement
4014,477,0,neutral,0.036064845,0.60316,0.3607751,negative,0.042222581803798676,0.9577774181962013,none,conflict,none,conflict
4015,477,0,neutral,0.16969149,0.12674381,0.7035647,negative,0.09141488373279572,0.9085851162672043,none,conflict,none,conflict
4016,477,0,neutral,0.20144607,0.19697006,0.60158384,negative,0.0051751150749623775,0.9948248849250376,none,conflict,none,conflict
4017,477,0,positive,0.9670495,0.004045629,0.028904904,positive,0.9998449087142944,0.0001550912857055664,agreement,agreement,none,none
4018,477,0,neutral,0.02781533,0.6451267,0.32705796,negative,0.00038907627458684146,0.9996109237254132,none,conflict,none,conflict
4019,477,0,neutral,0.03258849,0.6058155,0.36159608,negative,0.002272066893056035,0.997727933106944,none,conflict,none,conflict
4020,477,0,neutral,0.48377213,0.18065318,0.33557466,negative,0.015908915549516678,0.9840910844504833,none,conflict,none,conflict
4021,477,0,neutral,0.08899327,0.38108176,0.529925,negative,0.07351808995008469,0.9264819100499153,none,conflict,none,conflict
4022,477,0,neutral,0.12282946,0.021475442,0.85569507,positive,0.9913581609725952,0.008641839027404785,none,agreement,none,agreement
4024,477,0,positive,0.72215635,0.023812441,0.2540312,positive,0.9512863159179688,0.04871368408203125,agreement,agreement,agreement,none
4025,477,0,neutral,0.26752713,0.03072984,0.701743,negative,0.0018454364035278559,0.9981545635964721,none,conflict,none,conflict
4026,477,0,negative,0.020270001,0.7006921,0.2790379,negative,0.0014168553752824664,0.9985831446247175,conflict,conflict,conflict,conflict
4027,477,0,positive,0.8993609,0.020173902,0.080465205,positive,0.9997513890266418,0.0002486109733581543,agreement,agreement,none,agreement
4028,477,0,negative,0.020190189,0.80772865,0.17208111,negative,0.0005606755148619413,0.9994393244851381,conflict,conflict,conflict,conflict
4029,477,0,positive,0.97212595,0.0041175787,0.023756428,positive,0.9998144507408142,0.00018554925918579102,agreement,agreement,none,none
4030,477,0,neutral,0.63490725,0.028371476,0.3367213,positive,0.9988546371459961,0.0011453628540039062,none,agreement,none,none
4031,477,0,neutral,0.55316645,0.119999655,0.3268339,positive,0.9957595467567444,0.004240453243255615,none,agreement,none,agreement
4033,477,0,negative,0.008925804,0.7842111,0.20686314,negative,0.0004745603655464947,0.9995254396344535,conflict,conflict,conflict,conflict
4034,477,0,negative,0.012689413,0.7585104,0.22880022,negative,0.009442576207220554,0.9905574237927794,conflict,conflict,conflict,conflict
4035,477,0,negative,0.017112056,0.7068444,0.2760435,negative,0.00048622756730765104,0.9995137724326923,conflict,conflict,conflict,conflict
4036,477,0,positive,0.76912534,0.046066623,0.184808,neutral,0.48594218492507935,0.5140578150749207,agreement,none,agreement,none
4037,477,0,positive,0.76360214,0.024925018,0.21147285,positive,0.9740893244743347,0.025910675525665283,agreement,agreement,agreement,none
4038,477,0,positive,0.9553276,0.002605205,0.042067274,positive,0.9997134804725647,0.00028651952743530273,agreement,agreement,none,none
4039,478,0,positive,0.9098474,0.020317331,0.06983535,positive,0.8551425337791443,0.1448574662208557,agreement,agreement,none,none
4040,478,0,positive,0.83729935,0.012792872,0.1499078,positive,0.8805212378501892,0.11947876214981079,agreement,agreement,agreement,agreement
4041,478,0,positive,0.79314893,0.03422879,0.17262226,negative,0.0026675467379391193,0.9973324532620609,agreement,conflict,none,conflict
4044,478,0,negative,0.009226579,0.82526016,0.16551332,negative,0.000571374490391463,0.9994286255096085,conflict,conflict,conflict,conflict
4045,478,0,neutral,0.08018117,0.53100497,0.38881388,negative,0.0361483134329319,0.9638516865670681,none,conflict,none,conflict
4046,478,0,neutral,0.09538069,0.13249062,0.77212864,positive,0.9972977042198181,0.0027022957801818848,none,agreement,none,none
4048,478,0,neutral,0.17791389,0.26950353,0.5525825,negative,0.0039601982571184635,0.9960398017428815,none,conflict,none,conflict
4049,478,0,neutral,0.01880503,0.6530232,0.3281717,negative,0.0017255815910175443,0.9982744184089825,none,conflict,none,conflict
4050,478,0,neutral,0.05910003,0.42596906,0.51493096,negative,0.0019604491535574198,0.9980395508464426,none,conflict,none,conflict
4051,478,0,positive,0.8212689,0.02094618,0.15778491,positive,0.9997894167900085,0.00021058320999145508,agreement,agreement,none,none
4052,478,0,neutral,0.08130794,0.32982522,0.58886683,negative,0.002603857545182109,0.9973961424548179,none,conflict,none,conflict
4053,478,0,positive,0.9641996,0.0062315534,0.029568834,positive,0.999871015548706,0.0001289844512939453,agreement,agreement,none,none
4054,478,0,positive,0.9091969,0.012616004,0.07818709,positive,0.999028205871582,0.0009717941284179688,agreement,agreement,none,agreement
4055,478,0,negative,0.005992154,0.90831876,0.08568909,negative,0.0030147964134812355,0.9969852035865188,conflict,conflict,conflict,conflict
4056,478,0,positive,0.97645944,0.0019904673,0.021550084,positive,0.9995999932289124,0.0004000067710876465,agreement,agreement,none,agreement
4057,478,0,positive,0.958983,0.0053579183,0.035659034,positive,0.9992184638977051,0.0007815361022949219,agreement,agreement,agreement,agreement
4058,478,0,negative,0.018889163,0.86168796,0.119422905,negative,0.001771128154359758,0.9982288718456402,conflict,conflict,conflict,conflict
4059,478,0,positive,0.81391597,0.018515244,0.16756876,positive,0.9998613595962524,0.0001386404037475586,agreement,agreement,agreement,agreement
4061,479,0,neutral,0.055315144,0.6262251,0.31845972,negative,0.0012998322490602732,0.9987001677509397,none,none,none,none
4062,479,0,neutral,0.19502579,0.020500978,0.78447324,positive,0.9949747323989868,0.005025267601013184,none,agreement,none,none
4063,479,0,neutral,0.22227785,0.039513826,0.7382083,negative,0.05014542117714882,0.9498545788228512,none,none,none,none
4064,479,0,neutral,0.12475511,0.018305145,0.85693973,positive,0.9995051622390747,0.000494837760925293,none,agreement,none,none
4065,479,0,negative,0.01139128,0.81075495,0.17785375,negative,0.011161494068801403,0.9888385059311986,none,none,none,none
4066,479,0,neutral,0.05008471,0.5903411,0.35957414,negative,0.0029826106037944555,0.9970173893962055,none,none,none,none
4067,479,0,positive,0.7737848,0.0069120526,0.21930316,positive,0.9998273849487305,0.00017261505126953125,agreement,agreement,none,none
4068,479,0,negative,0.011764306,0.8661254,0.12211028,negative,0.0022768680937588215,0.9977231319062412,none,none,none,none
4071,479,0,positive,0.9386352,0.005837616,0.055527236,positive,0.9995868802070618,0.0004131197929382324,agreement,agreement,none,none
4072,479,0,neutral,0.34703052,0.08468902,0.56828046,positive,0.997991681098938,0.0020083189010620117,none,agreement,none,none
4073,479,0,positive,0.76231897,0.10661741,0.13106367,negative,0.009639805182814598,0.9903601948171854,agreement,none,none,none
4074,479,0,negative,0.009378898,0.78192043,0.20870064,negative,0.0002716931339818984,0.9997283068660181,none,none,none,none
4075,479,0,neutral,0.39209905,0.008363113,0.59953785,positive,0.9982436895370483,0.0017563104629516602,none,agreement,none,none
4076,480,0,positive,0.82682824,0.0052853855,0.16788642,positive,0.9989703893661499,0.0010296106338500977,agreement,agreement,none,none
4077,480,0,positive,0.97046417,0.008636517,0.020899348,positive,0.9996811151504517,0.00031888484954833984,agreement,agreement,none,none
4078,480,0,positive,0.76012397,0.029319674,0.21055639,positive,0.9997641444206238,0.0002358555793762207,agreement,agreement,none,none
4079,480,0,positive,0.90958595,0.01092976,0.07948433,positive,0.9927154183387756,0.007284581661224365,agreement,agreement,agreement,agreement
4080,480,0,positive,0.95322955,0.004680775,0.042089604,positive,0.998236894607544,0.0017631053924560547,agreement,agreement,none,none
4081,480,0,neutral,0.56903315,0.01553198,0.41543484,positive,0.9829444289207458,0.01705557107925415,none,agreement,none,none
4082,480,0,positive,0.88044196,0.013681062,0.10587695,positive,0.9988621473312378,0.001137852668762207,agreement,agreement,agreement,agreement
4083,480,0,negative,0.012034447,0.83453846,0.15342703,negative,0.0020552414935082197,0.9979447585064918,conflict,conflict,conflict,conflict
4084,480,0,neutral,0.086208634,0.1263201,0.7874713,neutral,0.6235453486442566,0.3764546513557434,none,none,none,none
4086,480,0,neutral,0.017979825,0.6748569,0.30716333,negative,0.011528823524713516,0.9884711764752865,none,conflict,none,conflict
4087,480,0,positive,0.95081615,0.0058021597,0.043381665,positive,0.9997934699058533,0.00020653009414672852,agreement,agreement,none,none
4088,480,0,positive,0.90494496,0.014028177,0.081026904,positive,0.9998347759246826,0.0001652240753173828,agreement,agreement,none,none
4089,480,0,positive,0.9395839,0.018823138,0.041592967,positive,0.9803853034973145,0.019614696502685547,agreement,agreement,none,none
4090,480,0,neutral,0.26160678,0.046998844,0.69139427,negative,0.275532990694046,0.724467009305954,none,conflict,none,conflict
4091,480,0,neutral,0.6660668,0.08158444,0.25234878,positive,0.8939034342765808,0.10609656572341919,none,agreement,none,none
4092,480,0,neutral,0.05335281,0.5132479,0.43339932,positive,0.8280577063560486,0.17194229364395142,none,agreement,none,agreement
4093,480,0,negative,0.014558363,0.81415945,0.17128214,positive,0.9926483035087585,0.007351696491241455,conflict,agreement,conflict,none
4094,480,0,positive,0.9242455,0.0030953325,0.07265924,positive,0.9998185038566589,0.00018149614334106445,agreement,agreement,none,none
4095,480,0,neutral,0.2755127,0.096958384,0.6275289,negative,0.017258526757359505,0.9827414732426405,none,conflict,none,conflict
4096,480,0,neutral,0.33984163,0.017902851,0.6422555,positive,0.9937489032745361,0.006251096725463867,none,agreement,none,agreement
4097,481,0,positive,0.979215,0.0034247015,0.017360328,positive,0.99986732006073,0.00013267993927001953,agreement,agreement,none,none
4098,481,0,negative,0.008172884,0.92311466,0.06871243,neutral,0.3078640401363373,0.6921359598636627,none,none,none,none
4099,481,0,neutral,0.5486716,0.05445664,0.3968718,negative,0.0023913122713565826,0.9976086877286434,none,none,none,none
4100,481,0,positive,0.9231988,0.0027398535,0.07406138,positive,0.9992547631263733,0.000745236873626709,agreement,agreement,none,none
4101,481,0,positive,0.95920825,0.0025150578,0.038276657,positive,0.9879746437072754,0.01202535629272461,agreement,agreement,none,none
4102,481,0,neutral,0.3970142,0.023362113,0.57962364,positive,0.974900484085083,0.025099515914916992,none,agreement,none,none
4103,481,0,positive,0.9648748,0.005707373,0.029417828,positive,0.9998218417167664,0.00017815828323364258,agreement,agreement,none,none
4105,481,0,neutral,0.016119976,0.6197703,0.36410978,negative,0.010315370745956898,0.9896846292540431,none,none,none,none
4106,481,0,neutral,0.106521435,0.19707695,0.69640166,negative,0.13099552690982819,0.8690044730901718,none,none,none,none
4107,481,0,neutral,0.062780164,0.6372619,0.29995793,neutral,0.4790411591529846,0.5209588408470154,none,none,none,none
4108,481,0,neutral,0.2198705,0.3967476,0.3833819,negative,0.031798284500837326,0.9682017154991627,none,none,none,none
4109,481,0,neutral,0.3173491,0.3153113,0.36733952,neutral,0.6507208943367004,0.34927910566329956,none,none,none,none
4110,481,0,neutral,0.08455329,0.6107886,0.30465817,positive,0.9952296018600464,0.004770398139953613,none,agreement,none,none
4112,481,0,neutral,0.019810926,0.60295355,0.37723547,negative,0.000949705601669848,0.9990502943983302,none,none,none,none
4113,481,0,positive,0.9490995,0.011142298,0.039758265,positive,0.9998499155044556,0.0001500844955444336,agreement,agreement,none,none
4114,481,0,negative,0.026861958,0.79729277,0.17584534,positive,0.9701645374298096,0.02983546257019043,none,agreement,none,none
4115,481,0,neutral,0.2037999,0.3493681,0.446832,negative,0.0327550545334816,0.9672449454665184,none,none,none,none
4116,481,0,neutral,0.051448885,0.27760363,0.67094755,positive,0.9697550535202026,0.030244946479797363,none,agreement,none,none
4117,481,0,neutral,0.14766532,0.50003916,0.35229555,negative,0.007946477271616459,0.9920535227283835,none,none,none,none
4118,481,0,neutral,0.02620231,0.56717736,0.40662032,negative,0.0049272822216153145,0.9950727177783847,none,none,none,none
4119,481,0,negative,0.010138053,0.9066666,0.0831953,negative,0.0011234424309805036,0.9988765575690195,none,none,none,none
4120,481,0,negative,0.007717638,0.9109133,0.08136907,negative,0.0005736062303185463,0.9994263937696815,none,none,none,none
4121,481,0,negative,0.011151815,0.8729219,0.11592634,negative,0.00039303346420638263,0.9996069665357936,none,none,none,none
4122,481,0,positive,0.7212278,0.043884594,0.23488761,negative,0.003926835022866726,0.9960731649771333,agreement,none,none,none
4123,481,0,negative,0.009277237,0.90580356,0.08491921,negative,0.0038613989017903805,0.9961386010982096,none,none,none,none
4124,481,0,negative,0.027608974,0.7486822,0.22370882,negative,0.06694988906383514,0.9330501109361649,none,none,none,none
4125,481,0,positive,0.7619988,0.034554526,0.20344669,negative,0.1773514449596405,0.8226485550403595,agreement,none,none,none
4126,481,0,neutral,0.3326369,0.06909058,0.59827256,negative,0.005565740633755922,0.9944342593662441,none,none,none,none
4127,481,0,positive,0.9731435,0.0062058778,0.020650584,positive,0.9997723698616028,0.0002276301383972168,agreement,agreement,none,none
4128,481,0,neutral,0.37591308,0.08290633,0.5411806,positive,0.8153843879699707,0.1846156120300293,none,agreement,none,none
4129,481,0,positive,0.91874325,0.00939067,0.07186613,positive,0.9323296546936035,0.06767034530639648,agreement,agreement,none,none
4130,482,0,neutral,0.5414039,0.03198475,0.42661136,positive,0.9961695075035095,0.0038304924964904785,none,agreement,none,agreement
4131,482,0,positive,0.8717902,0.024519097,0.10369075,positive,0.9997084736824036,0.00029152631759643555,agreement,agreement,none,agreement
4132,482,0,positive,0.9131625,0.003993853,0.08284359,positive,0.9992964267730713,0.0007035732269287109,agreement,agreement,none,none
4133,482,0,neutral,0.37387526,0.14743826,0.47868648,negative,0.010426010005176067,0.9895739899948239,none,conflict,none,conflict
4134,482,0,neutral,0.020302126,0.6454997,0.33419818,negative,0.007331126369535923,0.9926688736304641,none,conflict,none,conflict
4135,482,0,neutral,0.06367512,0.36284205,0.5734829,negative,0.007708978373557329,0.9922910216264427,none,conflict,none,conflict
4136,482,0,neutral,0.5391476,0.05357481,0.40727758,positive,0.9512165784835815,0.04878342151641846,none,agreement,none,agreement
4137,482,0,neutral,0.550753,0.017063785,0.43218318,positive,0.9806053638458252,0.019394636154174805,none,agreement,none,none
4138,482,0,neutral,0.11109932,0.04091942,0.8479813,positive,0.9989043474197388,0.0010956525802612305,none,agreement,none,agreement
4139,482,0,neutral,0.09771603,0.2672869,0.634997,negative,0.013315878808498383,0.9866841211915016,none,conflict,none,conflict
4140,482,0,positive,0.8552004,0.010366199,0.13443336,positive,0.9921079277992249,0.007892072200775146,agreement,agreement,agreement,agreement
4141,482,0,neutral,0.10071285,0.5191654,0.38012177,negative,0.0006989687099121511,0.9993010312900878,none,conflict,none,conflict
4142,482,0,neutral,0.05569873,0.11754242,0.82675886,negative,0.0013543589739128947,0.9986456410260871,none,conflict,none,conflict
4143,482,0,negative,0.017901586,0.7368862,0.24521223,negative,0.002977078314870596,0.9970229216851294,conflict,conflict,conflict,conflict
4144,482,0,neutral,0.08895683,0.23174515,0.67929804,negative,0.004443386569619179,0.9955566134303808,none,conflict,none,conflict
4145,482,0,neutral,0.03636534,0.46294734,0.50068736,negative,0.009093313477933407,0.9909066865220666,none,conflict,none,conflict
4146,482,0,neutral,0.06628762,0.6310317,0.3026807,negative,0.0013239184627309442,0.9986760815372691,none,conflict,none,conflict
4148,482,0,neutral,0.04159354,0.38862792,0.56977856,negative,0.0036675415467470884,0.9963324584532529,none,conflict,none,conflict
4149,482,0,positive,0.81457806,0.023015149,0.16240683,positive,0.9975810050964355,0.002418994903564453,agreement,agreement,none,none
4151,482,0,neutral,0.19097228,0.1884763,0.6205514,negative,0.2042325735092163,0.7957674264907837,none,conflict,none,conflict
4153,482,0,neutral,0.16899623,0.23817089,0.5928329,negative,0.007280477322638035,0.992719522677362,none,conflict,none,conflict
4154,482,0,neutral,0.07075518,0.16830128,0.76094353,negative,0.0017000044463202357,0.9982999955536798,none,conflict,none,conflict
4156,482,0,positive,0.7627,0.046920408,0.19037957,positive,0.9804384708404541,0.0195615291595459,agreement,agreement,none,none
4158,483,0,neutral,0.21344507,0.21845214,0.5681027,negative,0.0006071062525734305,0.9993928937474266,none,none,none,none
4159,483,0,negative,0.00828722,0.8831339,0.108578846,negative,0.00028290203772485256,0.9997170979622751,none,none,none,none
4160,483,0,neutral,0.08990748,0.6156118,0.29448083,neutral,0.6458026170730591,0.3541973829269409,none,none,none,none
4161,483,0,neutral,0.06582283,0.2289599,0.70521724,positive,0.9937795996665955,0.006220400333404541,none,agreement,none,none
4162,483,0,negative,0.019790243,0.7995993,0.18061046,negative,0.07963915914297104,0.920360840857029,none,none,none,none
4163,483,0,neutral,0.06626991,0.34998104,0.58374906,negative,0.00655053835362196,0.993449461646378,none,none,none,none
4164,483,0,neutral,0.032765348,0.5745644,0.3926703,negative,0.004284918773919344,0.9957150812260807,none,none,none,none
4165,483,0,neutral,0.24007332,0.162027,0.5978996,positive,0.9944658875465393,0.005534112453460693,none,agreement,none,none
4166,483,0,neutral,0.44117385,0.041625522,0.51720065,negative,0.0026179461274296045,0.9973820538725704,none,none,none,none
4167,483,0,neutral,0.45644107,0.064523384,0.47903556,negative,0.0021269803401082754,0.9978730196598917,none,none,none,none
4168,483,0,negative,0.007920988,0.9242698,0.06780926,negative,0.000573763158172369,0.9994262368418276,none,none,none,none
4169,483,0,neutral,0.08978079,0.1659506,0.74426866,negative,0.002072629751637578,0.9979273702483624,none,none,none,none
4170,483,0,negative,0.038224056,0.7463046,0.2154714,negative,0.0002729739644564688,0.9997270260355435,none,none,none,none
4171,483,0,negative,0.0136282975,0.8579086,0.12846315,negative,0.00039145920891314745,0.9996085407910869,none,none,none,none
4172,483,0,neutral,0.32058427,0.2690473,0.4103684,positive,0.8255836963653564,0.17441630363464355,none,agreement,none,none
4173,483,0,negative,0.0087268185,0.88564,0.10563313,negative,0.0038582286797463894,0.9961417713202536,none,none,none,none
4174,483,0,negative,0.0060954224,0.9029236,0.090981066,negative,0.0007678581750951707,0.9992321418249048,none,none,none,none
4175,483,0,negative,0.010627965,0.77092475,0.21844731,neutral,0.4781826138496399,0.5218173861503601,none,none,none,none
4176,483,0,negative,0.006139828,0.8534703,0.14038984,negative,0.0003832852526102215,0.9996167147473898,none,none,none,none
4177,483,0,negative,0.011245614,0.8691997,0.11955472,negative,0.0012344492133706808,0.9987655507866293,none,none,none,none
4178,483,0,negative,0.015365948,0.7163232,0.26831087,positive,0.9040549397468567,0.09594506025314331,none,agreement,none,none
4179,483,0,negative,0.01880421,0.79193944,0.18925641,negative,0.0022005829960107803,0.9977994170039892,none,none,none,none
4180,483,0,negative,0.028074067,0.73080873,0.24111712,negative,0.0026978319510817528,0.9973021680489182,none,none,none,none
4181,483,0,neutral,0.035693664,0.41055557,0.55375075,negative,0.011353838257491589,0.9886461617425084,none,none,none,none
4182,483,0,neutral,0.14532304,0.3056399,0.5490371,positive,0.9924578666687012,0.007542133331298828,none,agreement,none,none
4183,483,0,neutral,0.23604381,0.03760889,0.72634727,positive,0.9983391761779785,0.0016608238220214844,none,agreement,none,none
4184,483,0,neutral,0.3459668,0.06576425,0.588269,positive,0.99659663438797,0.0034033656120300293,none,agreement,none,none
4185,483,0,neutral,0.6208334,0.03833854,0.34082812,negative,0.1273457556962967,0.8726542443037033,none,none,none,none
4186,483,0,neutral,0.11950785,0.3702704,0.5102218,positive,0.9849410653114319,0.015058934688568115,none,agreement,none,none
4187,483,0,neutral,0.19445568,0.20386921,0.6016751,negative,0.03633568435907364,0.9636643156409264,none,none,none,none
4188,483,0,neutral,0.2983613,0.28239036,0.41924837,positive,0.9975302815437317,0.0024697184562683105,none,agreement,none,none
4189,483,0,neutral,0.23626281,0.26612717,0.49761006,positive,0.9548255205154419,0.045174479484558105,none,agreement,none,none
4191,483,0,negative,0.007699161,0.8882173,0.10408359,negative,0.0018745743436738849,0.9981254256563261,none,none,none,none
4192,483,0,negative,0.009602228,0.8456281,0.14476965,negative,0.0015220685163512826,0.9984779314836487,none,none,none,none
4193,483,0,neutral,0.30802962,0.33208257,0.3598878,negative,0.0218402948230505,0.9781597051769495,none,none,none,none
4194,483,0,positive,0.80617946,0.037925467,0.155895,positive,0.995558500289917,0.004441499710083008,agreement,agreement,none,none
4195,483,0,neutral,0.026118247,0.6196467,0.35423496,negative,0.015557793900370598,0.9844422060996294,none,none,none,none
4196,484,0,neutral,0.67315453,0.046852864,0.2799926,positive,0.9958064556121826,0.004193544387817383,none,agreement,none,none
4197,484,0,neutral,0.50109893,0.09548545,0.40341562,neutral,0.6162217259407043,0.38377827405929565,none,none,none,none
4198,484,0,positive,0.9294673,0.0027587847,0.06777393,positive,0.9974000453948975,0.002599954605102539,agreement,agreement,none,none
4199,484,0,neutral,0.4073917,0.019241674,0.5733667,negative,0.06889503449201584,0.9311049655079842,none,none,none,none
4200,484,0,neutral,0.18190971,0.13255872,0.68553156,positive,0.8422335386276245,0.1577664613723755,none,agreement,none,none
4201,484,0,positive,0.7138124,0.015135977,0.27105165,positive,0.9919605851173401,0.008039414882659912,agreement,agreement,none,none
4202,484,0,neutral,0.025370097,0.3966352,0.5779947,negative,0.0008388753631152213,0.9991611246368848,none,none,none,none
4203,484,0,neutral,0.08348813,0.30103087,0.615481,positive,0.9975394010543823,0.0024605989456176758,none,agreement,none,none
4204,484,0,negative,0.007215419,0.86474943,0.12803519,negative,0.0026869550347328186,0.9973130449652672,none,none,none,none
4205,484,0,negative,0.008454377,0.8064008,0.18514483,negative,0.010332842357456684,0.9896671576425433,none,none,none,none
4206,484,0,neutral,0.034450125,0.3900627,0.5754872,negative,0.16980184614658356,0.8301981538534164,none,none,none,none
4207,484,0,neutral,0.014859876,0.67473334,0.3104068,negative,0.003532529342919588,0.9964674706570804,none,none,none,none
4208,484,0,positive,0.8063018,0.007065609,0.18663259,negative,0.21939153969287872,0.7806084603071213,agreement,none,none,none
4209,484,0,neutral,0.55148107,0.030228028,0.41829097,positive,0.999593198299408,0.000406801700592041,none,agreement,none,none
4210,484,0,neutral,0.07264463,0.5271406,0.40021476,negative,0.0035717985592782497,0.9964282014407218,none,none,none,none
4211,484,0,neutral,0.57573116,0.043214113,0.38105473,neutral,0.4703059196472168,0.5296940803527832,none,none,none,none
4212,484,0,positive,0.94292724,0.009800311,0.04727242,negative,0.23423585295677185,0.7657641470432281,agreement,none,none,none
4213,484,0,neutral,0.03456028,0.56785554,0.3975842,neutral,0.5139402747154236,0.4860597252845764,none,none,none,none
4214,484,0,neutral,0.11435281,0.4795961,0.40605104,positive,0.9915218353271484,0.008478164672851562,none,agreement,none,none
4215,484,0,neutral,0.6123545,0.051645145,0.33600032,positive,0.9998196959495544,0.00018030405044555664,none,agreement,none,none
4216,484,0,neutral,0.14216469,0.43487084,0.42296445,negative,0.04128129780292511,0.9587187021970749,none,none,none,none
4217,484,0,neutral,0.19109225,0.07121366,0.7376941,positive,0.9626411199569702,0.037358880043029785,none,agreement,none,none
4218,484,0,neutral,0.59246016,0.027461868,0.38007802,positive,0.9987215399742126,0.0012784600257873535,none,agreement,none,none
4219,485,0,neutral,0.5708436,0.044587564,0.3845689,negative,0.030373839661478996,0.969626160338521,none,conflict,none,conflict
4220,485,0,neutral,0.20567088,0.078944236,0.71538484,positive,0.9046241044998169,0.0953758955001831,none,agreement,none,agreement
4221,485,0,positive,0.93476874,0.014239126,0.050992172,positive,0.9986538887023926,0.0013461112976074219,agreement,agreement,none,agreement
4222,485,0,positive,0.9302324,0.014612615,0.055154957,positive,0.9992061257362366,0.0007938742637634277,agreement,agreement,none,none
4223,485,0,neutral,0.0705892,0.31897217,0.6104387,negative,0.0003397488035261631,0.9996602511964738,none,conflict,none,conflict
4224,485,0,neutral,0.2616965,0.16471626,0.57358724,negative,0.04765148088335991,0.9523485191166401,none,conflict,none,conflict
4225,485,0,neutral,0.103120305,0.32497975,0.5718999,neutral,0.3805311322212219,0.6194688677787781,none,none,none,none
4226,485,0,negative,0.0051779053,0.9171468,0.07767534,negative,0.002423573052510619,0.9975764269474894,conflict,conflict,conflict,conflict
4227,485,0,neutral,0.040891558,0.42280266,0.5363058,negative,0.0009654307505115867,0.9990345692494884,none,conflict,none,conflict
4228,485,0,neutral,0.6205118,0.07530703,0.3041812,negative,0.0035739510785788298,0.9964260489214212,none,conflict,none,conflict
4229,485,0,positive,0.7098938,0.08030262,0.20980361,negative,0.009420069865882397,0.9905799301341176,agreement,conflict,agreement,conflict
4230,485,0,positive,0.9371714,0.00991722,0.052911352,positive,0.9970212578773499,0.0029787421226501465,agreement,agreement,none,agreement
4231,485,0,neutral,0.4116776,0.21236603,0.3759564,positive,0.9976770281791687,0.002322971820831299,none,agreement,none,agreement
4232,485,0,neutral,0.58097327,0.016136946,0.40288982,positive,0.9851972460746765,0.014802753925323486,none,agreement,none,none
4233,486,0,positive,0.9173503,0.008564428,0.07408532,negative,0.1055314838886261,0.8944685161113739,agreement,conflict,none,conflict
4234,486,0,positive,0.8855585,0.008887973,0.10555352,positive,0.998721182346344,0.0012788176536560059,agreement,agreement,none,none
4235,486,0,neutral,0.69963175,0.006246108,0.29412213,positive,0.9815293550491333,0.0184706449508667,none,agreement,none,agreement
4236,486,0,neutral,0.14468277,0.110279426,0.7450378,negative,0.1634099781513214,0.8365900218486786,none,conflict,none,conflict
4237,486,0,negative,0.014712817,0.7081059,0.27718127,negative,0.0028112060390412807,0.9971887939609587,conflict,conflict,conflict,conflict
4238,486,0,neutral,0.38263273,0.04518056,0.57218665,positive,0.9984544515609741,0.001545548439025879,none,agreement,none,none
4239,486,0,positive,0.9676252,0.0040146224,0.028360117,positive,0.9996063113212585,0.0003936886787414551,agreement,agreement,agreement,agreement
4240,486,0,neutral,0.03472414,0.6591162,0.3061597,negative,0.0015189173864200711,0.9984810826135799,none,conflict,none,conflict
4241,486,0,neutral,0.5955897,0.025929207,0.37848106,positive,0.9995112419128418,0.0004887580871582031,none,agreement,none,none
4242,486,0,neutral,0.114935346,0.4673852,0.41767943,negative,0.04932898283004761,0.9506710171699524,none,conflict,none,conflict
4243,486,0,positive,0.93416697,0.013500834,0.05233217,positive,0.999796450138092,0.00020354986190795898,agreement,agreement,none,none
4244,486,0,neutral,0.031045057,0.57023203,0.3987229,negative,0.05870824679732323,0.9412917532026768,none,conflict,none,conflict
4245,486,0,positive,0.8703755,0.008242211,0.12138226,positive,0.999775230884552,0.00022476911544799805,agreement,agreement,none,agreement
4248,487,0,neutral,0.19838637,0.3601792,0.4414344,negative,0.009447189047932625,0.9905528109520674,none,conflict,none,conflict
4249,487,0,neutral,0.062752366,0.6088003,0.32844728,negative,0.005087180063128471,0.9949128199368715,none,conflict,none,conflict
4250,487,0,neutral,0.4360233,0.023470515,0.54050624,positive,0.9936980605125427,0.006301939487457275,none,agreement,none,none
4251,487,0,positive,0.7254649,0.0203312,0.2542039,positive,0.9875752329826355,0.012424767017364502,agreement,agreement,none,none
4252,487,0,neutral,0.02152461,0.6983817,0.28009364,negative,0.002779195783659816,0.9972208042163402,none,conflict,none,conflict
4253,487,0,neutral,0.05977073,0.4559463,0.48428297,positive,0.9934647679328918,0.006535232067108154,none,agreement,none,agreement
4254,487,0,neutral,0.37531194,0.036217198,0.5884708,positive,0.9951689839363098,0.0048310160636901855,none,agreement,none,agreement
4255,487,0,neutral,0.16040666,0.10331843,0.7362749,negative,0.007497536949813366,0.9925024630501866,none,conflict,none,conflict
4256,487,0,neutral,0.59731543,0.042194698,0.3604899,negative,0.03215658292174339,0.9678434170782566,none,conflict,none,conflict
4257,487,0,neutral,0.027676525,0.5200601,0.4522634,negative,0.007425040006637573,0.9925749599933624,none,conflict,none,conflict
4258,487,0,neutral,0.025216645,0.52987933,0.44490406,negative,0.002442040015012026,0.997557959984988,none,conflict,none,conflict
4259,487,0,neutral,0.02414813,0.553665,0.4221869,negative,0.0012528003426268697,0.9987471996573731,none,conflict,none,conflict
4260,487,0,neutral,0.019202119,0.69238174,0.2884161,neutral,0.5978085994720459,0.4021914005279541,none,none,none,none
4261,487,0,neutral,0.0500975,0.34562632,0.60427624,positive,0.9933568835258484,0.006643116474151611,none,agreement,none,agreement
4262,487,0,negative,0.016027737,0.7098189,0.2741533,negative,0.010901957750320435,0.9890980422496796,conflict,conflict,conflict,conflict
4263,487,0,neutral,0.27292073,0.09531804,0.63176125,negative,0.09123219549655914,0.9087678045034409,none,conflict,none,conflict
4264,487,0,neutral,0.066724755,0.2511108,0.6821644,positive,0.9590590000152588,0.04094099998474121,none,agreement,none,none
4265,487,0,positive,0.7694905,0.03388491,0.19662458,positive,0.9994396567344666,0.0005603432655334473,agreement,agreement,none,agreement
4266,487,0,neutral,0.5367909,0.03462661,0.42858246,positive,0.9981639981269836,0.0018360018730163574,none,agreement,none,agreement
4267,487,0,neutral,0.26816776,0.1762349,0.5555973,positive,0.9975987076759338,0.002401292324066162,none,agreement,none,agreement
4268,487,0,neutral,0.13313502,0.2267339,0.64013106,positive,0.9993359446525574,0.000664055347442627,none,agreement,none,none
4269,487,0,neutral,0.59315884,0.039103914,0.3677372,positive,0.9129364490509033,0.08706355094909668,none,agreement,none,none
4270,487,0,positive,0.8729789,0.024859244,0.1021619,positive,0.9911295175552368,0.008870482444763184,agreement,agreement,agreement,agreement
4271,487,0,positive,0.772066,0.042301357,0.18563265,positive,0.9997736811637878,0.0002263188362121582,agreement,agreement,none,none
4272,487,0,neutral,0.30974847,0.17152707,0.5187245,neutral,0.6820183992385864,0.3179816007614136,none,none,none,none
4273,487,0,neutral,0.06997274,0.3036682,0.626359,negative,0.0023991765920072794,0.9976008234079927,none,conflict,none,conflict
4274,487,0,neutral,0.6698573,0.017034704,0.31310794,positive,0.9994698166847229,0.0005301833152770996,none,agreement,none,none
4275,488,0,positive,0.89463484,0.013054777,0.09231033,positive,0.9991718530654907,0.0008281469345092773,agreement,agreement,none,none
4276,488,0,neutral,0.09667912,0.20257694,0.700744,negative,0.0015983248595148325,0.9984016751404852,none,conflict,none,conflict
4277,488,0,positive,0.98064584,0.0037085165,0.01564573,positive,0.9989956021308899,0.0010043978691101074,agreement,agreement,none,none
4278,488,0,neutral,0.10432373,0.22646387,0.6692124,negative,0.020727025344967842,0.9792729746550322,none,conflict,none,conflict
4279,488,0,positive,0.898039,0.00835357,0.09360743,positive,0.9975546002388,0.002445399761199951,agreement,agreement,agreement,agreement
4280,488,0,neutral,0.64405173,0.07288005,0.2830682,negative,0.003522387472912669,0.9964776125270873,none,conflict,none,conflict
4281,488,0,negative,0.011181964,0.7305024,0.2583156,negative,0.0002619287115521729,0.9997380712884478,conflict,conflict,conflict,conflict
4282,488,0,negative,0.005929443,0.90197605,0.09209458,negative,0.0011275724973529577,0.998872427502647,conflict,conflict,conflict,conflict
4283,488,0,negative,0.010661018,0.77275974,0.21657924,negative,0.0013778783613815904,0.9986221216386184,conflict,conflict,conflict,conflict
4284,488,0,negative,0.013893318,0.86312073,0.12298601,positive,0.8963419795036316,0.10365802049636841,conflict,agreement,conflict,none
4285,488,0,neutral,0.42966193,0.23317973,0.33715826,positive,0.8682512640953064,0.1317487359046936,none,agreement,none,agreement
4287,488,0,positive,0.9550065,0.005768454,0.039225105,positive,0.9998555183410645,0.00014448165893554688,agreement,agreement,none,agreement
4288,488,0,neutral,0.10713581,0.442644,0.4502202,negative,0.0006946654757484794,0.9993053345242515,none,conflict,none,conflict
4289,488,0,neutral,0.60302687,0.09455524,0.30241787,negative,0.04454929381608963,0.9554507061839104,none,conflict,none,conflict
4290,488,0,positive,0.9527676,0.008051398,0.039181013,positive,0.9997569918632507,0.00024300813674926758,agreement,agreement,agreement,agreement
4291,488,0,positive,0.9503192,0.005954567,0.043726206,positive,0.9997630715370178,0.00023692846298217773,agreement,agreement,agreement,agreement
4293,488,0,negative,0.014988168,0.7807381,0.20427363,negative,0.004945894703269005,0.995054105296731,conflict,conflict,conflict,conflict
4294,488,0,negative,0.011435886,0.81399024,0.17457394,negative,0.0018417176324874163,0.9981582823675126,conflict,conflict,conflict,conflict
4295,488,0,negative,0.010619204,0.8384175,0.15096335,negative,0.0020961102563887835,0.9979038897436112,conflict,conflict,conflict,conflict
4296,488,0,neutral,0.03841992,0.42262408,0.5389559,negative,0.001715341117233038,0.998284658882767,none,conflict,none,conflict
4297,488,0,neutral,0.6990221,0.022356901,0.278621,positive,0.9995893836021423,0.000410616397857666,none,agreement,none,none
4298,489,0,positive,0.8997944,0.007218239,0.09298732,positive,0.9835489392280579,0.01645106077194214,agreement,agreement,none,agreement
4299,489,0,neutral,0.11503609,0.24551554,0.63944834,negative,0.007565030828118324,0.9924349691718817,none,conflict,none,conflict
4300,489,0,neutral,0.54524934,0.024265574,0.4304851,positive,0.9969280362129211,0.0030719637870788574,none,agreement,none,none
4301,489,0,neutral,0.11436872,0.24930511,0.63632613,negative,0.004874314181506634,0.9951256858184934,none,conflict,none,conflict
4302,489,0,neutral,0.09121767,0.44751704,0.46126533,positive,0.971059262752533,0.02894073724746704,none,agreement,none,agreement
4304,489,0,negative,0.010415765,0.8665381,0.12304615,negative,0.0027660513296723366,0.9972339486703277,conflict,conflict,conflict,conflict
4305,489,0,neutral,0.16927741,0.17024073,0.66048175,negative,0.025366419926285744,0.9746335800737143,none,conflict,none,conflict
4307,489,0,neutral,0.5576796,0.07282119,0.36949924,positive,0.9996367692947388,0.00036323070526123047,none,agreement,none,agreement
4308,489,0,neutral,0.03159107,0.6269003,0.34150857,negative,0.002030143514275551,0.9979698564857244,none,conflict,none,conflict
4309,489,0,neutral,0.24410792,0.013373934,0.7425182,negative,0.005440182983875275,0.9945598170161247,none,conflict,none,conflict
4310,489,0,positive,0.95153546,0.004271668,0.044192847,positive,0.9998596906661987,0.00014030933380126953,agreement,agreement,agreement,agreement
4311,490,0,neutral,0.07569031,0.3914804,0.53282934,positive,0.9860203862190247,0.013979613780975342,none,agreement,none,none
4313,490,0,neutral,0.25153443,0.04455662,0.7039089,negative,0.004423778969794512,0.9955762210302055,none,conflict,none,conflict
4314,490,0,neutral,0.058246125,0.39075792,0.550996,negative,0.005163665395230055,0.99483633460477,none,conflict,none,conflict
4315,490,0,neutral,0.4926036,0.021982152,0.4854142,positive,0.9898704886436462,0.01012951135635376,none,agreement,none,agreement
4316,490,0,neutral,0.02334266,0.69375473,0.28290266,negative,0.022205205634236336,0.9777947943657637,none,conflict,none,conflict
4318,490,0,positive,0.7350087,0.028352417,0.23663892,positive,0.997803270816803,0.0021967291831970215,agreement,agreement,none,none
4320,490,0,neutral,0.5856099,0.11894466,0.29544538,negative,0.03176364675164223,0.9682363532483578,none,conflict,none,conflict
4323,490,0,neutral,0.10310916,0.39948434,0.49740654,positive,0.968582808971405,0.03141719102859497,none,agreement,none,agreement
4325,490,0,neutral,0.44306484,0.011180438,0.5457547,positive,0.9996908903121948,0.0003091096878051758,none,agreement,none,agreement
4326,491,0,neutral,0.023903875,0.6830693,0.2930268,negative,0.0028465576469898224,0.9971534423530102,none,none,none,none
4327,491,0,positive,0.88371444,0.014449365,0.10183623,positive,0.9995864033699036,0.00041359663009643555,agreement,agreement,none,none
4328,491,0,neutral,0.09247872,0.27399603,0.6335253,negative,0.01975286565721035,0.9802471343427896,none,none,none,none
4329,491,0,positive,0.96946555,0.0024511248,0.028083283,positive,0.9997714161872864,0.00022858381271362305,agreement,agreement,none,none
4330,491,0,positive,0.97780526,0.007202262,0.014992519,positive,0.998931348323822,0.0010686516761779785,agreement,agreement,none,none
4331,491,0,positive,0.98655486,0.0030655481,0.0103796,positive,0.999176561832428,0.0008234381675720215,agreement,agreement,none,none
4332,491,0,neutral,0.25538272,0.015255551,0.7293617,positive,0.997718870639801,0.0022811293601989746,none,agreement,none,none
4333,491,0,neutral,0.0298496,0.64161223,0.3285381,negative,0.009004981257021427,0.9909950187429786,none,none,none,none
4334,491,0,neutral,0.091185704,0.42582983,0.48298448,neutral,0.6136729121208191,0.3863270878791809,none,none,none,none
4335,491,0,negative,0.031238215,0.7652292,0.20353259,positive,0.9938587546348572,0.006141245365142822,none,agreement,none,none
4336,491,0,negative,0.009755389,0.83947474,0.15076992,negative,0.0031497948803007603,0.9968502051196992,none,none,none,none
4337,491,0,neutral,0.26961803,0.10539605,0.62498593,positive,0.9992683529853821,0.0007316470146179199,none,agreement,none,none
4338,491,0,negative,0.016279086,0.8295601,0.1541608,negative,0.046162594109773636,0.9538374058902264,none,none,none,none
4339,491,0,neutral,0.6916352,0.033700373,0.27466443,positive,0.9966398477554321,0.003360152244567871,none,agreement,none,none
4340,491,0,neutral,0.22276883,0.38598874,0.39124247,negative,0.02671106904745102,0.973288930952549,none,none,none,none
4341,491,0,neutral,0.10883582,0.5855539,0.30561033,negative,0.006294001825153828,0.9937059981748462,none,none,none,none
4342,491,0,negative,0.010028816,0.9113272,0.078644015,negative,0.0011612080270424485,0.9988387919729576,none,none,none,none
4343,491,0,neutral,0.6830061,0.12235829,0.19463557,positive,0.9988242983818054,0.00117570161819458,none,agreement,none,none
4344,491,0,positive,0.9339537,0.008215054,0.05783124,positive,0.9990434050559998,0.0009565949440002441,agreement,agreement,none,none
4345,491,0,neutral,0.67408144,0.08693321,0.23898536,positive,0.99666827917099,0.0033317208290100098,none,agreement,none,none
4346,491,0,positive,0.96564007,0.009615598,0.02474436,positive,0.999640941619873,0.0003590583801269531,agreement,agreement,none,none
4348,492,0,positive,0.76057476,0.03703679,0.20238842,positive,0.9573808908462524,0.04261910915374756,agreement,agreement,none,agreement
4349,492,0,neutral,0.12422496,0.06427346,0.81150156,positive,0.79305499792099,0.20694500207901,none,agreement,none,agreement
4350,492,0,positive,0.92604506,0.0049002753,0.06905461,positive,0.9992141723632812,0.00078582763671875,agreement,agreement,none,none
4351,492,0,negative,0.007483051,0.90388083,0.08863612,negative,0.004154706373810768,0.9958452936261892,conflict,conflict,conflict,conflict
4352,492,0,neutral,0.28787974,0.08131473,0.6308056,positive,0.9813763499259949,0.018623650074005127,none,agreement,none,none
4353,492,0,neutral,0.68723804,0.026164925,0.28659707,positive,0.9459206461906433,0.05407935380935669,none,agreement,none,agreement
4355,492,0,neutral,0.038545597,0.34642434,0.61503005,negative,0.0037332274951040745,0.9962667725048959,none,conflict,none,conflict
4356,492,0,neutral,0.029649677,0.46796986,0.50238043,negative,0.0018069020006805658,0.9981930979993194,none,conflict,none,conflict
4357,492,0,neutral,0.05672172,0.5932337,0.3500446,neutral,0.4310954809188843,0.5689045190811157,none,none,none,none
4358,492,0,neutral,0.12042387,0.49064824,0.3889279,negative,0.0010661757551133633,0.9989338242448866,none,conflict,none,conflict
4359,492,0,neutral,0.11062917,0.04292407,0.84644675,positive,0.9995275735855103,0.0004724264144897461,none,agreement,none,none
4360,492,0,positive,0.7021644,0.010056904,0.2877787,positive,0.8241219520568848,0.17587804794311523,agreement,agreement,agreement,none
4361,492,0,neutral,0.32643384,0.105476715,0.5680895,negative,0.015067101456224918,0.9849328985437751,none,conflict,none,conflict
4362,492,0,neutral,0.1291901,0.04174414,0.8290658,positive,0.9978944659233093,0.002105534076690674,none,agreement,none,agreement
4363,492,0,positive,0.7840929,0.01613932,0.19976777,negative,0.008301272988319397,0.9916987270116806,agreement,conflict,none,conflict
4364,492,0,positive,0.94996434,0.0024957554,0.047539897,positive,0.9997227787971497,0.0002772212028503418,agreement,agreement,none,none
4366,492,0,neutral,0.66637963,0.053271513,0.28034887,negative,0.013910125941038132,0.9860898740589619,none,conflict,none,conflict
4367,492,0,neutral,0.4418468,0.05128334,0.50686985,positive,0.8302294015884399,0.16977059841156006,none,agreement,none,agreement
4371,600,0,neutral,0.041301552,0.62766963,0.33102885,negative,0.14867721498012543,0.8513227850198746,none,none,none,none
4373,600,0,positive,0.77335966,0.036062714,0.19057766,positive,0.9970793724060059,0.0029206275939941406,agreement,agreement,none,none
4374,600,0,negative,0.010006824,0.88444763,0.10554558,negative,0.0002768010599538684,0.9997231989400461,none,none,none,none
4376,600,0,positive,0.97317386,0.0045011695,0.022324963,neutral,0.4150802195072174,0.5849197804927826,agreement,none,none,none
4379,601,0,positive,0.90950173,0.0042847106,0.08621361,positive,0.999755322933197,0.0002446770668029785,agreement,agreement,none,none
4380,601,0,neutral,0.07639456,0.564838,0.35876742,negative,0.0361567884683609,0.9638432115316391,none,conflict,none,conflict
4382,601,0,positive,0.81356174,0.015797421,0.17064089,positive,0.9975872039794922,0.0024127960205078125,agreement,agreement,none,agreement
4383,601,0,neutral,0.20580924,0.082318984,0.71187186,negative,0.007458867505192757,0.9925411324948072,none,conflict,none,conflict
4384,601,0,neutral,0.064301215,0.38760036,0.5480983,negative,0.0873870700597763,0.9126129299402237,none,conflict,none,conflict
4385,601,0,neutral,0.044210125,0.57968855,0.37610132,positive,0.9715769290924072,0.028423070907592773,none,agreement,none,agreement
4386,601,0,positive,0.8533421,0.04130757,0.105350345,positive,0.9987413287162781,0.0012586712837219238,agreement,agreement,none,none
4387,601,0,positive,0.972576,0.0060194386,0.021404581,positive,0.9998311996459961,0.00016880035400390625,agreement,agreement,none,agreement
4389,602,1,neutral,0.56699336,0.044831183,0.3881754,positive,0.9858735799789429,0.014126420021057129,none,none,none,none
4390,602,1,negative,0.018487277,0.76091444,0.22059822,negative,0.029612096026539803,0.9703879039734602,agreement,agreement,none,none
4391,602,1,neutral,0.14722386,0.35056034,0.5022158,negative,0.0035213427618145943,0.9964786572381854,none,agreement,none,none
4392,602,1,neutral,0.08909769,0.051916875,0.85898536,negative,0.02051752805709839,0.9794824719429016,none,agreement,none,none
4393,602,1,neutral,0.50480986,0.016098341,0.47909182,positive,0.9235928654670715,0.07640713453292847,none,none,none,none
4394,602,1,neutral,0.58464164,0.045444068,0.36991432,positive,0.9997170567512512,0.0002829432487487793,none,none,none,none
4395,602,1,neutral,0.30778173,0.24878517,0.44343308,negative,0.0010805762140080333,0.998919423785992,none,agreement,none,none
4396,602,1,negative,0.024857089,0.70807093,0.26707193,negative,0.006101034115999937,0.9938989658840001,agreement,agreement,none,none
4397,602,1,positive,0.96317977,0.0076069087,0.02921337,positive,0.9970992803573608,0.00290071964263916,none,none,none,none
4398,602,1,neutral,0.4610851,0.109017335,0.42989755,positive,0.9959132075309753,0.004086792469024658,none,none,none,none
4399,602,1,negative,0.014851305,0.7676709,0.21747781,positive,0.9862833023071289,0.013716697692871094,agreement,none,none,none
4400,602,1,negative,0.0075728884,0.80464435,0.18778276,negative,0.00036866377922706306,0.9996313362207729,agreement,agreement,none,none
4401,602,1,neutral,0.5429835,0.06938092,0.38763562,positive,0.9873450398445129,0.01265496015548706,none,none,none,none
4402,602,1,positive,0.97293514,0.005903953,0.02116085,positive,0.9985950589179993,0.0014049410820007324,none,none,none,none
4403,602,1,neutral,0.6729327,0.082369685,0.24469765,positive,0.7447613477706909,0.2552386522293091,none,none,none,none
4404,602,1,positive,0.982193,0.004247486,0.013559517,positive,0.9997172951698303,0.00028270483016967773,none,none,none,none
4406,603,0,positive,0.94738185,0.0029172648,0.049700875,positive,0.9957200884819031,0.004279911518096924,agreement,agreement,none,none
4408,603,0,neutral,0.33329508,0.115665354,0.5510396,negative,0.006060255691409111,0.9939397443085909,none,conflict,none,conflict
4409,603,0,neutral,0.049331248,0.5667702,0.38389862,negative,0.0020373498555272818,0.9979626501444727,none,conflict,none,conflict
4410,603,0,neutral,0.040980566,0.5261358,0.43288365,negative,0.0016789318760856986,0.9983210681239143,none,conflict,none,conflict
4411,603,0,neutral,0.4226595,0.021405417,0.55593514,positive,0.8110272884368896,0.18897271156311035,none,agreement,none,none
4412,603,0,positive,0.8235588,0.008497597,0.16794355,negative,0.06575631350278854,0.9342436864972115,agreement,conflict,agreement,conflict
4413,603,0,positive,0.89813393,0.006860896,0.095005184,positive,0.9983941912651062,0.0016058087348937988,agreement,agreement,none,none
4414,603,0,positive,0.8295515,0.0137548065,0.15669368,positive,0.9992371797561646,0.0007628202438354492,agreement,agreement,none,none
4415,603,0,positive,0.7903983,0.0038023456,0.2057993,positive,0.9716010093688965,0.028398990631103516,agreement,agreement,agreement,agreement
4416,603,0,neutral,0.3857899,0.010275698,0.60393435,positive,0.9966679215431213,0.003332078456878662,none,agreement,none,agreement
4417,603,0,neutral,0.59424305,0.009017392,0.39673957,positive,0.9914252758026123,0.008574724197387695,none,agreement,none,agreement
4418,603,0,positive,0.8610801,0.028922113,0.10999783,positive,0.9750721454620361,0.024927854537963867,agreement,agreement,none,none
4419,603,0,positive,0.8988981,0.011334731,0.08976715,positive,0.9982946515083313,0.0017053484916687012,agreement,agreement,agreement,agreement
4421,603,0,neutral,0.13405186,0.051522866,0.8144253,positive,0.7882649898529053,0.21173501014709473,none,agreement,none,agreement
4422,603,0,negative,0.012156653,0.81873524,0.16910808,negative,0.0011415336048230529,0.998858466395177,conflict,conflict,conflict,conflict
4423,603,0,neutral,0.050687525,0.30474535,0.64456713,negative,0.0005929091130383313,0.9994070908869617,none,conflict,none,conflict
4424,603,0,neutral,0.2982603,0.10192919,0.5998105,positive,0.9987654685974121,0.0012345314025878906,none,agreement,none,agreement
4425,603,0,neutral,0.36495298,0.070221715,0.5648253,neutral,0.3007809817790985,0.6992190182209015,none,none,none,none
4426,603,0,neutral,0.6577667,0.0137085635,0.32852474,positive,0.9996999502182007,0.0003000497817993164,none,agreement,none,none
4427,603,0,neutral,0.27145308,0.11770157,0.6108454,positive,0.9995856881141663,0.00041431188583374023,none,agreement,none,none
4428,603,0,positive,0.775343,0.025942424,0.19871457,negative,0.0036318658385425806,0.9963681341614574,agreement,conflict,none,conflict
4429,603,0,neutral,0.030402739,0.6596227,0.30997455,negative,0.010774875991046429,0.9892251240089536,none,conflict,none,conflict
4430,603,0,negative,0.008451978,0.87316984,0.118378215,negative,0.00026613156660459936,0.9997338684333954,conflict,conflict,conflict,conflict
4432,603,0,neutral,0.06795246,0.306187,0.6258606,negative,0.22683697938919067,0.7731630206108093,none,conflict,none,conflict
4433,603,0,neutral,0.3189447,0.3612876,0.3197677,positive,0.8449034094810486,0.15509659051895142,none,agreement,none,agreement
4434,603,0,negative,0.014477485,0.71723485,0.2682877,negative,0.010929562151432037,0.989070437848568,conflict,conflict,conflict,conflict
4435,603,0,negative,0.026690762,0.72786653,0.24544267,negative,0.05016810819506645,0.9498318918049335,conflict,conflict,conflict,conflict
4436,603,0,neutral,0.031820092,0.668032,0.30014795,negative,0.00733846565708518,0.9926615343429148,none,conflict,none,conflict
4437,603,0,neutral,0.19282752,0.1668498,0.6403226,negative,0.010574733838438988,0.989425266161561,none,conflict,none,conflict
4438,603,0,negative,0.016228728,0.84579784,0.13797343,negative,0.007396408822387457,0.9926035911776125,conflict,conflict,conflict,conflict
4439,603,0,positive,0.95960087,0.0024739557,0.03792525,positive,0.9998086094856262,0.0001913905143737793,agreement,agreement,none,none
4440,603,0,neutral,0.32690197,0.3211105,0.3519875,negative,0.003921210765838623,0.9960787892341614,none,conflict,none,conflict
4442,604,1,neutral,0.2457744,0.22690044,0.52732515,positive,0.9630578756332397,0.036942124366760254,none,none,none,none
4443,604,1,neutral,0.24931005,0.21921502,0.53147495,negative,0.0006802919670008123,0.9993197080329992,none,agreement,none,none
4444,604,1,neutral,0.062157813,0.60298187,0.3348603,positive,0.9063792824745178,0.09362071752548218,none,none,none,none
4448,604,1,negative,0.023028554,0.74979734,0.22717412,negative,0.002468822756782174,0.9975311772432178,agreement,agreement,none,none
4449,604,1,neutral,0.26043394,0.24221629,0.4973498,negative,0.0006051172968000174,0.9993948827032,none,agreement,none,none
4451,605,0,neutral,0.104369916,0.013877302,0.8817528,positive,0.9861518740653992,0.01384812593460083,none,agreement,none,none
4452,605,0,positive,0.9610664,0.0026567278,0.036276795,positive,0.9973123073577881,0.002687692642211914,agreement,agreement,none,none
4453,605,0,neutral,0.3820338,0.026665175,0.591301,positive,0.9960402250289917,0.003959774971008301,none,agreement,none,none
4454,605,0,negative,0.020089831,0.7245263,0.25538394,neutral,0.6834408044815063,0.31655919551849365,conflict,none,conflict,none
4455,605,0,neutral,0.03604848,0.24020198,0.7237495,negative,0.008194053545594215,0.9918059464544058,none,conflict,none,conflict
4456,605,0,neutral,0.09961677,0.23516616,0.665217,negative,0.033790018409490585,0.9662099815905094,none,conflict,none,conflict
4458,605,0,positive,0.9604274,0.0030081067,0.03656455,positive,0.9985823631286621,0.0014176368713378906,agreement,agreement,agreement,none
4459,605,0,neutral,0.19394696,0.12657186,0.6794812,negative,0.012548772618174553,0.9874512273818254,none,conflict,none,conflict
4460,605,0,neutral,0.074647546,0.56918526,0.35616717,positive,0.8724114894866943,0.12758851051330566,none,agreement,none,none
4462,605,0,neutral,0.21851917,0.30258152,0.47889924,positive,0.984142005443573,0.015857994556427002,none,agreement,none,agreement
4466,606,0,neutral,0.34484246,0.07934073,0.57581687,negative,0.00474788062274456,0.9952521193772554,none,none,none,none
4467,606,0,neutral,0.06959467,0.13088796,0.79951745,negative,0.006344768684357405,0.9936552313156426,none,none,none,none
4469,606,0,neutral,0.03482998,0.59304523,0.37212482,negative,0.23614488542079926,0.7638551145792007,none,none,none,none
4473,607,0,neutral,0.101969294,0.027954305,0.87007636,positive,0.988562822341919,0.011437177658081055,none,agreement,none,none
4474,607,0,positive,0.8878103,0.008295798,0.103893876,positive,0.9996784925460815,0.00032150745391845703,agreement,agreement,none,none
4475,607,0,neutral,0.094968766,0.4283289,0.47670233,negative,0.0017509299796074629,0.9982490700203925,none,none,none,none
4476,607,0,neutral,0.5052858,0.020031761,0.47468242,positive,0.7942591905593872,0.2057408094406128,none,agreement,none,none
4477,607,0,positive,0.72097975,0.026789453,0.25223082,positive,0.999736487865448,0.00026351213455200195,agreement,agreement,none,none
4478,607,0,negative,0.010836971,0.85145706,0.13770585,negative,0.004106930457055569,0.9958930695429444,none,none,none,none
4479,607,0,neutral,0.4487432,0.09587246,0.4553843,positive,0.9978469610214233,0.00215303897857666,none,agreement,none,none
4480,607,0,neutral,0.119484596,0.39742818,0.48308724,negative,0.010642064735293388,0.9893579352647066,none,none,none,none
4481,607,0,neutral,0.041368634,0.6893569,0.26927447,negative,0.030206972733139992,0.96979302726686,none,none,none,none
4483,607,0,negative,0.02270861,0.726962,0.25032943,negative,0.0013910247944295406,0.9986089752055705,none,none,none,none
4485,607,0,positive,0.97059906,0.0027621605,0.026638744,positive,0.9996001124382019,0.0003998875617980957,agreement,agreement,none,none
4487,608,0,positive,0.92451787,0.0069974936,0.068484634,positive,0.9996507167816162,0.00034928321838378906,agreement,agreement,none,none
4488,608,0,negative,0.009196574,0.8336509,0.15715261,negative,0.016069471836090088,0.9839305281639099,conflict,conflict,conflict,conflict
4489,608,0,neutral,0.025460675,0.4027546,0.5717847,negative,0.0021385755389928818,0.9978614244610071,none,conflict,none,conflict
4490,608,0,positive,0.7043004,0.02994799,0.26575157,positive,0.9861305356025696,0.01386946439743042,agreement,agreement,none,agreement
4491,608,0,neutral,0.036320135,0.6513721,0.31230783,positive,0.9987058639526367,0.0012941360473632812,none,agreement,none,none
4492,608,0,neutral,0.084507406,0.04477612,0.8707164,negative,0.012276547960937023,0.987723452039063,none,conflict,none,conflict
4493,608,0,neutral,0.66963893,0.019475954,0.31088507,positive,0.9805083870887756,0.019491612911224365,none,agreement,none,none
4494,608,0,positive,0.72598326,0.017302183,0.25671458,negative,0.017419209703803062,0.9825807902961969,agreement,conflict,agreement,conflict
4495,608,0,neutral,0.6326619,0.16562311,0.20171502,positive,0.9938377737998962,0.00616222620010376,none,agreement,none,agreement
4496,608,0,neutral,0.50767756,0.09600892,0.39631355,negative,0.007473825477063656,0.9925261745229363,none,conflict,none,conflict
4497,608,0,neutral,0.42804298,0.026611779,0.5453452,positive,0.9887393712997437,0.011260628700256348,none,agreement,none,agreement
4498,608,0,negative,0.015891183,0.7452629,0.23884581,negative,0.00048512141802348197,0.9995148785819765,conflict,conflict,conflict,conflict
4499,608,0,neutral,0.21966642,0.48151845,0.29881522,positive,0.9732813835144043,0.026718616485595703,none,agreement,none,none
4500,608,0,neutral,0.48731616,0.14772528,0.36495844,negative,0.17260172963142395,0.827398270368576,none,conflict,none,conflict
4501,608,0,neutral,0.018970285,0.48100445,0.50002533,negative,0.000842746754642576,0.9991572532453574,none,conflict,none,conflict
4502,608,0,neutral,0.41946244,0.16483517,0.41570243,positive,0.9496890306472778,0.05031096935272217,none,agreement,none,agreement
4503,608,0,neutral,0.049920265,0.5343773,0.41570246,negative,0.018888600170612335,0.9811113998293877,none,conflict,none,conflict
4504,608,0,neutral,0.035497155,0.44519082,0.519312,positive,0.9910191893577576,0.008980810642242432,none,agreement,none,agreement
4505,608,0,positive,0.785567,0.012669639,0.20176338,positive,0.998522937297821,0.001477062702178955,agreement,agreement,agreement,none
4506,608,0,negative,0.011576593,0.794389,0.19403438,negative,0.005215078592300415,0.9947849214076996,conflict,conflict,conflict,conflict
4507,608,0,positive,0.7037803,0.06327257,0.2329471,positive,0.9979159235954285,0.002084076404571533,agreement,agreement,none,none
4508,608,0,negative,0.007521506,0.85305333,0.1394252,negative,0.0045310077257454395,0.9954689922742546,conflict,conflict,conflict,conflict
4509,608,0,negative,0.025213156,0.7038837,0.27090314,negative,0.0003412943915463984,0.9996587056084536,conflict,conflict,conflict,conflict
4510,608,0,negative,0.009998957,0.8823081,0.1076929,negative,0.0004958678619004786,0.9995041321380995,conflict,conflict,conflict,conflict
4511,608,0,negative,0.011206764,0.7919104,0.19688283,negative,0.00546954944729805,0.994530450552702,conflict,conflict,conflict,conflict
4512,608,0,neutral,0.38928622,0.04575093,0.56496286,positive,0.8831609487533569,0.11683905124664307,none,agreement,none,agreement
4513,608,0,positive,0.9760919,0.005358896,0.018549234,positive,0.9756537079811096,0.02434629201889038,agreement,agreement,none,none
4514,608,0,positive,0.98552424,0.0034575264,0.011018217,positive,0.999876856803894,0.00012314319610595703,agreement,agreement,agreement,agreement
4515,608,0,neutral,0.6791924,0.04043507,0.2803725,positive,0.9989038705825806,0.0010961294174194336,none,agreement,none,agreement
4516,608,0,neutral,0.042834878,0.62043554,0.33672956,negative,0.003694232553243637,0.9963057674467564,none,conflict,none,conflict
4517,608,0,neutral,0.23265694,0.13979355,0.6275495,negative,0.03445550054311752,0.9655444994568825,none,conflict,none,conflict
4518,608,0,neutral,0.08795006,0.602734,0.30931598,negative,0.008162754587829113,0.9918372454121709,none,conflict,none,conflict
4519,608,0,neutral,0.53385955,0.15370941,0.31243098,negative,0.04700561240315437,0.9529943875968456,none,conflict,none,conflict
4520,609,0,neutral,0.6661941,0.0048206197,0.3289853,positive,0.7775747776031494,0.22242522239685059,none,agreement,none,none
4521,609,0,positive,0.96140516,0.002216605,0.03637821,positive,0.9985507130622864,0.001449286937713623,agreement,agreement,agreement,agreement
4523,609,0,positive,0.7852554,0.017052121,0.19769253,positive,0.9997593760490417,0.00024062395095825195,agreement,agreement,none,none
4524,609,0,positive,0.92405164,0.003806602,0.07214178,positive,0.9996815919876099,0.0003184080123901367,agreement,agreement,agreement,agreement
4525,609,0,neutral,0.12668987,0.007742261,0.8655678,positive,0.7966428995132446,0.20335710048675537,none,agreement,none,none
4526,609,0,positive,0.928034,0.00401328,0.06795271,positive,0.9974138736724854,0.0025861263275146484,agreement,agreement,none,none
4527,609,0,neutral,0.15716591,0.18207963,0.66075444,negative,0.25129854679107666,0.7487014532089233,none,conflict,none,conflict
4528,609,0,neutral,0.49881667,0.11986951,0.38131383,positive,0.9933413863182068,0.006658613681793213,none,agreement,none,agreement
4530,609,0,neutral,0.012458109,0.64404875,0.3434932,negative,0.0005300276097841561,0.9994699723902158,none,conflict,none,conflict
4531,609,0,negative,0.0062939785,0.8906603,0.10304578,negative,0.0005550219211727381,0.9994449780788273,conflict,conflict,conflict,conflict
4532,609,0,negative,0.02057733,0.71153873,0.26788402,negative,0.007356118876487017,0.992643881123513,conflict,conflict,conflict,conflict
4533,609,0,negative,0.015349421,0.7371964,0.2474542,negative,0.0061644623056054115,0.9938355376943946,conflict,conflict,conflict,conflict
4534,609,0,negative,0.024742529,0.76712984,0.20812757,negative,0.017032060772180557,0.9829679392278194,conflict,conflict,conflict,conflict
4535,609,0,neutral,0.102128506,0.53969693,0.3581746,neutral,0.42724236845970154,0.5727576315402985,none,none,none,none
4536,609,0,neutral,0.18893631,0.07934597,0.73171777,negative,0.016514122486114502,0.9834858775138855,none,conflict,none,conflict
4537,609,0,neutral,0.61571056,0.13180274,0.25248668,positive,0.9996986389160156,0.000301361083984375,none,agreement,none,none
4538,609,0,positive,0.95749766,0.0034966953,0.039005693,positive,0.999053418636322,0.0009465813636779785,agreement,agreement,none,none
4539,609,0,neutral,0.025590649,0.513672,0.46073738,negative,0.24953332543373108,0.7504666745662689,none,conflict,none,conflict
4540,609,0,neutral,0.03869535,0.67055255,0.29075205,negative,0.017296740785241127,0.9827032592147589,none,conflict,none,conflict
4541,609,0,neutral,0.37070715,0.039621815,0.5896711,positive,0.7214027643203735,0.27859723567962646,none,agreement,none,agreement
4542,609,0,positive,0.8279489,0.021164097,0.15088697,positive,0.9996887445449829,0.00031125545501708984,agreement,agreement,none,none
4543,609,0,positive,0.9657309,0.009981884,0.024287265,positive,0.9959271550178528,0.004072844982147217,agreement,agreement,agreement,agreement
4544,609,0,neutral,0.061700575,0.5336113,0.40468812,negative,0.029177319258451462,0.9708226807415485,none,conflict,none,conflict
4545,609,0,neutral,0.016746983,0.65156627,0.3316868,negative,0.017765190452337265,0.9822348095476627,none,conflict,none,conflict
4547,609,0,positive,0.9268549,0.0069410875,0.06620403,positive,0.9997990727424622,0.0002009272575378418,agreement,agreement,agreement,agreement
4548,609,0,neutral,0.10645227,0.34294578,0.550602,neutral,0.5617325901985168,0.43826740980148315,none,none,none,none
4549,609,0,positive,0.9452025,0.0046847668,0.050112747,positive,0.9989206790924072,0.0010793209075927734,agreement,agreement,none,none
4550,609,0,neutral,0.6357807,0.01690658,0.34731275,positive,0.9998713731765747,0.00012862682342529297,none,agreement,none,agreement
4551,609,0,positive,0.9779886,0.0029339152,0.01907756,positive,0.999681830406189,0.00031816959381103516,agreement,agreement,none,agreement
4552,609,0,positive,0.9062126,0.0042890385,0.08949838,positive,0.9980835914611816,0.0019164085388183594,agreement,agreement,none,agreement
4553,612,0,positive,0.7397431,0.012844453,0.24741243,positive,0.9841684699058533,0.01583153009414673,agreement,agreement,none,agreement
4554,612,0,negative,0.01431997,0.76769114,0.21798885,negative,0.0013004743959754705,0.9986995256040245,conflict,conflict,conflict,conflict
4556,612,0,neutral,0.67796546,0.0102031855,0.3118314,positive,0.9944260120391846,0.00557398796081543,none,agreement,none,agreement
4557,612,0,neutral,0.63904285,0.0073874714,0.35356966,positive,0.9918984174728394,0.008101582527160645,none,agreement,none,agreement
4558,612,0,positive,0.8273064,0.0074574864,0.16523613,neutral,0.5103359222412109,0.48966407775878906,agreement,none,none,none
4559,612,0,positive,0.86279774,0.01255823,0.12464408,positive,0.9841362237930298,0.015863776206970215,agreement,agreement,none,none
4562,612,0,negative,0.018571766,0.8038849,0.17754333,negative,0.006645234767347574,0.9933547652326524,conflict,conflict,conflict,conflict
4563,612,0,positive,0.77823913,0.016070006,0.20569082,positive,0.9961686730384827,0.003831326961517334,agreement,agreement,agreement,agreement
4564,612,0,neutral,0.10464551,0.043760013,0.85159445,negative,0.012575916014611721,0.9874240839853883,none,conflict,none,conflict
4565,612,0,neutral,0.48230514,0.20713206,0.31056276,negative,0.07010659575462341,0.9298934042453766,none,conflict,none,conflict
4566,612,0,neutral,0.1958547,0.20856027,0.5955849,negative,0.0013795522972941399,0.9986204477027059,none,conflict,none,conflict
4567,612,0,neutral,0.026788076,0.5944643,0.3787477,negative,0.0007646698504686356,0.9992353301495314,none,conflict,none,conflict
4568,612,0,neutral,0.0313685,0.6095672,0.35906434,negative,0.008823852986097336,0.9911761470139027,none,conflict,none,conflict
4569,612,0,neutral,0.14661069,0.24355517,0.60983413,positive,0.9812244176864624,0.018775582313537598,none,agreement,none,agreement
4570,612,0,positive,0.9310893,0.0043184883,0.064592235,positive,0.9995019435882568,0.0004980564117431641,agreement,agreement,agreement,none
4571,612,0,positive,0.90402025,0.009087142,0.08689269,positive,0.9988177418708801,0.001182258129119873,agreement,agreement,none,agreement
4573,612,0,neutral,0.6378076,0.078032635,0.28415966,positive,0.9987868666648865,0.0012131333351135254,none,agreement,none,none
4574,615,0,neutral,0.116537444,0.16866484,0.71479774,negative,0.011351140215992928,0.9886488597840071,none,conflict,none,conflict
4576,615,0,positive,0.8992475,0.008152721,0.09259978,positive,0.9991274476051331,0.0008725523948669434,agreement,agreement,none,none
4577,615,0,neutral,0.5744517,0.094732754,0.33081555,positive,0.9970285296440125,0.002971470355987549,none,agreement,none,agreement
4578,615,0,neutral,0.11422304,0.08609933,0.7996776,negative,0.01983454078435898,0.980165459215641,none,conflict,none,conflict
4579,615,0,neutral,0.4711292,0.03318244,0.49568832,positive,0.9955469369888306,0.004453063011169434,none,agreement,none,none
4580,615,0,positive,0.88780564,0.01841498,0.093779385,positive,0.9997580647468567,0.00024193525314331055,agreement,agreement,agreement,agreement
4581,615,0,neutral,0.15851475,0.023881113,0.8176042,negative,0.00891012791544199,0.991089872084558,none,conflict,none,conflict
4582,615,0,neutral,0.5824111,0.015036653,0.4025523,positive,0.996213972568512,0.003786027431488037,none,agreement,none,none
4583,615,0,neutral,0.4080454,0.052443687,0.5395109,positive,0.9923622608184814,0.007637739181518555,none,agreement,none,agreement
4584,615,0,neutral,0.4559017,0.13010885,0.4139894,positive,0.9902847409248352,0.009715259075164795,none,agreement,none,agreement
4585,615,0,neutral,0.15506716,0.21995175,0.6249811,positive,0.9164566397666931,0.08354336023330688,none,agreement,none,agreement
4586,615,0,neutral,0.07060024,0.43608254,0.4933172,negative,0.001053633983246982,0.998946366016753,none,conflict,none,conflict
4587,615,0,negative,0.0095509,0.7638535,0.22659552,negative,0.0031413452234119177,0.9968586547765881,conflict,conflict,conflict,conflict
4588,615,0,neutral,0.09256375,0.35228467,0.55515164,positive,0.998056948184967,0.001943051815032959,none,agreement,none,none
4589,615,0,neutral,0.6986829,0.028787212,0.2725298,neutral,0.476219117641449,0.523780882358551,none,none,none,none
4590,615,0,neutral,0.61427253,0.014881622,0.37084576,negative,0.042634472250938416,0.9573655277490616,none,conflict,none,conflict
4591,615,0,neutral,0.08368997,0.17664967,0.7396603,negative,0.055074382573366165,0.9449256174266338,none,conflict,none,conflict
4592,615,0,neutral,0.67263323,0.079855956,0.24751079,positive,0.998315691947937,0.0016843080520629883,none,agreement,none,none
4593,615,0,positive,0.71298534,0.025609834,0.26140484,positive,0.9988952875137329,0.0011047124862670898,agreement,agreement,none,agreement
4594,615,0,negative,0.027885538,0.74327916,0.2288352,negative,0.01789022982120514,0.9821097701787949,conflict,conflict,conflict,conflict
4595,615,0,neutral,0.18345216,0.100416176,0.7161317,negative,0.0005789676797576249,0.9994210323202424,none,conflict,none,conflict
4596,615,0,neutral,0.050253134,0.60959584,0.340151,negative,0.0029726317152380943,0.9970273682847619,none,conflict,none,conflict
4598,615,0,negative,0.009179434,0.9180607,0.07275988,negative,0.00027705213869921863,0.9997229478613008,conflict,conflict,conflict,conflict
4599,615,0,negative,0.00779833,0.9025962,0.089605436,negative,0.0017403796082362533,0.9982596203917637,conflict,conflict,conflict,conflict
4600,615,0,positive,0.96451133,0.0063921707,0.029096415,positive,0.9959049820899963,0.004095017910003662,agreement,agreement,agreement,none
4601,615,0,positive,0.94351774,0.0111349365,0.0453473,positive,0.9994982481002808,0.0005017518997192383,agreement,agreement,none,none
4602,615,0,positive,0.90537673,0.0046610534,0.08996224,positive,0.9996957778930664,0.00030422210693359375,agreement,agreement,none,none
4603,615,0,positive,0.9693717,0.0040768795,0.026551437,positive,0.9997218251228333,0.00027817487716674805,agreement,agreement,agreement,agreement
4604,615,0,positive,0.88711697,0.014814597,0.098068506,positive,0.999588668346405,0.0004113316535949707,agreement,agreement,agreement,agreement
4605,617,1,neutral,0.22847527,0.34384826,0.42767647,positive,0.9981510043144226,0.0018489956855773926,none,none,none,none
4606,617,1,positive,0.9309869,0.008536252,0.060476884,positive,0.9987077713012695,0.0012922286987304688,none,none,none,none
4607,617,1,positive,0.94188565,0.0037272354,0.054387104,positive,0.9995959401130676,0.00040405988693237305,none,none,none,none
4608,617,1,neutral,0.15724342,0.020823464,0.82193315,negative,0.008629349060356617,0.9913706509396434,none,agreement,none,none
4609,617,1,neutral,0.60335493,0.0131826615,0.38346243,negative,0.01637883298099041,0.9836211670190096,none,agreement,none,none
4611,617,1,positive,0.7970077,0.008057115,0.19493523,positive,0.9985623955726624,0.0014376044273376465,none,none,none,none
4612,617,1,positive,0.82231075,0.01074506,0.1669442,positive,0.9676317572593689,0.032368242740631104,none,none,none,none
4614,617,1,neutral,0.027703814,0.57894397,0.39335224,negative,0.0010981650557368994,0.9989018349442631,none,agreement,none,none
4615,617,1,neutral,0.091121905,0.46212468,0.44675344,negative,0.012371538206934929,0.9876284617930651,none,agreement,none,none
4616,617,1,negative,0.016173057,0.7963118,0.1875152,negative,0.00025956006720662117,0.9997404399327934,agreement,agreement,none,none
4617,617,1,neutral,0.24839,0.4406515,0.31095845,positive,0.8878477811813354,0.11215221881866455,none,none,none,none
4618,617,1,neutral,0.0387561,0.5701835,0.39106038,negative,0.04176134243607521,0.9582386575639248,none,agreement,none,none
4619,617,1,neutral,0.23693119,0.11242035,0.6506485,positive,0.9804621934890747,0.019537806510925293,none,none,none,none
4620,617,1,positive,0.9477006,0.011857656,0.04044174,positive,0.9997053742408752,0.00029462575912475586,none,none,none,none
4621,617,1,neutral,0.082372904,0.431602,0.48602507,negative,0.008275278843939304,0.9917247211560607,none,agreement,none,none
4622,617,1,neutral,0.1449869,0.27295658,0.5820566,negative,0.004858505446463823,0.9951414945535362,none,agreement,none,none
4623,617,1,neutral,0.29334208,0.040385023,0.6662729,positive,0.9764434099197388,0.02355659008026123,none,none,none,none
4624,617,1,positive,0.83454984,0.025418347,0.14003183,positive,0.9994989633560181,0.0005010366439819336,none,none,none,none
4625,617,1,neutral,0.06356105,0.39754638,0.53889257,negative,0.01025446504354477,0.9897455349564552,none,agreement,none,none
4626,617,1,neutral,0.43935487,0.14355317,0.41709194,positive,0.9963095784187317,0.0036904215812683105,none,none,none,none
4627,617,1,positive,0.90963227,0.010899464,0.07946823,positive,0.9997877478599548,0.00021225214004516602,none,none,none,none
4628,617,1,negative,0.021938369,0.7185059,0.25955576,negative,0.012619813904166222,0.9873801860958338,agreement,agreement,none,none
4629,617,1,negative,0.01021217,0.8468953,0.14289254,positive,0.9611418843269348,0.038858115673065186,agreement,none,none,none
4630,617,1,negative,0.019662604,0.74859434,0.23174317,negative,0.07265893369913101,0.927341066300869,agreement,agreement,none,none
4631,617,1,neutral,0.20227009,0.23042199,0.56730795,negative,0.0032423711381852627,0.9967576288618147,none,agreement,none,none
4633,617,1,positive,0.9890353,0.002581842,0.008382785,positive,0.9997559189796448,0.0002440810203552246,none,none,none,none
4635,618,0,neutral,0.14211492,0.026875667,0.83100945,neutral,0.4763833284378052,0.5236166715621948,none,none,none,none
4636,618,0,positive,0.8467119,0.007166705,0.14612147,positive,0.9995679259300232,0.00043207406997680664,agreement,agreement,none,none
4637,618,0,positive,0.9414899,0.009940151,0.048569918,positive,0.981539785861969,0.018460214138031006,agreement,agreement,none,agreement
4642,618,0,neutral,0.03356866,0.5941016,0.3723298,negative,0.003726587863638997,0.996273412136361,none,conflict,none,conflict
4644,618,0,neutral,0.16505197,0.43109515,0.40385294,positive,0.9996581077575684,0.0003418922424316406,none,agreement,none,none
4646,619,0,neutral,0.3324388,0.16701102,0.5005502,negative,0.00847606547176838,0.9915239345282316,none,none,none,none
4647,619,0,neutral,0.18665583,0.15324791,0.6600962,positive,0.9909036755561829,0.009096324443817139,none,agreement,none,none
4648,619,0,positive,0.9823038,0.003536344,0.014159865,positive,0.9997766613960266,0.00022333860397338867,agreement,agreement,none,none
4649,619,0,neutral,0.14353183,0.42627347,0.43019468,neutral,0.6943022012710571,0.30569779872894287,none,none,none,none
4650,619,0,neutral,0.17627491,0.010391039,0.813334,positive,0.9832087159156799,0.01679128408432007,none,agreement,none,none
4651,619,0,positive,0.9548815,0.0030660778,0.04205243,positive,0.994951605796814,0.005048394203186035,agreement,agreement,none,none
4652,619,0,neutral,0.123135656,0.020353403,0.85651094,negative,0.07464109361171722,0.9253589063882828,none,none,none,none
4653,619,0,positive,0.7444842,0.016233692,0.23928209,positive,0.9611521363258362,0.03884786367416382,agreement,agreement,none,none
4654,619,0,positive,0.87593555,0.008141268,0.11592315,positive,0.9969670176506042,0.003032982349395752,agreement,agreement,none,none
4655,619,0,neutral,0.37869528,0.012521245,0.6087834,positive,0.9994218349456787,0.0005781650543212891,none,agreement,none,none
4656,619,0,positive,0.8622798,0.0054794466,0.13224076,negative,0.15818917751312256,0.8418108224868774,agreement,none,none,none
4657,619,0,negative,0.018133592,0.7313743,0.25049213,negative,0.0006308236625045538,0.9993691763374954,none,none,none,none
4658,619,0,neutral,0.15227757,0.21284075,0.6348817,negative,0.03037453070282936,0.9696254692971706,none,none,none,none
4659,619,0,negative,0.0090155825,0.8538592,0.13712521,negative,0.0005191460368223488,0.9994808539631777,none,none,none,none
4660,619,0,neutral,0.065598555,0.4055101,0.5288913,positive,0.9960772395133972,0.003922760486602783,none,agreement,none,none
4662,619,0,neutral,0.057641737,0.61329156,0.32906672,negative,0.0033034472726285458,0.9966965527273715,none,none,none,none
4663,619,0,neutral,0.07993494,0.24493037,0.6751347,negative,0.004504431504756212,0.9954955684952438,none,none,none,none
4664,619,0,positive,0.9059175,0.007893527,0.0861889,positive,0.9975757002830505,0.002424299716949463,agreement,agreement,none,none
4665,619,0,negative,0.014401613,0.82496816,0.16063026,negative,0.00524853216484189,0.9947514678351581,none,none,none,none
4666,619,0,neutral,0.16350916,0.011012943,0.8254779,neutral,0.46190857887268066,0.5380914211273193,none,none,none,none
4667,619,0,neutral,0.09770263,0.41220948,0.49008784,positive,0.9862707853317261,0.013729214668273926,none,agreement,none,none
4668,619,0,negative,0.00989043,0.85727936,0.1328302,negative,0.003968535922467709,0.9960314640775323,none,none,none,none
4669,619,0,negative,0.0137231415,0.82014984,0.16612704,negative,0.004598525818437338,0.9954014741815627,none,none,none,none
4670,619,0,neutral,0.067300245,0.27225974,0.66044,negative,0.00457365158945322,0.9954263484105468,none,none,none,none
4673,619,0,positive,0.9681247,0.007389718,0.024485571,positive,0.9996069073677063,0.00039309263229370117,agreement,agreement,none,none
4674,619,0,positive,0.9777019,0.004642491,0.017655654,positive,0.999871015548706,0.0001289844512939453,agreement,agreement,none,none
4675,619,0,positive,0.93562895,0.0070392583,0.057331767,positive,0.9997573494911194,0.00024265050888061523,agreement,agreement,none,none
4676,620,0,neutral,0.56272906,0.040289357,0.3969816,positive,0.9953742623329163,0.00462573766708374,none,agreement,none,none
4677,620,0,neutral,0.09341609,0.26052108,0.6460628,positive,0.9795050024986267,0.02049499750137329,none,agreement,none,agreement
4678,620,0,negative,0.029857436,0.82965374,0.14048885,negative,0.0002590717631392181,0.9997409282368608,conflict,conflict,conflict,conflict
4680,620,0,positive,0.9761772,0.0042489204,0.019573878,positive,0.9998338222503662,0.00016617774963378906,agreement,agreement,none,none
4681,620,0,positive,0.9502508,0.0125275655,0.03722161,positive,0.9990754127502441,0.0009245872497558594,agreement,agreement,none,agreement
4682,620,0,positive,0.8121111,0.008289072,0.17959988,positive,0.9986578226089478,0.001342177391052246,agreement,agreement,none,none
4683,620,0,positive,0.95893234,0.0035756181,0.03749196,positive,0.9979425072669983,0.002057492733001709,agreement,agreement,none,agreement
4684,620,0,positive,0.75046474,0.023276387,0.22625889,positive,0.9074136018753052,0.09258639812469482,agreement,agreement,agreement,none
4685,620,0,positive,0.7365781,0.008419104,0.25500277,positive,0.9997766613960266,0.00022333860397338867,agreement,agreement,none,agreement
4686,620,0,neutral,0.44860566,0.03147102,0.5199234,positive,0.9941954016685486,0.005804598331451416,none,agreement,none,none
4687,620,0,neutral,0.075021446,0.19183832,0.73314023,neutral,0.3515658378601074,0.6484341621398926,none,none,none,none
4689,620,0,neutral,0.5044181,0.120303586,0.3752783,negative,0.005072766449302435,0.9949272335506976,none,conflict,none,conflict
4690,620,0,neutral,0.291287,0.21249522,0.49621776,positive,0.9198868274688721,0.08011317253112793,none,agreement,none,none
4691,620,0,neutral,0.044023313,0.3048944,0.6510822,negative,0.004943149629980326,0.9950568503700197,none,conflict,none,conflict
4692,620,0,neutral,0.01813576,0.67708486,0.30477947,negative,0.014765930362045765,0.9852340696379542,none,conflict,none,conflict
4693,620,0,neutral,0.3195405,0.05852089,0.62193865,negative,0.08073780685663223,0.9192621931433678,none,conflict,none,conflict
4694,620,0,positive,0.96604353,0.0054695727,0.028486865,positive,0.9953291416168213,0.004670858383178711,agreement,agreement,none,none
4697,620,0,positive,0.95655406,0.0069551044,0.03649079,positive,0.9997705817222595,0.00022941827774047852,agreement,agreement,none,none
4699,620,0,positive,0.9501924,0.012021263,0.037786417,positive,0.997318685054779,0.0026813149452209473,agreement,agreement,none,none
4700,622,0,positive,0.9544027,0.0039709117,0.041626368,positive,0.9998670816421509,0.0001329183578491211,agreement,agreement,none,none
4701,622,0,neutral,0.18206073,0.022427257,0.795512,positive,0.9994638562202454,0.0005361437797546387,none,agreement,none,none
4702,622,0,positive,0.96591127,0.004006096,0.030082623,positive,0.9928434491157532,0.007156550884246826,agreement,agreement,agreement,agreement
4703,622,0,positive,0.9582663,0.008383186,0.033350505,positive,0.9962559938430786,0.0037440061569213867,agreement,agreement,none,none
4704,622,0,neutral,0.13931535,0.45355988,0.40712485,positive,0.9962649941444397,0.0037350058555603027,none,agreement,none,none
4705,622,0,positive,0.75785166,0.016717708,0.22543056,neutral,0.6026950478553772,0.3973049521446228,agreement,none,none,none
4706,622,0,negative,0.010665557,0.7700242,0.2193103,negative,0.00177547347266227,0.9982245265273377,conflict,conflict,conflict,conflict
4707,622,0,neutral,0.05331884,0.60299253,0.34368855,positive,0.9113655686378479,0.0886344313621521,none,agreement,none,none
4708,622,0,neutral,0.09406949,0.03125929,0.8746712,negative,0.017661066725850105,0.9823389332741499,none,conflict,none,conflict
4709,622,0,positive,0.7734838,0.028269704,0.19824655,positive,0.9821414947509766,0.017858505249023438,agreement,agreement,none,none
4712,622,0,positive,0.9806683,0.0065759914,0.0127557665,positive,0.9994345307350159,0.0005654692649841309,agreement,agreement,none,agreement
4713,622,0,positive,0.9814621,0.0040646987,0.014473142,positive,0.9998195767402649,0.00018042325973510742,agreement,agreement,none,none
4717,623,0,positive,0.96742994,0.0036408526,0.028929275,positive,0.9997804760932922,0.00021952390670776367,agreement,agreement,none,none
4718,623,0,neutral,0.6135961,0.1579297,0.22847427,negative,0.0026653504464775324,0.9973346495535225,none,none,none,none
4719,623,0,neutral,0.37689543,0.05321908,0.56988543,negative,0.009940274991095066,0.9900597250089049,none,none,none,none
4720,623,0,positive,0.98433846,0.0024386249,0.0132229775,positive,0.9998706579208374,0.00012934207916259766,agreement,agreement,none,none
4721,623,0,neutral,0.53131604,0.01732349,0.45136046,positive,0.9273866415023804,0.07261335849761963,none,agreement,none,none
4722,623,0,neutral,0.51021904,0.044311196,0.4454697,neutral,0.3039291501045227,0.6960708498954773,none,none,none,none
4723,623,0,neutral,0.5937513,0.029841207,0.3764075,positive,0.9962164759635925,0.0037835240364074707,none,agreement,none,none
4724,623,0,positive,0.83728606,0.0068257796,0.15588821,positive,0.9927191734313965,0.007280826568603516,agreement,agreement,none,none
4725,623,0,positive,0.8045148,0.03052301,0.16496214,negative,0.06382009387016296,0.936179906129837,agreement,none,none,none
4726,623,0,neutral,0.39542335,0.048157886,0.5564188,positive,0.9962795376777649,0.0037204623222351074,none,agreement,none,none
4727,623,0,neutral,0.14836839,0.29616907,0.55546254,negative,0.012453916482627392,0.9875460835173726,none,none,none,none
4728,623,0,neutral,0.030807326,0.5837693,0.3854234,negative,0.0006191974389366806,0.9993808025610633,none,none,none,none
4729,623,0,negative,0.01195775,0.7652635,0.2227787,negative,0.00033245273516513407,0.9996675472648349,none,none,none,none
4730,623,0,negative,0.011868109,0.72015065,0.26798114,negative,0.00737040163949132,0.9926295983605087,none,none,none,none
4731,623,0,neutral,0.04160097,0.4781581,0.480241,negative,0.0019524643430486321,0.9980475356569514,none,none,none,none
4733,623,0,positive,0.7770132,0.008775406,0.21421134,positive,0.9915170669555664,0.008482933044433594,agreement,agreement,none,none
4734,623,0,positive,0.76048386,0.015816126,0.22369996,positive,0.999733030796051,0.0002669692039489746,agreement,agreement,none,none
4735,623,0,neutral,0.5485627,0.014984067,0.4364532,positive,0.9994221925735474,0.0005778074264526367,none,agreement,none,none
4736,623,0,neutral,0.48238614,0.18289684,0.33471698,positive,0.939050018787384,0.06094998121261597,none,agreement,none,none
4737,623,0,neutral,0.05728466,0.63202304,0.31069225,neutral,0.6634900569915771,0.33650994300842285,none,none,none,none
4738,623,0,positive,0.91541654,0.012608079,0.071975395,positive,0.9918528199195862,0.008147180080413818,agreement,agreement,none,none
4739,623,0,positive,0.75939244,0.07450454,0.166103,negative,0.0008203251636587083,0.9991796748363413,agreement,none,none,none
4740,623,0,positive,0.8245107,0.018438464,0.15705083,positive,0.999731719493866,0.0002682805061340332,agreement,agreement,none,none
4741,623,0,neutral,0.66469914,0.02781654,0.3074843,positive,0.9997592568397522,0.00024074316024780273,none,agreement,none,none
4742,623,0,positive,0.94005436,0.0067647416,0.053180937,positive,0.9995107650756836,0.0004892349243164062,agreement,agreement,none,none
4743,623,0,negative,0.009873129,0.84584767,0.14427921,negative,0.005700177047401667,0.9942998229525983,none,none,none,none
4744,623,0,negative,0.012056078,0.7245432,0.26340064,negative,0.0024234659504145384,0.9975765340495855,none,none,none,none
4745,623,0,positive,0.9446652,0.008695392,0.04663942,positive,0.9998449087142944,0.0001550912857055664,agreement,agreement,none,none
4746,623,0,positive,0.93118906,0.0040671406,0.06474385,positive,0.9998514652252197,0.00014853477478027344,agreement,agreement,none,none
4747,623,0,neutral,0.6659805,0.045003872,0.28901568,positive,0.9993253946304321,0.0006746053695678711,none,agreement,none,none
4748,624,1,neutral,0.08324289,0.10133739,0.8154197,positive,0.9896013140678406,0.010398685932159424,none,conflict,none,conflict
4750,624,1,neutral,0.054455552,0.17053336,0.7750111,negative,0.007922463119029999,0.99207753688097,none,agreement,none,none
4751,624,1,positive,0.85659933,0.021649301,0.12175135,negative,0.09450092166662216,0.9054990783333778,conflict,agreement,conflict,none
4752,624,1,negative,0.015971186,0.8420165,0.1420123,negative,0.0003634541935753077,0.9996365458064247,agreement,agreement,agreement,none
4753,624,1,neutral,0.08498645,0.30205208,0.6129615,negative,0.010337445884943008,0.989662554115057,none,agreement,none,none
4754,624,1,neutral,0.28574628,0.39622343,0.31803033,negative,0.0027161617763340473,0.997283838223666,none,agreement,none,agreement
4756,624,1,neutral,0.055866715,0.52024275,0.42389056,negative,0.008675276301801205,0.9913247236981988,none,agreement,none,agreement
4757,624,1,positive,0.83717203,0.012024218,0.15080377,positive,0.9997090697288513,0.00029093027114868164,conflict,conflict,conflict,conflict
4759,624,1,negative,0.015968334,0.8113478,0.17268398,negative,0.01287352479994297,0.987126475200057,agreement,agreement,agreement,agreement
4762,624,1,positive,0.94025624,0.017823959,0.041919798,positive,0.997907280921936,0.002092719078063965,conflict,conflict,conflict,conflict
4764,625,0,neutral,0.08485074,0.025384191,0.88976514,negative,0.0074935248121619225,0.9925064751878381,none,conflict,none,conflict
4765,625,0,neutral,0.5432318,0.100682385,0.35608587,negative,0.0022542953956872225,0.9977457046043128,none,conflict,none,conflict
4768,625,0,positive,0.8329446,0.014443428,0.15261203,positive,0.9997982382774353,0.00020176172256469727,agreement,agreement,none,agreement
4769,625,0,positive,0.8802854,0.007035674,0.11267899,positive,0.9562554955482483,0.04374450445175171,agreement,agreement,none,none
4770,625,0,neutral,0.14088367,0.047651473,0.8114649,negative,0.004361911676824093,0.9956380883231759,none,conflict,none,conflict
4771,625,0,neutral,0.643972,0.023149189,0.33287886,negative,0.016126688569784164,0.9838733114302158,none,conflict,none,conflict
4772,625,0,positive,0.78003633,0.0087426845,0.21122102,positive,0.9989803433418274,0.0010196566581726074,agreement,agreement,agreement,agreement
4773,625,0,neutral,0.4390575,0.0641527,0.49678975,positive,0.9859133362770081,0.014086663722991943,none,agreement,none,none
4774,625,0,neutral,0.34204748,0.23083167,0.4271209,negative,0.01567813940346241,0.9843218605965376,none,conflict,none,conflict
4775,625,0,neutral,0.04714133,0.45189154,0.500967,negative,0.012701756320893764,0.9872982436791062,none,conflict,none,conflict
4776,625,0,neutral,0.49163702,0.17519556,0.33316746,positive,0.9830529689788818,0.016947031021118164,none,agreement,none,agreement
4777,625,0,negative,0.020194568,0.76580966,0.21399581,negative,0.010747764259576797,0.9892522357404232,conflict,conflict,conflict,conflict
4778,625,0,negative,0.031170191,0.7399144,0.22891538,positive,0.9560288190841675,0.04397118091583252,conflict,agreement,conflict,agreement
4779,625,0,negative,0.016535722,0.78085494,0.2026094,negative,0.001878403127193451,0.9981215968728065,conflict,conflict,conflict,conflict
4780,625,0,neutral,0.06263306,0.45910308,0.47826388,negative,0.008935125544667244,0.9910648744553328,none,conflict,none,conflict
4781,625,0,neutral,0.05476024,0.30349058,0.64174914,negative,0.007378345355391502,0.9926216546446085,none,conflict,none,conflict
4782,625,0,neutral,0.030318245,0.56164235,0.4080394,negative,0.02038802020251751,0.9796119797974825,none,conflict,none,conflict
4783,625,0,neutral,0.05987865,0.015134572,0.9249868,negative,0.16289114952087402,0.837108850479126,none,conflict,none,conflict
4784,625,0,positive,0.7758435,0.01858051,0.205576,positive,0.9886886477470398,0.011311352252960205,agreement,agreement,none,none
4785,625,0,positive,0.8444996,0.022259654,0.13324073,negative,0.03031916916370392,0.9696808308362961,agreement,conflict,none,conflict
4786,625,0,neutral,0.4527185,0.064456515,0.48282504,negative,0.14147555828094482,0.8585244417190552,none,conflict,none,conflict
4787,625,0,positive,0.84562975,0.02369215,0.13067813,positive,0.9996119141578674,0.00038808584213256836,agreement,agreement,none,agreement
4789,625,0,positive,0.97715867,0.0030550421,0.019786334,positive,0.9998786449432373,0.00012135505676269531,agreement,agreement,none,agreement
4790,625,0,positive,0.86710167,0.0033017693,0.12959655,positive,0.9994007349014282,0.0005992650985717773,agreement,agreement,none,none
4791,625,0,positive,0.9404229,0.005428039,0.054149076,positive,0.9997745156288147,0.00022548437118530273,agreement,agreement,agreement,none
4792,625,0,positive,0.9729518,0.0056003314,0.02144777,positive,0.9993845224380493,0.0006154775619506836,agreement,agreement,none,none
4793,626,0,positive,0.75658995,0.018913701,0.22449632,positive,0.9983416795730591,0.001658320426940918,agreement,agreement,none,none
4795,626,0,neutral,0.29852468,0.082511574,0.6189637,positive,0.7428222894668579,0.2571777105331421,none,agreement,none,none
4798,626,0,neutral,0.1965786,0.102222525,0.70119894,negative,0.0009269879083149135,0.9990730120916851,none,conflict,none,conflict
4799,626,0,neutral,0.6883583,0.045204956,0.2664368,positive,0.9929683804512024,0.007031619548797607,none,agreement,none,agreement
4800,626,0,positive,0.9034595,0.020739643,0.075800866,positive,0.9982144832611084,0.0017855167388916016,agreement,agreement,none,none
4802,627,0,neutral,0.116704665,0.25549316,0.6278022,negative,0.006352180615067482,0.9936478193849325,none,conflict,none,conflict
4803,627,0,positive,0.9815285,0.0023472856,0.016124237,positive,0.9998689889907837,0.0001310110092163086,agreement,agreement,agreement,agreement
4804,627,0,neutral,0.08618592,0.19209091,0.7217232,negative,0.004413810092955828,0.9955861899070442,none,conflict,none,conflict
4805,627,0,positive,0.7234754,0.020215197,0.25630942,positive,0.9995939135551453,0.00040608644485473633,agreement,agreement,none,none
4806,627,0,neutral,0.2258283,0.012762006,0.7614096,positive,0.9506060481071472,0.04939395189285278,none,agreement,none,none
4807,627,0,neutral,0.111029476,0.090099774,0.79887074,negative,0.10412849485874176,0.8958715051412582,none,conflict,none,conflict
4808,627,0,positive,0.91523874,0.008652308,0.076108985,positive,0.9963149428367615,0.0036850571632385254,agreement,agreement,none,agreement
4809,627,0,neutral,0.19227926,0.13871093,0.66900986,negative,0.009756960906088352,0.9902430390939116,none,conflict,none,conflict
4810,627,0,neutral,0.15295951,0.042001642,0.8050388,negative,0.006351608783006668,0.9936483912169933,none,conflict,none,conflict
4811,627,0,negative,0.008227551,0.84393996,0.14783248,negative,0.010299455374479294,0.9897005446255207,conflict,conflict,conflict,conflict
4812,627,0,positive,0.91892904,0.004745255,0.076325685,positive,0.9240409135818481,0.07595908641815186,agreement,agreement,none,agreement
4813,627,0,neutral,0.0611026,0.5110063,0.42789114,neutral,0.5279732942581177,0.4720267057418823,none,none,none,none
4815,627,0,negative,0.013657787,0.7538006,0.23254164,negative,0.0032862266525626183,0.9967137733474374,conflict,conflict,conflict,conflict
4816,627,0,neutral,0.04328203,0.32223675,0.63448113,negative,0.0013673283392563462,0.9986326716607437,none,conflict,none,conflict
4817,627,0,neutral,0.19483443,0.0066721765,0.7984934,negative,0.0013744838070124388,0.9986255161929876,none,conflict,none,conflict
4818,627,0,positive,0.93618655,0.0037332017,0.06008025,positive,0.9995266199111938,0.00047338008880615234,agreement,agreement,agreement,agreement
4819,627,0,neutral,0.6879276,0.0140351,0.29803723,positive,0.9962165951728821,0.00378340482711792,none,agreement,none,agreement
4820,627,0,neutral,0.028993815,0.34365967,0.62734646,negative,0.02265721559524536,0.9773427844047546,none,conflict,none,conflict
4821,627,0,neutral,0.22738847,0.30797595,0.46463564,negative,0.037292495369911194,0.9627075046300888,none,conflict,none,conflict
4822,627,0,neutral,0.06635073,0.057184003,0.87646526,negative,0.07157247513532639,0.9284275248646736,none,conflict,none,conflict
4823,627,0,neutral,0.031418834,0.5854686,0.38311252,negative,0.0054008266888558865,0.9945991733111441,none,conflict,none,conflict
4824,627,0,negative,0.01135915,0.8138398,0.17480107,negative,0.025601552799344063,0.9743984472006559,conflict,conflict,conflict,conflict
4825,627,0,negative,0.012604286,0.7424206,0.24497509,negative,0.009812860749661922,0.9901871392503381,conflict,conflict,conflict,conflict
4826,627,0,neutral,0.38646472,0.07187471,0.54166055,positive,0.9995786547660828,0.00042134523391723633,none,agreement,none,none
4827,627,0,positive,0.96077895,0.0068448344,0.032376185,positive,0.9994033575057983,0.0005966424942016602,agreement,agreement,agreement,agreement
4828,627,0,positive,0.9354977,0.002741679,0.061760664,positive,0.8290373682975769,0.1709626317024231,agreement,agreement,none,none
4829,627,0,positive,0.96854556,0.0076688617,0.023785608,positive,0.9997450709342957,0.0002549290657043457,agreement,agreement,none,agreement
4830,627,0,positive,0.71413165,0.02311199,0.26275638,positive,0.9971587657928467,0.0028412342071533203,agreement,agreement,none,agreement
4831,627,0,neutral,0.22581069,0.13201761,0.6421716,negative,0.007793673779815435,0.9922063262201846,none,conflict,none,conflict
4832,627,0,positive,0.97616595,0.006320821,0.017513229,positive,0.9998247027397156,0.00017529726028442383,agreement,agreement,agreement,agreement
4834,628,0,positive,0.85336995,0.010779271,0.13585074,positive,0.9997187256813049,0.00028127431869506836,agreement,agreement,none,none
4835,628,0,neutral,0.58204937,0.04851827,0.36943236,positive,0.986860454082489,0.013139545917510986,none,agreement,none,agreement
4837,628,0,positive,0.96922326,0.0052190567,0.025557641,positive,0.9996238946914673,0.00037610530853271484,agreement,agreement,none,none
4838,628,0,positive,0.9270803,0.005417692,0.06750206,positive,0.997003972530365,0.0029960274696350098,agreement,agreement,agreement,agreement
4839,628,0,neutral,0.17893203,0.16833673,0.65273124,negative,0.060018714517354965,0.939981285482645,none,conflict,none,conflict
4841,628,0,neutral,0.66976714,0.05609622,0.27413663,positive,0.9993883371353149,0.0006116628646850586,none,agreement,none,none
4842,628,0,neutral,0.6110742,0.040482145,0.3484436,negative,0.019054420292377472,0.9809455797076225,none,conflict,none,conflict
4843,628,0,neutral,0.32449862,0.09284239,0.5826589,positive,0.9751880764961243,0.024811923503875732,none,agreement,none,agreement
4844,628,0,neutral,0.03117395,0.5108236,0.45800254,negative,0.0011534633813425899,0.9988465366186574,none,conflict,none,conflict
4845,628,0,neutral,0.04099237,0.38932887,0.5696788,negative,0.0013905266532674432,0.9986094733467326,none,conflict,none,conflict
4846,628,0,negative,0.016163781,0.72991633,0.2539199,negative,0.0010287610348314047,0.9989712389651686,conflict,conflict,conflict,conflict
4847,628,0,neutral,0.1525141,0.35229054,0.49519533,negative,0.005401830188930035,0.99459816981107,none,conflict,none,conflict
4848,628,0,neutral,0.025229989,0.6825822,0.2921879,positive,0.9779912829399109,0.02200871706008911,none,agreement,none,agreement
4849,628,0,negative,0.015016724,0.8258864,0.15909685,positive,0.9699908494949341,0.030009150505065918,conflict,agreement,conflict,agreement
4850,628,0,neutral,0.08414432,0.47834277,0.43751287,negative,0.005681218113750219,0.9943187818862498,none,conflict,none,conflict
4851,628,0,neutral,0.050169494,0.35585067,0.5939799,negative,0.2054237425327301,0.7945762574672699,none,conflict,none,conflict
4852,628,0,neutral,0.42688996,0.26553935,0.30757076,negative,0.1635156124830246,0.8364843875169754,none,conflict,none,conflict
4854,628,0,neutral,0.2715977,0.16296507,0.56543726,negative,0.03023318201303482,0.9697668179869652,none,conflict,none,conflict
4855,628,0,neutral,0.30893657,0.15013339,0.54093003,positive,0.993582010269165,0.006417989730834961,none,agreement,none,agreement
4856,628,0,neutral,0.22844836,0.070965774,0.7005859,negative,0.016031945124268532,0.9839680548757315,none,conflict,none,conflict
4857,628,0,positive,0.7894185,0.031124758,0.17945674,negative,0.1235254779458046,0.8764745220541954,agreement,conflict,none,conflict
4858,628,0,neutral,0.30927202,0.09882365,0.59190434,negative,0.014258812181651592,0.9857411878183484,none,conflict,none,conflict
4859,628,0,neutral,0.15364426,0.55382854,0.2925272,positive,0.9993669390678406,0.0006330609321594238,none,agreement,none,agreement
4860,628,0,positive,0.9526928,0.013221179,0.03408604,positive,0.9998515844345093,0.00014841556549072266,agreement,agreement,agreement,agreement
4861,628,0,neutral,0.11100595,0.34644982,0.54254425,negative,0.02772405371069908,0.9722759462893009,none,conflict,none,conflict
4862,628,0,positive,0.9012703,0.008056337,0.090673395,positive,0.9996041655540466,0.00039583444595336914,agreement,agreement,none,agreement
4864,628,0,neutral,0.11504115,0.36931282,0.51564604,negative,0.0007951504667289555,0.999204849533271,none,conflict,none,conflict
4865,629,0,neutral,0.031730875,0.68839544,0.27987364,positive,0.9151893258094788,0.08481067419052124,none,agreement,none,agreement
4866,629,0,neutral,0.1132849,0.040935215,0.84577996,positive,0.9984538555145264,0.0015461444854736328,none,agreement,none,none
4867,629,0,positive,0.8378148,0.021959703,0.14022554,positive,0.9788219928741455,0.021178007125854492,agreement,agreement,none,none
4868,629,0,neutral,0.10540803,0.1128377,0.78175426,negative,0.00619738781824708,0.9938026121817529,none,conflict,none,conflict
4869,629,0,neutral,0.6269393,0.009933152,0.3631276,positive,0.9995599389076233,0.000440061092376709,none,agreement,none,agreement
4870,629,0,positive,0.9748207,0.0040853783,0.02109396,positive,0.9998111128807068,0.0001888871192932129,agreement,agreement,agreement,none
4872,629,0,neutral,0.6314165,0.015046795,0.35353673,negative,0.0181033406406641,0.9818966593593359,none,conflict,none,conflict
4873,629,0,neutral,0.29562226,0.045398425,0.65897936,positive,0.8850583434104919,0.11494165658950806,none,agreement,none,agreement
4874,629,0,neutral,0.27648443,0.009956615,0.713559,positive,0.7790669202804565,0.22093307971954346,none,agreement,none,none
4875,629,0,neutral,0.022208987,0.5866078,0.39118317,negative,0.01957380771636963,0.9804261922836304,none,conflict,none,conflict
4876,629,0,neutral,0.022216622,0.634909,0.34287435,negative,0.0035764293279498816,0.9964235706720501,none,conflict,none,conflict
4877,629,0,negative,0.021006998,0.7356111,0.24338195,negative,0.00025022897170856595,0.9997497710282914,conflict,conflict,conflict,conflict
4878,629,0,neutral,0.100530826,0.43672982,0.46273938,negative,0.003476046258583665,0.9965239537414163,none,conflict,none,conflict
4879,629,0,neutral,0.07531568,0.38377932,0.54090506,positive,0.9878986477851868,0.012101352214813232,none,agreement,none,agreement
4880,629,0,neutral,0.6512356,0.112800665,0.23596372,positive,0.8727185130119324,0.12728148698806763,none,agreement,none,none
4881,629,0,neutral,0.08201173,0.17573917,0.74224913,negative,0.003337138332426548,0.9966628616675735,none,conflict,none,conflict
4882,629,0,positive,0.80050933,0.012386948,0.18710369,positive,0.9852628707885742,0.014737129211425781,agreement,agreement,none,none
4883,629,0,neutral,0.063727126,0.38284084,0.5534321,negative,0.006918597966432571,0.9930814020335674,none,conflict,none,conflict
4884,629,0,neutral,0.17487992,0.01594961,0.8091705,negative,0.0020212470553815365,0.9979787529446185,none,conflict,none,conflict
4885,629,0,neutral,0.5019008,0.036027327,0.4620719,negative,0.042484350502491,0.957515649497509,none,conflict,none,conflict
4886,629,0,positive,0.9476978,0.006764454,0.045537736,positive,0.9967881441116333,0.0032118558883666992,agreement,agreement,none,agreement
4887,629,0,neutral,0.5689921,0.032673124,0.39833483,positive,0.9980719089508057,0.001928091049194336,none,agreement,none,agreement
4888,629,0,neutral,0.541911,0.021957643,0.4361314,negative,0.015102097764611244,0.9848979022353888,none,conflict,none,conflict
4890,629,0,positive,0.8153323,0.023011148,0.1616566,positive,0.9816814064979553,0.018318593502044678,agreement,agreement,none,none
4891,629,0,neutral,0.0960253,0.49814236,0.40583232,positive,0.9801986813545227,0.019801318645477295,none,agreement,none,agreement
4892,629,0,positive,0.97358984,0.0039466163,0.022463571,positive,0.999828577041626,0.00017142295837402344,agreement,agreement,none,none
4893,629,0,positive,0.8691385,0.008887843,0.12197366,positive,0.9992316961288452,0.0007683038711547852,agreement,agreement,none,agreement
4894,629,0,positive,0.98032254,0.0025589461,0.017118573,positive,0.9998389482498169,0.00016105175018310547,agreement,agreement,none,none
4895,629,0,positive,0.9782135,0.0028170852,0.018969417,positive,0.999782145023346,0.00021785497665405273,agreement,agreement,none,none
4896,631,0,neutral,0.26740247,0.020514572,0.71208304,negative,0.013990056701004505,0.9860099432989955,none,conflict,none,conflict
4900,631,0,neutral,0.048032142,0.5976615,0.3543064,positive,0.8432836532592773,0.15671634674072266,none,agreement,none,agreement
4904,632,0,positive,0.86414856,0.0048174392,0.13103403,positive,0.9901371002197266,0.009862899780273438,agreement,agreement,none,none
4905,632,0,positive,0.97843814,0.003276421,0.01828542,positive,0.9998558759689331,0.00014412403106689453,agreement,agreement,none,none
4906,632,0,negative,0.017000975,0.72534037,0.25765866,positive,0.9803289175033569,0.019671082496643066,conflict,agreement,conflict,agreement
4907,632,0,positive,0.91103095,0.0074508153,0.081518255,negative,0.19937938451766968,0.8006206154823303,agreement,conflict,none,conflict
4908,632,0,positive,0.7159785,0.011409171,0.2726124,positive,0.9948083758354187,0.005191624164581299,agreement,agreement,none,agreement
4909,632,0,neutral,0.44420528,0.005834731,0.5499599,positive,0.9991768002510071,0.0008231997489929199,none,agreement,none,none
4910,632,0,neutral,0.19990365,0.04316681,0.7569295,negative,0.0003401166177354753,0.9996598833822645,none,conflict,none,conflict
4911,632,0,positive,0.87918615,0.008121919,0.11269195,positive,0.9972877502441406,0.002712249755859375,agreement,agreement,agreement,none
4912,632,0,neutral,0.19517384,0.08001378,0.7248124,positive,0.9867256879806519,0.013274312019348145,none,agreement,none,none
4913,632,0,neutral,0.5589993,0.010487205,0.43051347,positive,0.9980660080909729,0.0019339919090270996,none,agreement,none,agreement
4914,632,0,positive,0.7253134,0.008892142,0.2657945,positive,0.8716713190078735,0.12832868099212646,agreement,agreement,none,none
4915,632,0,positive,0.9493983,0.005231854,0.045369875,positive,0.9995538592338562,0.00044614076614379883,agreement,agreement,none,none
4916,632,0,neutral,0.050174687,0.35846934,0.591356,negative,0.09250404685735703,0.907495953142643,none,conflict,none,conflict
4917,632,0,neutral,0.05196262,0.24900752,0.6990298,negative,0.029973309487104416,0.9700266905128956,none,conflict,none,conflict
4918,632,0,neutral,0.07701311,0.14677554,0.7762113,negative,0.001781926490366459,0.9982180735096335,none,conflict,none,conflict
4919,632,0,negative,0.0057612085,0.90314656,0.09109221,negative,0.0003941613540519029,0.9996058386459481,conflict,conflict,conflict,conflict
4920,632,0,negative,0.01727989,0.7856072,0.1971129,negative,0.002456117421388626,0.9975438825786114,conflict,conflict,conflict,conflict
4921,632,0,neutral,0.12230428,0.019600555,0.85809517,negative,0.019879769533872604,0.9801202304661274,none,conflict,none,conflict
4923,632,0,negative,0.012943639,0.7110728,0.2759836,negative,0.0010091584408655763,0.9989908415591344,conflict,conflict,conflict,conflict
4924,632,0,neutral,0.026673913,0.66118944,0.31213668,positive,0.9733796119689941,0.02662038803100586,none,agreement,none,none
4926,632,0,positive,0.9787982,0.005440851,0.015760923,positive,0.9992344379425049,0.0007655620574951172,agreement,agreement,none,agreement
4929,632,0,positive,0.74932605,0.01973515,0.2309388,positive,0.9995900988578796,0.00040990114212036133,agreement,agreement,agreement,none
4930,632,0,positive,0.98860335,0.0028005776,0.0085960915,positive,0.9998595714569092,0.0001404285430908203,agreement,agreement,none,agreement
4931,632,0,positive,0.83027405,0.0068562995,0.16286965,positive,0.9997830986976624,0.00021690130233764648,agreement,agreement,agreement,agreement
4932,633,0,neutral,0.09988707,0.032399867,0.86771315,negative,0.0032046043779700994,0.9967953956220299,none,none,none,none
4933,633,0,neutral,0.16376273,0.05197281,0.7842644,positive,0.9888752698898315,0.011124730110168457,none,agreement,none,none
4934,633,0,neutral,0.3903946,0.048712034,0.56089336,positive,0.9892206788063049,0.010779321193695068,none,agreement,none,none
4935,633,0,positive,0.8588945,0.019285314,0.12182017,positive,0.9998531341552734,0.0001468658447265625,agreement,agreement,none,none
4936,633,0,positive,0.9602895,0.00967528,0.03003518,positive,0.9996947050094604,0.0003052949905395508,agreement,agreement,none,none
4937,633,0,negative,0.005350075,0.9212889,0.073361054,negative,0.0019371850648894906,0.9980628149351105,none,none,none,none
4938,633,0,positive,0.95997435,0.0057760263,0.03424965,positive,0.9996126294136047,0.00038737058639526367,agreement,agreement,none,none
4939,633,0,positive,0.922981,0.0031900108,0.073829025,positive,0.9993378520011902,0.0006621479988098145,agreement,agreement,none,none
4940,633,0,positive,0.97504336,0.0048127626,0.02014391,positive,0.9995469450950623,0.00045305490493774414,agreement,agreement,none,none
4941,633,0,positive,0.9690955,0.004399939,0.026504591,positive,0.9997435212135315,0.00025647878646850586,agreement,agreement,none,none
4942,633,0,neutral,0.16712967,0.15186843,0.6810019,negative,0.0030425654258579016,0.9969574345741421,none,none,none,none
4943,633,0,neutral,0.30884483,0.039562613,0.65159255,positive,0.9987039566040039,0.0012960433959960938,none,agreement,none,none
4944,633,0,neutral,0.56193966,0.04632599,0.39173433,positive,0.8208741545677185,0.1791258454322815,none,agreement,none,none
4945,633,0,positive,0.7198749,0.02377154,0.25635356,positive,0.9905693531036377,0.009430646896362305,agreement,agreement,none,none
4946,633,0,positive,0.9292465,0.007673148,0.06308036,positive,0.999610960483551,0.0003890395164489746,agreement,agreement,none,none
4947,633,0,neutral,0.5843218,0.08020062,0.3354776,positive,0.9875662326812744,0.012433767318725586,none,agreement,none,none
4948,633,0,neutral,0.042543348,0.51362044,0.44383624,negative,0.0016386308707296848,0.9983613691292703,none,none,none,none
4949,633,0,neutral,0.36463264,0.37831655,0.25705084,negative,0.032715748995542526,0.9672842510044575,none,none,none,none
4950,633,0,negative,0.014652499,0.75701326,0.22833422,negative,0.0007513696909882128,0.9992486303090118,none,none,none,none
4951,633,0,negative,0.013173431,0.876526,0.11030058,negative,0.004274395294487476,0.9957256047055125,none,none,none,none
4952,633,0,negative,0.0056878123,0.93912655,0.05518561,negative,0.014117203652858734,0.9858827963471413,none,none,none,none
4953,633,0,negative,0.007440188,0.8684768,0.12408294,negative,0.07568931579589844,0.9243106842041016,none,none,none,none
4954,633,0,neutral,0.016176382,0.63117987,0.35264367,negative,0.0014778648037463427,0.9985221351962537,none,none,none,none
4955,633,0,neutral,0.07180393,0.3278117,0.6003844,positive,0.9648929834365845,0.03510701656341553,none,agreement,none,none
4956,633,0,negative,0.007188026,0.8652337,0.12757823,negative,0.0006613855948671699,0.9993386144051328,none,none,none,none
4957,633,0,neutral,0.07563862,0.15357576,0.7707856,negative,0.003609240287914872,0.9963907597120851,none,none,none,none
4958,633,0,neutral,0.31322187,0.23049961,0.45627844,negative,0.011507401242852211,0.9884925987571478,none,none,none,none
4959,633,0,neutral,0.022092285,0.48079896,0.49710876,negative,0.0011720791226252913,0.9988279208773747,none,none,none,none
4960,633,0,neutral,0.021147516,0.68568224,0.2931702,negative,0.010313346050679684,0.9896866539493203,none,none,none,none
4961,633,0,negative,0.027000055,0.79949707,0.17350285,negative,0.0006726146675646305,0.9993273853324354,none,none,none,none
4962,633,0,neutral,0.15202934,0.36165875,0.48631197,negative,0.24598264694213867,0.7540173530578613,none,none,none,none
4963,633,0,positive,0.86889035,0.028787954,0.10232176,positive,0.9989064931869507,0.0010935068130493164,agreement,agreement,none,none
4964,633,0,neutral,0.4048722,0.2416736,0.3534542,positive,0.9981294274330139,0.001870572566986084,none,agreement,none,none
4965,633,0,positive,0.9443392,0.010784574,0.044876195,positive,0.9998289346694946,0.0001710653305053711,agreement,agreement,none,none
4966,633,0,neutral,0.57023454,0.15260953,0.27715594,negative,0.04178494215011597,0.958215057849884,none,none,none,none
4967,633,0,neutral,0.5964333,0.094868094,0.30869865,positive,0.9976746439933777,0.0023253560066223145,none,agreement,none,none
4968,633,0,positive,0.9307209,0.0063399198,0.06293919,positive,0.999652624130249,0.00034737586975097656,agreement,agreement,none,none
4969,634,0,positive,0.9657033,0.0046008797,0.029695792,positive,0.9998250603675842,0.00017493963241577148,agreement,agreement,none,none
4970,634,0,negative,0.008377866,0.8841755,0.10744663,negative,0.0029259291477501392,0.9970740708522499,conflict,conflict,conflict,conflict
4971,634,0,positive,0.9514207,0.0031830724,0.045396157,positive,0.9987232089042664,0.0012767910957336426,agreement,agreement,none,none
4972,634,0,positive,0.781458,0.015535361,0.20300658,positive,0.993094801902771,0.006905198097229004,agreement,agreement,agreement,none
4973,634,0,positive,0.88074875,0.008084109,0.111167125,positive,0.996349573135376,0.0036504268646240234,agreement,agreement,none,agreement
4974,634,0,positive,0.80274624,0.014011689,0.1832421,positive,0.9993374943733215,0.0006625056266784668,agreement,agreement,none,none
4975,634,0,neutral,0.123074934,0.33210355,0.54482156,positive,0.9835270047187805,0.016472995281219482,none,agreement,none,agreement
4976,634,0,neutral,0.032710902,0.5575769,0.40971217,negative,0.0004630768089555204,0.9995369231910445,none,conflict,none,conflict
4977,634,0,negative,0.023747846,0.79075813,0.185494,negative,0.003533356823027134,0.9964666431769729,conflict,conflict,conflict,conflict
4978,634,0,neutral,0.08903087,0.3639233,0.5470458,negative,0.05684340372681618,0.9431565962731838,none,conflict,none,conflict
4979,634,0,neutral,0.23343785,0.35383552,0.41272655,negative,0.2891431748867035,0.7108568251132965,none,conflict,none,conflict
4980,634,0,neutral,0.48679233,0.081393026,0.4318146,negative,0.013712325133383274,0.9862876748666167,none,conflict,none,conflict
4981,634,0,neutral,0.6140782,0.099443346,0.2864785,positive,0.9997065663337708,0.00029343366622924805,none,agreement,none,none
4982,634,0,positive,0.9829454,0.0054687806,0.011585881,positive,0.999874472618103,0.00012552738189697266,agreement,agreement,agreement,agreement
4983,634,0,positive,0.7337031,0.058257557,0.20803939,positive,0.9972267746925354,0.0027732253074645996,agreement,agreement,none,none
4984,634,0,positive,0.78040314,0.015883848,0.203713,positive,0.9997527003288269,0.0002472996711730957,agreement,agreement,none,none
4985,634,0,positive,0.98187315,0.0029927734,0.015134029,positive,0.9998775720596313,0.00012242794036865234,agreement,agreement,none,none
4986,635,0,neutral,0.09170346,0.016277121,0.89201945,negative,0.05179142951965332,0.9482085704803467,none,none,none,none
4987,635,0,neutral,0.07897397,0.011663353,0.9093627,positive,0.9825624227523804,0.01743757724761963,none,agreement,none,none
4990,635,0,neutral,0.6092021,0.017596846,0.3732011,positive,0.9963157773017883,0.00368422269821167,none,agreement,none,none
4992,635,0,positive,0.8796276,0.010606408,0.109766014,positive,0.9879172444343567,0.01208275556564331,agreement,agreement,none,none
4993,635,0,neutral,0.114099205,0.356454,0.5294468,negative,0.009431043639779091,0.9905689563602209,none,none,none,none
4995,636,1,positive,0.9296378,0.010117053,0.060245194,positive,0.9977090358734131,0.002290964126586914,conflict,conflict,conflict,conflict
4996,636,1,neutral,0.61255753,0.056189235,0.33125323,positive,0.9990886449813843,0.0009113550186157227,none,conflict,none,conflict
4997,636,1,positive,0.8734319,0.02263384,0.10393428,positive,0.9965928196907043,0.0034071803092956543,conflict,conflict,conflict,conflict
4998,636,1,neutral,0.033299997,0.5018773,0.46482265,negative,0.0011702324263751507,0.9988297675736248,none,agreement,none,none
4999,636,1,positive,0.93841624,0.0110443765,0.0505394,positive,0.9997557997703552,0.0002442002296447754,conflict,conflict,conflict,conflict
5000,636,1,neutral,0.62475187,0.12448053,0.25076765,negative,0.010637646540999413,0.9893623534590006,none,agreement,none,none
5001,636,1,neutral,0.04317722,0.64418703,0.31263578,negative,0.0007356271962635219,0.9992643728037365,none,agreement,none,agreement
5002,636,1,neutral,0.20067884,0.295925,0.50339615,positive,0.9985421895980835,0.001457810401916504,none,conflict,none,conflict
5003,636,1,neutral,0.024856867,0.6760423,0.29910085,negative,0.0021599610336124897,0.9978400389663875,none,agreement,none,none
5006,636,1,neutral,0.048324622,0.69830537,0.25337005,positive,0.9951539039611816,0.004846096038818359,none,conflict,none,conflict
5007,636,1,negative,0.018311197,0.8345839,0.14710495,negative,0.0008440043893642724,0.9991559956106357,agreement,agreement,none,agreement
5008,636,1,negative,0.012087889,0.8439891,0.14392313,negative,0.00034853111719712615,0.9996514688828029,agreement,agreement,none,none
5009,636,1,neutral,0.32782617,0.07190518,0.60026854,negative,0.0034783100709319115,0.9965216899290681,none,agreement,none,none
5010,636,1,neutral,0.13515738,0.4721278,0.39271492,positive,0.9369540810585022,0.0630459189414978,none,conflict,none,conflict
5011,636,1,negative,0.013180565,0.78740114,0.19941828,negative,0.0020448672585189342,0.9979551327414811,agreement,agreement,none,none
5012,636,1,negative,0.010633022,0.7536211,0.23574586,negative,0.0006801701383665204,0.9993198298616335,agreement,agreement,none,none
5013,636,1,negative,0.013989946,0.76188964,0.22412041,negative,0.000569727853871882,0.9994302721461281,agreement,agreement,agreement,none
5014,636,1,neutral,0.03212048,0.6876952,0.2801844,negative,0.0038059332873672247,0.9961940667126328,none,agreement,none,none
5015,636,1,neutral,0.038804073,0.5896496,0.37154633,negative,0.008353771641850471,0.9916462283581495,none,agreement,none,none
5017,636,1,negative,0.012159773,0.8411591,0.1466812,negative,0.001529125845991075,0.9984708741540089,agreement,agreement,agreement,agreement
5018,636,1,negative,0.008628658,0.8997337,0.09163763,negative,0.0015879248967394233,0.9984120751032606,agreement,agreement,none,none
5019,636,1,neutral,0.031080186,0.66916645,0.29975343,negative,0.007791418116539717,0.9922085818834603,none,agreement,none,none
5020,636,1,negative,0.012937438,0.85145545,0.13560706,negative,0.0010299667483195662,0.9989700332516804,agreement,agreement,none,none
5021,636,1,negative,0.0067268754,0.9281035,0.065169655,negative,0.0005157108535058796,0.9994842891464941,agreement,agreement,none,agreement
5022,636,1,neutral,0.10666313,0.38882747,0.50450945,negative,0.0036521484144032,0.9963478515855968,none,agreement,none,none
5023,636,1,negative,0.009309436,0.89547783,0.095212795,negative,0.0012336205691099167,0.9987663794308901,agreement,agreement,none,none
5024,636,1,negative,0.011884073,0.8123552,0.17576076,negative,0.005951672792434692,0.9940483272075653,agreement,agreement,agreement,none
5025,636,1,negative,0.02207296,0.82678974,0.1511373,positive,0.9759472012519836,0.024052798748016357,agreement,conflict,none,conflict
5026,636,1,negative,0.0334137,0.7167715,0.24981487,negative,0.0030197417363524437,0.9969802582636476,agreement,agreement,none,none
5027,636,1,neutral,0.5869874,0.049065847,0.36394683,negative,0.0016175985801964998,0.9983824014198035,none,agreement,none,none
5028,636,1,neutral,0.06744342,0.3762488,0.55630773,negative,0.004328412469476461,0.9956715875305235,none,agreement,none,none
5029,636,1,neutral,0.1790936,0.4741828,0.3467236,negative,0.26070356369018555,0.7392964363098145,none,agreement,none,none
5030,636,1,neutral,0.42180324,0.083751984,0.4944448,negative,0.23449574410915375,0.7655042558908463,none,agreement,none,none
5031,636,1,positive,0.9102768,0.014159311,0.07556392,negative,0.004242227412760258,0.9957577725872397,conflict,agreement,conflict,agreement
5032,636,1,neutral,0.3608953,0.35032088,0.28878376,negative,0.25524717569351196,0.744752824306488,none,agreement,none,none
5034,636,1,positive,0.7231247,0.09464396,0.18223135,negative,0.002978850854560733,0.9970211491454393,conflict,agreement,conflict,agreement
5036,636,1,neutral,0.029831275,0.32700908,0.6431596,negative,0.001963790273293853,0.9980362097267061,none,agreement,none,agreement
5038,637,1,neutral,0.07102147,0.69704306,0.23193544,negative,0.02422899752855301,0.975771002471447,none,agreement,none,none
5039,637,1,neutral,0.6629643,0.053081468,0.28395417,negative,0.004467586521059275,0.9955324134789407,none,agreement,none,none
5040,637,1,positive,0.8546247,0.012428289,0.13294695,negative,0.11401514708995819,0.8859848529100418,conflict,agreement,conflict,agreement
5041,637,1,negative,0.0074818647,0.902323,0.09019524,negative,0.0010874475119635463,0.9989125524880365,agreement,agreement,agreement,none
5042,637,1,neutral,0.45095664,0.09870673,0.45033664,neutral,0.5129393339157104,0.48706066608428955,none,none,none,none
5043,637,1,neutral,0.1697276,0.40899315,0.42127928,negative,0.0009923663455992937,0.9990076336544007,none,agreement,none,none
5044,637,1,positive,0.95705354,0.005871596,0.037074864,positive,0.9993550181388855,0.000644981861114502,conflict,conflict,conflict,conflict
5045,637,1,positive,0.92635083,0.009989025,0.06366013,positive,0.9997534155845642,0.000246584415435791,conflict,conflict,conflict,conflict
5046,637,1,neutral,0.060317058,0.5421498,0.39753315,negative,0.0019522737711668015,0.9980477262288332,none,agreement,none,agreement
5047,637,1,negative,0.026492583,0.7627518,0.21075557,negative,0.0020710357930511236,0.9979289642069489,agreement,agreement,agreement,none
5048,637,1,neutral,0.41197184,0.14151776,0.4465104,neutral,0.3585401773452759,0.6414598226547241,none,none,none,none
5049,637,1,neutral,0.32875508,0.25586057,0.41538432,positive,0.9956821203231812,0.004317879676818848,none,conflict,none,conflict
5050,637,1,neutral,0.27624667,0.1616128,0.5621405,negative,0.0023281588219106197,0.9976718411780894,none,agreement,none,agreement
5051,637,1,neutral,0.14021458,0.42289242,0.43689296,negative,0.004643648397177458,0.9953563516028225,none,agreement,none,agreement
5052,637,1,negative,0.008814686,0.8148522,0.17633316,negative,0.1025707796216011,0.8974292203783989,agreement,agreement,none,none
5053,637,1,negative,0.023690432,0.71374923,0.2625603,negative,0.0021209658589214087,0.9978790341410786,agreement,agreement,agreement,agreement
5054,637,1,neutral,0.19262594,0.071832985,0.7355411,positive,0.9986966252326965,0.0013033747673034668,none,conflict,none,conflict
5055,637,1,negative,0.0070367097,0.81673366,0.17622949,negative,0.0008150949142873287,0.9991849050857127,agreement,agreement,none,none
5056,637,1,neutral,0.25983608,0.10599072,0.63417315,positive,0.9881275296211243,0.011872470378875732,none,conflict,none,conflict
5057,637,1,positive,0.82715344,0.013968308,0.15887831,positive,0.9966038465499878,0.003396153450012207,conflict,conflict,conflict,conflict
5058,637,1,positive,0.95105076,0.0064682853,0.042481,positive,0.9997822642326355,0.00021773576736450195,conflict,conflict,conflict,conflict
5059,638,1,positive,0.7242639,0.0128873,0.26284873,positive,0.9986833930015564,0.0013166069984436035,conflict,conflict,conflict,conflict
5060,638,1,neutral,0.48257184,0.10106987,0.41635823,negative,0.08736502379179001,0.91263497620821,none,agreement,none,agreement
5061,638,1,neutral,0.39829096,0.25484923,0.34685984,negative,0.003838354954496026,0.996161645045504,none,agreement,none,none
5062,638,1,negative,0.004756855,0.9417334,0.053509723,negative,0.00040695449570193887,0.9995930455042981,agreement,agreement,agreement,none
5064,638,1,neutral,0.47455275,0.21511452,0.31033272,negative,0.020776502788066864,0.9792234972119331,none,agreement,none,none
5065,638,1,neutral,0.46344888,0.06762527,0.4689258,negative,0.001641003997065127,0.9983589960029349,none,agreement,none,none
5066,640,1,neutral,0.09316797,0.024029335,0.88280267,positive,0.9992260932922363,0.0007739067077636719,none,conflict,none,conflict
5068,640,1,positive,0.9014164,0.0058515402,0.09273201,positive,0.9976724982261658,0.0023275017738342285,conflict,conflict,conflict,conflict
5069,640,1,positive,0.9699135,0.0020720246,0.02801446,positive,0.9987875819206238,0.0012124180793762207,conflict,conflict,conflict,conflict
5070,640,1,positive,0.90907484,0.0048916517,0.08603349,positive,0.9996261596679688,0.00037384033203125,conflict,conflict,conflict,conflict
5071,640,1,neutral,0.39021847,0.14721379,0.46256772,positive,0.9942960143089294,0.005703985691070557,none,conflict,none,conflict
5072,640,1,positive,0.79134303,0.011205882,0.19745106,positive,0.9870971441268921,0.01290285587310791,conflict,conflict,conflict,conflict
5073,640,1,neutral,0.087660655,0.22965056,0.68268883,negative,0.001483759842813015,0.998516240157187,none,agreement,none,agreement
5074,640,1,neutral,0.047700156,0.68692696,0.26537293,negative,0.010163688100874424,0.9898363118991256,none,agreement,none,none
5075,640,1,neutral,0.057791997,0.6710424,0.27116558,negative,0.07128886133432388,0.9287111386656761,none,agreement,none,agreement
5076,640,1,negative,0.008729647,0.9285052,0.06276515,negative,0.000749260769225657,0.9992507392307743,agreement,agreement,none,none
5077,640,1,negative,0.011773586,0.8504428,0.13778365,negative,0.012896085157990456,0.9871039148420095,agreement,agreement,agreement,agreement
5078,640,1,negative,0.01757246,0.77862555,0.20380197,negative,0.0009322664118371904,0.9990677335881628,agreement,agreement,agreement,agreement
5079,640,1,neutral,0.035889782,0.5142454,0.44986477,negative,0.03953731060028076,0.9604626893997192,none,agreement,none,agreement
5080,640,1,neutral,0.19200008,0.28702176,0.52097815,negative,0.18262164294719696,0.817378357052803,none,agreement,none,agreement
5081,640,1,positive,0.9622598,0.003973977,0.033766184,positive,0.9993754029273987,0.0006245970726013184,conflict,conflict,conflict,conflict
5082,640,1,positive,0.9563581,0.01018757,0.033454336,positive,0.9996988773345947,0.00030112266540527344,conflict,conflict,conflict,conflict
5083,640,1,positive,0.9365803,0.0067530405,0.056666598,positive,0.99610835313797,0.0038916468620300293,conflict,conflict,conflict,conflict
5084,640,1,positive,0.9697944,0.009053424,0.021152146,positive,0.9998112320899963,0.0001887679100036621,conflict,conflict,conflict,conflict
5085,641,1,positive,0.703906,0.07917859,0.21691549,positive,0.9645216464996338,0.03547835350036621,conflict,conflict,conflict,conflict
5086,641,1,positive,0.97946596,0.0019787594,0.018555263,positive,0.9992400407791138,0.0007599592208862305,conflict,conflict,conflict,conflict
5087,641,1,neutral,0.59671783,0.016204964,0.38707724,positive,0.9984560012817383,0.0015439987182617188,none,conflict,none,conflict
5088,641,1,neutral,0.29853594,0.26360175,0.4378624,negative,0.011553770862519741,0.9884462291374803,none,agreement,none,agreement
5089,641,1,negative,0.013370344,0.8777799,0.10884977,negative,0.0013353773392736912,0.9986646226607263,agreement,agreement,agreement,agreement
5090,641,1,negative,0.010633056,0.8679094,0.12145753,negative,0.00444437749683857,0.9955556225031614,agreement,agreement,none,none
5091,641,1,neutral,0.048220783,0.5538018,0.3979775,negative,0.015296151861548424,0.9847038481384516,none,agreement,none,agreement
5092,641,1,negative,0.021079825,0.7896715,0.18924873,negative,0.003297254675999284,0.9967027453240007,agreement,agreement,agreement,agreement
5093,641,1,positive,0.75276375,0.061424166,0.18581212,positive,0.9997838139533997,0.0002161860466003418,conflict,conflict,conflict,conflict
5094,641,1,positive,0.97800046,0.003489613,0.018509928,positive,0.9985484480857849,0.0014515519142150879,conflict,conflict,conflict,conflict
5096,649,1,neutral,0.23132685,0.07000164,0.6986715,positive,0.9976826906204224,0.0023173093795776367,none,conflict,none,conflict
5097,649,1,neutral,0.036625333,0.5541582,0.40921637,negative,0.007436297833919525,0.9925637021660805,none,agreement,none,agreement
5098,649,1,neutral,0.11448091,0.17393908,0.71158,positive,0.7368555665016174,0.26314443349838257,none,conflict,none,conflict
5099,649,1,neutral,0.1840501,0.25180358,0.56414634,negative,0.010848944075405598,0.9891510559245944,none,agreement,none,agreement
5100,649,1,negative,0.011406197,0.74363816,0.24495563,negative,0.002947416389361024,0.997052583610639,agreement,agreement,agreement,agreement
5101,649,1,negative,0.010826809,0.8203087,0.16886449,negative,0.06696905195713043,0.9330309480428696,agreement,agreement,none,none
5102,649,1,negative,0.011819126,0.8562172,0.13196374,negative,0.0006723621627315879,0.9993276378372684,agreement,agreement,none,none
5103,649,1,neutral,0.068229765,0.46692556,0.46484464,neutral,0.629528284072876,0.370471715927124,none,none,none,none
5104,649,1,neutral,0.18151505,0.40728343,0.41120157,negative,0.05085504427552223,0.9491449557244778,none,agreement,none,agreement
5105,649,1,neutral,0.34027034,0.030602934,0.6291268,positive,0.9973767995834351,0.0026232004165649414,none,conflict,none,conflict
5107,649,1,neutral,0.39360097,0.16539143,0.44100758,negative,0.005118316505104303,0.9948816834948957,none,agreement,none,none
5108,649,1,neutral,0.049337283,0.61226934,0.33839336,negative,0.01278665941208601,0.987213340587914,none,agreement,none,none
5109,649,1,neutral,0.06432173,0.28329614,0.6523822,positive,0.8324017524719238,0.16759824752807617,none,conflict,none,conflict
5110,649,1,negative,0.01160479,0.79258907,0.19580615,negative,0.0006877161213196814,0.9993122838786803,agreement,agreement,agreement,none
5111,649,1,neutral,0.1977186,0.19724257,0.6050388,negative,0.08317864686250687,0.9168213531374931,none,agreement,none,none
5112,649,1,neutral,0.016897554,0.5096077,0.47349474,negative,0.02478347346186638,0.9752165265381336,none,agreement,none,agreement
5113,649,1,neutral,0.44665948,0.07536039,0.47798014,positive,0.9503892660140991,0.04961073398590088,none,conflict,none,conflict
5114,649,1,neutral,0.19300602,0.21430495,0.59268904,positive,0.9985945820808411,0.0014054179191589355,none,conflict,none,conflict
5115,649,1,positive,0.80039465,0.023885617,0.17571972,positive,0.918428897857666,0.08157110214233398,conflict,conflict,conflict,conflict
5116,649,1,positive,0.9342439,0.009500825,0.056255244,positive,0.9998069405555725,0.00019305944442749023,conflict,conflict,conflict,conflict
5118,649,1,positive,0.8922744,0.009057095,0.09866847,positive,0.9987401366233826,0.0012598633766174316,conflict,conflict,conflict,conflict
5119,650,0,neutral,0.38160607,0.054157194,0.56423676,positive,0.8771106004714966,0.12288939952850342,none,agreement,none,none
5120,650,0,neutral,0.043717694,0.44720963,0.50907266,negative,0.008821017108857632,0.9911789828911424,none,conflict,none,conflict
5121,650,0,neutral,0.34568587,0.039176695,0.6151374,negative,0.1049996092915535,0.8950003907084465,none,conflict,none,conflict
5123,650,0,neutral,0.56306326,0.014884254,0.42205247,negative,0.009257178753614426,0.9907428212463856,none,conflict,none,conflict
5124,650,0,neutral,0.030771093,0.43490005,0.5343288,negative,0.0006007482879795134,0.9993992517120205,none,conflict,none,conflict
5125,650,0,negative,0.008847444,0.8029038,0.18824872,positive,0.988579511642456,0.011420488357543945,conflict,agreement,conflict,agreement
5126,650,0,neutral,0.06131666,0.5284515,0.41023183,negative,0.0015995517605915666,0.9984004482394084,none,conflict,none,conflict
5127,650,0,neutral,0.07104358,0.4291147,0.49984175,positive,0.9472318887710571,0.05276811122894287,none,agreement,none,agreement
5128,650,0,neutral,0.16689731,0.07404141,0.7590613,positive,0.9969596862792969,0.003040313720703125,none,agreement,none,agreement
5129,650,0,negative,0.016141819,0.73814934,0.24570885,negative,0.003423138288781047,0.996576861711219,conflict,conflict,conflict,conflict
5130,650,0,neutral,0.106605634,0.50124013,0.39215416,negative,0.04004829376935959,0.9599517062306404,none,conflict,none,conflict
5131,650,0,negative,0.018819159,0.7338007,0.24738017,negative,0.007847069762647152,0.9921529302373528,conflict,conflict,conflict,conflict
5132,650,0,neutral,0.06884332,0.14899984,0.78215694,negative,0.009052800014615059,0.9909471999853849,none,conflict,none,conflict
5133,650,0,neutral,0.18722178,0.27723756,0.5355407,positive,0.9984546899795532,0.0015453100204467773,none,agreement,none,agreement
5134,650,0,neutral,0.07461949,0.08008656,0.845294,negative,0.015617353841662407,0.9843826461583376,none,conflict,none,conflict
5135,650,0,neutral,0.15591097,0.054205634,0.78988343,negative,0.006510888691991568,0.9934891113080084,none,conflict,none,conflict
5136,650,0,neutral,0.066049606,0.6671031,0.26684728,positive,0.9982446432113647,0.001755356788635254,none,agreement,none,agreement
5137,650,0,neutral,0.28531027,0.13529743,0.5793923,positive,0.9959327578544617,0.00406724214553833,none,agreement,none,agreement
5138,650,0,neutral,0.21222138,0.08974759,0.69803107,positive,0.9427903294563293,0.057209670543670654,none,agreement,none,none
5139,650,0,positive,0.8292542,0.06629565,0.104450114,positive,0.7085642218589783,0.29143577814102173,agreement,agreement,agreement,agreement
5144,651,0,neutral,0.6182811,0.030542139,0.35117674,positive,0.9980366826057434,0.001963317394256592,none,agreement,none,none
5146,651,0,negative,0.011753095,0.84408057,0.14416628,negative,0.0011306690284982324,0.9988693309715018,none,none,none,none
5151,652,0,positive,0.9480426,0.0052025565,0.04675487,positive,0.8306921720504761,0.16930782794952393,agreement,agreement,none,none
5152,652,0,neutral,0.5875702,0.0068975464,0.4055323,negative,0.10811308771371841,0.8918869122862816,none,none,none,none
5153,652,0,neutral,0.6328894,0.06239065,0.30471995,neutral,0.3455735146999359,0.6544264853000641,none,none,none,none
5154,652,0,neutral,0.2472001,0.026528183,0.7262717,negative,0.012349911965429783,0.9876500880345702,none,none,none,none
5155,652,0,neutral,0.12976502,0.5768375,0.2933975,negative,0.02768588252365589,0.9723141174763441,none,none,none,none
5156,652,0,neutral,0.056710307,0.55383646,0.38945326,negative,0.010876540094614029,0.989123459905386,none,none,none,none
5157,652,0,neutral,0.20536993,0.21576713,0.5788629,negative,0.0432124137878418,0.9567875862121582,none,none,none,none
5158,652,0,positive,0.95238924,0.006351156,0.041259676,neutral,0.4266682267189026,0.5733317732810974,agreement,none,none,none
5160,652,0,negative,0.0069749258,0.899221,0.093804136,negative,0.004726552404463291,0.9952734475955367,none,none,none,none
5162,652,0,negative,0.0084448,0.8901106,0.101444565,negative,0.003555798437446356,0.9964442015625536,none,none,none,none
5163,652,0,negative,0.019087622,0.7717405,0.20917189,negative,0.004561649169772863,0.9954383508302271,none,none,none,none
5164,652,0,neutral,0.03130321,0.5724502,0.39624652,negative,0.02279508113861084,0.9772049188613892,none,none,none,none
5165,652,0,neutral,0.1443644,0.4019854,0.45365018,positive,0.9571061730384827,0.042893826961517334,none,agreement,none,none
5169,653,0,positive,0.91570485,0.00995096,0.07434418,positive,0.9994797110557556,0.0005202889442443848,agreement,agreement,none,none
5170,653,0,positive,0.7848988,0.025723742,0.18937735,positive,0.999588668346405,0.0004113316535949707,agreement,agreement,none,none
5171,653,0,neutral,0.25211865,0.12702712,0.6208542,negative,0.052659545093774796,0.9473404549062252,none,conflict,none,conflict
5173,653,0,neutral,0.030671988,0.42787236,0.5414556,negative,0.005254956427961588,0.9947450435720384,none,conflict,none,conflict
5175,653,0,neutral,0.31358665,0.034169678,0.6522436,positive,0.99025958776474,0.00974041223526001,none,agreement,none,none
5177,653,0,positive,0.91335076,0.0100336205,0.076615624,positive,0.9991849064826965,0.0008150935173034668,agreement,agreement,none,agreement
5178,653,0,positive,0.8032895,0.048270185,0.14844035,positive,0.9996626377105713,0.00033736228942871094,agreement,agreement,none,agreement
5179,653,0,positive,0.89836574,0.007735524,0.093898684,negative,0.05344967916607857,0.9465503208339214,agreement,conflict,none,conflict
5180,653,0,positive,0.97836006,0.0018218122,0.019818064,positive,0.999403715133667,0.0005962848663330078,agreement,agreement,none,agreement
5182,654,0,neutral,0.08563714,0.23147191,0.68289095,negative,0.000812692625913769,0.9991873073740862,none,none,none,none
5183,654,0,neutral,0.085050546,0.027547758,0.8874017,negative,0.006092571187764406,0.9939074288122356,none,none,none,none
5184,654,0,positive,0.8629135,0.016538188,0.12054833,positive,0.9998303651809692,0.00016963481903076172,agreement,agreement,none,none
5186,654,0,neutral,0.020607198,0.6953265,0.28406626,negative,0.001877484261058271,0.9981225157389417,none,none,none,none
5187,654,0,neutral,0.53395814,0.14642373,0.31961817,positive,0.9572285413742065,0.04277145862579346,none,agreement,none,none
5188,654,0,positive,0.8546961,0.010152788,0.13515106,positive,0.9989751577377319,0.0010248422622680664,agreement,agreement,none,none
5194,655,1,neutral,0.36235556,0.07046961,0.5671748,negative,0.02036406844854355,0.9796359315514565,none,agreement,none,none
5196,655,1,negative,0.010419928,0.762516,0.22706409,negative,0.03340046852827072,0.9665995314717293,agreement,agreement,none,none
5197,655,1,neutral,0.032055967,0.54350996,0.42443413,negative,0.003167222486808896,0.9968327775131911,none,agreement,none,none
5200,655,1,neutral,0.13564575,0.21350905,0.65084517,negative,0.012553145177662373,0.9874468548223376,none,agreement,none,none
5201,655,1,negative,0.0062700724,0.89725095,0.09647902,negative,0.0016120432410389185,0.9983879567589611,agreement,agreement,none,none
5202,655,1,negative,0.011480435,0.90241003,0.086109504,negative,0.0011873341863974929,0.9988126658136025,agreement,agreement,none,none
5203,655,1,negative,0.007520881,0.9107803,0.08169881,negative,0.0028758994303643703,0.9971241005696356,agreement,agreement,none,none
5204,655,1,positive,0.85155994,0.01374945,0.13469063,positive,0.9991165995597839,0.0008834004402160645,none,none,none,none
5205,655,1,neutral,0.030534603,0.4821482,0.48731726,positive,0.9664002060890198,0.033599793910980225,none,none,none,none
5206,655,1,neutral,0.11814045,0.16506538,0.7167942,negative,0.0997147187590599,0.9002852812409401,none,agreement,none,none
5207,655,1,positive,0.95976037,0.006774333,0.03346534,positive,0.9997926354408264,0.00020736455917358398,none,none,none,none
5209,656,0,positive,0.7870087,0.04056171,0.1724295,positive,0.9954215884208679,0.00457841157913208,agreement,agreement,none,none
5210,656,0,neutral,0.36885253,0.025796972,0.6053505,positive,0.9983689188957214,0.0016310811042785645,none,agreement,none,none
5211,656,0,neutral,0.51362664,0.009341818,0.4770316,positive,0.9969639182090759,0.0030360817909240723,none,agreement,none,none
5212,656,0,positive,0.7464274,0.014581559,0.23899108,positive,0.9977013468742371,0.0022986531257629395,agreement,agreement,none,none
5213,656,0,neutral,0.033474375,0.55161583,0.41490987,negative,0.027725135907530785,0.9722748640924692,none,none,none,none
5214,656,0,neutral,0.10027988,0.1774781,0.72224206,positive,0.9797018766403198,0.020298123359680176,none,agreement,none,none
5215,656,0,neutral,0.09587742,0.14816289,0.7559597,positive,0.8957673907279968,0.10423260927200317,none,agreement,none,none
5216,656,0,negative,0.03871294,0.7372255,0.22406156,positive,0.9686333537101746,0.03136664628982544,none,agreement,none,none
5217,656,0,neutral,0.61298305,0.017911043,0.36910594,positive,0.9916828870773315,0.008317112922668457,none,agreement,none,none
5218,656,0,neutral,0.20530418,0.18819085,0.6065049,negative,0.007720189169049263,0.9922798108309507,none,none,none,none
5219,656,0,neutral,0.035414085,0.558128,0.4064579,negative,0.012604186311364174,0.9873958136886358,none,none,none,none
5220,656,0,positive,0.84562767,0.021717504,0.13265483,positive,0.9996994733810425,0.00030052661895751953,agreement,agreement,none,none
5221,656,0,positive,0.98247355,0.0028094377,0.014716962,positive,0.999871015548706,0.0001289844512939453,agreement,agreement,none,none
5222,656,0,positive,0.8653638,0.009222056,0.1254142,positive,0.999297022819519,0.000702977180480957,agreement,agreement,none,none
5224,657,0,positive,0.8671347,0.025592534,0.107272774,positive,0.9996989965438843,0.00030100345611572266,agreement,agreement,none,none
5225,657,0,positive,0.91197133,0.009221064,0.07880762,positive,0.9975869655609131,0.002413034439086914,agreement,agreement,none,none
5226,657,0,positive,0.86294097,0.0053986222,0.13166037,positive,0.9987170696258545,0.0012829303741455078,agreement,agreement,none,none
5227,657,0,positive,0.89286524,0.0055182218,0.101616554,positive,0.9862061142921448,0.013793885707855225,agreement,agreement,none,agreement
5228,657,0,neutral,0.050928187,0.17794536,0.77112645,negative,0.007840940728783607,0.9921590592712164,none,conflict,none,conflict
5229,657,0,positive,0.97677225,0.009516589,0.013711195,positive,0.9990848302841187,0.0009151697158813477,agreement,agreement,none,none
5230,657,0,positive,0.871736,0.008311925,0.11995215,positive,0.986781656742096,0.013218343257904053,agreement,agreement,none,none
5231,657,0,neutral,0.05037001,0.34942147,0.6002085,negative,0.005217855796217918,0.9947821442037821,none,conflict,none,conflict
5233,657,0,neutral,0.058042083,0.3434344,0.5985235,positive,0.9437416195869446,0.05625838041305542,none,agreement,none,none
5234,657,0,neutral,0.07643394,0.36815512,0.55541104,positive,0.7995351552963257,0.20046484470367432,none,agreement,none,agreement
5236,657,0,positive,0.92090124,0.012464962,0.06663381,positive,0.9994900226593018,0.0005099773406982422,agreement,agreement,none,none
5237,657,0,positive,0.7496662,0.088404946,0.16192886,negative,0.035102635622024536,0.9648973643779755,agreement,conflict,none,conflict
5239,657,0,positive,0.87932986,0.010454661,0.11021552,positive,0.9963560104370117,0.0036439895629882812,agreement,agreement,none,agreement
5240,657,0,positive,0.96729046,0.008800315,0.023909181,positive,0.9984090924263,0.0015909075736999512,agreement,agreement,none,none
5243,657,0,positive,0.9655407,0.008528345,0.025931,positive,0.9997813105583191,0.0002186894416809082,agreement,agreement,none,none
5244,657,0,positive,0.9826858,0.002962079,0.014352106,positive,0.9997989535331726,0.00020104646682739258,agreement,agreement,none,none
5245,658,1,neutral,0.19436869,0.06911495,0.7365164,negative,0.038339708000421524,0.9616602919995785,none,agreement,none,none
5247,658,1,negative,0.006652838,0.9161745,0.07717271,negative,0.06852245330810547,0.9314775466918945,agreement,agreement,none,none
5248,658,1,negative,0.01815079,0.7433629,0.23848629,negative,0.0007038255571387708,0.9992961744428612,agreement,agreement,none,none
5249,658,1,positive,0.8234444,0.008702836,0.16785277,positive,0.995664656162262,0.004335343837738037,none,none,none,none
5250,658,1,neutral,0.1986361,0.18477318,0.61659074,positive,0.9996672868728638,0.00033271312713623047,none,none,none,none
5252,658,1,neutral,0.06556746,0.23602092,0.69841164,negative,0.0056317038834095,0.9943682961165905,none,agreement,none,none
5253,658,1,neutral,0.10486078,0.27757812,0.6175612,neutral,0.41051945090293884,0.5894805490970612,none,none,none,none
5255,658,1,negative,0.022801992,0.7588417,0.21835634,negative,0.012180883437395096,0.9878191165626049,agreement,agreement,none,none
5257,658,1,neutral,0.043904375,0.416996,0.53909963,negative,0.004958277568221092,0.9950417224317789,none,agreement,none,none
5258,658,1,neutral,0.040960174,0.5255566,0.43348318,negative,0.05232114717364311,0.9476788528263569,none,agreement,none,none
5259,658,1,neutral,0.049587354,0.25042218,0.69999045,negative,0.025551127269864082,0.9744488727301359,none,agreement,none,none
5260,658,1,neutral,0.036366493,0.62414914,0.33948442,negative,0.007580121047794819,0.9924198789522052,none,agreement,none,none
5261,658,1,positive,0.70173407,0.017572286,0.28069368,positive,0.971763551235199,0.028236448764801025,none,none,none,none
5263,658,1,positive,0.79200065,0.039641254,0.16835804,positive,0.9850356578826904,0.01496434211730957,none,none,none,none
5264,658,1,neutral,0.6116555,0.030026572,0.35831797,positive,0.9963108897209167,0.003689110279083252,none,none,none,none
5266,659,1,neutral,0.56824946,0.033483997,0.39826658,positive,0.7316555380821228,0.2683444619178772,none,conflict,none,conflict
5267,659,1,neutral,0.3187628,0.23052655,0.45071062,positive,0.9848992824554443,0.015100717544555664,none,conflict,none,conflict
5268,659,1,neutral,0.2085088,0.26897445,0.5225167,negative,0.0029654924292117357,0.9970345075707883,none,agreement,none,agreement
5269,659,1,neutral,0.048370652,0.34207556,0.6095538,negative,0.0073165385983884335,0.9926834614016116,none,agreement,none,none
5270,659,1,positive,0.8878515,0.006224384,0.10592412,positive,0.9998032450675964,0.00019675493240356445,conflict,conflict,conflict,conflict
5271,659,1,neutral,0.27438256,0.056852248,0.6687652,positive,0.9997813105583191,0.0002186894416809082,none,conflict,none,conflict
5272,659,1,neutral,0.69290966,0.0090046525,0.29808566,positive,0.9993731379508972,0.0006268620491027832,none,conflict,none,conflict
5273,659,1,neutral,0.20722817,0.17208461,0.62068725,positive,0.8642635941505432,0.1357364058494568,none,conflict,none,conflict
5274,659,1,negative,0.008243057,0.84803134,0.14372559,negative,0.0034879723098129034,0.9965120276901871,agreement,agreement,none,agreement
5275,659,1,negative,0.010120594,0.78252107,0.20735833,negative,0.0035706839989870787,0.9964293160010129,agreement,agreement,agreement,agreement
5276,659,1,negative,0.015130984,0.7912475,0.1936215,positive,0.9321737289428711,0.0678262710571289,agreement,conflict,agreement,conflict
5277,659,1,neutral,0.07976373,0.21081752,0.7094188,negative,0.24817083775997162,0.7518291622400284,none,agreement,none,agreement
5278,659,1,neutral,0.080210164,0.2690789,0.65071094,negative,0.018415970727801323,0.9815840292721987,none,agreement,none,agreement
5279,659,1,positive,0.86884344,0.012705146,0.118451364,positive,0.990814745426178,0.009185254573822021,conflict,conflict,conflict,conflict
5280,659,1,positive,0.9646516,0.007245765,0.0281027,positive,0.9994218349456787,0.0005781650543212891,conflict,conflict,conflict,conflict
5281,659,1,positive,0.95407,0.004437345,0.041492626,positive,0.9988107681274414,0.0011892318725585938,conflict,conflict,conflict,conflict
5282,659,1,neutral,0.020068249,0.54255426,0.43737748,negative,0.11948174238204956,0.8805182576179504,none,agreement,none,agreement
5283,659,1,neutral,0.18592592,0.04653146,0.7675426,negative,0.0014947199961170554,0.998505280003883,none,agreement,none,none
5284,659,1,positive,0.72776437,0.016082834,0.25615278,positive,0.9992915391921997,0.000708460807800293,conflict,conflict,conflict,conflict
5285,659,1,positive,0.9766682,0.0034250924,0.019906707,positive,0.9996683597564697,0.00033164024353027344,conflict,conflict,conflict,conflict
5286,659,1,neutral,0.6133934,0.115643986,0.27096257,positive,0.968521773815155,0.03147822618484497,none,conflict,none,conflict
5287,659,1,neutral,0.03379866,0.66057795,0.30562338,negative,0.03296064957976341,0.9670393504202366,none,agreement,none,agreement
5288,659,1,negative,0.017592028,0.8174734,0.16493452,negative,0.0012126000365242362,0.9987873999634758,agreement,agreement,agreement,agreement
5289,659,1,negative,0.019591972,0.74514484,0.23526327,negative,0.0018441457068547606,0.9981558542931452,agreement,agreement,agreement,agreement
5290,659,1,neutral,0.13029723,0.31301278,0.55669,positive,0.8601505756378174,0.13984942436218262,none,conflict,none,conflict
5291,659,1,neutral,0.29955542,0.14848736,0.5519572,positive,0.9725526571273804,0.02744734287261963,none,conflict,none,conflict
5292,659,1,neutral,0.554236,0.050726235,0.39503777,positive,0.997331976890564,0.002668023109436035,none,conflict,none,conflict
5294,659,1,neutral,0.13679002,0.3362355,0.5269745,negative,0.0041513522155582905,0.9958486477844417,none,agreement,none,none
5295,659,1,neutral,0.03965288,0.6927951,0.26755208,negative,0.026640746742486954,0.973359253257513,none,agreement,none,agreement
5296,659,1,neutral,0.2253568,0.33375677,0.4408865,positive,0.9891027212142944,0.010897278785705566,none,conflict,none,conflict
5297,659,1,positive,0.92334586,0.01573287,0.06092133,positive,0.9262683987617493,0.07373160123825073,conflict,conflict,conflict,conflict
5299,659,1,positive,0.93114334,0.009021323,0.059835326,positive,0.9976845979690552,0.0023154020309448242,conflict,conflict,conflict,conflict
5301,659,1,neutral,0.14540043,0.054854248,0.79974526,positive,0.9708057045936584,0.029194295406341553,none,conflict,none,conflict
5303,660,0,neutral,0.14946635,0.014790649,0.83574307,positive,0.9995984435081482,0.00040155649185180664,none,agreement,none,none
5304,660,0,positive,0.9478789,0.009571535,0.042549506,positive,0.9998304843902588,0.00016951560974121094,agreement,agreement,none,none
5305,660,0,positive,0.7684765,0.025209833,0.20631365,positive,0.9992532134056091,0.0007467865943908691,agreement,agreement,none,none
5306,660,0,positive,0.94182986,0.004996509,0.053173713,positive,0.9993096590042114,0.0006903409957885742,agreement,agreement,agreement,none
5307,660,0,neutral,0.17698452,0.13255009,0.6904654,negative,0.057927947491407394,0.9420720525085926,none,conflict,none,conflict
5308,660,0,neutral,0.47260925,0.060002927,0.46738786,positive,0.9967449903488159,0.003255009651184082,none,agreement,none,agreement
5309,660,0,negative,0.028940383,0.7485247,0.22253487,positive,0.9287583827972412,0.07124161720275879,conflict,agreement,conflict,agreement
5310,660,0,negative,0.0072539523,0.82868344,0.16406266,positive,0.997414231300354,0.002585768699645996,conflict,agreement,conflict,none
5311,660,0,neutral,0.024964003,0.60353696,0.371499,negative,0.0027109705843031406,0.9972890294156969,none,conflict,none,conflict
5312,660,0,neutral,0.49534002,0.07446533,0.43019465,positive,0.7877801060676575,0.21221989393234253,none,agreement,none,agreement
5313,660,0,neutral,0.33818302,0.13181324,0.5300037,negative,0.0014896990032866597,0.9985103009967133,none,conflict,none,conflict
5314,660,0,positive,0.8987591,0.027982302,0.07325859,positive,0.9994674324989319,0.0005325675010681152,agreement,agreement,none,none
5315,660,0,negative,0.006238054,0.9181929,0.07556902,negative,0.0008083704742603004,0.9991916295257397,conflict,conflict,conflict,conflict
5316,660,0,neutral,0.12532759,0.44992498,0.42474756,negative,0.0012452874798327684,0.9987547125201672,none,conflict,none,conflict
5317,660,0,negative,0.010777264,0.8433078,0.14591493,negative,0.0006029704818502069,0.9993970295181498,conflict,conflict,conflict,conflict
5318,660,0,neutral,0.23256023,0.27425173,0.49318793,positive,0.7971513867378235,0.2028486132621765,none,agreement,none,none
5319,660,0,neutral,0.15132116,0.26800966,0.5806691,positive,0.987995445728302,0.012004554271697998,none,agreement,none,agreement
5320,660,0,neutral,0.6232128,0.011823932,0.36496332,positive,0.9970613121986389,0.002938687801361084,none,agreement,none,none
5321,660,0,neutral,0.032621425,0.6930976,0.27428097,negative,0.0025847561191767454,0.9974152438808233,none,conflict,none,conflict
5323,660,0,positive,0.9593183,0.007637615,0.033044092,positive,0.999685525894165,0.00031447410583496094,agreement,agreement,none,agreement
5324,660,0,neutral,0.25457153,0.32191998,0.42350844,neutral,0.4459269046783447,0.5540730953216553,none,none,none,none
5325,660,0,positive,0.83923686,0.043050066,0.11771309,negative,0.010952952317893505,0.9890470476821065,agreement,conflict,none,conflict
5326,660,0,positive,0.93501365,0.0063230745,0.058663215,positive,0.9997571110725403,0.0002428889274597168,agreement,agreement,agreement,agreement
5327,661,1,positive,0.8785708,0.016835187,0.10459398,positive,0.9988983869552612,0.0011016130447387695,conflict,conflict,conflict,conflict
5328,661,1,neutral,0.28080475,0.11520334,0.6039919,negative,0.21724797785282135,0.7827520221471786,none,agreement,none,none
5329,661,1,neutral,0.049775813,0.41887912,0.53134507,neutral,0.415046364068985,0.584953635931015,none,none,none,none
5330,661,1,negative,0.009948477,0.84555364,0.1444979,negative,0.0036841826513409615,0.996315817348659,agreement,agreement,none,none
5331,661,1,neutral,0.070244715,0.021461796,0.9082935,positive,0.9579248428344727,0.042075157165527344,none,conflict,none,conflict
5332,661,1,negative,0.01758148,0.7358049,0.24661364,negative,0.006420886144042015,0.993579113855958,agreement,agreement,none,none
5333,661,1,positive,0.7821583,0.02784131,0.19000036,positive,0.997063934803009,0.002936065196990967,conflict,conflict,conflict,conflict
5334,661,1,neutral,0.06112785,0.48912448,0.4497477,negative,0.0011335788294672966,0.9988664211705327,none,agreement,none,none
5335,661,1,neutral,0.12604605,0.17634828,0.6976056,positive,0.9864575266838074,0.013542473316192627,none,conflict,none,conflict
5337,661,1,positive,0.76669854,0.012115677,0.22118582,positive,0.998734176158905,0.0012658238410949707,conflict,conflict,conflict,conflict
5338,661,1,neutral,0.13597338,0.24900007,0.61502653,negative,0.0076581453904509544,0.992341854609549,none,agreement,none,agreement
5339,661,1,neutral,0.058855526,0.26515564,0.6759888,negative,0.0052936808206140995,0.9947063191793859,none,agreement,none,none
5340,661,1,negative,0.006363688,0.92265594,0.07098046,negative,0.0010064193047583103,0.9989935806952417,agreement,agreement,agreement,none
5341,661,1,negative,0.010218154,0.8200071,0.16977467,negative,0.005043803248554468,0.9949561967514455,agreement,agreement,none,none
5343,661,1,neutral,0.12468159,0.40438482,0.47093365,negative,0.004546981304883957,0.995453018695116,none,agreement,none,agreement
5344,661,1,neutral,0.057202056,0.48954037,0.45325762,negative,0.0009527512011118233,0.9990472487988882,none,agreement,none,none
5345,661,1,neutral,0.02346873,0.5804549,0.39607638,negative,0.02065783180296421,0.9793421681970358,none,agreement,none,none
5346,661,1,neutral,0.04614788,0.414328,0.53952414,positive,0.9276484251022339,0.07235157489776611,none,conflict,none,conflict
5347,661,1,neutral,0.067965396,0.018712735,0.9133219,negative,0.005860308185219765,0.9941396918147802,none,agreement,none,none
5348,661,1,neutral,0.0853273,0.13939115,0.7752815,negative,0.02128501608967781,0.9787149839103222,none,agreement,none,agreement
5349,661,1,negative,0.01716991,0.7867419,0.19608818,negative,0.008201288059353828,0.9917987119406462,agreement,agreement,none,none
5350,661,1,negative,0.025679486,0.7287894,0.24553111,negative,0.004693776369094849,0.9953062236309052,agreement,agreement,none,none
5351,661,1,negative,0.016023492,0.7887765,0.19520007,negative,0.0004386378568597138,0.9995613621431403,agreement,agreement,agreement,agreement
5352,661,1,negative,0.008038654,0.9184692,0.07349215,negative,0.0006911067175678909,0.9993088932824321,agreement,agreement,agreement,none
5353,661,1,neutral,0.07133772,0.6295184,0.29914388,negative,0.07801390439271927,0.9219860956072807,none,agreement,none,none
5354,661,1,negative,0.009255563,0.8455261,0.14521833,negative,0.01606346294283867,0.9839365370571613,agreement,agreement,agreement,agreement
5355,661,1,neutral,0.026284134,0.6792652,0.2944507,negative,0.0007760522421449423,0.9992239477578551,none,agreement,none,none
5356,661,1,neutral,0.13543226,0.115379766,0.74918795,negative,0.007208951748907566,0.9927910482510924,none,agreement,none,none
5359,661,1,positive,0.97677535,0.0032837344,0.019941,positive,0.9992986917495728,0.0007013082504272461,conflict,conflict,conflict,conflict
5361,662,0,neutral,0.2888605,0.016056959,0.6950824,neutral,0.5941774249076843,0.4058225750923157,none,none,none,none
5362,662,0,neutral,0.040169943,0.5972072,0.36262286,negative,0.009485767222940922,0.9905142327770591,none,conflict,none,conflict
5363,662,0,neutral,0.27794224,0.063069135,0.65898854,negative,0.024775350466370583,0.9752246495336294,none,conflict,none,conflict
5364,662,0,neutral,0.13715889,0.4467194,0.41612166,negative,0.0005207004141993821,0.9994792995858006,none,conflict,none,conflict
5366,662,0,neutral,0.46133983,0.038159046,0.50050104,positive,0.9751849174499512,0.024815082550048828,none,agreement,none,agreement
5367,662,0,positive,0.788105,0.02874803,0.18314697,positive,0.997658371925354,0.002341628074645996,agreement,agreement,none,none
5368,662,0,positive,0.9833229,0.004635056,0.01204199,positive,0.9998437166213989,0.00015628337860107422,agreement,agreement,none,none
5369,662,0,negative,0.021811837,0.8066484,0.17153983,negative,0.0018153334967792034,0.9981846665032208,conflict,conflict,conflict,conflict
5370,662,0,neutral,0.41567168,0.05517354,0.5291548,positive,0.9783811569213867,0.02161884307861328,none,agreement,none,none
5371,662,0,neutral,0.6177571,0.080027536,0.30221537,positive,0.9938627481460571,0.006137251853942871,none,agreement,none,agreement
5372,662,0,positive,0.9563423,0.0133637665,0.030293962,positive,0.9996939897537231,0.00030601024627685547,agreement,agreement,none,none
5373,662,0,positive,0.9767196,0.0027722612,0.02050811,positive,0.9992109537124634,0.0007890462875366211,agreement,agreement,agreement,agreement
5374,663,0,neutral,0.2504793,0.13391608,0.61560464,positive,0.9989538192749023,0.0010461807250976562,none,agreement,none,none
5375,663,0,positive,0.8637277,0.008533157,0.12773915,positive,0.99962317943573,0.00037682056427001953,agreement,agreement,none,none
5376,663,0,negative,0.022561328,0.7705348,0.20690389,positive,0.9917746186256409,0.00822538137435913,none,agreement,none,none
5377,663,0,neutral,0.118952446,0.14665133,0.7343962,negative,0.011346112005412579,0.9886538879945874,none,none,none,none
5378,663,0,neutral,0.45500368,0.016549405,0.52844685,positive,0.9994577765464783,0.0005422234535217285,none,agreement,none,none
5379,663,0,neutral,0.057422347,0.3430284,0.5995493,negative,0.014381571672856808,0.9856184283271432,none,none,none,none
5381,663,0,neutral,0.5244834,0.05505134,0.42046532,positive,0.9963962435722351,0.0036037564277648926,none,agreement,none,none
5382,663,0,positive,0.9360193,0.009939321,0.054041367,positive,0.9998416900634766,0.0001583099365234375,agreement,agreement,none,none
5383,663,0,neutral,0.037310526,0.5893761,0.37331334,negative,0.0028825514018535614,0.9971174485981464,none,none,none,none
5386,663,0,neutral,0.10679775,0.1591708,0.73403144,positive,0.9949447512626648,0.005055248737335205,none,agreement,none,none
5387,663,0,neutral,0.040895496,0.29297736,0.66612715,positive,0.7334081530570984,0.2665918469429016,none,agreement,none,none
5388,663,0,positive,0.84059167,0.013209218,0.14619912,positive,0.9894542694091797,0.010545730590820312,agreement,agreement,none,none
5390,663,0,neutral,0.66915315,0.03889687,0.29195005,positive,0.9952782392501831,0.0047217607498168945,none,agreement,none,none
5391,663,0,positive,0.9033404,0.011075464,0.08558409,positive,0.9975355863571167,0.0024644136428833008,agreement,agreement,none,none
5394,663,0,neutral,0.04526714,0.5899289,0.36480388,negative,0.07035332918167114,0.9296466708183289,none,none,none,none
5395,663,0,neutral,0.43472832,0.026843466,0.5384282,positive,0.9994627833366394,0.0005372166633605957,none,agreement,none,none
5398,664,0,neutral,0.3064659,0.040076725,0.65345734,positive,0.9901540875434875,0.009845912456512451,none,agreement,none,none
5399,664,0,neutral,0.22430104,0.21873769,0.55696124,positive,0.9983305335044861,0.001669466495513916,none,agreement,none,none
5400,664,0,neutral,0.38076428,0.17902967,0.4402061,positive,0.9980573058128357,0.0019426941871643066,none,agreement,none,none
5401,664,0,neutral,0.08195193,0.44195932,0.47608876,negative,0.0005856030620634556,0.9994143969379365,none,conflict,none,conflict
5403,664,0,neutral,0.36359936,0.025485465,0.6109152,positive,0.9973524808883667,0.0026475191116333008,none,agreement,none,none
5405,664,0,neutral,0.5793961,0.024209166,0.39639467,positive,0.9977124929428101,0.0022875070571899414,none,agreement,none,none
5406,664,0,neutral,0.38668832,0.09681238,0.51649934,neutral,0.6303636431694031,0.3696363568305969,none,none,none,none
5407,664,0,neutral,0.0731619,0.38068387,0.5461542,neutral,0.3167705833911896,0.6832294166088104,none,none,none,none
5408,664,0,neutral,0.41666135,0.12702218,0.45631653,positive,0.9930435419082642,0.00695645809173584,none,agreement,none,none
5410,664,0,neutral,0.5053458,0.04059518,0.45405897,positive,0.9919531941413879,0.00804680585861206,none,agreement,none,none
5411,664,0,positive,0.7541495,0.019603275,0.22624719,positive,0.9931430816650391,0.0068569183349609375,agreement,agreement,none,agreement
5412,664,0,positive,0.76557994,0.012341307,0.22207876,positive,0.9925875067710876,0.0074124932289123535,agreement,agreement,none,agreement
5413,664,0,neutral,0.39806056,0.034894425,0.56704503,negative,0.026766736060380936,0.9732332639396191,none,conflict,none,conflict
5414,664,0,neutral,0.3175652,0.029839039,0.6525959,negative,0.12550680339336395,0.874493196606636,none,conflict,none,conflict
5415,664,0,positive,0.8865975,0.030182771,0.08321969,positive,0.9093243479728699,0.09067565202713013,agreement,agreement,none,agreement
5416,664,0,neutral,0.047752153,0.20149238,0.7507555,negative,0.004057911224663258,0.9959420887753367,none,conflict,none,conflict
5417,664,0,neutral,0.3299291,0.2738893,0.39618158,negative,0.0005834581097587943,0.9994165418902412,none,conflict,none,conflict
5418,664,0,neutral,0.06362667,0.42825094,0.5081224,positive,0.8655499219894409,0.13445007801055908,none,agreement,none,agreement
5420,664,0,positive,0.9617696,0.009122901,0.029107539,positive,0.9998086094856262,0.0001913905143737793,agreement,agreement,none,none
5421,664,0,neutral,0.3703229,0.021461086,0.6082159,positive,0.9994502663612366,0.0005497336387634277,none,agreement,none,none
5422,664,0,positive,0.9648559,0.0062806946,0.028863339,positive,0.9957049489021301,0.004295051097869873,agreement,agreement,none,none
5423,664,0,positive,0.9182717,0.012076929,0.069651335,positive,0.9998652935028076,0.0001347064971923828,agreement,agreement,none,none
5425,666,0,neutral,0.41872707,0.010863785,0.5704091,positive,0.9983332753181458,0.001666724681854248,none,agreement,none,none
5426,666,0,positive,0.79165715,0.043198742,0.1651441,positive,0.7977602481842041,0.2022397518157959,agreement,agreement,none,none
5427,666,0,neutral,0.3059277,0.09523148,0.59884083,positive,0.954538881778717,0.04546111822128296,none,agreement,none,none
5428,666,0,neutral,0.20305574,0.056161005,0.7407833,negative,0.005963258445262909,0.9940367415547371,none,none,none,none
5430,666,0,neutral,0.32702333,0.013515257,0.65946144,positive,0.930568277835846,0.06943172216415405,none,agreement,none,none
5431,666,0,neutral,0.6667769,0.013882755,0.31934035,neutral,0.6698157787322998,0.3301842212677002,none,none,none,none
5432,666,0,neutral,0.6794314,0.024596898,0.29597175,negative,0.13870684802532196,0.861293151974678,none,none,none,none
5433,666,0,neutral,0.05100823,0.15748797,0.7915038,neutral,0.6715371012687683,0.3284628987312317,none,none,none,none
5434,666,0,positive,0.90074253,0.004801509,0.09445601,positive,0.9993626475334167,0.000637352466583252,agreement,agreement,none,none
5435,666,0,neutral,0.21137415,0.062710285,0.7259156,positive,0.9136382341384888,0.08636176586151123,none,agreement,none,none
5436,666,0,neutral,0.030749641,0.5964937,0.37275666,positive,0.9957429766654968,0.004257023334503174,none,agreement,none,none
5437,666,0,neutral,0.4036997,0.16046846,0.43583187,positive,0.8999331593513489,0.10006684064865112,none,agreement,none,none
5438,666,0,negative,0.015017092,0.78404653,0.20093638,negative,0.12231609970331192,0.8776839002966881,none,none,none,none
5439,666,0,neutral,0.060815547,0.09533082,0.84385365,negative,0.02438269928097725,0.9756173007190228,none,none,none,none
5440,666,0,neutral,0.4494399,0.013644961,0.5369152,negative,0.01232115551829338,0.9876788444817066,none,none,none,none
5441,666,0,negative,0.0100414585,0.7941126,0.19584592,negative,0.029017234221100807,0.9709827657788992,none,none,none,none
5442,666,0,positive,0.77973634,0.011880083,0.20838359,positive,0.9889683127403259,0.011031687259674072,agreement,agreement,none,none
5443,666,0,negative,0.023066329,0.7838183,0.19311538,negative,0.008937093429267406,0.9910629065707326,none,none,none,none
5444,666,0,negative,0.0087783,0.8420886,0.14913307,negative,0.0021944560576230288,0.997805543942377,none,none,none,none
5445,666,0,positive,0.87210274,0.013333986,0.11456329,positive,0.9939194917678833,0.006080508232116699,agreement,agreement,none,none
5446,666,0,positive,0.7469219,0.050377686,0.20270042,neutral,0.5317986011505127,0.4682013988494873,agreement,none,none,none
5447,666,0,neutral,0.5869316,0.020233724,0.3928347,negative,0.09117240458726883,0.9088275954127312,none,none,none,none
5448,666,0,positive,0.943204,0.008631956,0.048164096,positive,0.998618483543396,0.001381516456604004,agreement,agreement,none,none
5449,666,0,neutral,0.5242126,0.064215526,0.41157186,negative,0.021832333877682686,0.9781676661223173,none,none,none,none
5450,666,0,negative,0.011819732,0.84859717,0.13958316,negative,0.0021115606650710106,0.997888439334929,none,none,none,none
5451,666,0,neutral,0.41407603,0.10933344,0.47659045,negative,0.0029579871334135532,0.9970420128665864,none,none,none,none
5452,666,0,neutral,0.36386546,0.051109172,0.58502537,negative,0.006791481748223305,0.9932085182517767,none,none,none,none
5453,666,0,neutral,0.056040835,0.5021498,0.44180927,negative,0.006704879458993673,0.9932951205410063,none,none,none,none
5454,666,0,neutral,0.69790286,0.020074792,0.2820224,positive,0.9041054844856262,0.09589451551437378,none,agreement,none,none
5455,666,0,neutral,0.2682637,0.01951376,0.71222264,negative,0.006218280643224716,0.9937817193567753,none,none,none,none
5457,666,0,positive,0.952409,0.0036937376,0.0438973,positive,0.9979222416877747,0.002077758312225342,agreement,agreement,none,none
5458,666,0,positive,0.83704776,0.006526635,0.15642563,positive,0.9995915293693542,0.00040847063064575195,agreement,agreement,none,none
5459,666,0,neutral,0.10490583,0.26089147,0.63420266,negative,0.009537504985928535,0.9904624950140715,none,none,none,none
5462,667,0,neutral,0.52922416,0.053854212,0.41692165,positive,0.9993384480476379,0.0006615519523620605,none,agreement,none,none
5463,667,0,neutral,0.3650944,0.37853152,0.25637412,positive,0.960487425327301,0.039512574672698975,none,agreement,none,none
5464,667,0,negative,0.03170339,0.76908356,0.19921307,negative,0.008860410191118717,0.9911395898088813,conflict,conflict,conflict,conflict
5465,667,0,neutral,0.3496137,0.28092495,0.3694613,positive,0.9983640313148499,0.0016359686851501465,none,agreement,none,agreement
5466,667,0,positive,0.91378623,0.0071971323,0.07901659,positive,0.9196087718009949,0.08039122819900513,agreement,agreement,agreement,agreement
5467,667,0,neutral,0.108926065,0.66972464,0.22134928,negative,0.0003663376555778086,0.9996336623444222,none,conflict,none,conflict
5468,667,0,negative,0.02012616,0.72986,0.25001383,negative,0.0008375036995857954,0.9991624963004142,conflict,conflict,conflict,conflict
5469,667,0,negative,0.008738044,0.88412863,0.10713332,negative,0.0077537358738482,0.9922462641261518,conflict,conflict,conflict,conflict
5470,667,0,neutral,0.34420756,0.101640016,0.5541524,neutral,0.31140610575675964,0.6885938942432404,none,none,none,none
5471,667,0,positive,0.7192704,0.022895869,0.25783372,positive,0.9994456171989441,0.0005543828010559082,agreement,agreement,none,none
5472,667,0,negative,0.07709844,0.7159372,0.20696442,positive,0.9578077793121338,0.04219222068786621,conflict,agreement,conflict,none
5473,667,0,positive,0.9068763,0.009061341,0.08406231,positive,0.9876794219017029,0.01232057809829712,agreement,agreement,agreement,agreement
5476,669,0,neutral,0.1729063,0.24765682,0.5794369,negative,0.25633710622787476,0.7436628937721252,none,none,none,none
5477,669,0,positive,0.90549004,0.019402288,0.075107686,positive,0.9998544454574585,0.0001455545425415039,agreement,agreement,none,none
5478,669,0,positive,0.7945662,0.044350468,0.16108331,positive,0.9997759461402893,0.00022405385971069336,agreement,agreement,none,none
5479,669,0,positive,0.72941434,0.02015013,0.25043544,positive,0.9924691319465637,0.007530868053436279,agreement,agreement,none,none
5480,669,0,positive,0.8319392,0.0067478777,0.16131286,positive,0.8733572959899902,0.12664270401000977,agreement,agreement,none,none
5481,669,0,positive,0.82337123,0.0067072036,0.16992162,positive,0.9992896318435669,0.0007103681564331055,agreement,agreement,none,none
5482,669,0,positive,0.982261,0.00281846,0.014920579,positive,0.9998555183410645,0.00014448165893554688,agreement,agreement,none,none
5483,669,0,neutral,0.10182775,0.1124919,0.7856803,negative,0.265147864818573,0.734852135181427,none,none,none,none
5485,669,0,positive,0.8689041,0.016000954,0.11509492,neutral,0.37347015738487244,0.6265298426151276,agreement,none,none,none
5486,669,0,negative,0.010282359,0.75345385,0.23626375,negative,0.0010248769540339708,0.998975123045966,none,none,none,none
5487,669,0,neutral,0.055567235,0.6678413,0.27659142,positive,0.9981802701950073,0.0018197298049926758,none,agreement,none,none
5488,669,0,positive,0.920652,0.00331684,0.07603115,positive,0.9989563226699829,0.0010436773300170898,agreement,agreement,none,none
5489,669,0,neutral,0.38020635,0.24378747,0.3760062,positive,0.9877700805664062,0.01222991943359375,none,agreement,none,none
5490,669,0,neutral,0.18174928,0.31427515,0.5039756,positive,0.9907251000404358,0.009274899959564209,none,agreement,none,none
5491,669,0,neutral,0.06865579,0.49443343,0.43691075,positive,0.9549993276596069,0.045000672340393066,none,agreement,none,none
5492,669,0,negative,0.0058790497,0.9166974,0.07742349,negative,0.011180245317518711,0.9888197546824813,none,none,none,none
5493,669,0,negative,0.014802994,0.88362974,0.1015673,negative,0.006300348322838545,0.9936996516771615,none,none,none,none
5494,669,0,neutral,0.6065273,0.03327481,0.36019778,negative,0.007908866740763187,0.9920911332592368,none,none,none,none
5495,669,0,neutral,0.49499002,0.030637711,0.4743722,neutral,0.4407948851585388,0.5592051148414612,none,none,none,none
5496,669,0,positive,0.70792395,0.02098113,0.27109492,positive,0.999097466468811,0.0009025335311889648,agreement,agreement,none,none
5497,669,0,neutral,0.35848376,0.120453574,0.5210627,negative,0.012432890944182873,0.9875671090558171,none,none,none,none
5498,669,0,positive,0.93542105,0.010579349,0.053999603,positive,0.9993390440940857,0.0006609559059143066,agreement,agreement,none,none
5499,669,0,neutral,0.3050345,0.24182923,0.45313632,negative,0.004317507613450289,0.9956824923865497,none,none,none,none
5500,669,0,neutral,0.4992151,0.14198513,0.3587998,positive,0.8451063632965088,0.1548936367034912,none,agreement,none,none
5501,669,0,negative,0.0073813885,0.92288655,0.069732085,negative,0.0007169705349951982,0.9992830294650048,none,none,none,none
5502,669,0,positive,0.9652568,0.009692606,0.025050553,positive,0.9994075298309326,0.0005924701690673828,agreement,agreement,none,none
5503,669,0,negative,0.005560583,0.9298705,0.06456895,negative,0.0002588300558272749,0.9997411699441727,none,none,none,none
5504,669,0,negative,0.00955874,0.9009534,0.08948776,negative,0.0006432023365050554,0.999356797663495,none,none,none,none
5505,669,0,neutral,0.028565062,0.57476324,0.39667168,negative,0.005064642988145351,0.9949353570118546,none,none,none,none
5506,669,0,neutral,0.0441538,0.48793256,0.46791363,negative,0.03191697970032692,0.9680830202996731,none,none,none,none
5507,669,0,neutral,0.029304868,0.6620829,0.3086123,negative,0.002967182779684663,0.9970328172203153,none,none,none,none
5508,669,0,positive,0.7704178,0.015911924,0.21367028,positive,0.9994107484817505,0.0005892515182495117,agreement,agreement,none,none
5510,669,0,neutral,0.39836478,0.23665826,0.36497694,positive,0.9993993043899536,0.0006006956100463867,none,agreement,none,none
5511,669,0,neutral,0.53059596,0.023984881,0.44541916,positive,0.9954556226730347,0.004544377326965332,none,agreement,none,none
5512,669,0,negative,0.006086912,0.88515633,0.10875671,negative,0.0004891161806881428,0.9995108838193119,none,none,none,none
5513,669,0,neutral,0.04574678,0.58898413,0.36526912,negative,0.0037078149616718292,0.9962921850383282,none,none,none,none
5514,669,0,neutral,0.027960768,0.6651159,0.3069234,negative,0.0012560938484966755,0.9987439061515033,none,none,none,none
5515,669,0,neutral,0.04466875,0.6775253,0.27780592,negative,0.011625150218605995,0.988374849781394,none,none,none,none
5516,669,0,neutral,0.12262978,0.485466,0.39190426,positive,0.9960224628448486,0.003977537155151367,none,agreement,none,none
5517,669,0,positive,0.9841649,0.0047571724,0.011077918,positive,0.9998273253440857,0.00017267465591430664,agreement,agreement,none,none
5518,669,0,positive,0.9559405,0.0068813106,0.037178203,positive,0.9991430044174194,0.0008569955825805664,agreement,agreement,none,none
5519,669,0,positive,0.976448,0.0031213467,0.020430643,positive,0.9998301267623901,0.00016987323760986328,agreement,agreement,none,none
5520,669,0,positive,0.98120236,0.004013052,0.01478459,positive,0.9998695850372314,0.0001304149627685547,agreement,agreement,none,none
5525,670,0,neutral,0.1918678,0.19127676,0.6168554,negative,0.02125297114253044,0.9787470288574696,none,conflict,none,conflict
5526,670,0,negative,0.019738369,0.7391963,0.24106532,negative,0.0062409075908362865,0.9937590924091637,conflict,conflict,conflict,conflict
5527,670,0,negative,0.047699038,0.7451163,0.20718475,negative,0.008710325695574284,0.9912896743044257,conflict,conflict,conflict,conflict
5528,670,0,neutral,0.09775212,0.330641,0.5716068,positive,0.7835751175880432,0.2164248824119568,none,agreement,none,agreement
5529,670,0,positive,0.7167883,0.021138841,0.26207283,positive,0.9700878858566284,0.029912114143371582,agreement,agreement,agreement,agreement
5531,670,0,positive,0.94857264,0.0064694067,0.04495793,positive,0.9982331991195679,0.001766800880432129,agreement,agreement,none,none
5533,673,1,neutral,0.1335474,0.18881164,0.6776409,negative,0.17034976184368134,0.8296502381563187,none,agreement,none,none
5535,673,1,neutral,0.23216262,0.007875424,0.759962,positive,0.9847410321235657,0.015258967876434326,none,none,none,none
5536,673,1,positive,0.95524615,0.009133452,0.03562036,positive,0.9983283877372742,0.00167161226272583,none,none,none,none
5537,673,1,neutral,0.0877552,0.59788275,0.31436208,negative,0.048650022596120834,0.9513499774038792,none,agreement,none,none
5539,673,1,neutral,0.47530994,0.08821958,0.43647057,negative,0.047015897929668427,0.9529841020703316,none,agreement,none,none
5540,673,1,positive,0.97622347,0.003547847,0.020228755,positive,0.9995495676994324,0.00045043230056762695,none,none,none,none
5541,676,0,positive,0.95311457,0.0070859455,0.03979954,positive,0.999760091304779,0.00023990869522094727,agreement,agreement,none,none
5543,676,0,positive,0.9347532,0.003965206,0.061281554,positive,0.9998433589935303,0.00015664100646972656,agreement,agreement,none,none
5544,676,0,neutral,0.3210152,0.36187178,0.317113,positive,0.9576225876808167,0.04237741231918335,none,agreement,none,none
5549,677,1,neutral,0.6193717,0.026466476,0.35416183,positive,0.9995317459106445,0.00046825408935546875,none,none,none,none
5550,677,1,neutral,0.07368911,0.4247388,0.50157213,negative,0.0026061346288770437,0.997393865371123,none,agreement,none,none
5551,677,1,neutral,0.31812477,0.054768264,0.6271069,negative,0.0076843746937811375,0.9923156253062189,none,agreement,none,none
5552,677,1,neutral,0.17603344,0.26429486,0.55967176,positive,0.9953036308288574,0.004696369171142578,none,none,none,none
5553,677,1,neutral,0.26739675,0.14080703,0.5917962,positive,0.9991027116775513,0.0008972883224487305,none,none,none,none
5555,677,1,negative,0.006959876,0.86940736,0.12363284,negative,0.002101606223732233,0.9978983937762678,agreement,agreement,none,none
5556,677,1,negative,0.012774218,0.7721095,0.21511623,negative,0.0005989527562633157,0.9994010472437367,agreement,agreement,none,none
5558,677,1,neutral,0.027953953,0.6166667,0.3553793,negative,0.004313672427088022,0.995686327572912,none,agreement,none,none
5560,677,1,negative,0.015112601,0.83264303,0.15224433,negative,0.029809297993779182,0.9701907020062208,agreement,agreement,none,none
5561,677,1,neutral,0.03278589,0.48240083,0.4848133,negative,0.05999092012643814,0.9400090798735619,none,agreement,none,none
5562,677,1,negative,0.008388784,0.88732046,0.10429081,negative,0.0037848299834877253,0.9962151700165123,agreement,agreement,none,none
5563,677,1,neutral,0.16143519,0.46457106,0.3739938,negative,0.13648754358291626,0.8635124564170837,none,agreement,none,none
5564,677,1,neutral,0.2935879,0.39010417,0.31630793,negative,0.001785558881238103,0.9982144411187619,none,agreement,none,none
5565,677,1,neutral,0.31216788,0.28515053,0.4026816,positive,0.9281550645828247,0.07184493541717529,none,none,none,none
5566,677,1,neutral,0.031832617,0.45713672,0.5110306,negative,0.0030210886616259813,0.996978911338374,none,agreement,none,none
5567,677,1,neutral,0.022019489,0.50655717,0.4714234,negative,0.004848630167543888,0.9951513698324561,none,agreement,none,none
5568,677,1,negative,0.017029507,0.8366504,0.14632012,negative,0.0018860157579183578,0.9981139842420816,agreement,agreement,none,none
5569,677,1,positive,0.87458235,0.027097909,0.09831979,positive,0.9990062117576599,0.0009937882423400879,none,none,none,none
5570,677,1,neutral,0.30774006,0.106188424,0.5860715,positive,0.9994171857833862,0.0005828142166137695,none,none,none,none
5571,677,1,positive,0.9737128,0.0027947612,0.023492446,positive,0.9993062019348145,0.0006937980651855469,none,none,none,none
5572,677,1,positive,0.872569,0.024173565,0.10325743,positive,0.9996585845947266,0.0003414154052734375,none,none,none,none
5573,679,0,neutral,0.623481,0.020421937,0.35609707,positive,0.9961246848106384,0.0038753151893615723,none,agreement,none,none
5574,679,0,neutral,0.020695897,0.69310266,0.28620148,negative,0.10252419114112854,0.8974758088588715,none,none,none,none
5575,679,0,neutral,0.065614544,0.6094562,0.3249293,negative,0.0014132459182292223,0.9985867540817708,none,none,none,none
5576,679,0,positive,0.7905244,0.011951911,0.1975237,positive,0.9975525736808777,0.0024474263191223145,agreement,agreement,none,none
5578,679,0,negative,0.014770962,0.7432501,0.24197896,negative,0.11216359585523605,0.887836404144764,none,none,none,none
5579,679,0,neutral,0.51091343,0.050700527,0.43838605,positive,0.9858115911483765,0.014188408851623535,none,agreement,none,none
5580,679,0,negative,0.015657356,0.7289441,0.25539854,negative,0.005161162931472063,0.9948388370685279,none,none,none,none
5581,679,0,neutral,0.25999534,0.1762094,0.56379527,negative,0.0267478134483099,0.9732521865516901,none,none,none,none
5582,679,0,positive,0.72329694,0.0214605,0.25524256,negative,0.15842296183109283,0.8415770381689072,agreement,none,none,none
5583,679,0,negative,0.014158641,0.7827852,0.20305619,negative,0.003155498532578349,0.9968445014674217,none,none,none,none
5584,679,0,neutral,0.054058295,0.5282152,0.41772655,negative,0.0016219784738495946,0.9983780215261504,none,none,none,none
5585,679,0,positive,0.7810325,0.055298816,0.16366863,positive,0.9979210495948792,0.0020789504051208496,agreement,agreement,none,none
5586,679,0,neutral,0.51858914,0.06655251,0.41485828,positive,0.9929580688476562,0.00704193115234375,none,agreement,none,none
5587,679,0,neutral,0.3271844,0.0638053,0.6090102,positive,0.9936085939407349,0.006391406059265137,none,agreement,none,none
5588,679,0,neutral,0.4920418,0.023197081,0.48476106,positive,0.8068773746490479,0.19312262535095215,none,agreement,none,none
5589,679,0,neutral,0.5844394,0.09266469,0.32289597,positive,0.994818389415741,0.005181610584259033,none,agreement,none,none
5590,679,0,negative,0.024843305,0.82800484,0.14715187,negative,0.0124264657497406,0.9875735342502594,none,none,none,none
5591,679,0,positive,0.79623973,0.05182954,0.15193066,negative,0.021544266492128372,0.9784557335078716,agreement,none,none,none
5592,679,0,neutral,0.11238226,0.47789034,0.40972742,positive,0.9862532019615173,0.013746798038482666,none,agreement,none,none
5593,679,0,positive,0.92930824,0.007328857,0.06336295,positive,0.9997237324714661,0.00027626752853393555,agreement,agreement,none,none
5597,680,1,neutral,0.15320745,0.05231052,0.79448205,positive,0.9984283447265625,0.0015716552734375,none,conflict,none,conflict
5599,680,1,neutral,0.068990916,0.5210793,0.4099298,negative,0.01981089822947979,0.9801891017705202,none,agreement,none,none
5600,680,1,positive,0.770249,0.008121558,0.22162943,positive,0.9997331500053406,0.00026684999465942383,conflict,conflict,conflict,conflict
5601,680,1,neutral,0.09786748,0.10500615,0.7971265,positive,0.9942426085472107,0.005757391452789307,none,conflict,none,conflict
5602,680,1,negative,0.021882275,0.73716176,0.24095595,negative,0.005438088905066252,0.9945619110949337,agreement,agreement,agreement,agreement
5603,680,1,neutral,0.017775754,0.540307,0.44191724,negative,0.07637965679168701,0.923620343208313,none,agreement,none,agreement
5604,680,1,neutral,0.091463506,0.2592278,0.6493086,negative,0.022695742547512054,0.977304257452488,none,agreement,none,none
5605,680,1,neutral,0.08754868,0.116105735,0.7963456,neutral,0.3407435417175293,0.6592564582824707,none,none,none,none
5606,680,1,neutral,0.044190653,0.4504207,0.50538856,negative,0.09470478445291519,0.9052952155470848,none,agreement,none,none
5607,680,1,neutral,0.1826734,0.40330797,0.4140187,negative,0.033739786595106125,0.9662602134048939,none,agreement,none,agreement
5608,680,1,neutral,0.16600801,0.4043007,0.42969128,negative,0.013061512261629105,0.9869384877383709,none,agreement,none,none
5609,680,1,negative,0.011698892,0.7427711,0.24553008,negative,0.0038783405907452106,0.9961216594092548,agreement,agreement,none,agreement
5610,680,1,negative,0.017966757,0.7125932,0.26944,positive,0.730272114276886,0.269727885723114,agreement,conflict,none,conflict
5611,680,1,neutral,0.40237105,0.023091223,0.57453775,positive,0.954651415348053,0.04534858465194702,none,conflict,none,conflict
5612,680,1,neutral,0.63392586,0.08349367,0.2825805,negative,0.013575398363173008,0.986424601636827,none,agreement,none,none
5613,680,1,neutral,0.0941285,0.3098943,0.5959772,negative,0.0011840482475236058,0.9988159517524764,none,agreement,none,none
5614,680,1,neutral,0.49789205,0.014242892,0.48786503,positive,0.9816803932189941,0.01831960678100586,none,conflict,none,conflict
5615,680,1,neutral,0.56845564,0.05932199,0.37222236,positive,0.9868446588516235,0.013155341148376465,none,conflict,none,conflict
5616,680,1,positive,0.9194316,0.010369567,0.0701988,positive,0.9998754262924194,0.0001245737075805664,conflict,conflict,conflict,conflict
5617,680,1,negative,0.008570949,0.8732864,0.118142545,negative,0.004341652616858482,0.9956583473831415,agreement,agreement,none,none
5618,680,1,neutral,0.32942194,0.024679849,0.6458982,negative,0.032445043325424194,0.9675549566745758,none,agreement,none,none
5619,680,1,negative,0.014326313,0.8491808,0.13649291,negative,0.005639499053359032,0.994360500946641,agreement,agreement,none,none
5620,680,1,neutral,0.655386,0.026369017,0.31824502,positive,0.9991998076438904,0.0008001923561096191,none,conflict,none,conflict
5621,680,1,negative,0.0066212183,0.9108276,0.08255112,negative,0.0008690617396496236,0.9991309382603504,agreement,agreement,none,none
5622,680,1,negative,0.021869069,0.77153385,0.20659715,negative,0.0015583090716972947,0.9984416909283027,agreement,agreement,agreement,agreement
5624,680,1,positive,0.7964937,0.017737424,0.18576886,positive,0.9998329877853394,0.00016701221466064453,conflict,conflict,conflict,conflict
5625,680,1,neutral,0.039854802,0.41297197,0.54717326,negative,0.06312814354896545,0.9368718564510345,none,agreement,none,none
5626,680,1,neutral,0.089206874,0.6765722,0.23422088,positive,0.9850026965141296,0.014997303485870361,none,conflict,none,conflict
5627,680,1,positive,0.9581175,0.004056963,0.0378255,positive,0.9997827410697937,0.00021725893020629883,conflict,conflict,conflict,conflict
5628,680,1,neutral,0.69629097,0.11147696,0.19223209,negative,0.004032374359667301,0.9959676256403327,none,agreement,none,agreement
5629,680,1,neutral,0.6949144,0.07692625,0.22815937,positive,0.9989500641822815,0.0010499358177185059,none,conflict,none,conflict
5630,680,1,neutral,0.043455932,0.31034532,0.6461987,negative,0.003546083578839898,0.9964539164211601,none,agreement,none,none
5631,680,1,negative,0.015065623,0.793674,0.19126037,negative,0.0005260239122435451,0.9994739760877565,agreement,agreement,agreement,agreement
5634,682,0,neutral,0.5866503,0.017554827,0.3957948,positive,0.9996891021728516,0.0003108978271484375,none,agreement,none,none
5639,682,0,neutral,0.1679903,0.3527819,0.47922778,positive,0.9397310614585876,0.060268938541412354,none,agreement,none,none
5641,682,0,neutral,0.14381373,0.48816893,0.3680173,negative,0.07691521942615509,0.9230847805738449,none,none,none,none
5642,682,0,neutral,0.15123346,0.35028285,0.4984837,negative,0.00362763530574739,0.9963723646942526,none,none,none,none
5643,682,0,neutral,0.016707752,0.6539491,0.32934317,negative,0.0028902816120535135,0.9971097183879465,none,none,none,none
5647,683,0,neutral,0.31671634,0.048355076,0.6349285,positive,0.9885368347167969,0.011463165283203125,none,agreement,none,none
5648,683,0,neutral,0.060544264,0.012423905,0.9270318,positive,0.7472648620605469,0.2527351379394531,none,agreement,none,none
5650,683,0,neutral,0.6809418,0.08942591,0.2296323,positive,0.9922938346862793,0.007706165313720703,none,agreement,none,none
5651,683,0,neutral,0.11060799,0.051190834,0.8382012,negative,0.1481829434633255,0.8518170565366745,none,none,none,none
5652,683,0,neutral,0.63383037,0.011009589,0.3551601,positive,0.9988687634468079,0.0011312365531921387,none,agreement,none,none
5653,683,0,neutral,0.40979457,0.0073000332,0.5829054,positive,0.9630267024040222,0.03697329759597778,none,agreement,none,none
5655,683,0,neutral,0.37903762,0.022667617,0.59829473,negative,0.007945642806589603,0.9920543571934104,none,none,none,none
5656,683,0,negative,0.013190735,0.8542883,0.13252094,neutral,0.6360321640968323,0.3639678359031677,none,none,none,none
5657,683,0,negative,0.015269087,0.82741654,0.15731436,negative,0.020358165726065636,0.9796418342739344,none,none,none,none
5658,683,0,neutral,0.07451503,0.5902877,0.33519724,positive,0.9636226892471313,0.03637731075286865,none,agreement,none,none
5659,683,0,neutral,0.024899185,0.5865903,0.38851058,negative,0.0015734672779217362,0.9984265327220783,none,none,none,none
5660,683,0,neutral,0.073925674,0.10077116,0.82530314,negative,0.034767184406518936,0.9652328155934811,none,none,none,none
5661,683,0,positive,0.81123894,0.01953871,0.16922235,positive,0.9967314004898071,0.003268599510192871,agreement,agreement,none,none
5662,683,0,neutral,0.03199695,0.6801038,0.2878993,positive,0.9767528176307678,0.023247182369232178,none,agreement,none,none
5663,683,0,negative,0.009926953,0.8741291,0.11594397,negative,0.0004713882226496935,0.9995286117773503,none,none,none,none
5664,683,0,negative,0.02201468,0.7178834,0.26010188,negative,0.00219541578553617,0.9978045842144638,none,none,none,none
5665,683,0,neutral,0.026469234,0.50975484,0.4637759,negative,0.0009296621428802609,0.9990703378571197,none,none,none,none
5666,683,0,negative,0.011331748,0.8205182,0.16814998,negative,0.014878478832542896,0.9851215211674571,none,none,none,none
5667,683,0,neutral,0.17875935,0.30489063,0.51635003,negative,0.01065132487565279,0.9893486751243472,none,none,none,none
5668,683,0,neutral,0.05087708,0.51682514,0.43229783,negative,0.04203592613339424,0.9579640738666058,none,none,none,none
5669,683,0,negative,0.008508232,0.9170249,0.07446691,negative,0.0002974816015921533,0.9997025183984078,none,none,none,none
5670,683,0,negative,0.008887733,0.85591185,0.13520044,negative,0.0009388604667037725,0.9990611395332962,none,none,none,none
5671,683,0,neutral,0.38771337,0.1358027,0.47648385,negative,0.0015299201477319002,0.9984700798522681,none,none,none,none
5672,683,0,positive,0.7753698,0.01216948,0.21246071,positive,0.9994251728057861,0.0005748271942138672,agreement,agreement,none,none
5673,683,0,neutral,0.19060217,0.06035503,0.7490428,positive,0.9880592226982117,0.01194077730178833,none,agreement,none,none
5674,683,0,positive,0.9553888,0.011266032,0.03334511,positive,0.998913049697876,0.0010869503021240234,agreement,agreement,none,none
5675,683,0,positive,0.9355628,0.010891589,0.053545643,positive,0.9993329644203186,0.0006670355796813965,agreement,agreement,none,none
5680,684,1,negative,0.006110034,0.8555315,0.13835841,negative,0.0006399487610906363,0.9993600512389094,agreement,agreement,none,agreement
5682,684,1,negative,0.011885064,0.7255113,0.26260364,negative,0.010499317198991776,0.9895006828010082,agreement,agreement,none,none
5684,684,1,negative,0.010721324,0.81937134,0.16990744,negative,0.09814582020044327,0.9018541797995567,agreement,agreement,none,none
5685,684,1,neutral,0.12086573,0.30121028,0.57792395,positive,0.985700249671936,0.014299750328063965,none,conflict,none,conflict
5686,684,1,neutral,0.013466949,0.6941496,0.29238346,positive,0.8354270458221436,0.16457295417785645,none,conflict,none,conflict
5687,684,1,negative,0.007710224,0.8745791,0.11771082,negative,0.003457907820120454,0.9965420921798795,agreement,agreement,agreement,agreement
5689,684,1,neutral,0.024195096,0.6341017,0.3417032,negative,0.007465164642781019,0.992534835357219,none,agreement,none,none
5690,684,1,neutral,0.0652138,0.6037054,0.33108073,negative,0.0017918847734108567,0.9982081152265891,none,agreement,none,agreement
5691,684,1,neutral,0.024181798,0.69013816,0.28568003,negative,0.010575427673757076,0.9894245723262429,none,agreement,none,none
5692,684,1,neutral,0.13918547,0.32851797,0.5322966,positive,0.9884858131408691,0.01151418685913086,none,conflict,none,conflict
5693,684,1,neutral,0.6822916,0.026713103,0.29099527,positive,0.9752747416496277,0.024725258350372314,none,conflict,none,conflict
5694,684,1,positive,0.96494085,0.007337383,0.02772183,positive,0.9990504384040833,0.000949561595916748,conflict,conflict,conflict,conflict
5698,687,0,neutral,0.27223068,0.33836642,0.38940284,positive,0.9766961932182312,0.0233038067817688,none,agreement,none,none
5700,687,0,neutral,0.026357183,0.5386604,0.43498233,negative,0.0023195059038698673,0.9976804940961301,none,none,none,none
5702,687,0,positive,0.8388886,0.03788462,0.123226784,negative,0.02460094355046749,0.9753990564495325,agreement,none,none,none
5704,687,0,negative,0.0070257774,0.85350585,0.13946836,negative,0.001167232054285705,0.9988327679457143,none,none,none,none
5705,687,0,negative,0.008196192,0.8922574,0.099546425,negative,0.0286087729036808,0.9713912270963192,none,none,none,none
5706,687,0,neutral,0.38703567,0.16950877,0.4434555,positive,0.9939178228378296,0.00608217716217041,none,agreement,none,none
5707,687,0,neutral,0.66899335,0.16659386,0.16441283,positive,0.9993026256561279,0.0006973743438720703,none,agreement,none,none
5708,687,0,negative,0.0084420815,0.8676974,0.12386049,negative,0.002117140218615532,0.9978828597813845,none,none,none,none
5709,687,0,neutral,0.6553557,0.06952472,0.2751195,positive,0.9984381794929504,0.0015618205070495605,none,agreement,none,none
5710,687,0,negative,0.014767153,0.74362874,0.24160413,negative,0.002854603109881282,0.9971453968901187,none,none,none,none
5711,687,0,negative,0.012340595,0.84642226,0.1412371,negative,0.006242448929697275,0.9937575510703027,none,none,none,none
5712,687,0,neutral,0.55831164,0.14286469,0.29882368,negative,0.008000526577234268,0.9919994734227657,none,none,none,none
5713,687,0,neutral,0.21873054,0.31618464,0.46508485,positive,0.9936769604682922,0.006323039531707764,none,agreement,none,none
5714,687,0,positive,0.83495164,0.007188678,0.15785968,positive,0.9983204007148743,0.0016795992851257324,agreement,agreement,none,none
5715,687,0,neutral,0.19633268,0.31834158,0.48532575,positive,0.9972348809242249,0.0027651190757751465,none,agreement,none,none
5716,687,0,neutral,0.68689966,0.035356086,0.27774426,positive,0.9994617104530334,0.0005382895469665527,none,agreement,none,none
5717,687,0,neutral,0.68053126,0.09964748,0.21982127,positive,0.9997348189353943,0.0002651810646057129,none,agreement,none,none
5718,687,0,positive,0.7001565,0.049750347,0.25009316,neutral,0.6137545108795166,0.3862454891204834,agreement,none,none,none
5719,687,0,positive,0.76963836,0.04163077,0.18873084,positive,0.9921951293945312,0.00780487060546875,agreement,agreement,none,none
5720,687,0,neutral,0.45879346,0.18114567,0.3600609,negative,0.018300235271453857,0.9816997647285461,none,none,none,none
5721,687,0,positive,0.92430156,0.013737704,0.061960768,positive,0.996866762638092,0.003133237361907959,agreement,agreement,none,none
5724,688,1,negative,0.029448258,0.80569166,0.16486005,negative,0.0007211771444417536,0.9992788228555582,agreement,agreement,none,none
5725,688,1,neutral,0.024012735,0.6864523,0.28953496,negative,0.005922905169427395,0.9940770948305726,none,agreement,none,agreement
5726,688,1,negative,0.014146953,0.836547,0.14930598,negative,0.0003061613824684173,0.9996938386175316,agreement,agreement,none,none
5727,688,1,negative,0.015441415,0.7411748,0.24338366,negative,0.000989243621006608,0.9990107563789934,agreement,agreement,none,none
5728,688,1,neutral,0.29070434,0.16405603,0.5452396,negative,0.00044504230027087033,0.9995549576997291,none,agreement,none,none
5730,688,1,neutral,0.68432033,0.13435028,0.18132944,positive,0.998694121837616,0.0013058781623840332,none,conflict,none,conflict
5731,688,1,neutral,0.14299424,0.3421472,0.51485854,positive,0.9979066848754883,0.0020933151245117188,none,conflict,none,conflict
5732,688,1,negative,0.012105693,0.89124495,0.09664927,negative,0.0008007151773199439,0.9991992848226801,agreement,agreement,agreement,none
5733,688,1,neutral,0.021813802,0.5454751,0.43271106,negative,0.0007841218030080199,0.999215878196992,none,agreement,none,agreement
5734,688,1,negative,0.013208635,0.7227365,0.26405483,negative,0.0003041844174731523,0.9996958155825268,agreement,agreement,none,none
5735,688,1,positive,0.8592745,0.007844549,0.13288091,positive,0.7838140726089478,0.21618592739105225,conflict,conflict,conflict,conflict
5736,688,1,neutral,0.4775324,0.03819571,0.48427194,neutral,0.6892598867416382,0.3107401132583618,none,none,none,none
5738,688,1,neutral,0.1527218,0.21772525,0.629553,negative,0.0022742783185094595,0.9977257216814905,none,agreement,none,none
5740,688,1,negative,0.011493492,0.8568398,0.1316667,negative,0.00026423129020258784,0.9997357687097974,agreement,agreement,none,agreement
5741,688,1,negative,0.010398256,0.8495912,0.14001058,negative,0.007256983779370785,0.9927430162206292,agreement,agreement,agreement,agreement
5743,688,1,neutral,0.37229404,0.092335396,0.5353706,negative,0.0006236929330043495,0.9993763070669957,none,agreement,none,none
5744,688,1,neutral,0.049747307,0.40616447,0.54408824,negative,0.005607930012047291,0.9943920699879527,none,agreement,none,none
5746,688,1,negative,0.01104726,0.8359676,0.1529851,negative,0.0006438573473133147,0.9993561426526867,agreement,agreement,none,none
5747,688,1,neutral,0.07576519,0.29356408,0.6306707,negative,0.0005763073568232358,0.9994236926431768,none,agreement,none,agreement
5749,688,1,neutral,0.18241315,0.04261916,0.77496773,negative,0.2284587323665619,0.7715412676334381,none,agreement,none,none
5750,688,1,positive,0.90598327,0.019620037,0.074396685,negative,0.01709921658039093,0.9829007834196091,conflict,agreement,conflict,none
5751,688,1,positive,0.7118288,0.03329682,0.25487438,positive,0.9617328643798828,0.03826713562011719,conflict,conflict,conflict,conflict
5752,688,1,positive,0.8484659,0.036169786,0.115364306,negative,0.018958142027258873,0.9810418579727411,conflict,agreement,conflict,agreement
5753,688,1,neutral,0.46069336,0.22971231,0.30959433,positive,0.9987260699272156,0.0012739300727844238,none,conflict,none,conflict
5754,688,1,neutral,0.55035675,0.026069185,0.42357406,positive,0.9825907349586487,0.01740926504135132,none,conflict,none,conflict
5757,689,1,neutral,0.030833054,0.47685608,0.49231088,negative,0.013781631365418434,0.9862183686345816,none,agreement,none,none
5758,689,1,positive,0.7412774,0.0055424203,0.2531802,positive,0.973314106464386,0.026685893535614014,none,none,none,none
5760,689,1,neutral,0.052329585,0.0706505,0.87701994,negative,0.11408093571662903,0.885919064283371,none,agreement,none,none
5762,689,1,neutral,0.26645848,0.2164595,0.5170821,negative,0.17445269227027893,0.8255473077297211,none,agreement,none,none
5764,689,1,negative,0.036420498,0.7730959,0.19048351,negative,0.00721961073577404,0.992780389264226,agreement,agreement,none,none
5765,689,1,neutral,0.15398002,0.23647586,0.60954416,negative,0.01589880883693695,0.984101191163063,none,agreement,none,none
5767,689,1,neutral,0.025645854,0.56886154,0.4054926,negative,0.0010260527487844229,0.9989739472512156,none,agreement,none,none
5768,689,1,neutral,0.08161523,0.4631984,0.4551864,negative,0.0011325133964419365,0.9988674866035581,none,agreement,none,none
5769,689,1,neutral,0.5358357,0.017072123,0.4470922,neutral,0.6356187462806702,0.36438125371932983,none,none,none,none
5770,691,0,neutral,0.095181234,0.6037207,0.30109808,positive,0.9066619873046875,0.0933380126953125,none,agreement,none,none
5772,691,0,neutral,0.06390917,0.28094178,0.6551491,negative,0.07550816982984543,0.9244918301701546,none,none,none,none
5773,691,0,neutral,0.12935442,0.09981408,0.7708315,positive,0.9877247214317322,0.012275278568267822,none,agreement,none,none
5774,691,0,neutral,0.15534113,0.20812425,0.63653463,negative,0.0017194753745570779,0.9982805246254429,none,none,none,none
5775,691,0,negative,0.015458387,0.8831669,0.101374686,positive,0.9371671080589294,0.06283289194107056,none,agreement,none,none
5776,691,0,negative,0.024600152,0.7517728,0.22362705,negative,0.004493130370974541,0.9955068696290255,none,none,none,none
5777,691,0,neutral,0.21637926,0.19579324,0.5878275,neutral,0.42873042821884155,0.5712695717811584,none,none,none,none
5778,691,0,neutral,0.023373514,0.54167444,0.43495202,negative,0.0015698665520176291,0.9984301334479824,none,none,none,none
5779,691,0,neutral,0.11014484,0.1149253,0.7749299,neutral,0.41304439306259155,0.5869556069374084,none,none,none,none
5780,691,0,negative,0.007172693,0.88657224,0.10625512,positive,0.9906787276268005,0.009321272373199463,none,agreement,none,none
5781,691,0,neutral,0.039995573,0.54428315,0.4157214,negative,0.07101450860500336,0.9289854913949966,none,none,none,none
5782,691,0,negative,0.016666107,0.8482486,0.13508521,negative,0.008871053345501423,0.9911289466544986,none,none,none,none
5783,691,0,negative,0.0124392165,0.8941766,0.09338419,negative,0.022018758580088615,0.9779812414199114,none,none,none,none
5784,691,0,negative,0.016392972,0.84175223,0.14185476,positive,0.9903004169464111,0.009699583053588867,none,agreement,none,none
5785,691,0,neutral,0.50851107,0.124144904,0.367344,positive,0.9987589120864868,0.0012410879135131836,none,agreement,none,none
5786,691,0,neutral,0.21432759,0.11697403,0.6686983,positive,0.9968288540840149,0.0031711459159851074,none,agreement,none,none
5787,691,0,neutral,0.10369021,0.17753096,0.7187788,neutral,0.35905662178993225,0.6409433782100677,none,none,none,none
5788,691,0,positive,0.8368483,0.018540077,0.14461163,negative,0.010494883172214031,0.989505116827786,agreement,none,none,none
5789,691,0,negative,0.012163356,0.805688,0.18214858,negative,0.004105306230485439,0.9958946937695146,none,none,none,none
5790,691,0,neutral,0.15130591,0.28175923,0.5669349,negative,0.016156569123268127,0.9838434308767319,none,none,none,none
5791,691,0,negative,0.026236042,0.77441686,0.19934715,negative,0.020020850002765656,0.9799791499972343,none,none,none,none
5792,691,0,positive,0.97559446,0.008215132,0.01619044,positive,0.9993051290512085,0.0006948709487915039,agreement,agreement,none,none
5793,691,0,neutral,0.18306014,0.38674584,0.43019408,positive,0.9717214703559875,0.02827852964401245,none,agreement,none,none
5794,691,0,positive,0.925894,0.013294312,0.06081171,positive,0.9978005290031433,0.0021994709968566895,agreement,agreement,none,none
5795,691,0,neutral,0.20974475,0.27158934,0.5186659,positive,0.9968783855438232,0.003121614456176758,none,agreement,none,none
5797,691,0,positive,0.7797843,0.028517632,0.191698,positive,0.9996082186698914,0.0003917813301086426,agreement,agreement,none,none
5798,691,0,positive,0.9630806,0.0058355434,0.031083899,positive,0.9969448447227478,0.0030551552772521973,agreement,agreement,none,none
5800,691,0,positive,0.7786741,0.049713727,0.17161217,positive,0.9992770552635193,0.0007229447364807129,agreement,agreement,none,none
5801,691,0,positive,0.90291816,0.020330524,0.07675128,positive,0.999174177646637,0.0008258223533630371,agreement,agreement,none,none
5803,692,0,neutral,0.31285208,0.14813702,0.53901094,negative,0.0028594217728823423,0.9971405782271177,none,conflict,none,conflict
5804,692,0,neutral,0.06862281,0.08511212,0.84626514,negative,0.02352667786180973,0.9764733221381903,none,conflict,none,conflict
5805,692,0,neutral,0.2195285,0.10961549,0.670856,positive,0.999622106552124,0.00037789344787597656,none,agreement,none,none
5810,692,0,neutral,0.43656325,0.083945446,0.47949135,negative,0.0007527432753704488,0.9992472567246296,none,conflict,none,conflict
5811,692,0,positive,0.97790384,0.0048718173,0.017224284,positive,0.999850869178772,0.00014913082122802734,agreement,agreement,none,agreement
5812,692,0,neutral,0.12481852,0.57280815,0.30237332,positive,0.9880442023277283,0.011955797672271729,none,agreement,none,agreement
5816,693,0,neutral,0.60109276,0.034328423,0.36457887,positive,0.9980641007423401,0.0019358992576599121,none,agreement,none,none
5817,693,0,neutral,0.08232966,0.37908638,0.538584,negative,0.0013159558875486255,0.9986840441124514,none,conflict,none,conflict
5823,693,0,neutral,0.44980463,0.12495642,0.42523897,positive,0.9787923693656921,0.02120763063430786,none,agreement,none,none
5824,693,0,neutral,0.26331592,0.26601455,0.4706695,positive,0.7760823965072632,0.22391760349273682,none,agreement,none,agreement
5826,695,0,neutral,0.06570101,0.44584042,0.48845863,negative,0.09004326164722443,0.9099567383527756,none,none,none,none
5828,695,0,positive,0.8930965,0.012160495,0.09474302,positive,0.999582827091217,0.000417172908782959,agreement,agreement,none,none
5829,695,0,neutral,0.12675351,0.10292761,0.7703188,negative,0.09170461446046829,0.9082953855395317,none,none,none,none
5830,695,0,neutral,0.34535542,0.12238319,0.5322613,negative,0.00982651486992836,0.9901734851300716,none,none,none,none
5832,695,0,neutral,0.0812925,0.2808831,0.6378244,negative,0.003495830809697509,0.9965041691903025,none,none,none,none
5833,695,0,negative,0.012508422,0.84602654,0.14146502,negative,0.055396899580955505,0.9446031004190445,none,none,none,none
5834,695,0,negative,0.007607333,0.8524824,0.13991031,negative,0.00030178221641108394,0.9996982177835889,none,none,none,none
5835,695,0,neutral,0.1754036,0.1131876,0.7114088,positive,0.9879377484321594,0.012062251567840576,none,agreement,none,none
5836,695,0,positive,0.9359172,0.016733775,0.047348987,positive,0.9997974038124084,0.00020259618759155273,agreement,agreement,none,none
5837,695,0,positive,0.94413626,0.0077075274,0.048156258,positive,0.9996843338012695,0.00031566619873046875,agreement,agreement,none,none
5838,695,0,neutral,0.12377249,0.292048,0.5841794,positive,0.9867106080055237,0.013289391994476318,none,agreement,none,none
5839,695,0,neutral,0.14456,0.13762149,0.71781856,negative,0.04116124287247658,0.9588387571275234,none,none,none,none
5840,695,0,neutral,0.04833484,0.5360192,0.41564593,negative,0.29813551902770996,0.70186448097229,none,none,none,none
5841,695,0,negative,0.014010281,0.7879379,0.19805185,negative,0.004783854819834232,0.9952161451801658,none,none,none,none
5842,695,0,neutral,0.10325382,0.49635717,0.40038896,positive,0.9734150767326355,0.026584923267364502,none,agreement,none,none
5843,695,0,neutral,0.042237476,0.5221377,0.43562487,negative,0.17228052020072937,0.8277194797992706,none,none,none,none
5844,695,0,neutral,0.27340627,0.11290856,0.6136852,negative,0.018185248598456383,0.9818147514015436,none,none,none,none
5845,695,0,neutral,0.06595391,0.399026,0.53502005,negative,0.0007932765875011683,0.9992067234124988,none,none,none,none
5846,695,0,neutral,0.10648455,0.040518787,0.85299665,negative,0.015334042720496655,0.9846659572795033,none,none,none,none
5847,695,0,neutral,0.028378969,0.553958,0.417663,positive,0.7464041709899902,0.25359582901000977,none,agreement,none,none
5848,695,0,neutral,0.25355977,0.38135985,0.3650804,positive,0.998039186000824,0.0019608139991760254,none,agreement,none,none
5849,695,0,positive,0.95808697,0.006766973,0.03514604,positive,0.9997963309288025,0.00020366907119750977,agreement,agreement,none,none
5850,695,0,neutral,0.2143976,0.2610262,0.5245762,positive,0.9992437362670898,0.0007562637329101562,none,agreement,none,none
5851,695,0,positive,0.90713006,0.012511089,0.080358855,positive,0.9991077780723572,0.0008922219276428223,agreement,agreement,none,none
5852,695,0,neutral,0.35120994,0.110959075,0.537831,positive,0.9813738465309143,0.018626153469085693,none,agreement,none,none
5853,696,0,positive,0.90646,0.0051523866,0.08838763,positive,0.9996988773345947,0.00030112266540527344,agreement,agreement,none,none
5854,696,0,positive,0.86909467,0.008816118,0.12208915,positive,0.9976726174354553,0.0023273825645446777,agreement,agreement,none,none
5855,696,0,positive,0.77171874,0.0049864645,0.2232948,negative,0.06008610874414444,0.9399138912558556,agreement,none,none,none
5858,696,0,neutral,0.6109734,0.09251908,0.29650745,positive,0.998229444026947,0.0017705559730529785,none,agreement,none,none
5860,696,0,positive,0.9185811,0.009988139,0.07143065,positive,0.9882721304893494,0.011727869510650635,agreement,agreement,none,none
5861,696,0,neutral,0.04711688,0.45245737,0.5004257,negative,0.00393093703314662,0.9960690629668534,none,none,none,none
5862,696,0,neutral,0.036737498,0.65454644,0.30871612,negative,0.1448015570640564,0.8551984429359436,none,none,none,none
5863,696,0,positive,0.86596036,0.011291871,0.122747794,neutral,0.39194607734680176,0.6080539226531982,agreement,none,none,none
5864,696,0,positive,0.7145684,0.016077084,0.26935455,positive,0.9993114471435547,0.0006885528564453125,agreement,agreement,none,none
5866,697,0,positive,0.8856701,0.014991806,0.099338025,positive,0.9995360374450684,0.0004639625549316406,agreement,agreement,none,none
5867,697,0,neutral,0.48023558,0.082781,0.4369834,negative,0.023473016917705536,0.9765269830822945,none,none,none,none
5868,697,0,positive,0.8780015,0.011174225,0.11082426,positive,0.7636736035346985,0.2363263964653015,agreement,agreement,none,none
5869,697,0,neutral,0.57849187,0.074368544,0.3471395,neutral,0.343895822763443,0.656104177236557,none,none,none,none
5870,697,0,neutral,0.39690372,0.12079285,0.48230347,negative,0.016283279284834862,0.9837167207151651,none,none,none,none
5871,697,0,neutral,0.59239304,0.014407999,0.393199,positive,0.9940140843391418,0.005985915660858154,none,agreement,none,none
5872,697,0,neutral,0.1945226,0.07004527,0.73543215,positive,0.9993957281112671,0.0006042718887329102,none,agreement,none,none
5873,697,0,neutral,0.54399467,0.044966005,0.41103932,positive,0.9986966252326965,0.0013033747673034668,none,agreement,none,none
5874,697,0,positive,0.91431075,0.010117939,0.07557132,positive,0.9995757937431335,0.0004242062568664551,agreement,agreement,none,none
5875,697,0,neutral,0.17838135,0.39841336,0.42320523,positive,0.9937875270843506,0.006212472915649414,none,agreement,none,none
5876,697,0,negative,0.01599942,0.739691,0.24430963,negative,0.0023402494844049215,0.9976597505155951,none,none,none,none
5877,697,0,negative,0.018401738,0.72690773,0.25469065,negative,0.00696215033531189,0.9930378496646881,none,none,none,none
5878,697,0,neutral,0.020432413,0.50331426,0.4762533,negative,0.0021385326981544495,0.9978614673018456,none,none,none,none
5879,697,0,negative,0.009784322,0.8868678,0.10334782,negative,0.0002005841233767569,0.9997994158766232,none,none,none,none
5880,697,0,neutral,0.041132458,0.43775564,0.52111197,negative,0.024156056344509125,0.9758439436554909,none,none,none,none
5881,697,0,positive,0.9163251,0.0047984417,0.078876495,positive,0.9987819790840149,0.0012180209159851074,agreement,agreement,none,none
5882,697,0,neutral,0.6497852,0.0992778,0.25093693,positive,0.9963867664337158,0.0036132335662841797,none,agreement,none,none
5883,697,0,positive,0.90003085,0.017937202,0.08203191,positive,0.999572217464447,0.0004277825355529785,agreement,agreement,none,none
5884,697,0,neutral,0.12364884,0.061001632,0.81534946,neutral,0.3987666070461273,0.6012333929538727,none,none,none,none
5885,697,0,neutral,0.16942511,0.40125605,0.4293189,negative,0.052266038954257965,0.947733961045742,none,none,none,none
5886,697,0,neutral,0.3585031,0.045662418,0.59583443,negative,0.08943645656108856,0.9105635434389114,none,none,none,none
5887,697,0,positive,0.8313399,0.013186834,0.15547325,negative,0.021699095144867897,0.9783009048551321,agreement,none,none,none
5888,697,0,neutral,0.08445847,0.45190433,0.46363717,negative,0.012404832988977432,0.9875951670110226,none,none,none,none
5889,697,0,neutral,0.29021585,0.20953125,0.5002529,negative,0.17965123057365417,0.8203487694263458,none,none,none,none
5890,697,0,positive,0.93487966,0.0058566406,0.05926371,positive,0.9996685981750488,0.0003314018249511719,agreement,agreement,none,none
5891,697,0,positive,0.9514261,0.007041661,0.041532245,positive,0.9998518228530884,0.0001481771469116211,agreement,agreement,none,none
5892,697,0,positive,0.97839063,0.004447168,0.017162185,positive,0.9998694658279419,0.00013053417205810547,agreement,agreement,none,none
5894,698,1,positive,0.74046916,0.041400965,0.21812981,positive,0.9023470282554626,0.09765297174453735,conflict,conflict,conflict,conflict
5895,698,1,positive,0.84295267,0.014396128,0.14265123,positive,0.9996778964996338,0.00032210350036621094,conflict,conflict,conflict,conflict
5896,698,1,negative,0.006873858,0.9108963,0.08222982,negative,0.002601225860416889,0.9973987741395831,agreement,agreement,agreement,agreement
5897,698,1,neutral,0.09216344,0.13184176,0.77599484,negative,0.014743415638804436,0.9852565843611956,none,agreement,none,none
5898,698,1,positive,0.97034,0.0052685523,0.024391465,positive,0.9996126294136047,0.00038737058639526367,conflict,conflict,conflict,conflict
5899,698,1,neutral,0.6789664,0.05010831,0.27092528,positive,0.997521698474884,0.002478301525115967,none,conflict,none,conflict
5900,698,1,positive,0.90154386,0.008555796,0.08990034,positive,0.9978817105293274,0.0021182894706726074,conflict,conflict,conflict,conflict
5901,698,1,positive,0.79131526,0.059816234,0.14886849,positive,0.9986190795898438,0.00138092041015625,conflict,conflict,conflict,conflict
5902,698,1,neutral,0.23564968,0.06296744,0.7013829,positive,0.9967343807220459,0.0032656192779541016,none,conflict,none,conflict
5903,698,1,neutral,0.037614204,0.69387156,0.26851422,negative,0.005465932190418243,0.9945340678095818,none,agreement,none,agreement
5904,698,1,positive,0.85243714,0.011233229,0.13632964,positive,0.986445963382721,0.013554036617279053,conflict,conflict,conflict,conflict
5905,698,1,neutral,0.022819597,0.6056079,0.37157243,negative,0.0012249407591298223,0.9987750592408702,none,agreement,none,agreement
5906,698,1,neutral,0.18287209,0.5005193,0.3166086,negative,0.0018878408009186387,0.9981121591990814,none,agreement,none,agreement
5907,698,1,negative,0.025419515,0.7350612,0.23951918,negative,0.0010572874452918768,0.9989427125547081,agreement,agreement,agreement,agreement
5908,698,1,neutral,0.056648497,0.26345766,0.67989385,positive,0.9965775609016418,0.0034224390983581543,none,conflict,none,conflict
5909,698,1,positive,0.767849,0.023519408,0.20863152,positive,0.9225209951400757,0.07747900485992432,conflict,conflict,conflict,conflict
5911,698,1,positive,0.8151565,0.017163098,0.16768032,positive,0.9946000576019287,0.005399942398071289,conflict,conflict,conflict,conflict
5912,698,1,neutral,0.10036819,0.06928812,0.8303437,negative,0.183610737323761,0.816389262676239,none,agreement,none,agreement
5913,698,1,neutral,0.6054286,0.028793475,0.36577797,positive,0.881469190120697,0.11853080987930298,none,conflict,none,conflict
5914,698,1,negative,0.009095864,0.8942677,0.09663651,negative,0.00021766994905192405,0.9997823300509481,agreement,agreement,agreement,agreement
5915,698,1,negative,0.007280588,0.913866,0.078853495,negative,0.0004926503170281649,0.9995073496829718,agreement,agreement,none,none
5916,698,1,negative,0.032768574,0.7396697,0.22756179,negative,0.0012651580618694425,0.9987348419381306,agreement,agreement,none,none
5917,698,1,negative,0.013568017,0.84676427,0.13966772,negative,0.002991726389154792,0.9970082736108452,agreement,agreement,agreement,agreement
5918,698,1,negative,0.021570032,0.8339964,0.14443354,negative,0.0014154041418805718,0.9985845958581194,agreement,agreement,none,none
5919,698,1,negative,0.013266744,0.8148562,0.171877,negative,0.0017622084124013782,0.9982377915875986,agreement,agreement,agreement,agreement
5920,698,1,neutral,0.37505314,0.09702115,0.52792567,negative,0.0030740804504603148,0.9969259195495397,none,agreement,none,agreement
5921,698,1,negative,0.035611283,0.81474,0.14964868,positive,0.7820035219192505,0.2179964780807495,agreement,conflict,agreement,conflict
5922,698,1,neutral,0.3699094,0.13363479,0.49645576,positive,0.844534695148468,0.15546530485153198,none,conflict,none,conflict
5923,698,1,positive,0.90624774,0.010284362,0.08346791,positive,0.9989553689956665,0.001044631004333496,conflict,conflict,conflict,conflict
5924,698,1,neutral,0.09593241,0.47162822,0.43243933,negative,0.011986451223492622,0.9880135487765074,none,agreement,none,none
5925,698,1,neutral,0.286786,0.19395976,0.51925427,positive,0.9892260432243347,0.010773956775665283,none,conflict,none,conflict
5926,698,1,neutral,0.5286659,0.1299557,0.34137836,positive,0.9942615032196045,0.005738496780395508,none,conflict,none,conflict
5927,698,1,positive,0.9217591,0.011008192,0.06723265,positive,0.9998102784156799,0.00018972158432006836,conflict,conflict,conflict,conflict
5928,698,1,negative,0.03096735,0.7363929,0.2326398,positive,0.9815595149993896,0.01844048500061035,agreement,conflict,agreement,conflict
5929,698,1,positive,0.9821583,0.0022153424,0.015626375,positive,0.9997326731681824,0.00026732683181762695,conflict,conflict,conflict,conflict
5930,699,1,neutral,0.01571221,0.6369372,0.34735063,negative,0.0028919242322444916,0.9971080757677555,none,agreement,none,agreement
5931,699,1,neutral,0.16361593,0.3152446,0.52113956,positive,0.9989327788352966,0.0010672211647033691,none,conflict,none,conflict
5932,699,1,neutral,0.11803485,0.22253959,0.65942556,positive,0.9958439469337463,0.004156053066253662,none,conflict,none,conflict
5933,699,1,negative,0.013394382,0.75099146,0.23561415,negative,0.0027050841599702835,0.9972949158400297,agreement,agreement,none,agreement
5936,699,1,neutral,0.050349884,0.5277383,0.42191187,neutral,0.3009888529777527,0.6990111470222473,none,none,none,none
5937,699,1,neutral,0.556498,0.03784382,0.4056582,positive,0.9974632263183594,0.002536773681640625,none,conflict,none,conflict
5939,702,0,neutral,0.47377378,0.064124465,0.4621017,positive,0.9835542440414429,0.01644575595855713,none,agreement,none,none
5940,702,0,neutral,0.50434136,0.08769619,0.40796238,positive,0.9889253973960876,0.011074602603912354,none,agreement,none,agreement
5941,702,0,neutral,0.31613877,0.056375425,0.6274858,negative,0.0010866470402106643,0.9989133529597893,none,conflict,none,conflict
5942,702,0,neutral,0.08613227,0.2699093,0.6439584,positive,0.9997817873954773,0.00021821260452270508,none,agreement,none,none
5943,702,0,positive,0.932741,0.018291244,0.0489677,neutral,0.30558106303215027,0.6944189369678497,agreement,none,none,none
5944,702,0,neutral,0.019853925,0.69755775,0.28258836,positive,0.9134806394577026,0.08651936054229736,none,agreement,none,none
5945,702,0,neutral,0.030697573,0.5959753,0.37332708,negative,0.005244201980531216,0.9947557980194688,none,conflict,none,conflict
5946,702,0,neutral,0.5367077,0.10333972,0.35995263,positive,0.9838132858276367,0.01618671417236328,none,agreement,none,none
5947,702,0,neutral,0.36657688,0.20308256,0.43034056,positive,0.9983499050140381,0.001650094985961914,none,agreement,none,agreement
5948,702,0,positive,0.98571813,0.0037123475,0.0105695445,positive,0.9998094439506531,0.00019055604934692383,agreement,agreement,none,none
5949,702,0,positive,0.9738434,0.004110336,0.022046242,positive,0.9998623132705688,0.00013768672943115234,agreement,agreement,none,none
5950,703,0,neutral,0.20394433,0.1543953,0.64166033,neutral,0.5456461310386658,0.45435386896133423,none,none,none,none
5951,703,0,neutral,0.5089631,0.102734655,0.3883022,positive,0.9990891218185425,0.0009108781814575195,none,agreement,none,none
5953,703,0,positive,0.7921468,0.051154476,0.1566987,neutral,0.4823598563671112,0.5176401436328888,agreement,none,none,none
5954,703,0,neutral,0.54013187,0.060480952,0.3993871,positive,0.9944577217102051,0.005542278289794922,none,agreement,none,none
5955,703,0,negative,0.029963475,0.7642541,0.2057825,negative,0.006126261316239834,0.9938737386837602,none,none,none,none
5956,703,0,negative,0.029714763,0.74549097,0.22479427,negative,0.002393753733485937,0.9976062462665141,none,none,none,none
5957,703,0,neutral,0.07343339,0.21401548,0.71255106,positive,0.9885668754577637,0.011433124542236328,none,agreement,none,none
5958,703,0,neutral,0.09012931,0.4054833,0.5043873,negative,0.01453239656984806,0.9854676034301519,none,none,none,none
5959,703,0,neutral,0.15075536,0.47573954,0.37350503,negative,0.006882665678858757,0.9931173343211412,none,none,none,none
5960,703,0,neutral,0.09170275,0.28792456,0.6203727,positive,0.9984915256500244,0.001508474349975586,none,agreement,none,none
5962,705,1,neutral,0.61283046,0.17485707,0.21231246,positive,0.9902841448783875,0.009715855121612549,none,conflict,none,conflict
5963,705,1,positive,0.79652005,0.015034462,0.18844546,negative,0.007343150209635496,0.9926568497903645,conflict,agreement,conflict,agreement
5965,705,1,negative,0.0073821913,0.8862576,0.10636018,negative,0.00022175651974976063,0.9997782434802502,agreement,agreement,none,none
5967,705,1,neutral,0.061973568,0.56022036,0.37780604,negative,0.1495244950056076,0.8504755049943924,none,agreement,none,none
5969,705,1,negative,0.009298869,0.92007905,0.07062212,negative,0.001218548510223627,0.9987814514897764,agreement,agreement,agreement,agreement
5970,705,1,neutral,0.03839845,0.6138434,0.34775817,positive,0.949321985244751,0.05067801475524902,none,conflict,none,conflict
5972,705,1,neutral,0.027672533,0.66858894,0.30373853,positive,0.9353926777839661,0.06460732221603394,none,conflict,none,conflict
5973,705,1,negative,0.03425896,0.7122405,0.25350058,negative,0.0033140697050839663,0.996685930294916,agreement,agreement,none,none
5978,707,0,neutral,0.47174063,0.18065198,0.34760737,negative,0.004894566256552935,0.9951054337434471,none,conflict,none,conflict
5979,707,0,negative,0.033557046,0.7353786,0.23106432,negative,0.057200174778699875,0.9427998252213001,conflict,conflict,conflict,conflict
5980,707,0,neutral,0.3225137,0.054068398,0.6234179,negative,0.05797574296593666,0.9420242570340633,none,conflict,none,conflict
5981,707,0,neutral,0.3016249,0.12382053,0.57455456,positive,0.996253252029419,0.0037467479705810547,none,agreement,none,none
5982,707,0,positive,0.89428127,0.017409507,0.08830924,positive,0.7091075778007507,0.29089242219924927,agreement,agreement,none,agreement
5983,707,0,neutral,0.4013163,0.11478531,0.48389834,positive,0.9935981035232544,0.0064018964767456055,none,agreement,none,none
5984,707,0,neutral,0.025816938,0.52682626,0.44735682,negative,0.018985038623213768,0.9810149613767862,none,conflict,none,conflict
5985,707,0,neutral,0.1992496,0.35738283,0.4433676,positive,0.9959151148796082,0.004084885120391846,none,agreement,none,none
5986,707,0,neutral,0.18286161,0.31631702,0.5008215,negative,0.01528321485966444,0.9847167851403356,none,conflict,none,conflict
5987,707,0,neutral,0.1766036,0.20501873,0.6183776,negative,0.01125643216073513,0.9887435678392649,none,conflict,none,conflict
5988,707,0,positive,0.9364025,0.010378175,0.053219337,positive,0.9985034465789795,0.0014965534210205078,agreement,agreement,agreement,agreement
5989,707,0,positive,0.9266308,0.007413321,0.065955855,positive,0.9988459348678589,0.0011540651321411133,agreement,agreement,none,agreement
5990,707,0,positive,0.87095404,0.009113846,0.11993206,positive,0.9997122883796692,0.00028771162033081055,agreement,agreement,none,agreement
5992,708,0,positive,0.9825513,0.0044232095,0.0130255185,positive,0.9997705817222595,0.00022941827774047852,agreement,agreement,none,none
5994,708,0,neutral,0.24891472,0.022961203,0.7281241,positive,0.9986361861228943,0.0013638138771057129,none,agreement,none,none
5995,708,0,neutral,0.6624075,0.012541685,0.32505077,positive,0.9978669881820679,0.002133011817932129,none,agreement,none,none
5996,708,0,neutral,0.323872,0.09515659,0.58097136,positive,0.9978365302085876,0.0021634697914123535,none,agreement,none,agreement
5997,708,0,neutral,0.10504788,0.45465937,0.44029278,negative,0.004951581358909607,0.9950484186410904,none,conflict,none,conflict
5998,708,0,positive,0.8651054,0.015673133,0.11922143,positive,0.99849534034729,0.001504659652709961,agreement,agreement,none,none
5999,708,0,positive,0.873776,0.0060756914,0.12014833,positive,0.9990992546081543,0.0009007453918457031,agreement,agreement,none,none
6000,708,0,neutral,0.3179994,0.010702723,0.67129785,positive,0.9977218508720398,0.002278149127960205,none,agreement,none,none
6001,708,0,neutral,0.26586297,0.25190663,0.4822305,positive,0.9860936403274536,0.013906359672546387,none,agreement,none,agreement
6002,708,0,neutral,0.043028023,0.64397955,0.31299245,negative,0.002242652466520667,0.9977573475334793,none,conflict,none,conflict
6004,708,0,neutral,0.059158564,0.44687924,0.49396223,negative,0.19586844742298126,0.8041315525770187,none,conflict,none,conflict
6005,708,0,negative,0.013240375,0.7361417,0.250618,negative,0.0036429360043257475,0.9963570639956743,conflict,conflict,conflict,conflict
6006,708,0,neutral,0.037814934,0.57673126,0.38545382,negative,0.00865168310701847,0.9913483168929815,none,conflict,none,conflict
6007,708,0,neutral,0.28184396,0.05127805,0.66687804,positive,0.9983782768249512,0.0016217231750488281,none,agreement,none,none
6008,708,0,positive,0.77354044,0.0816997,0.14475994,positive,0.9870540499687195,0.012945950031280518,agreement,agreement,none,agreement
6009,708,0,positive,0.9587989,0.0050190794,0.036182094,positive,0.999818742275238,0.0001812577247619629,agreement,agreement,agreement,agreement
6010,709,0,neutral,0.012489316,0.63238746,0.3551232,negative,0.0012364450376480818,0.9987635549623519,none,none,none,none
6011,709,0,positive,0.9655785,0.006123897,0.02829764,positive,0.9951693415641785,0.004830658435821533,agreement,agreement,none,none
6012,709,0,positive,0.8519789,0.024387505,0.1236336,negative,0.00256836274638772,0.9974316372536123,agreement,none,none,none
6013,709,0,neutral,0.38948524,0.07831723,0.5321976,negative,0.009021997451782227,0.9909780025482178,none,none,none,none
6014,709,0,negative,0.030396381,0.71983576,0.24976793,negative,0.0034890035167336464,0.9965109964832664,none,none,none,none
6015,709,0,positive,0.71084607,0.018315291,0.27083865,positive,0.9993951320648193,0.0006048679351806641,agreement,agreement,none,none
6016,709,0,neutral,0.022356827,0.6505764,0.32706672,negative,0.001487437984906137,0.9985125620150939,none,none,none,none
6017,709,0,neutral,0.317969,0.042711914,0.63931906,neutral,0.36205005645751953,0.6379499435424805,none,none,none,none
6018,709,0,neutral,0.42007065,0.09380507,0.48612422,negative,0.002873174147680402,0.9971268258523196,none,none,none,none
6019,709,0,neutral,0.037328664,0.6552522,0.3074191,positive,0.9717097282409668,0.028290271759033203,none,agreement,none,none
6020,709,0,negative,0.0120162405,0.8415062,0.14647754,neutral,0.3465619683265686,0.6534380316734314,none,none,none,none
6021,709,0,neutral,0.4136084,0.118979424,0.46741223,positive,0.9981300234794617,0.00186997652053833,none,agreement,none,none
6022,709,0,neutral,0.03289106,0.65752804,0.3095809,negative,0.001462688553147018,0.998537311446853,none,none,none,none
6023,709,0,neutral,0.04306983,0.26123318,0.69569707,negative,0.015377596952021122,0.9846224030479789,none,none,none,none
6024,709,0,neutral,0.022201648,0.44559968,0.53219867,negative,0.0007193289930000901,0.9992806710069999,none,none,none,none
6025,709,0,positive,0.9510365,0.0048077926,0.04415569,positive,0.9997742772102356,0.0002257227897644043,agreement,agreement,none,none
6026,709,0,negative,0.02025788,0.9037399,0.07600222,negative,0.001964327646419406,0.9980356723535806,none,none,none,none
6027,710,0,neutral,0.07303689,0.22005558,0.70690745,negative,0.013947339728474617,0.9860526602715254,none,none,none,none
6028,710,0,neutral,0.06802325,0.037873626,0.89410317,positive,0.9639827609062195,0.03601723909378052,none,agreement,none,none
6029,710,0,neutral,0.5986922,0.02821298,0.37309486,positive,0.9993495345115662,0.0006504654884338379,none,agreement,none,none
6030,710,0,neutral,0.020813487,0.681464,0.29772255,negative,0.006545240059494972,0.993454759940505,none,none,none,none
6033,710,0,neutral,0.047358785,0.5902851,0.3623561,negative,0.0049431826919317245,0.9950568173080683,none,none,none,none
6034,710,0,neutral,0.05158365,0.4564675,0.4919488,negative,0.02487986348569393,0.9751201365143061,none,none,none,none
6035,710,0,neutral,0.0681598,0.12295444,0.80888575,negative,0.0012217980111017823,0.9987782019888982,none,none,none,none
6036,710,0,positive,0.73644865,0.043580156,0.21997118,positive,0.9423068761825562,0.05769312381744385,agreement,agreement,none,none
6037,710,0,neutral,0.040177908,0.54413134,0.41569072,positive,0.8772140145301819,0.12278598546981812,none,agreement,none,none
6038,710,0,negative,0.011299624,0.8086784,0.1800219,negative,0.0008293453720398247,0.9991706546279602,none,none,none,none
6039,710,0,neutral,0.67383325,0.028323928,0.2978428,negative,0.00599844753742218,0.9940015524625778,none,none,none,none
6040,710,0,positive,0.7356141,0.038493022,0.22589289,negative,0.11209758371114731,0.8879024162888527,agreement,none,none,none
6041,710,0,positive,0.9716177,0.0052349344,0.023147408,positive,0.9998419284820557,0.00015807151794433594,agreement,agreement,none,none
6042,710,0,positive,0.95580333,0.0072209765,0.03697563,positive,0.9997579455375671,0.00024205446243286133,agreement,agreement,none,none
6044,712,0,neutral,0.15195034,0.031672772,0.81637686,positive,0.9980800151824951,0.0019199848175048828,none,agreement,none,agreement
6045,712,0,neutral,0.6420291,0.0061481856,0.35182267,negative,0.03459630906581879,0.9654036909341812,none,conflict,none,conflict
6046,712,0,neutral,0.04233121,0.24330029,0.7143685,negative,0.06473236531019211,0.9352676346898079,none,conflict,none,conflict
6047,712,0,positive,0.71125257,0.013152477,0.27559492,positive,0.9995871186256409,0.00041288137435913086,agreement,agreement,none,agreement
6048,712,0,neutral,0.42948624,0.032627564,0.53788614,positive,0.9936385750770569,0.006361424922943115,none,agreement,none,none
6049,712,0,positive,0.9570824,0.0035927007,0.03932486,positive,0.9993811845779419,0.0006188154220581055,agreement,agreement,none,none
6050,712,0,neutral,0.035385597,0.5640939,0.40052053,negative,0.0017019080696627498,0.9982980919303373,none,conflict,none,conflict
6051,712,0,neutral,0.058704622,0.25220963,0.6890857,positive,0.9452462792396545,0.05475372076034546,none,agreement,none,none
6052,712,0,neutral,0.021809343,0.64762795,0.3305628,negative,0.009299535304307938,0.9907004646956921,none,conflict,none,conflict
6053,712,0,neutral,0.03485301,0.54425603,0.420891,negative,0.16477638483047485,0.8352236151695251,none,conflict,none,conflict
6054,712,0,neutral,0.18771468,0.14281581,0.6694695,neutral,0.47484955191612244,0.5251504480838776,none,none,none,none
6055,712,0,neutral,0.21548429,0.12087372,0.66364205,positive,0.9878804087638855,0.012119591236114502,none,agreement,none,agreement
6056,712,0,negative,0.014386858,0.83575255,0.14986055,positive,0.9477448463439941,0.05225515365600586,conflict,agreement,conflict,agreement
6057,712,0,neutral,0.056493476,0.39743784,0.54606867,negative,0.030815256759524345,0.9691847432404757,none,conflict,none,conflict
6058,712,0,neutral,0.067735784,0.49340412,0.43886006,negative,0.06730639934539795,0.932693600654602,none,conflict,none,conflict
6059,712,0,negative,0.00826477,0.9054638,0.08627145,negative,0.0016147285932675004,0.9983852714067325,conflict,conflict,conflict,conflict
6061,712,0,negative,0.0066262884,0.8795602,0.1138135,neutral,0.39369696378707886,0.6063030362129211,conflict,none,conflict,none
6062,712,0,neutral,0.3439389,0.20774639,0.44831473,negative,0.0013228647876530886,0.9986771352123469,none,conflict,none,conflict
6063,712,0,neutral,0.09347904,0.41704988,0.48947114,negative,0.012521939352154732,0.9874780606478453,none,conflict,none,conflict
6064,712,0,neutral,0.041494593,0.462534,0.49597138,positive,0.8971678018569946,0.10283219814300537,none,agreement,none,none
6065,712,0,neutral,0.67379963,0.02386651,0.30233386,positive,0.8549065589904785,0.14509344100952148,none,agreement,none,agreement
6066,712,0,positive,0.9060964,0.01340138,0.08050216,positive,0.9717080593109131,0.028291940689086914,agreement,agreement,agreement,agreement
6067,712,0,neutral,0.054764673,0.465634,0.47960138,negative,0.005652677733451128,0.9943473222665489,none,conflict,none,conflict
6068,712,0,neutral,0.04159283,0.46942148,0.48898575,negative,0.0035134709905833006,0.9964865290094167,none,conflict,none,conflict
6069,712,0,neutral,0.22771586,0.016225167,0.756059,positive,0.9737206101417542,0.02627938985824585,none,agreement,none,agreement
6071,712,0,negative,0.04442187,0.7062385,0.24933963,negative,0.0005756543832831085,0.9994243456167169,conflict,conflict,conflict,conflict
6072,712,0,neutral,0.51214284,0.18866524,0.29919186,positive,0.998490571975708,0.0015094280242919922,none,agreement,none,none
6073,712,0,positive,0.8398661,0.01799401,0.14213988,positive,0.9977428913116455,0.002257108688354492,agreement,agreement,agreement,none
6074,712,0,positive,0.904347,0.015806137,0.079846844,positive,0.9997119307518005,0.0002880692481994629,agreement,agreement,none,none
6075,712,0,neutral,0.57486063,0.040201608,0.38493782,positive,0.9992424249649048,0.0007575750350952148,none,agreement,none,none
6076,712,0,neutral,0.6818273,0.01447096,0.30370173,positive,0.9969224333763123,0.003077566623687744,none,agreement,none,none
6077,712,0,neutral,0.30439758,0.3071798,0.38842258,positive,0.9622077345848083,0.03779226541519165,none,agreement,none,none
6079,713,0,neutral,0.4431721,0.061509747,0.49531808,positive,0.9984397292137146,0.0015602707862854004,none,agreement,none,agreement
6080,713,0,neutral,0.15899166,0.28113917,0.55986917,negative,0.0008842583047226071,0.9991157416952774,none,conflict,none,conflict
6081,713,0,neutral,0.071269624,0.0867019,0.8420285,negative,0.0032187493052333593,0.9967812506947666,none,conflict,none,conflict
6082,713,0,neutral,0.057682242,0.4251983,0.51711947,negative,0.0011384087847545743,0.9988615912152454,none,conflict,none,conflict
6084,713,0,negative,0.018360881,0.8394976,0.14214145,positive,0.9997571110725403,0.0002428889274597168,conflict,agreement,conflict,agreement
6085,713,0,neutral,0.037251983,0.4493827,0.51336527,negative,0.007145644165575504,0.9928543558344245,none,conflict,none,conflict
6086,713,0,negative,0.0062591517,0.90322983,0.090511,negative,0.00032981170807033777,0.9996701882919297,conflict,conflict,conflict,conflict
6087,713,0,neutral,0.026215315,0.5421974,0.4315873,negative,0.012788628228008747,0.9872113717719913,none,conflict,none,conflict
6089,713,0,neutral,0.06724663,0.4299765,0.50277686,negative,0.011205566115677357,0.9887944338843226,none,conflict,none,conflict
6090,713,0,neutral,0.01476594,0.69409305,0.291141,negative,0.001670626923441887,0.9983293730765581,none,conflict,none,conflict
6092,713,0,negative,0.011014502,0.88241905,0.1065665,negative,0.0012610674602910876,0.9987389325397089,conflict,conflict,conflict,conflict
6094,713,0,positive,0.75672525,0.051101107,0.19217369,positive,0.9927300810813904,0.007269918918609619,agreement,agreement,agreement,agreement
6095,715,0,neutral,0.3513176,0.047064893,0.6016175,positive,0.9990799427032471,0.0009200572967529297,none,agreement,none,none
6096,715,0,neutral,0.03192459,0.19286525,0.77521014,negative,0.012224934995174408,0.9877750650048256,none,none,none,none
6097,715,0,neutral,0.09512299,0.17053165,0.7343454,negative,0.009372801519930363,0.9906271984800696,none,none,none,none
6098,715,0,neutral,0.07168212,0.053699035,0.8746188,positive,0.9941978454589844,0.005802154541015625,none,agreement,none,none
6099,715,0,positive,0.93336856,0.008913869,0.057717603,positive,0.9886808395385742,0.011319160461425781,agreement,agreement,none,none
6100,715,0,positive,0.976986,0.0032634516,0.019750584,positive,0.9974367022514343,0.002563297748565674,agreement,agreement,none,none
6101,715,0,neutral,0.600343,0.0061971424,0.3934599,positive,0.9970445036888123,0.002955496311187744,none,agreement,none,none
6102,715,0,negative,0.022206755,0.73595643,0.24183683,negative,0.001388773787766695,0.9986112262122333,none,none,none,none
6103,715,0,neutral,0.66719246,0.016451549,0.31635603,positive,0.995707631111145,0.0042923688888549805,none,agreement,none,none
6104,715,0,neutral,0.54534894,0.040778786,0.4138723,positive,0.9975993037223816,0.002400696277618408,none,agreement,none,none
6105,715,0,negative,0.010896401,0.7942469,0.19485663,negative,0.0022346675395965576,0.9977653324604034,none,none,none,none
6106,715,0,neutral,0.016324138,0.6728123,0.31086358,negative,0.001097837113775313,0.9989021628862247,none,none,none,none
6107,715,0,neutral,0.0333941,0.22854592,0.73805994,negative,0.0028075403533875942,0.9971924596466124,none,none,none,none
6108,715,0,negative,0.011554044,0.87496334,0.11348261,positive,0.9810922741889954,0.01890772581100464,none,agreement,none,none
6109,715,0,neutral,0.06314697,0.49590853,0.44094452,positive,0.8984037637710571,0.10159623622894287,none,agreement,none,none
6110,715,0,neutral,0.09179222,0.5725904,0.33561742,neutral,0.33125197887420654,0.6687480211257935,none,none,none,none
6111,715,0,positive,0.89543647,0.007990663,0.096572876,positive,0.9995135068893433,0.0004864931106567383,agreement,agreement,none,none
6112,715,0,neutral,0.14539593,0.2293085,0.6252955,negative,0.29328083992004395,0.706719160079956,none,none,none,none
6113,715,0,neutral,0.15704706,0.524945,0.31800795,negative,0.0005398713401518762,0.9994601286598481,none,none,none,none
6114,715,0,neutral,0.26756692,0.120754614,0.6116785,negative,0.0043006944470107555,0.9956993055529892,none,none,none,none
6116,715,0,neutral,0.021499911,0.6572767,0.32122347,positive,0.9934322834014893,0.006567716598510742,none,agreement,none,none
6118,715,0,neutral,0.30439442,0.081987046,0.6136185,positive,0.9171923398971558,0.08280766010284424,none,agreement,none,none
6120,715,0,neutral,0.04504461,0.3530753,0.60188013,neutral,0.5741665959358215,0.42583340406417847,none,none,none,none
6121,715,0,neutral,0.015786558,0.6849532,0.29926026,negative,0.025432083755731583,0.9745679162442684,none,none,none,none
6123,715,0,negative,0.01627111,0.7419936,0.24173523,positive,0.8957262635231018,0.1042737364768982,none,agreement,none,none
6124,715,0,neutral,0.03354628,0.5260108,0.44044295,negative,0.07596827298402786,0.9240317270159721,none,none,none,none
6125,715,0,neutral,0.03844871,0.43644398,0.5251072,negative,0.012019428424537182,0.9879805715754628,none,none,none,none
6126,715,0,neutral,0.06508683,0.35219663,0.5827165,negative,0.20951764285564423,0.7904823571443558,none,none,none,none
6127,715,0,neutral,0.24032107,0.09527852,0.66440046,positive,0.9919179081916809,0.008082091808319092,none,agreement,none,none
6128,715,0,negative,0.019470263,0.7015946,0.27893513,negative,0.0009546243236400187,0.99904537567636,none,none,none,none
6129,715,0,neutral,0.021762112,0.6934597,0.28477815,negative,0.15161649882793427,0.8483835011720657,none,none,none,none
6130,715,0,neutral,0.48894018,0.05190156,0.4591582,positive,0.9922826886177063,0.007717311382293701,none,agreement,none,none
6131,715,0,positive,0.9415235,0.014693021,0.043783456,positive,0.997718870639801,0.0022811293601989746,agreement,agreement,none,none
6133,715,0,positive,0.9701524,0.0045388457,0.025308738,positive,0.9997034668922424,0.00029653310775756836,agreement,agreement,none,none
6135,716,1,neutral,0.070468,0.12906161,0.8004704,negative,0.011730440892279148,0.9882695591077209,none,agreement,none,none
6137,716,1,neutral,0.2944769,0.39879134,0.30673173,positive,0.9992187023162842,0.0007812976837158203,none,conflict,none,conflict
6138,716,1,neutral,0.054067574,0.27439138,0.67154104,negative,0.03933241218328476,0.9606675878167152,none,agreement,none,none
6139,716,1,neutral,0.023938412,0.64554405,0.33051756,negative,0.0007557904464192688,0.9992442095535807,none,agreement,none,agreement
6140,716,1,neutral,0.04969565,0.3288892,0.6214152,negative,0.002183124888688326,0.9978168751113117,none,agreement,none,none
6141,716,1,neutral,0.5624616,0.14535142,0.29218695,positive,0.992694616317749,0.0073053836822509766,none,conflict,none,conflict
6142,716,1,negative,0.006743251,0.90656465,0.08669202,positive,0.9771968126296997,0.022803187370300293,agreement,conflict,none,conflict
6143,716,1,neutral,0.047992036,0.45009616,0.50191176,negative,0.020315460860729218,0.9796845391392708,none,agreement,none,none
6144,716,1,negative,0.0131295705,0.8870824,0.09978794,negative,0.009968278929591179,0.9900317210704088,agreement,agreement,none,none
6145,716,1,negative,0.0075818156,0.8752504,0.117167756,negative,0.0009026913321577013,0.9990973086678423,agreement,agreement,agreement,agreement
6146,716,1,positive,0.7144768,0.0628574,0.22266576,positive,0.9991639852523804,0.0008360147476196289,conflict,conflict,conflict,conflict
6147,716,1,negative,0.008856491,0.9040895,0.08705396,negative,0.0021207225508987904,0.9978792774491012,agreement,agreement,none,none
6148,716,1,neutral,0.09127434,0.27923468,0.629491,negative,0.025789091363549232,0.9742109086364508,none,agreement,none,none
6149,716,1,negative,0.013015439,0.89629203,0.09069249,neutral,0.643217146396637,0.35678285360336304,agreement,none,none,none
6150,716,1,negative,0.014717732,0.8411418,0.1441405,negative,0.0010204833233729005,0.9989795166766271,agreement,agreement,agreement,none
6151,716,1,neutral,0.07338141,0.32937583,0.5972427,negative,0.0019228304736316204,0.9980771695263684,none,agreement,none,none
6152,716,1,negative,0.007876104,0.8319046,0.16021933,negative,0.0014198821736499667,0.99858011782635,agreement,agreement,none,agreement
6153,716,1,neutral,0.55701286,0.02938073,0.41360638,negative,0.19394826889038086,0.8060517311096191,none,agreement,none,agreement
6154,716,1,neutral,0.022743287,0.6668305,0.31042627,negative,0.0016623034607619047,0.9983376965392381,none,agreement,none,none
6155,716,1,neutral,0.04172881,0.3586173,0.5996539,negative,0.049283940345048904,0.9507160596549511,none,agreement,none,agreement
6156,716,1,neutral,0.29549557,0.13271841,0.571786,negative,0.00433920044451952,0.9956607995554805,none,agreement,none,none
6158,716,1,positive,0.95741403,0.0070043695,0.035581615,positive,0.9997147917747498,0.00028520822525024414,conflict,conflict,conflict,conflict
6159,716,1,neutral,0.6756472,0.06064837,0.26370442,positive,0.998331606388092,0.001668393611907959,none,conflict,none,conflict
6160,716,1,positive,0.9685385,0.00443034,0.0270311,positive,0.9767650961875916,0.023234903812408447,conflict,conflict,conflict,conflict
6162,717,0,neutral,0.016330166,0.5425299,0.44114006,negative,0.0015557960141450167,0.998444203985855,none,conflict,none,conflict
6163,717,0,neutral,0.6144517,0.008778557,0.37676966,positive,0.9995856881141663,0.00041431188583374023,none,agreement,none,none
6165,717,0,neutral,0.62200886,0.011930513,0.36606064,positive,0.9992107152938843,0.0007892847061157227,none,agreement,none,agreement
6166,717,0,positive,0.7950129,0.015912272,0.1890748,positive,0.9922945499420166,0.0077054500579833984,agreement,agreement,none,none
6167,717,0,positive,0.8938779,0.030034764,0.076087296,positive,0.9993802309036255,0.0006197690963745117,agreement,agreement,agreement,agreement
6168,717,0,positive,0.7557774,0.031141758,0.21308081,positive,0.9994300007820129,0.0005699992179870605,agreement,agreement,none,agreement
6169,717,0,positive,0.9002755,0.0045607206,0.09516377,positive,0.9989802241325378,0.0010197758674621582,agreement,agreement,none,none
6171,717,0,neutral,0.053086024,0.11823009,0.8286839,positive,0.9055678248405457,0.09443217515945435,none,agreement,none,none
6172,717,0,neutral,0.027573531,0.6163769,0.3560496,negative,0.0017352055292576551,0.9982647944707423,none,conflict,none,conflict
6173,717,0,negative,0.013434688,0.7705848,0.21598054,negative,0.0010730511276051402,0.9989269488723949,conflict,conflict,conflict,conflict
6174,717,0,neutral,0.50392455,0.08439883,0.41167662,negative,0.0748383104801178,0.9251616895198822,none,conflict,none,conflict
6175,717,0,neutral,0.05832564,0.32680994,0.61486447,negative,0.002059094374999404,0.9979409056250006,none,conflict,none,conflict
6176,717,0,neutral,0.08172122,0.5499073,0.3683715,negative,0.01923520490527153,0.9807647950947285,none,conflict,none,conflict
6177,717,0,neutral,0.067307495,0.2471198,0.6855727,positive,0.9835319519042969,0.016468048095703125,none,agreement,none,agreement
6178,717,0,neutral,0.03159733,0.62463164,0.3437711,positive,0.9813690185546875,0.0186309814453125,none,agreement,none,none
6179,717,0,negative,0.014571787,0.81690717,0.16852103,negative,0.014545269310474396,0.9854547306895256,conflict,conflict,conflict,conflict
6180,717,0,positive,0.8453978,0.027383232,0.12721902,positive,0.9998595714569092,0.0001404285430908203,agreement,agreement,none,agreement
6181,717,0,neutral,0.22016785,0.16937225,0.61045986,negative,0.033149220049381256,0.9668507799506187,none,conflict,none,conflict
6182,717,0,neutral,0.5831818,0.01999621,0.396822,negative,0.1299016773700714,0.8700983226299286,none,conflict,none,conflict
6183,717,0,neutral,0.06813875,0.2310104,0.70085084,negative,0.05550621077418327,0.9444937892258167,none,conflict,none,conflict
6184,717,0,neutral,0.038430512,0.57521385,0.38635558,positive,0.9608426690101624,0.039157330989837646,none,agreement,none,agreement
6185,717,0,neutral,0.2734567,0.14064018,0.58590317,neutral,0.6536844968795776,0.34631550312042236,none,none,none,none
6186,717,0,neutral,0.698768,0.106674016,0.19455796,positive,0.8795334100723267,0.12046658992767334,none,agreement,none,agreement
6187,717,0,neutral,0.4111467,0.15484159,0.43401167,negative,0.004275296349078417,0.9957247036509216,none,conflict,none,conflict
6190,718,0,positive,0.7800031,0.016353158,0.20364371,positive,0.9985055923461914,0.0014944076538085938,agreement,agreement,none,none
6191,718,0,negative,0.008652471,0.9031249,0.08822264,negative,0.002967437030747533,0.9970325629692525,conflict,conflict,conflict,conflict
6192,718,0,neutral,0.2046859,0.041687857,0.7536263,positive,0.9406489133834839,0.05935108661651611,none,agreement,none,agreement
6193,718,0,positive,0.8774986,0.0054012216,0.11710011,positive,0.999487042427063,0.0005129575729370117,agreement,agreement,none,none
6194,718,0,neutral,0.5100909,0.011217779,0.47869137,positive,0.9993864297866821,0.0006135702133178711,none,agreement,none,none
6195,718,0,positive,0.94488674,0.003927952,0.051185336,positive,0.9997298121452332,0.0002701878547668457,agreement,agreement,none,none
6196,718,0,neutral,0.0948106,0.024590217,0.8805992,negative,0.04613640904426575,0.9538635909557343,none,conflict,none,conflict
6197,718,0,positive,0.86157376,0.008983028,0.12944324,positive,0.9976668357849121,0.0023331642150878906,agreement,agreement,none,none
6198,718,0,neutral,0.42900014,0.027789742,0.54321015,negative,0.12149548530578613,0.8785045146942139,none,conflict,none,conflict
6199,718,0,positive,0.9089766,0.0052921977,0.08573122,positive,0.997138261795044,0.0028617382049560547,agreement,agreement,none,agreement
6200,718,0,positive,0.83225155,0.0059318277,0.16181658,positive,0.9992511868476868,0.0007488131523132324,agreement,agreement,none,none
6201,718,0,positive,0.8060396,0.015323033,0.17863733,positive,0.9991627931594849,0.0008372068405151367,agreement,agreement,none,none
6202,718,0,neutral,0.066984996,0.23067439,0.7023406,neutral,0.5105878710746765,0.4894121289253235,none,none,none,none
6203,718,0,neutral,0.028685685,0.6336633,0.337651,negative,0.0034907080698758364,0.9965092919301242,none,conflict,none,conflict
6204,718,0,neutral,0.075111635,0.40212458,0.5227637,positive,0.99759441614151,0.0024055838584899902,none,agreement,none,agreement
6205,718,0,neutral,0.61324793,0.0897386,0.29701346,negative,0.020380349829792976,0.979619650170207,none,conflict,none,conflict
6206,718,0,neutral,0.04633261,0.35675958,0.5969079,negative,0.0267073605209589,0.9732926394790411,none,conflict,none,conflict
6207,718,0,neutral,0.40689534,0.06637526,0.5267294,negative,0.018288765102624893,0.9817112348973751,none,conflict,none,conflict
6209,718,0,positive,0.96428263,0.008786627,0.026930781,positive,0.9994747042655945,0.0005252957344055176,agreement,agreement,none,none
6210,718,0,positive,0.8799592,0.019201064,0.1008397,positive,0.9990166425704956,0.0009833574295043945,agreement,agreement,agreement,agreement
6211,718,0,positive,0.9387606,0.011868782,0.04937056,positive,0.9997386336326599,0.0002613663673400879,agreement,agreement,none,agreement
6212,718,0,positive,0.84878737,0.014519267,0.13669331,positive,0.9979021549224854,0.0020978450775146484,agreement,agreement,none,none
6213,718,0,positive,0.9475282,0.007838783,0.044633053,positive,0.9998571872711182,0.00014281272888183594,agreement,agreement,none,none
