clip,speaker,p_probe_rep0,p_probe_rep1,p_probe_rep2,p_probe_rep3,p_probe_rep4
AVPEPUDEAC0001_readtext.wav,AVPEPUDEAC0001,0.29979873,0.07832101,0.35795701,0.23161505,0.09899585
AVPEPUDEAC0003_readtext.wav,AVPEPUDEAC0003,0.99574727,0.94537675,0.99999833,0.99572808,0.99999142
AVPEPUDEAC0004_readtext.wav,AVPEPUDEAC0004,0.00510512,0.00677109,0.00427206,0.39412460,0.01487012
AVPEPUDEAC0005_readtext.wav,AVPEPUDEAC0005,0.00350014,0.85518962,0.08687841,0.08912664,0.97789067
AVPEPUDEAC0006_readtext.wav,AVPEPUDEAC0006,0.66484743,0.11912052,0.67570585,0.92633224,0.14575236
AVPEPUDEAC0007_readtext.wav,AVPEPUDEAC0007,0.10690770,0.00005818,0.09000485,0.00172059,0.10645477
AVPEPUDEAC0008_readtext.wav,AVPEPUDEAC0008,0.15846781,0.02402128,0.09260403,0.01482455,0.02082878
AVPEPUDEAC0010_readtext.wav,AVPEPUDEAC0010,0.00504847,0.47957769,0.19354229,0.07666073,0.01668503
AVPEPUDEAC0011_readtext.wav,AVPEPUDEAC0011,0.74236286,0.68160492,0.53962213,0.26101652,0.29768071
AVPEPUDEAC0012_readtext.wav,AVPEPUDEAC0012,0.00096879,0.14653054,0.02820078,0.00022360,0.01556680
AVPEPUDEAC0013_readtext.wav,AVPEPUDEAC0013,0.96442097,0.80802977,0.53423411,0.42753044,0.56732690
AVPEPUDEAC0014_readtext.wav,AVPEPUDEAC0014,0.17255352,0.00916194,0.17266592,0.16274998,0.00472864
AVPEPUDEAC0015_readtext.wav,AVPEPUDEAC0015,0.00070196,0.00227800,0.00351761,0.00685906,0.00353177
AVPEPUDEAC0016_readtext.wav,AVPEPUDEAC0016,0.28642631,0.07876816,0.02589343,0.37236336,0.11224527
AVPEPUDEAC0017_readtext.wav,AVPEPUDEAC0017,0.10090064,0.42642099,0.00020820,0.17880470,0.21900360
AVPEPUDEAC0018_readtext.wav,AVPEPUDEAC0018,0.00746678,0.36804053,0.03850980,0.60201323,0.00143563
AVPEPUDEAC0019_readtext.wav,AVPEPUDEAC0019,0.06650933,0.06329326,0.00840501,0.00043342,0.00403061
AVPEPUDEAC0020_readtext.wav,AVPEPUDEAC0020,0.00353492,0.57959217,0.00166716,0.02597624,0.00004491
AVPEPUDEAC0021_readtext.wav,AVPEPUDEAC0021,0.00296727,0.00571127,0.00991962,0.00502626,0.07645527
AVPEPUDEAC0022_readtext.wav,AVPEPUDEAC0022,0.06899099,0.44250882,0.17831367,0.05552160,0.46667135
AVPEPUDEAC0023_readtext.wav,AVPEPUDEAC0023,0.00000096,0.00174992,0.00317660,0.00008072,0.01373501
AVPEPUDEAC0024_readtext.wav,AVPEPUDEAC0024,0.18204138,0.00858201,0.00766202,0.00574423,0.12787114
AVPEPUDEAC0025_readtext.wav,AVPEPUDEAC0025,0.63697422,0.00177239,0.15975207,0.11239365,0.00011502
AVPEPUDEAC0026_readtext.wav,AVPEPUDEAC0026,0.51881707,0.93604761,0.62638593,0.77517951,0.91727006
AVPEPUDEAC0027_readtext.wav,AVPEPUDEAC0027,0.98456097,0.38812038,0.51752734,0.66962236,0.79508275
AVPEPUDEAC0028_readtext.wav,AVPEPUDEAC0028,0.99894041,0.99999785,0.99999654,0.99999928,0.99998641
AVPEPUDEAC0029_readtext.wav,AVPEPUDEAC0029,0.00028595,0.00391582,0.01115687,0.45818987,0.58781451
AVPEPUDEAC0030_readtext.wav,AVPEPUDEAC0030,0.00009065,0.00012244,0.02745474,0.00447864,0.02524366
AVPEPUDEAC0031_readtext.wav,AVPEPUDEAC0031,0.08544914,0.00676511,0.00236349,0.02688168,0.00829415
AVPEPUDEAC0033_readtext.wav,AVPEPUDEAC0033,0.00900009,0.00349421,0.01100126,0.09086400,0.03268118
AVPEPUDEAC0034_readtext.wav,AVPEPUDEAC0034,0.03612395,0.07436839,0.01334045,0.00334600,0.02428182
AVPEPUDEAC0035_readtext.wav,AVPEPUDEAC0035,0.00000000,0.00000276,0.00010295,0.00001554,0.00012009
AVPEPUDEAC0037_readtext.wav,AVPEPUDEAC0037,0.06020010,0.00098582,0.00679824,0.00000868,0.00058587
AVPEPUDEAC0039_readtext.wav,AVPEPUDEAC0039,0.01665782,0.10837165,0.06396861,0.18664664,0.29680952
AVPEPUDEAC0040_readtext.wav,AVPEPUDEAC0040,0.00012090,0.00002040,0.00001429,0.00004458,0.00005057
AVPEPUDEAC0041_readtext.wav,AVPEPUDEAC0041,0.00004334,0.00345984,0.07775548,0.00461231,0.01470511
AVPEPUDEAC0042_readtext.wav,AVPEPUDEAC0042,0.00073777,0.00113132,0.00000000,0.00000022,0.00356862
AVPEPUDEAC0043_readtext.wav,AVPEPUDEAC0043,0.00211376,0.00052324,0.00180587,0.00025931,0.00026539
AVPEPUDEAC0044_readtext.wav,AVPEPUDEAC0044,0.00000004,0.00409030,0.00130004,0.00815208,0.00097951
AVPEPUDEAC0045_readtext.wav,AVPEPUDEAC0045,0.00000255,0.00002132,0.00000032,0.00000808,0.00000676
AVPEPUDEAC0046_readtext.wav,AVPEPUDEAC0046,0.00033291,0.00005450,0.00329019,0.00206336,0.02389740
AVPEPUDEAC0047_readtext.wav,AVPEPUDEAC0047,0.00171583,0.00365889,0.00045395,0.00487763,0.01372098
AVPEPUDEAC0048_readtext.wav,AVPEPUDEAC0048,0.00461464,0.00222554,0.00000019,0.00026104,0.00000060
AVPEPUDEAC0049_readtext.wav,AVPEPUDEAC0049,0.00040450,0.00023772,0.00005502,0.00000034,0.00000000
AVPEPUDEAC0050_readtext.wav,AVPEPUDEAC0050,0.00000204,0.00014153,0.00016923,0.00058172,0.00004778
AVPEPUDEAC0051_readtext.wav,AVPEPUDEAC0051,0.46682397,0.65187156,0.29026267,0.10718083,0.53256518
AVPEPUDEAC0052_readtext.wav,AVPEPUDEAC0052,0.15148871,0.00348477,0.00844055,0.00009088,0.00267234
AVPEPUDEAC0053_readtext.wav,AVPEPUDEAC0053,0.00488533,0.01254969,0.03477866,0.00214224,0.00000001
AVPEPUDEAC0054_readtext.wav,AVPEPUDEAC0054,0.00003048,0.00005736,0.00000000,0.00015121,0.00000003
AVPEPUDEAC0057_readtext.wav,AVPEPUDEAC0057,0.00000002,0.00245134,0.00032752,0.00017367,0.00064766
AVPEPUDEA0001_readtext.wav,AVPEPUDEA0001,0.99878329,0.99663335,0.99963665,0.99592775,0.99981636
AVPEPUDEA0002readtext.wav,AVPEPUDEA0002,0.99990225,0.39386585,0.98871779,0.99625671,0.99606884
AVPEPUDEA0003_readtext.wav,AVPEPUDEA0003,0.99999988,0.99990571,1.00000000,0.99996281,0.99996531
AVPEPUDEA0005_readtext.wav,AVPEPUDEA0005,0.99999869,0.99994981,0.99974996,0.99997318,0.99701738
AVPEPUDEA0006_readtext.wav,AVPEPUDEA0006,0.99136329,0.95539731,0.99606955,0.98721933,0.99666744
AVPEPUDEA0007_readtext.wav,AVPEPUDEA0007,0.99982065,0.99707782,0.99999797,0.99641681,0.99955136
AVPEPUDEA0008_readtext.wav,AVPEPUDEA0008,0.99620026,0.25887433,0.75144422,0.95304793,0.61091310
AVPEPUDEA0009_readtext.wav,AVPEPUDEA0009,0.99943632,0.99999499,0.99989581,0.99999702,0.99997735
AVPEPUDEA0010_readtext.wav,AVPEPUDEA0010,0.99992001,0.96187282,0.80504203,0.89237189,0.94636750
AVPEPUDEA0011_readtext.wav,AVPEPUDEA0011,0.02328931,0.00151776,0.00385222,0.00266272,0.00170815
AVPEPUDEA0013_readtext.wav,AVPEPUDEA0013,0.91680080,0.73728544,0.97178841,0.96047729,0.95865941
AVPEPUDEA0014_readtext.wav,AVPEPUDEA0014,0.99999332,0.99999905,0.99999869,0.99999917,0.99995065
AVPEPUDEA0015_readtext.wav,AVPEPUDEA0015,0.85398442,0.78152996,0.94000971,0.99722761,0.98211503
AVPEPUDEA0016_readtext.wav,AVPEPUDEA0016,0.99999988,0.99849558,0.99484754,0.99956113,0.99998558
AVPEPUDEA0017_readtext.wav,AVPEPUDEA0017,0.99994159,0.99983239,0.99999034,0.99905032,0.99968243
AVPEPUDEA0020_readtext.wav,AVPEPUDEA0020,0.99997497,0.99977988,0.67957819,0.99971014,0.99997365
AVPEPUDEA0021_readtext.wav,AVPEPUDEA0021,0.98497367,0.94479287,0.94797629,0.61407769,0.96086258
AVPEPUDEA0022_readtext.wav,AVPEPUDEA0022,0.01649135,0.15693349,0.03228960,0.06268076,0.21250387
AVPEPUDEA0023_readtext.wav,AVPEPUDEA0023,0.04333843,0.01951691,0.19563711,0.00059391,0.02897589
AVPEPUDEA0024_readtext.wav,AVPEPUDEA0024,0.99981338,0.99993503,0.96470147,0.99732792,0.99981886
AVPEPUDEA0025_readtext.wav,AVPEPUDEA0025,0.99864024,0.99462247,0.99977714,0.99711680,0.99963081
AVPEPUDEA0026_readtext.wav,AVPEPUDEA0026,0.00198794,0.02838206,0.03716547,0.05612344,0.45592338
AVPEPUDEA0027_readtext.wav,AVPEPUDEA0027,0.00005092,0.56200802,0.03650089,0.00004388,0.05882763
AVPEPUDEA0029_readtext.wav,AVPEPUDEA0029,0.99994338,0.99093783,0.94407332,0.94150645,0.99999893
AVPEPUDEA0030_readtext.wav,AVPEPUDEA0030,0.99999976,0.99999988,0.99999762,1.00000000,0.99999988
AVPEPUDEA0031_readtext.wav,AVPEPUDEA0031,0.97353417,0.24305540,0.92769104,0.43619913,0.86201555
AVPEPUDEA0032_readtext.wav,AVPEPUDEA0032,0.99330574,0.96394634,0.99985361,0.99708015,0.99431461
AVPEPUDEA0034_readtext.wav,AVPEPUDEA0034,0.64121872,0.41636479,0.55046237,0.91111833,0.75158590
AVPEPUDEA0035_readtext.wav,AVPEPUDEA0035,0.99618042,0.17304249,0.98931235,0.99990666,0.99853206
AVPEPUDEA0037_readtext.wav,AVPEPUDEA0037,0.92948472,0.12650412,0.07699770,0.52612120,0.83155823
AVPEPUDEA0038_readtext.wav,AVPEPUDEA0038,0.04546787,0.35759056,0.89541304,0.60907012,0.08312020
AVPEPUDEA0039_readtext.wav,AVPEPUDEA0039,0.99995863,0.99996459,1.00000000,0.99996960,0.99999273
AVPEPUDEA0041_readtext.wav,AVPEPUDEA0041,0.97432411,0.97885442,0.97965562,0.43157351,0.55199641
AVPEPUDEA0042_readtext.wav,AVPEPUDEA0042,0.76945293,0.77010477,0.99762338,0.94854838,0.99680674
AVPEPUDEA0043_readtext.wav,AVPEPUDEA0043,1.00000000,0.99674076,1.00000000,0.99998236,1.00000000
AVPEPUDEA0045_readtext.wav,AVPEPUDEA0045,0.99991620,0.99986219,0.99944264,0.99529761,0.99736637
AVPEPUDEA0046_readtext.wav,AVPEPUDEA0046,1.00000000,1.00000000,0.99999928,0.99999058,0.99999690
AVPEPUDEA0047_readtext.wav,AVPEPUDEA0047,0.99546283,0.97984284,0.99371195,0.93826532,0.99927086
AVPEPUDEA0048_readtext.wav,AVPEPUDEA0048,0.99707735,0.99955601,0.99458128,0.99642122,0.99865025
AVPEPUDEA0049_readtext.wav,AVPEPUDEA0049,0.99999642,0.99997962,0.99999082,0.99998784,0.99999714
AVPEPUDEA0050_readtext.wav,AVPEPUDEA0050,0.68137306,0.48694289,0.71180284,0.88598537,0.88620889
AVPEPUDEA0051_readtext.wav,AVPEPUDEA0051,0.99874216,0.99829906,0.99859542,0.99998021,0.99896061
AVPEPUDEA0052_readtext.wav,AVPEPUDEA0052,0.99999905,0.99674904,0.99954849,0.98441631,0.99922466
AVPEPUDEA0053_readtext.wav,AVPEPUDEA0053,0.99996746,0.99959427,0.10014571,0.99016833,0.99999893
AVPEPUDEA0054_readtext.wav,AVPEPUDEA0054,0.00000028,0.00009872,0.00000000,0.00001979,0.00004008
AVPEPUDEA0055_readtext.wav,AVPEPUDEA0055,0.99950302,0.99228609,0.99614233,0.99983490,0.99914491
AVPEPUDEA0056_readtext.wav,AVPEPUDEA0056,0.99992406,0.93001378,0.99652964,0.99740487,0.99998772
AVPEPUDEA0057_readtext.wav,AVPEPUDEA0057,0.99923599,0.99978906,0.99993300,0.99991202,0.99975544
AVPEPUDEA0058_readtext.wav,AVPEPUDEA0058,0.11395912,0.34162506,0.35649875,0.84623849,0.94875240
AVPEPUDEA0059_readtext.wav,AVPEPUDEA0059,0.87129563,0.99816579,0.96542358,0.99095178,0.98648953
AVPEPUDEAC0001_laura.wav,AVPEPUDEAC0001,0.39050046,0.82622015,0.78297561,0.50152785,0.85046780
AVPEPUDEAC0003_laura.wav,AVPEPUDEAC0003,0.99519473,0.02994740,0.99994516,0.44971579,0.96135116
AVPEPUDEAC0004_laura.wav,AVPEPUDEAC0004,0.16515799,0.03630483,0.39487863,0.33680391,0.01023381
AVPEPUDEAC0005_laura.wav,AVPEPUDEAC0005,0.00015055,0.06409857,0.00077964,0.00878847,0.99748212
AVPEPUDEAC0006_laura.wav,AVPEPUDEAC0006,0.99798089,0.99985015,0.99944586,0.90646523,0.99805802
AVPEPUDEAC0007_laura.wav,AVPEPUDEAC0007,0.03507248,0.00000248,0.04522405,0.00029688,0.04425194
AVPEPUDEAC0008_laura.wav,AVPEPUDEAC0008,0.99857020,0.83433861,0.47086024,0.48383257,0.98472321
AVPEPUDEAC0010_laura.wav,AVPEPUDEAC0010,0.00022556,0.01997297,0.01578744,0.77192336,0.00595415
AVPEPUDEAC0011_laura.wav,AVPEPUDEAC0011,0.97804147,0.99684590,0.91022795,0.39370790,0.27451047
AVPEPUDEAC0012_laura.wav,AVPEPUDEAC0012,0.00000595,0.00083423,0.01120647,0.00001554,0.00004769
AVPEPUDEAC0013_laura.wav,AVPEPUDEAC0013,0.29576927,0.96968341,0.02772396,0.16935092,0.01178731
AVPEPUDEAC0014_laura.wav,AVPEPUDEAC0014,0.90967911,0.23459378,0.69301230,0.04159831,0.45594165
AVPEPUDEAC0015_laura.wav,AVPEPUDEAC0015,0.00010880,0.00356658,0.00389026,0.01341301,0.06545049
AVPEPUDEAC0016_laura.wav,AVPEPUDEAC0016,0.00004282,0.00000226,0.00000978,0.00055201,0.00002057
AVPEPUDEAC0017_laura.wav,AVPEPUDEAC0017,0.94306207,0.92103648,0.00156615,0.97117865,0.68281567
AVPEPUDEAC0018_laura.wav,AVPEPUDEAC0018,0.00001610,0.46307912,0.01469816,0.42900589,0.00008503
AVPEPUDEAC0019_laura.wav,AVPEPUDEAC0019,0.00437494,0.00001620,0.00009180,0.00000624,0.00102964
AVPEPUDEAC0020_laura.wav,AVPEPUDEAC0020,0.00563570,0.00003289,0.00460651,0.00080258,0.00005282
AVPEPUDEAC0021_laura.wav,AVPEPUDEAC0021,0.00334778,0.33591568,0.00538056,0.01916519,0.02091436
AVPEPUDEAC0022_laura.wav,AVPEPUDEAC0022,0.99725902,0.99999917,0.99404293,0.28577709,0.99999595
AVPEPUDEAC0023_laura.wav,AVPEPUDEAC0023,0.00000024,0.00000004,0.00001849,0.00000145,0.00000234
AVPEPUDEAC0024_laura.wav,AVPEPUDEAC0024,0.24693252,0.04286093,0.00750855,0.38122100,0.08708257
AVPEPUDEAC0025_laura.wav,AVPEPUDEAC0025,0.01209925,0.00014829,0.00947988,0.00103380,0.00000127
AVPEPUDEAC0026_laura.wav,AVPEPUDEAC0026,0.00001042,0.03182865,0.00069835,0.01120365,0.01214104
AVPEPUDEAC0027_laura.wav,AVPEPUDEAC0027,0.18781804,0.03664081,0.00278796,0.03761458,0.00479814
AVPEPUDEAC0028_laura.wav,AVPEPUDEAC0028,0.99984920,0.94671416,0.99639988,0.99986470,0.99999905
AVPEPUDEAC0029_laura.wav,AVPEPUDEAC0029,0.00006332,0.00018307,0.00057729,0.00439378,0.00038689
AVPEPUDEAC0030_laura.wav,AVPEPUDEAC0030,0.00025921,0.00000002,0.00000002,0.02346282,0.00000057
AVPEPUDEAC0031_laura.wav,AVPEPUDEAC0031,0.00051331,0.00003241,0.00000071,0.00000627,0.00000069
AVPEPUDEAC0033_laura.wav,AVPEPUDEAC0033,0.00013458,0.00000072,0.00000501,0.00014320,0.00151308
AVPEPUDEAC0034_laura.wav,AVPEPUDEAC0034,0.00000061,0.00000298,0.00000717,0.00002280,0.00001995
AVPEPUDEAC0035_laura.wav,AVPEPUDEAC0035,0.00000000,0.00000001,0.00000052,0.00000000,0.00000067
AVPEPUDEAC0037_laura.wav,AVPEPUDEAC0037,0.93840533,0.02898884,0.00510985,0.00002679,0.00000279
AVPEPUDEAC0039_laura.wav,AVPEPUDEAC0039,0.00004089,0.00007910,0.00001599,0.00414384,0.00145603
AVPEPUDEAC0040_laura.wav,AVPEPUDEAC0040,0.00000393,0.00000000,0.00000000,0.00000000,0.00000001
AVPEPUDEAC0041_laura.wav,AVPEPUDEAC0041,0.00003731,0.00020052,0.00000187,0.00000506,0.00000897
AVPEPUDEAC0042_laura.wav,AVPEPUDEAC0042,0.00000128,0.00000243,0.00000000,0.00000008,0.00012300
AVPEPUDEAC0043_laura.wav,AVPEPUDEAC0043,0.00000134,0.00036543,0.00000116,0.00000227,0.00000100
AVPEPUDEAC0044_laura.wav,AVPEPUDEAC0044,0.00000003,0.00003549,0.00000425,0.00001675,0.00006210
AVPEPUDEAC0045_laura.wav,AVPEPUDEAC0045,0.00000003,0.00000038,0.00000000,0.00000006,0.00000001
AVPEPUDEAC0046_laura.wav,AVPEPUDEAC0046,0.00000877,0.00000788,0.00001474,0.00002423,0.06048079
AVPEPUDEAC0047_laura.wav,AVPEPUDEAC0047,0.05545474,0.98307449,0.13802832,0.92925107,0.98361778
AVPEPUDEAC0048_laura.wav,AVPEPUDEAC0048,0.11052526,0.00080381,0.00000023,0.00000082,0.00000106
AVPEPUDEAC0049_laura.wav,AVPEPUDEAC0049,0.00000007,0.00000047,0.00000340,0.00000079,0.00000000
AVPEPUDEAC0050_laura.wav,AVPEPUDEAC0050,0.00007933,0.00086033,0.00596041,0.37501249,0.00045480
AVPEPUDEAC0051_laura.wav,AVPEPUDEAC0051,0.01283648,0.58606243,0.05472330,0.02114466,0.00770993
AVPEPUDEAC0052_laura.wav,AVPEPUDEAC0052,0.00003433,0.00236543,0.00516136,0.00000219,0.00009399
AVPEPUDEAC0053_laura.wav,AVPEPUDEAC0053,0.00184890,0.00026503,0.00099047,0.00003613,0.00000152
AVPEPUDEAC0054_laura.wav,AVPEPUDEAC0054,0.00000406,0.00000238,0.00000000,0.00000009,0.00000002
AVPEPUDEAC0057_laura.wav,AVPEPUDEAC0057,0.00003217,0.00000081,0.00000004,0.00000003,0.00000004
AVPEPUDEA0001_laura.wav,AVPEPUDEA0001,0.70151895,0.04679448,0.31261900,0.56214011,0.96625417
AVPEPUDEA0002_laura.wav,AVPEPUDEA0002,0.39743468,0.50947964,0.28063047,0.15056202,0.97483701
AVPEPUDEA0003_laura.wav,AVPEPUDEA0003,1.00000000,0.99999869,1.00000000,1.00000000,1.00000000
AVPEPUDEA0005_laura.wav,AVPEPUDEA0005,1.00000000,0.99999189,0.99878806,0.99991560,0.99999952
AVPEPUDEA0006_laura.wav,AVPEPUDEA0006,0.96845144,0.88636267,0.93196815,0.99437225,0.77878398
AVPEPUDEA0007_laura.wav,AVPEPUDEA0007,0.99943608,0.99993920,1.00000000,0.96722132,0.99996579
AVPEPUDEA0008_laura.wav,AVPEPUDEA0008,0.98504746,0.20773581,0.00961534,0.02524383,0.22292650
AVPEPUDEA0009_laura.wav,AVPEPUDEA0009,0.99984980,0.99998307,0.99990070,0.99999917,0.99995124
AVPEPUDEA0010_laura.wav,AVPEPUDEA0010,0.99999726,0.99931526,0.99998403,0.99997532,0.99999928
AVPEPUDEA0011_laura.wav,AVPEPUDEA0011,0.00042708,0.00013515,0.00030061,0.00014345,0.00000014
AVPEPUDEA0013_laura.wav,AVPEPUDEA0013,0.90857142,0.99971730,0.99965835,0.99976248,0.99999070
AVPEPUDEA0014_laura.wav,AVPEPUDEA0014,1.00000000,1.00000000,1.00000000,1.00000000,1.00000000
AVPEPUDEA0015_laura.wav,AVPEPUDEA0015,0.99941027,0.99538583,0.99997020,0.99136615,0.99990296
AVPEPUDEA0016_laura.wav,AVPEPUDEA0016,1.00000000,0.99998605,0.99985981,0.59427917,0.99154800
AVPEPUDEA0017_laura.wav,AVPEPUDEA0017,1.00000000,0.99999416,1.00000000,1.00000000,1.00000000
AVPEPUDEA0020_laura.wav,AVPEPUDEA0020,0.97142357,0.99388349,0.16237670,0.94208211,0.99982172
AVPEPUDEA0021_laura.wav,AVPEPUDEA0021,0.00263837,0.03854004,0.28821474,0.83693343,0.19337660
AVPEPUDEA0022_laura.wav,AVPEPUDEA0022,0.00308399,0.52002478,0.00051576,0.33509251,0.00019299
AVPEPUDEA0023_laura.wav,AVPEPUDEA0023,0.01703069,0.00097645,0.27801907,0.30693868,0.06355558
AVPEPUDEA0024_laura.wav,AVPEPUDEA0024,1.00000000,1.00000000,1.00000000,1.00000000,1.00000000
AVPEPUDEA0025_laura.wav,AVPEPUDEA0025,0.97272235,0.99965775,0.92962778,0.96864289,0.99252856
AVPEPUDEA0026_laura.wav,AVPEPUDEA0026,0.64310306,0.31646204,0.99139482,0.75371939,0.96602803
AVPEPUDEA0027_laura.wav,AVPEPUDEA0027,0.00169396,0.05929392,0.43705881,0.17249195,0.21412189
AVPEPUDEA0029_laura.wav,AVPEPUDEA0029,0.99999785,0.89871424,0.97782397,0.98213273,1.00000000
AVPEPUDEA0030_laura.wav,AVPEPUDEA0030,0.99999619,1.00000000,0.99999976,1.00000000,1.00000000
AVPEPUDEA0031_laura.wav,AVPEPUDEA0031,0.98130023,0.45049074,0.56955087,0.56505853,0.99866271
AVPEPUDEA0032_laura.wav,AVPEPUDEA0032,0.99407393,0.99925870,0.99991071,0.99205571,0.99827123
AVPEPUDEA0034_laura.wav,AVPEPUDEA0034,0.99053454,0.82793278,0.95923841,0.97848034,0.73408467
AVPEPUDEA0035_laura.wav,AVPEPUDEA0035,0.97983849,0.00030697,0.04660833,0.99292761,0.66324335
AVPEPUDEA0037_laura.wav,AVPEPUDEA0037,0.99999857,0.99834251,0.97624642,0.99998534,0.99996471
AVPEPUDEA0038_laura.wav,AVPEPUDEA0038,0.01287784,0.00252545,0.14639084,0.00029111,0.00499322
AVPEPUDEA0039_laura.wav,AVPEPUDEA0039,0.99999952,0.99998724,0.99999988,1.00000000,0.99997652
AVPEPUDEA0041_laura.wav,AVPEPUDEA0041,0.73497653,0.00616569,0.41526234,0.00103799,0.17739418
AVPEPUDEA0042_laura.wav,AVPEPUDEA0042,0.97548711,0.99999392,0.99932444,0.99547935,0.97447872
AVPEPUDEA0043_laura.wav,AVPEPUDEA0043,0.99931908,0.95559537,0.99839431,0.99894041,0.91500634
AVPEPUDEA0045_laura.wav,AVPEPUDEA0045,0.99872559,0.88476187,0.99999213,1.00000000,0.99999988
AVPEPUDEA0046_laura.wav,AVPEPUDEA0046,1.00000000,1.00000000,0.99999893,1.00000000,1.00000000
AVPEPUDEA0047_laura.wav,AVPEPUDEA0047,0.99999452,0.99998641,0.99964535,0.99992263,0.99999070
AVPEPUDEA0048_laura.wav,AVPEPUDEA0048,0.99994779,0.99579298,0.90820390,0.05650624,0.81190425
AVPEPUDEA0049_laura.wav,AVPEPUDEA0049,0.99997914,0.99999833,0.99998462,0.99999988,0.99998319
AVPEPUDEA0050_laura.wav,AVPEPUDEA0050,0.82974607,0.96011949,0.27902287,0.98773915,0.98729217
AVPEPUDEA0051_laura.wav,AVPEPUDEA0051,0.99778819,0.99998939,0.99981779,0.99999940,0.97480291
AVPEPUDEA0052_laura.wav,AVPEPUDEA0052,1.00000000,0.77943230,0.04073962,0.99998868,0.96841544
AVPEPUDEA0053_laura.wav,AVPEPUDEA0053,0.99959928,0.99913555,0.98426050,0.30713946,1.00000000
AVPEPUDEA0054_laura.wav,AVPEPUDEA0054,0.00000000,0.00002845,0.00000000,0.00000296,0.00000223
AVPEPUDEA0055_laura.wav,AVPEPUDEA0055,0.99880779,0.54058075,0.99914563,0.99996245,0.99964929
AVPEPUDEA0056_laura.wav,AVPEPUDEA0056,0.99981672,0.99980730,0.94001210,0.99874663,0.98937291
AVPEPUDEA0057_laura.wav,AVPEPUDEA0057,0.99987960,0.99994183,0.99996972,0.99985838,0.99999893
AVPEPUDEA0058_laura.wav,AVPEPUDEA0058,0.00015002,0.66828251,0.48935336,0.58068192,0.99818891
AVPEPUDEA0059_laura.wav,AVPEPUDEA0059,0.15485862,0.88875884,0.95804012,0.18528132,0.98564732
AVPEPUDEAC0001_loslibros.wav,AVPEPUDEAC0001,0.00634119,0.02429036,0.47235611,0.06392168,0.02942035
AVPEPUDEAC0003_loslibros.wav,AVPEPUDEAC0003,0.93318850,0.48895615,0.99998391,0.87465000,0.99812621
AVPEPUDEAC0004_loslibros.wav,AVPEPUDEAC0004,0.02204126,0.45363367,0.77123302,0.99789149,0.57273853
AVPEPUDEAC0005_loslibros.wav,AVPEPUDEAC0005,0.00379588,0.22809520,0.05066192,0.16710013,0.86664099
AVPEPUDEAC0006_loslibros.wav,AVPEPUDEAC0006,0.80990505,0.79039907,0.82312578,0.39605528,0.81059331
AVPEPUDEAC0007_loslibros.wav,AVPEPUDEAC0007,0.01691564,0.00000374,0.05350972,0.00240091,0.03806471
AVPEPUDEAC0008_loslibros.wav,AVPEPUDEAC0008,0.56783587,0.27052185,0.56401938,0.31625858,0.20520781
AVPEPUDEAC0010_loslibros.wav,AVPEPUDEAC0010,0.00739921,0.00286586,0.00431011,0.08224726,0.00279959
AVPEPUDEAC0011_loslibros.wav,AVPEPUDEAC0011,0.91074055,0.92436105,0.28316194,0.04274192,0.23712908
AVPEPUDEAC0012_loslibros.wav,AVPEPUDEAC0012,0.00000235,0.00640204,0.08448210,0.00008362,0.00083233
AVPEPUDEAC0013_loslibros.wav,AVPEPUDEAC0013,0.15908162,0.81200808,0.67032778,0.58382195,0.10786406
AVPEPUDEAC0014_loslibros.wav,AVPEPUDEAC0014,0.97694856,0.98562360,0.99686879,0.57913864,0.59126693
AVPEPUDEAC0015_loslibros.wav,AVPEPUDEAC0015,0.01974566,0.00212086,0.00960277,0.00175774,0.04276854
AVPEPUDEAC0016_loslibros.wav,AVPEPUDEAC0016,0.00673560,0.12880875,0.00115698,0.10982105,0.00873354
AVPEPUDEAC0017_loslibros.wav,AVPEPUDEAC0017,0.01959855,0.02154926,0.01798901,0.03968255,0.01427825
AVPEPUDEAC0018_loslibros.wav,AVPEPUDEAC0018,0.00011753,0.04163781,0.01572117,0.36360064,0.00021942
AVPEPUDEAC0019_loslibros.wav,AVPEPUDEAC0019,0.21855460,0.00367439,0.00826977,0.00005329,0.02700103
AVPEPUDEAC0020_loslibros.wav,AVPEPUDEAC0020,0.84218937,0.48086172,0.84412503,0.07737242,0.05825230
AVPEPUDEAC0021_loslibros.wav,AVPEPUDEAC0021,0.06071204,0.00062308,0.00450660,0.01746155,0.07371590
AVPEPUDEAC0022_loslibros.wav,AVPEPUDEAC0022,0.13811958,0.99898154,0.48073542,0.21681440,0.99203944
AVPEPUDEAC0023_loslibros.wav,AVPEPUDEAC0023,0.00000015,0.00000653,0.00004638,0.00000481,0.00010040
AVPEPUDEAC0024_loslibros.wav,AVPEPUDEAC0024,0.81071490,0.79332548,0.81434053,0.55370331,0.97701478
AVPEPUDEAC0025_loslibros.wav,AVPEPUDEAC0025,0.03092643,0.00376441,0.06180975,0.00747218,0.00000030
AVPEPUDEAC0026_loslibros.wav,AVPEPUDEAC0026,0.81042737,0.21169895,0.00236593,0.02609539,0.00003221
AVPEPUDEAC0027_loslibros.wav,AVPEPUDEAC0027,0.26850858,0.10420906,0.29893315,0.00868729,0.82107770
AVPEPUDEAC0028_loslibros.wav,AVPEPUDEAC0028,0.99999988,1.00000000,1.00000000,1.00000000,1.00000000
AVPEPUDEAC0029_loslibros.wav,AVPEPUDEAC0029,0.00035772,0.00049964,0.00527306,0.02020654,0.00112473
AVPEPUDEAC0030_loslibros.wav,AVPEPUDEAC0030,0.00020660,0.00000071,0.00000177,0.00495405,0.00000058
AVPEPUDEAC0031_loslibros.wav,AVPEPUDEAC0031,0.02627621,0.00108937,0.04685364,0.04733229,0.00418305
AVPEPUDEAC0033_loslibros.wav,AVPEPUDEAC0033,0.00138639,0.00123579,0.00134647,0.00866140,0.00270164
AVPEPUDEAC0034_loslibros.wav,AVPEPUDEAC0034,0.00018675,0.12832849,0.01782081,0.01135923,0.00349190
AVPEPUDEAC0035_loslibros.wav,AVPEPUDEAC0035,0.00000000,0.00000006,0.00000092,0.00000069,0.00000437
AVPEPUDEAC0037_loslibros.wav,AVPEPUDEAC0037,0.23214658,0.00129265,0.00313675,0.00000630,0.00154048
AVPEPUDEAC0039_loslibros.wav,AVPEPUDEAC0039,0.00021327,0.00057708,0.00364084,0.02235917,0.21701588
AVPEPUDEAC0040_loslibros.wav,AVPEPUDEAC0040,0.00019188,0.00000102,0.00116343,0.00000537,0.00003825
AVPEPUDEAC0041_loslibros.wav,AVPEPUDEAC0041,0.00010703,0.00000406,0.00014382,0.00003288,0.00012153
AVPEPUDEAC0042_loslibros.wav,AVPEPUDEAC0042,0.00032718,0.00020466,0.00000033,0.00006502,0.01303922
AVPEPUDEAC0043_loslibros.wav,AVPEPUDEAC0043,0.00065756,0.02361377,0.00093842,0.00007921,0.00018025
AVPEPUDEAC0044_loslibros.wav,AVPEPUDEAC0044,0.00000001,0.00003479,0.00000415,0.00002056,0.00000575
AVPEPUDEAC0045_loslibros.wav,AVPEPUDEAC0045,0.00000610,0.00000680,0.00000112,0.00000368,0.00000457
AVPEPUDEAC0046_loslibros.wav,AVPEPUDEAC0046,0.05184515,0.01159847,0.02121647,0.21907327,0.94604343
AVPEPUDEAC0047_loslibros.wav,AVPEPUDEAC0047,0.00396305,0.00751013,0.00751830,0.00399810,0.10044992
AVPEPUDEAC0048_loslibros.wav,AVPEPUDEAC0048,0.02049726,0.00000426,0.00000002,0.00110726,0.00000001
AVPEPUDEAC0049_loslibros.wav,AVPEPUDEAC0049,0.00006498,0.00009647,0.00053892,0.00467443,0.00000023
AVPEPUDEAC0050_loslibros.wav,AVPEPUDEAC0050,0.00009413,0.00010113,0.00219381,0.00130027,0.00006742
AVPEPUDEAC0051_loslibros.wav,AVPEPUDEAC0051,0.03148645,0.02486076,0.02749157,0.00381957,0.02045017
AVPEPUDEAC0052_loslibros.wav,AVPEPUDEAC0052,0.88845688,0.01006939,0.01140989,0.00080288,0.00456179
AVPEPUDEAC0053_loslibros.wav,AVPEPUDEAC0053,0.00000511,0.00029097,0.00014647,0.00006964,0.00000000
AVPEPUDEAC0054_loslibros.wav,AVPEPUDEAC0054,0.00031892,0.00000958,0.00000000,0.00000095,0.00000032
AVPEPUDEAC0057_loslibros.wav,AVPEPUDEAC0057,0.00000002,0.00000147,0.00000012,0.00000094,0.00000109
AVPEPUDEA0001_loslibros.wav,AVPEPUDEA0001,0.70309454,0.60857290,0.96592849,0.87813330,0.95240664
AVPEPUDEA0002_loslibros.wav,AVPEPUDEA0002,0.79332995,0.52608699,0.61976743,0.31302273,0.92107779
AVPEPUDEA0003_loslibros.wav,AVPEPUDEA0003,1.00000000,0.99998438,1.00000000,0.99999964,0.99999869
AVPEPUDEA0005_loslibros.wav,AVPEPUDEA0005,0.99999988,0.99999440,0.99993384,0.99999452,0.99991453
AVPEPUDEA0006_loslibros.wav,AVPEPUDEA0006,0.99286014,0.96374148,0.99002773,0.99877292,0.94426143
AVPEPUDEA0007_loslibros.wav,AVPEPUDEA0007,0.99964380,0.99975342,0.99999022,0.99917299,0.99954969
AVPEPUDEA0008_loslibros.wav,AVPEPUDEA0008,0.71004677,0.94578129,0.46512976,0.89722484,0.77999920
AVPEPUDEA0009_loslibros.wav,AVPEPUDEA0009,0.99732131,0.99978715,0.99796402,0.99999583,0.99999797
AVPEPUDEA0010_loslibros.wav,AVPEPUDEA0010,0.99999905,0.81350935,0.98999500,0.99999630,0.99997699
AVPEPUDEA0011_loslibros.wav,AVPEPUDEA0011,0.83425432,0.95127612,0.38874343,0.81723100,0.67248660
AVPEPUDEA0013_loslibros.wav,AVPEPUDEA0013,0.05488995,0.28852648,0.91404182,0.81341583,0.95770246
AVPEPUDEA0014_loslibros.wav,AVPEPUDEA0014,1.00000000,0.99999988,1.00000000,1.00000000,1.00000000
AVPEPUDEA0015_loslibros.wav,AVPEPUDEA0015,0.94399852,0.86499411,0.99816364,0.99988079,0.99823052
AVPEPUDEA0016_loslibros.wav,AVPEPUDEA0016,0.99999797,0.99999976,0.99997723,0.99999523,0.99984717
AVPEPUDEA0017_loslibros.wav,AVPEPUDEA0017,0.99998546,0.99999571,0.99999976,0.99999607,0.99999845
AVPEPUDEA0020_loslibros.wav,AVPEPUDEA0020,0.99960226,0.99803251,0.47487429,0.99993491,0.99981624
AVPEPUDEA0021_loslibros.wav,AVPEPUDEA0021,0.00263901,0.59416878,0.20452040,0.44935513,0.92206401
AVPEPUDEA0022_loslibros.wav,AVPEPUDEA0022,0.00680549,0.27408803,0.00027928,0.52026093,0.00111321
AVPEPUDEA0023_loslibros.wav,AVPEPUDEA0023,0.07251016,0.01313387,0.30327255,0.00064531,0.27619365
AVPEPUDEA0024_loslibros.wav,AVPEPUDEA0024,1.00000000,1.00000000,0.99999940,1.00000000,1.00000000
AVPEPUDEA0025_loslibros.wav,AVPEPUDEA0025,0.99803072,0.99027455,0.99878424,0.98985684,0.99719810
AVPEPUDEA0026_loslibros.wav,AVPEPUDEA0026,0.00063205,0.00352702,0.00707455,0.00514958,0.33272243
AVPEPUDEA0027_loslibros.wav,AVPEPUDEA0027,0.00003409,0.00360915,0.00012395,0.00005521,0.00096902
AVPEPUDEA0029_loslibros.wav,AVPEPUDEA0029,0.99999988,0.99845600,0.97314924,0.99569690,1.00000000
AVPEPUDEA0030_loslibros.wav,AVPEPUDEA0030,0.99999797,0.99998200,0.99999893,1.00000000,1.00000000
AVPEPUDEA0031_loslibros.wav,AVPEPUDEA0031,0.04046076,0.13774455,0.63891572,0.40387934,0.99573392
AVPEPUDEA0032_loslibros.wav,AVPEPUDEA0032,0.99239892,0.90632218,0.99806529,0.80799508,0.81565350
AVPEPUDEA0034_loslibros.wav,AVPEPUDEA0034,0.99876946,0.99930286,0.99981421,0.99996495,0.99441046
AVPEPUDEA0035_loslibros.wav,AVPEPUDEA0035,0.96064055,0.99435341,0.99249130,0.98008472,0.99874252
AVPEPUDEA0037_loslibros.wav,AVPEPUDEA0037,0.99999976,0.99949348,0.99985230,0.99999857,0.99999881
AVPEPUDEA0038_loslibros.wav,AVPEPUDEA0038,0.00008529,0.02651287,0.30025631,0.10308933,0.13581130
AVPEPUDEA0039_loslibros.wav,AVPEPUDEA0039,1.00000000,1.00000000,1.00000000,1.00000000,1.00000000
AVPEPUDEA0041_loslibros.wav,AVPEPUDEA0041,0.99943155,0.84584016,0.92662793,0.48987228,0.74954891
AVPEPUDEA0042_loslibros.wav,AVPEPUDEA0042,0.71327126,0.74584347,0.99733353,0.70879424,0.99986243
AVPEPUDEA0043_loslibros.wav,AVPEPUDEA0043,0.99995041,0.99440837,0.99999988,0.99995148,0.99999988
AVPEPUDEA0045_loslibros.wav,AVPEPUDEA0045,0.96342468,0.99340928,0.99671918,0.97783035,0.96731234
AVPEPUDEA0046_loslibros.wav,AVPEPUDEA0046,1.00000000,0.99806327,0.99998796,0.99999726,0.99999976
AVPEPUDEA0047_loslibros.wav,AVPEPUDEA0047,0.99957055,0.99736077,0.98958170,0.91935694,0.99909008
AVPEPUDEA0048_loslibros.wav,AVPEPUDEA0048,0.99993765,0.99868089,0.99987936,0.80601132,0.99987328
AVPEPUDEA0049_loslibros.wav,AVPEPUDEA0049,0.99964511,0.99994409,0.99963582,0.99810827,0.99999928
AVPEPUDEA0050_loslibros.wav,AVPEPUDEA0050,0.88754034,0.98592699,0.37703928,0.86037719,0.98909444
AVPEPUDEA0051_loslibros.wav,AVPEPUDEA0051,0.99996269,0.99999845,0.99930227,0.99991143,0.99855763
AVPEPUDEA0052_loslibros.wav,AVPEPUDEA0052,1.00000000,0.99957520,0.99954659,0.99998796,0.99958009
AVPEPUDEA0053_loslibros.wav,AVPEPUDEA0053,0.99996769,0.99802506,0.10159221,0.71112102,0.99999976
AVPEPUDEA0054_loslibros.wav,AVPEPUDEA0054,0.00000000,0.00000027,0.00000000,0.00000005,0.00000105
AVPEPUDEA0055_loslibros.wav,AVPEPUDEA0055,0.97480667,0.99998164,0.99918860,0.99999380,0.99893302
AVPEPUDEA0056_loslibros.wav,AVPEPUDEA0056,0.98739815,0.65307891,0.08659655,0.84299433,0.98250395
AVPEPUDEA0057_loslibros.wav,AVPEPUDEA0057,0.99942088,0.99656612,0.99902534,0.99784744,0.95852828
AVPEPUDEA0058_loslibros.wav,AVPEPUDEA0058,0.01996803,0.02703350,0.42578110,0.01506834,0.12202657
AVPEPUDEA0059_loslibros.wav,AVPEPUDEA0059,0.99795002,0.99818522,0.99570823,0.99990046,0.99974209
AVPEPUDEAC0001_luisa.wav,AVPEPUDEAC0001,0.00184887,0.04179458,0.02053839,0.03501197,0.01521461
AVPEPUDEAC0003_luisa.wav,AVPEPUDEAC0003,0.99993479,0.99873966,1.00000000,0.99937218,0.99999964
AVPEPUDEAC0004_luisa.wav,AVPEPUDEAC0004,0.00286761,0.04776889,0.00285295,0.31196120,0.07458519
AVPEPUDEAC0005_luisa.wav,AVPEPUDEAC0005,0.00041975,0.08021596,0.02252738,0.56722802,0.97861755
AVPEPUDEAC0006_luisa.wav,AVPEPUDEAC0006,0.75829762,0.00741372,0.20515437,0.92738962,0.27628353
AVPEPUDEAC0007_luisa.wav,AVPEPUDEAC0007,0.00422621,0.00001432,0.00938628,0.00054329,0.05564507
AVPEPUDEAC0008_luisa.wav,AVPEPUDEAC0008,0.99989033,0.99964952,0.98596758,0.99885499,0.99791569
AVPEPUDEAC0010_luisa.wav,AVPEPUDEAC0010,0.00054072,0.01343067,0.00496542,0.05524411,0.01253811
AVPEPUDEAC0011_luisa.wav,AVPEPUDEAC0011,0.96348518,0.69451654,0.53832340,0.47615585,0.27534354
AVPEPUDEAC0012_luisa.wav,AVPEPUDEAC0012,0.00006612,0.02746208,0.00175172,0.00000061,0.00794264
AVPEPUDEAC0013_luisa.wav,AVPEPUDEAC0013,0.78101432,0.07585724,0.17277530,0.42186692,0.18567900
AVPEPUDEAC0014_luisa.wav,AVPEPUDEAC0014,0.50989687,0.86541510,0.45475751,0.44533727,0.80850178
AVPEPUDEAC0015_luisa.wav,AVPEPUDEAC0015,0.00158034,0.34257624,0.16373536,0.31868631,0.13644202
AVPEPUDEAC0016_luisa.wav,AVPEPUDEAC0016,0.02041692,0.00345242,0.00448132,0.08029590,0.00760402
AVPEPUDEAC0017_luisa.wav,AVPEPUDEAC0017,0.00437267,0.00018654,0.00048671,0.02070769,0.00294406
AVPEPUDEAC0018_luisa.wav,AVPEPUDEAC0018,0.00040307,0.55827451,0.03333037,0.40028948,0.00083956
AVPEPUDEAC0019_luisa.wav,AVPEPUDEAC0019,0.02630566,0.01083235,0.00184359,0.00099856,0.04540790
AVPEPUDEAC0020_luisa.wav,AVPEPUDEAC0020,0.00300568,0.00217210,0.00392559,0.00005380,0.00045394
AVPEPUDEAC0021_luisa.wav,AVPEPUDEAC0021,0.00531748,0.00003053,0.00023433,0.00209396,0.00346538
AVPEPUDEAC0022_luisa.wav,AVPEPUDEAC0022,0.00915229,0.86380017,0.47314131,0.13361008,0.83310652
AVPEPUDEAC0023_luisa.wav,AVPEPUDEAC0023,0.00002072,0.00001763,0.00004562,0.00001414,0.00012288
AVPEPUDEAC0024_luisa.wav,AVPEPUDEAC0024,0.01466971,0.00105826,0.01240898,0.31919110,0.20917198
AVPEPUDEAC0025_luisa.wav,AVPEPUDEAC0025,0.16940150,0.06041279,0.13630483,0.04409371,0.00174809
AVPEPUDEAC0026_luisa.wav,AVPEPUDEAC0026,0.02697669,0.69981855,0.01406273,0.38384506,0.01039836
AVPEPUDEAC0027_luisa.wav,AVPEPUDEAC0027,0.98298109,0.44159469,0.30666393,0.62235951,0.69281423
AVPEPUDEAC0028_luisa.wav,AVPEPUDEAC0028,0.99993885,0.99999988,0.99999988,1.00000000,0.99999988
AVPEPUDEAC0029_luisa.wav,AVPEPUDEAC0029,0.00000080,0.00181474,0.00009242,0.02078153,0.02833799
AVPEPUDEAC0030_luisa.wav,AVPEPUDEAC0030,0.00002370,0.00004593,0.00003469,0.00081640,0.00001042
AVPEPUDEAC0031_luisa.wav,AVPEPUDEAC0031,0.04353220,0.01445195,0.00115905,0.04025210,0.01189313
AVPEPUDEAC0033_luisa.wav,AVPEPUDEAC0033,0.00000147,0.00002175,0.00001058,0.00000454,0.00000577
AVPEPUDEAC0034_luisa.wav,AVPEPUDEAC0034,0.00097234,0.00188277,0.00008895,0.00001261,0.00063115
AVPEPUDEAC0035_luisa.wav,AVPEPUDEAC0035,0.00000000,0.00000308,0.00000050,0.00000049,0.00000190
AVPEPUDEAC0037_luisa.wav,AVPEPUDEAC0037,0.14013907,0.00257857,0.17597274,0.00000022,0.00025842
AVPEPUDEAC0039_luisa.wav,AVPEPUDEAC0039,0.01782195,0.20419666,0.52678668,0.03645888,0.01025485
AVPEPUDEAC0040_luisa.wav,AVPEPUDEAC0040,0.00021214,0.00023186,0.00006603,0.00011327,0.00116344
AVPEPUDEAC0041_luisa.wav,AVPEPUDEAC0041,0.00004990,0.00000351,0.00015280,0.00018877,0.00008829
AVPEPUDEAC0042_luisa.wav,AVPEPUDEAC0042,0.00001901,0.00000054,0.00000000,0.00000010,0.00017588
AVPEPUDEAC0043_luisa.wav,AVPEPUDEAC0043,0.00116191,0.00038659,0.00122803,0.00001552,0.00001922
AVPEPUDEAC0044_luisa.wav,AVPEPUDEAC0044,0.00000037,0.00068282,0.00014137,0.00015127,0.00050981
AVPEPUDEAC0045_luisa.wav,AVPEPUDEAC0045,0.00000359,0.00001829,0.00000005,0.00000203,0.00000161
AVPEPUDEAC0046_luisa.wav,AVPEPUDEAC0046,0.01439521,0.00550849,0.03934325,0.08133870,0.10750174
AVPEPUDEAC0047_luisa.wav,AVPEPUDEAC0047,0.00924424,0.12937713,0.37516478,0.00917017,0.67279983
AVPEPUDEAC0048_luisa.wav,AVPEPUDEAC0048,0.00000063,0.00000283,0.00000005,0.00015080,0.00000041
AVPEPUDEAC0049_luisa.wav,AVPEPUDEAC0049,0.03191306,0.16851418,0.93373501,0.00027069,0.00000066
AVPEPUDEAC0050_luisa.wav,AVPEPUDEAC0050,0.00001637,0.00011893,0.00398152,0.00333168,0.00001924
AVPEPUDEAC0051_luisa.wav,AVPEPUDEAC0051,0.00672569,0.02676136,0.06494538,0.00341897,0.00401150
AVPEPUDEAC0052_luisa.wav,AVPEPUDEAC0052,0.99409783,0.66485047,0.74097216,0.02735648,0.09998650
AVPEPUDEAC0053_luisa.wav,AVPEPUDEAC0053,0.01761042,0.00315330,0.01320846,0.00147222,0.00000088
AVPEPUDEAC0054_luisa.wav,AVPEPUDEAC0054,0.03278883,0.00099887,0.00000000,0.00020674,0.00000004
AVPEPUDEAC0057_luisa.wav,AVPEPUDEAC0057,0.00000110,0.00026175,0.00000051,0.00001141,0.00000657
AVPEPUDEA0001_luisa.wav,AVPEPUDEA0001,0.99765992,0.99747211,0.99999297,0.99996209,0.99895477
AVPEPUDEA0002_luisa.wav,AVPEPUDEA0002,0.20880029,0.36256906,0.47355166,0.05760882,0.90807694
AVPEPUDEA0003_luisa.wav,AVPEPUDEA0003,0.99999976,0.99999976,1.00000000,1.00000000,1.00000000
AVPEPUDEA0005_luisa.wav,AVPEPUDEA0005,1.00000000,1.00000000,1.00000000,1.00000000,0.99999857
AVPEPUDEA0006_luisa.wav,AVPEPUDEA0006,0.73804843,0.98609328,0.97744685,0.96504754,0.47672221
AVPEPUDEA0007_luisa.wav,AVPEPUDEA0007,0.99999225,0.99998021,0.99999833,0.99998772,0.99997973
AVPEPUDEA0008_luisa.wav,AVPEPUDEA0008,0.99595636,0.63524884,0.96105003,0.99638522,0.99673164
AVPEPUDEA0009_luisa.wav,AVPEPUDEA0009,0.99999809,0.99997485,1.00000000,1.00000000,0.99999976
AVPEPUDEA0010_luisa.wav,AVPEPUDEA0010,0.69044262,0.08570281,0.69558442,0.85034972,0.89043826
AVPEPUDEA0011_luisa.wav,AVPEPUDEA0011,0.45368439,0.68127698,0.40213799,0.37040618,0.37437934
AVPEPUDEA0013_luisa.wav,AVPEPUDEA0013,0.62139487,0.08728081,0.84938419,0.96150178,0.97550231
AVPEPUDEA0014_luisa.wav,AVPEPUDEA0014,1.00000000,1.00000000,1.00000000,1.00000000,1.00000000
AVPEPUDEA0015_luisa.wav,AVPEPUDEA0015,0.99506289,0.98356736,0.99925607,0.99986291,0.99996400
AVPEPUDEA0016_luisa.wav,AVPEPUDEA0016,0.99999535,0.99999666,0.99999869,0.99936920,0.98013687
AVPEPUDEA0017_luisa.wav,AVPEPUDEA0017,1.00000000,1.00000000,1.00000000,1.00000000,1.00000000
AVPEPUDEA0020_luisa.wav,AVPEPUDEA0020,0.99927181,0.99193782,0.50876224,0.99507129,0.99947089
AVPEPUDEA0021_luisa.wav,AVPEPUDEA0021,0.00057760,0.12171334,0.18907450,0.19687343,0.37202850
AVPEPUDEA0022_luisa.wav,AVPEPUDEA0022,0.02297265,0.02518084,0.15290704,0.03558926,0.05095984
AVPEPUDEA0023_luisa.wav,AVPEPUDEA0023,0.00426863,0.00341344,0.11817934,0.00132708,0.00772991
AVPEPUDEA0024_luisa.wav,AVPEPUDEA0024,0.99999380,0.99734443,0.99986517,0.99950492,0.99996412
AVPEPUDEA0025_luisa.wav,AVPEPUDEA0025,0.98645812,0.99489647,0.97688955,0.99997902,0.99984682
AVPEPUDEA0026_luisa.wav,AVPEPUDEA0026,0.00498582,0.40051824,0.03926453,0.68945134,0.68236971
AVPEPUDEA0027_luisa.wav,AVPEPUDEA0027,0.00000582,0.01319371,0.00680431,0.00073866,0.01259934
AVPEPUDEA0029_luisa.wav,AVPEPUDEA0029,0.99999452,0.93462217,0.90499008,0.86011058,0.99999988
AVPEPUDEA0030_luisa.wav,AVPEPUDEA0030,0.99816942,0.96694905,0.09965467,0.99999511,0.98864740
AVPEPUDEA0031_luisa.wav,AVPEPUDEA0031,0.97684389,0.99684083,0.99587858,0.99643505,0.77822781
AVPEPUDEA0032_luisa.wav,AVPEPUDEA0032,0.99987459,0.49715295,0.99990165,0.69703090,0.32575247
AVPEPUDEA0034_luisa.wav,AVPEPUDEA0034,0.99533808,0.99534458,0.99748838,0.99911040,0.96586353
AVPEPUDEA0035_luisa.wav,AVPEPUDEA0035,0.98673171,0.02051192,0.55476850,0.99920517,0.97388273
AVPEPUDEA0037_luisa.wav,AVPEPUDEA0037,0.99999976,0.99394083,1.00000000,1.00000000,1.00000000
AVPEPUDEA0038_luisa.wav,AVPEPUDEA0038,0.00118432,0.01485568,0.66161513,0.16656126,0.36022919
AVPEPUDEA0039_luisa.wav,AVPEPUDEA0039,0.99999988,1.00000000,1.00000000,0.99999964,1.00000000
AVPEPUDEA0041_luisa.wav,AVPEPUDEA0041,0.53125077,0.02174487,0.14644796,0.01454288,0.00665881
AVPEPUDEA0042_luisa.wav,AVPEPUDEA0042,0.98958921,0.99970239,0.99866283,0.99949539,0.98546046
AVPEPUDEA0043_luisa.wav,AVPEPUDEA0043,0.99961036,0.98583710,0.99999249,0.99964094,0.99999535
AVPEPUDEA0045_luisa.wav,AVPEPUDEA0045,0.99979550,0.98631775,0.99991512,0.99983859,0.99993980
AVPEPUDEA0046_luisa.wav,AVPEPUDEA0046,0.99994743,0.99999988,0.99999988,1.00000000,1.00000000
AVPEPUDEA0047_luisa.wav,AVPEPUDEA0047,0.95385182,0.96268833,0.95971811,0.23790418,0.99195111
AVPEPUDEA0048_luisa.wav,AVPEPUDEA0048,0.99795169,0.02635880,0.98987550,0.92097288,0.05930398
AVPEPUDEA0049_luisa.wav,AVPEPUDEA0049,0.99962473,0.99700987,0.99991441,0.99945420,0.99999678
AVPEPUDEA0050_luisa.wav,AVPEPUDEA0050,0.77730697,0.99755317,0.97882229,0.95730466,0.99259627
AVPEPUDEA0051_luisa.wav,AVPEPUDEA0051,0.99773079,0.99629045,0.99286652,0.99975365,0.84320879
AVPEPUDEA0052_luisa.wav,AVPEPUDEA0052,1.00000000,0.99999428,0.99999166,0.99999678,0.99999642
AVPEPUDEA0053_luisa.wav,AVPEPUDEA0053,0.99999881,0.99999583,0.99971372,0.96240228,1.00000000
AVPEPUDEA0054_luisa.wav,AVPEPUDEA0054,0.00000006,0.00000678,0.00000000,0.00000204,0.00001556
AVPEPUDEA0055_luisa.wav,AVPEPUDEA0055,0.99999988,0.99997973,1.00000000,1.00000000,0.99999988
AVPEPUDEA0056_luisa.wav,AVPEPUDEA0056,0.99106479,0.57379204,0.88592029,0.99390233,0.91496712
AVPEPUDEA0057_luisa.wav,AVPEPUDEA0057,0.99180323,0.99878663,0.99988806,0.99565059,0.99960440
AVPEPUDEA0058_luisa.wav,AVPEPUDEA0058,0.00212911,0.82036662,0.95289022,0.98065281,0.98584390
AVPEPUDEA0059_luisa.wav,AVPEPUDEA0059,0.99642217,0.99999845,0.99999046,0.99940956,0.99979061
AVPEPUDEAC0001_micasa.wav,AVPEPUDEAC0001,0.00003912,0.05314621,0.03158280,0.05275797,0.00011984
AVPEPUDEAC0003_micasa.wav,AVPEPUDEAC0003,0.99993324,0.45569468,0.99999928,0.99777955,0.99999344
AVPEPUDEAC0004_micasa.wav,AVPEPUDEAC0004,0.00001746,0.00009496,0.00000870,0.02736328,0.00021706
AVPEPUDEAC0005_micasa.wav,AVPEPUDEAC0005,0.00000018,0.00797548,0.00014214,0.00351521,0.98819613
AVPEPUDEAC0006_micasa.wav,AVPEPUDEAC0006,0.93748379,0.67108744,0.75874865,0.86063594,0.40754604
AVPEPUDEAC0007_micasa.wav,AVPEPUDEAC0007,0.00174225,0.00000006,0.00380103,0.00157142,0.14056289
AVPEPUDEAC0008_micasa.wav,AVPEPUDEAC0008,0.91556787,0.58089185,0.15065478,0.30982444,0.07052649
AVPEPUDEAC0010_micasa.wav,AVPEPUDEAC0010,0.00028338,0.00520522,0.00054095,0.00148167,0.00016800
AVPEPUDEAC0011_micasa.wav,AVPEPUDEAC0011,0.97585130,0.99145669,0.98222697,0.68418378,0.49984485
AVPEPUDEAC0012_micasa.wav,AVPEPUDEAC0012,0.00000268,0.00172323,0.00314998,0.00000059,0.00174540
AVPEPUDEAC0013_micasa.wav,AVPEPUDEAC0013,0.99325490,0.88412613,0.34280381,0.93018991,0.63479578
AVPEPUDEAC0014_micasa.wav,AVPEPUDEAC0014,0.96307105,0.24337645,0.98950177,0.99711418,0.98605239
AVPEPUDEAC0015_micasa.wav,AVPEPUDEAC0015,0.00313269,0.00013162,0.06487112,0.00507598,0.00309951
AVPEPUDEAC0016_micasa.wav,AVPEPUDEAC0016,0.99983954,0.15302953,0.96303910,0.99758267,0.95875490
AVPEPUDEAC0017_micasa.wav,AVPEPUDEAC0017,0.16372237,0.07555789,0.02047673,0.60522699,0.11172786
AVPEPUDEAC0018_micasa.wav,AVPEPUDEAC0018,0.00136530,0.52319938,0.51239133,0.73889840,0.00030029
AVPEPUDEAC0019_micasa.wav,AVPEPUDEAC0019,0.00003699,0.00004093,0.00000431,0.00000068,0.00000045
AVPEPUDEAC0020_micasa.wav,AVPEPUDEAC0020,0.00196036,0.05750161,0.00363418,0.00003767,0.00109368
AVPEPUDEAC0021_micasa.wav,AVPEPUDEAC0021,0.00831480,0.00000258,0.00000272,0.00032701,0.00006606
AVPEPUDEAC0022_micasa.wav,AVPEPUDEAC0022,0.88089812,0.57318884,0.89630181,0.97711325,0.92052895
AVPEPUDEAC0023_micasa.wav,AVPEPUDEAC0023,0.00000001,0.00001042,0.00004501,0.00000001,0.00009558
AVPEPUDEAC0024_micasa.wav,AVPEPUDEAC0024,0.23574805,0.08905993,0.13980752,0.89078915,0.02509256
AVPEPUDEAC0025_micasa.wav,AVPEPUDEAC0025,0.96275264,0.35857505,0.96817207,0.97208065,0.00007593
AVPEPUDEAC0026_micasa.wav,AVPEPUDEAC0026,0.00678043,0.17286614,0.00033747,0.05094017,0.00400778
AVPEPUDEAC0027_micasa.wav,AVPEPUDEAC0027,0.99939895,0.99994743,0.99970120,0.99727648,0.99992907
AVPEPUDEAC0028_micasa.wav,AVPEPUDEAC0028,0.91675943,0.02726809,0.76731604,0.00216268,0.99881625
AVPEPUDEAC0029_micasa.wav,AVPEPUDEAC0029,0.00003733,0.00006321,0.00000945,0.00016072,0.00000938
AVPEPUDEAC0030_micasa.wav,AVPEPUDEAC0030,0.00125230,0.00182959,0.00637182,0.09185546,0.00267609
AVPEPUDEAC0031_micasa.wav,AVPEPUDEAC0031,0.00029400,0.00019763,0.00954938,0.03229358,0.07419094
AVPEPUDEAC0033_micasa.wav,AVPEPUDEAC0033,0.01043605,0.00000883,0.00004858,0.00268419,0.00042448
AVPEPUDEAC0034_micasa.wav,AVPEPUDEAC0034,0.00001004,0.00007438,0.00001888,0.00000120,0.00000554
AVPEPUDEAC0035_micasa.wav,AVPEPUDEAC0035,0.00000000,0.00000005,0.00002715,0.00000009,0.00001171
AVPEPUDEAC0037_micasa.wav,AVPEPUDEAC0037,0.91382319,0.00170865,0.10222241,0.00000132,0.00142183
AVPEPUDEAC0039_micasa.wav,AVPEPUDEAC0039,0.04024376,0.05531381,0.01004496,0.00584659,0.00236090
AVPEPUDEAC0040_micasa.wav,AVPEPUDEAC0040,0.00001196,0.00000463,0.00000009,0.00000108,0.00000677
AVPEPUDEAC0041_micasa.wav,AVPEPUDEAC0041,0.00003956,0.00003697,0.00083159,0.00013092,0.00400839
AVPEPUDEAC0042_micasa.wav,AVPEPUDEAC0042,0.00009669,0.00000330,0.00000000,0.00000010,0.00013954
AVPEPUDEAC0043_micasa.wav,AVPEPUDEAC0043,0.00003457,0.00021584,0.00001356,0.00065749,0.00000950
AVPEPUDEAC0044_micasa.wav,AVPEPUDEAC0044,0.00000000,0.00004979,0.00000054,0.00000127,0.00000055
AVPEPUDEAC0045_micasa.wav,AVPEPUDEAC0045,0.00000267,0.00003412,0.00000545,0.00001105,0.00038383
AVPEPUDEAC0046_micasa.wav,AVPEPUDEAC0046,0.90829760,0.50412357,0.37817520,0.88968551,0.49456701
AVPEPUDEAC0047_micasa.wav,AVPEPUDEAC0047,0.04041281,0.26657730,0.74630243,0.05282704,0.77791798
AVPEPUDEAC0048_micasa.wav,AVPEPUDEAC0048,0.00007756,0.00150213,0.00000001,0.00000853,0.00000009
AVPEPUDEAC0049_micasa.wav,AVPEPUDEAC0049,0.00032797,0.00000250,0.00038847,0.00000112,0.00000000
AVPEPUDEAC0050_micasa.wav,AVPEPUDEAC0050,0.00000163,0.00000206,0.00016072,0.00096438,0.00000342
AVPEPUDEAC0051_micasa.wav,AVPEPUDEAC0051,0.07927828,0.13431989,0.05414033,0.09553216,0.12996416
AVPEPUDEAC0052_micasa.wav,AVPEPUDEAC0052,0.91668886,0.16530560,0.03462977,0.05884645,0.65952772
AVPEPUDEAC0053_micasa.wav,AVPEPUDEAC0053,0.01954472,0.01434641,0.01204978,0.00260829,0.00000026
AVPEPUDEAC0054_micasa.wav,AVPEPUDEAC0054,0.00081898,0.00014429,0.00000000,0.00007171,0.00000000
AVPEPUDEAC0057_micasa.wav,AVPEPUDEAC0057,0.00000000,0.00000361,0.00001319,0.00000014,0.00000896
AVPEPUDEA0001_micasa.wav,AVPEPUDEA0001,0.99999928,0.99947053,0.99999595,0.99998379,0.99999988
AVPEPUDEA0002_micasa.wav,AVPEPUDEA0002,0.95201254,0.07849756,0.97497809,0.92242962,0.95964199
AVPEPUDEA0003_micasa.wav,AVPEPUDEA0003,1.00000000,0.99988365,1.00000000,0.99999869,0.99997938
AVPEPUDEA0005_micasa.wav,AVPEPUDEA0005,1.00000000,0.99999726,0.99999607,0.99999762,0.99999869
AVPEPUDEA0006_micasa.wav,AVPEPUDEA0006,0.13471065,0.96953034,0.88410068,0.95197308,0.55834812
AVPEPUDEA0007_micasa.wav,AVPEPUDEA0007,0.99996841,0.99945575,1.00000000,0.99837661,0.99999011
AVPEPUDEA0008_micasa.wav,AVPEPUDEA0008,0.98131853,0.97151452,0.99764746,0.99956030,0.99594104
AVPEPUDEA0009_micasa.wav,AVPEPUDEA0009,0.99755895,0.99997640,0.99987137,1.00000000,0.99999750
AVPEPUDEA0010_micasa.wav,AVPEPUDEA0010,0.99999535,0.99950826,0.99999177,0.99999809,0.99999893
AVPEPUDEA0011_micasa.wav,AVPEPUDEA0011,0.00000081,0.00000062,0.00000863,0.00000233,0.00000467
AVPEPUDEA0013_micasa.wav,AVPEPUDEA0013,0.07188599,0.02516156,0.71063399,0.33206227,0.76781982
AVPEPUDEA0014_micasa.wav,AVPEPUDEA0014,1.00000000,1.00000000,1.00000000,0.99999988,1.00000000
AVPEPUDEA0015_micasa.wav,AVPEPUDEA0015,0.34151816,0.31239420,0.95746779,0.98498315,0.96076196
AVPEPUDEA0016_micasa.wav,AVPEPUDEA0016,0.99999988,0.99999976,0.99992907,0.99999440,0.99978107
AVPEPUDEA0017_micasa.wav,AVPEPUDEA0017,1.00000000,0.99999845,1.00000000,0.99999976,1.00000000
AVPEPUDEA0020_micasa.wav,AVPEPUDEA0020,0.07752962,0.02107382,0.00001492,0.09646431,0.87606591
AVPEPUDEA0021_micasa.wav,AVPEPUDEA0021,0.78888279,0.99360919,0.98825514,0.84902298,0.99830532
AVPEPUDEA0022_micasa.wav,AVPEPUDEA0022,0.00000045,0.00038755,0.05311754,0.79526877,0.00187236
AVPEPUDEA0023_micasa.wav,AVPEPUDEA0023,0.01955265,0.03429729,0.91918510,0.02536980,0.00842902
AVPEPUDEA0024_micasa.wav,AVPEPUDEA0024,0.72323078,0.99999487,0.99994683,0.93862468,0.99988127
AVPEPUDEA0025_micasa.wav,AVPEPUDEA0025,0.98655647,0.99987495,0.99993634,0.99986529,0.99997306
AVPEPUDEA0026_micasa.wav,AVPEPUDEA0026,0.00213490,0.03996896,0.16837911,0.64349020,0.25719818
AVPEPUDEA0027_micasa.wav,AVPEPUDEA0027,0.00000009,0.00009834,0.01755723,0.00000029,0.00699524
AVPEPUDEA0029_micasa.wav,AVPEPUDEA0029,1.00000000,0.99535722,0.95104265,0.77576333,1.00000000
AVPEPUDEA0030_micasa.wav,AVPEPUDEA0030,0.99845409,1.00000000,0.99999964,1.00000000,1.00000000
AVPEPUDEA0031_micasa.wav,AVPEPUDEA0031,0.99830401,0.59110212,0.99217683,0.99730897,0.75399888
AVPEPUDEA0032_micasa.wav,AVPEPUDEA0032,0.85526192,0.01534157,0.98532468,0.24015510,0.88943493
AVPEPUDEA0034_micasa.wav,AVPEPUDEA0034,0.99840456,0.99999094,0.99915087,0.99981505,0.99946445
AVPEPUDEA0035_micasa.wav,AVPEPUDEA0035,0.95251292,0.39160424,0.06153348,0.99627435,0.77496052
AVPEPUDEA0037_micasa.wav,AVPEPUDEA0037,0.99999917,0.99998939,0.99998093,0.99999797,0.99999571
AVPEPUDEA0038_micasa.wav,AVPEPUDEA0038,0.00015962,0.00153874,0.04486356,0.00977905,0.19770782
AVPEPUDEA0039_micasa.wav,AVPEPUDEA0039,0.99995613,0.99990857,1.00000000,0.99999833,0.99999166
AVPEPUDEA0041_micasa.wav,AVPEPUDEA0041,0.70941657,0.11999129,0.93012553,0.04822297,0.17870870
AVPEPUDEA0042_micasa.wav,AVPEPUDEA0042,0.08035627,0.18566149,0.40246305,0.25390857,0.65888268
AVPEPUDEA0043_micasa.wav,AVPEPUDEA0043,0.99999988,0.99998260,1.00000000,0.99999714,1.00000000
AVPEPUDEA0045_micasa.wav,AVPEPUDEA0045,0.97950667,0.34329739,0.99914455,0.99986088,0.99912685
AVPEPUDEA0046_micasa.wav,AVPEPUDEA0046,1.00000000,0.99999833,0.99954021,0.99995267,0.99996126
AVPEPUDEA0047_micasa.wav,AVPEPUDEA0047,0.97817665,0.96707505,0.89285070,0.99941778,0.99982601
AVPEPUDEA0048_micasa.wav,AVPEPUDEA0048,0.99999416,0.98787594,0.94229335,0.96251225,0.97334188
AVPEPUDEA0049_micasa.wav,AVPEPUDEA0049,0.99997878,0.99998689,0.99992812,0.99986291,0.99999988
AVPEPUDEA0050_micasa.wav,AVPEPUDEA0050,0.09203337,0.94134843,0.99743026,0.39257729,0.98648709
AVPEPUDEA0051_micasa.wav,AVPEPUDEA0051,0.99974960,0.97489935,0.99133283,0.99973780,0.99284875
AVPEPUDEA0052_micasa.wav,AVPEPUDEA0052,1.00000000,0.99987245,0.99977523,0.99997234,0.99995697
AVPEPUDEA0053_micasa.wav,AVPEPUDEA0053,0.99999344,0.99999893,0.87916940,0.91480678,0.99999988
AVPEPUDEA0054_micasa.wav,AVPEPUDEA0054,0.00000003,0.00000253,0.00000000,0.00000013,0.00000047
AVPEPUDEA0055_micasa.wav,AVPEPUDEA0055,0.99999464,0.97624081,0.99979526,0.99999511,0.99798787
AVPEPUDEA0056_micasa.wav,AVPEPUDEA0056,0.99992120,0.93108517,0.99491102,0.99890280,0.99970067
AVPEPUDEA0057_micasa.wav,AVPEPUDEA0057,0.99988329,0.99999619,0.99996877,0.99994135,0.99999952
AVPEPUDEA0058_micasa.wav,AVPEPUDEA0058,0.00003985,0.01836038,0.05706959,0.09605850,0.47762966
AVPEPUDEA0059_micasa.wav,AVPEPUDEA0059,0.58017492,0.95049608,0.93771434,0.77884793,0.34358460
AVPEPUDEAC0001_omar.wav,AVPEPUDEAC0001,0.00003459,0.00019494,0.00470412,0.00068241,0.00010462
AVPEPUDEAC0003_omar.wav,AVPEPUDEAC0003,0.99131900,0.13310450,0.99999750,0.99487066,0.99975461
AVPEPUDEAC0004_omar.wav,AVPEPUDEAC0004,0.00046857,0.00053879,0.00096948,0.07352778,0.00003447
AVPEPUDEAC0005_omar.wav,AVPEPUDEAC0005,0.00000199,0.01026049,0.00096300,0.01880720,0.46268293
AVPEPUDEAC0006_omar.wav,AVPEPUDEAC0006,0.99859208,0.85706449,0.99907637,0.97130752,0.99747086
AVPEPUDEAC0007_omar.wav,AVPEPUDEAC0007,0.00112707,0.00001050,0.00093527,0.00003586,0.07703244
AVPEPUDEAC0008_omar.wav,AVPEPUDEAC0008,0.36207423,0.57716882,0.04470580,0.60881352,0.00556914
AVPEPUDEAC0010_omar.wav,AVPEPUDEAC0010,0.00009960,0.00278307,0.03615201,0.12188105,0.00241715
AVPEPUDEAC0011_omar.wav,AVPEPUDEAC0011,0.99932599,0.99894387,0.98811114,0.98182398,0.95813513
AVPEPUDEAC0012_omar.wav,AVPEPUDEAC0012,0.00012321,0.00083174,0.00019806,0.00001505,0.00022367
AVPEPUDEAC0013_omar.wav,AVPEPUDEAC0013,0.98838300,0.99991131,0.98446006,0.98849046,0.97636205
AVPEPUDEAC0014_omar.wav,AVPEPUDEAC0014,0.01336238,0.00245800,0.00555584,0.15526693,0.01068805
AVPEPUDEAC0015_omar.wav,AVPEPUDEAC0015,0.00149062,0.00053520,0.39426228,0.00010806,0.00438299
AVPEPUDEAC0016_omar.wav,AVPEPUDEAC0016,0.99217767,0.37504208,0.28765568,0.99891436,0.99586749
AVPEPUDEAC0017_omar.wav,AVPEPUDEAC0017,0.01391272,0.24154221,0.00082020,0.01046578,0.03399517
AVPEPUDEAC0018_omar.wav,AVPEPUDEAC0018,0.02042203,0.06465949,0.09703273,0.86773610,0.00117215
AVPEPUDEAC0019_omar.wav,AVPEPUDEAC0019,0.00212744,0.00000041,0.00000465,0.00011508,0.00002382
AVPEPUDEAC0020_omar.wav,AVPEPUDEAC0020,0.02738694,0.00131353,0.02735635,0.00008423,0.01022945
AVPEPUDEAC0021_omar.wav,AVPEPUDEAC0021,0.04730514,0.00161346,0.00274608,0.39314339,0.12216493
AVPEPUDEAC0022_omar.wav,AVPEPUDEAC0022,0.69152087,0.78975993,0.67940390,0.15662235,0.35083342
AVPEPUDEAC0023_omar.wav,AVPEPUDEAC0023,0.00000712,0.00001515,0.00003136,0.00000393,0.00106555
AVPEPUDEAC0024_omar.wav,AVPEPUDEAC0024,0.06401628,0.02542170,0.04172532,0.12239017,0.13444006
AVPEPUDEAC0025_omar.wav,AVPEPUDEAC0025,0.00148948,0.00000933,0.03322215,0.01512192,0.00000317
AVPEPUDEAC0026_omar.wav,AVPEPUDEAC0026,0.04684719,0.12100834,0.01823381,0.87213039,0.27219194
AVPEPUDEAC0027_omar.wav,AVPEPUDEAC0027,0.99984276,0.91531295,0.53217673,0.97024441,0.56725419
AVPEPUDEAC0028_omar.wav,AVPEPUDEAC0028,0.99998784,1.00000000,1.00000000,1.00000000,1.00000000
AVPEPUDEAC0029_omar.wav,AVPEPUDEAC0029,0.00001816,0.02019878,0.00008522,0.04603666,0.00931476
AVPEPUDEAC0030_omar.wav,AVPEPUDEAC0030,0.00018088,0.00000001,0.00000117,0.00570931,0.00000020
AVPEPUDEAC0031_omar.wav,AVPEPUDEAC0031,0.00118149,0.00000011,0.00000038,0.00017749,0.00000162
AVPEPUDEAC0033_omar.wav,AVPEPUDEAC0033,0.00247478,0.00219552,0.00190498,0.10514154,0.00959239
AVPEPUDEAC0034_omar.wav,AVPEPUDEAC0034,0.00174076,0.00092100,0.00042911,0.00001233,0.00018110
AVPEPUDEAC0035_omar.wav,AVPEPUDEAC0035,0.00000000,0.00000041,0.00000321,0.00000023,0.00000091
AVPEPUDEAC0037_omar.wav,AVPEPUDEAC0037,0.86044711,0.00010219,0.00140204,0.00016951,0.00036501
AVPEPUDEAC0039_omar.wav,AVPEPUDEAC0039,0.26398066,0.00167338,0.00048591,0.00118833,0.01426454
AVPEPUDEAC0040_omar.wav,AVPEPUDEAC0040,0.00003094,0.00000000,0.00000000,0.00000000,0.00000003
AVPEPUDEAC0041_omar.wav,AVPEPUDEAC0041,0.00008684,0.00000216,0.00000036,0.00000247,0.00000286
AVPEPUDEAC0042_omar.wav,AVPEPUDEAC0042,0.00015871,0.00001016,0.00000000,0.00000017,0.00002254
AVPEPUDEAC0043_omar.wav,AVPEPUDEAC0043,0.05029427,0.47770131,0.00774756,0.00024654,0.07027639
AVPEPUDEAC0044_omar.wav,AVPEPUDEAC0044,0.00000002,0.00081797,0.00000530,0.00004715,0.00001609
AVPEPUDEAC0045_omar.wav,AVPEPUDEAC0045,0.00000002,0.00000027,0.00000010,0.00000029,0.00000005
AVPEPUDEAC0046_omar.wav,AVPEPUDEAC0046,0.00000253,0.00000406,0.00001686,0.00126361,0.00606255
AVPEPUDEAC0047_omar.wav,AVPEPUDEAC0047,0.00322974,0.00011463,0.00097550,0.00293389,0.00037671
AVPEPUDEAC0048_omar.wav,AVPEPUDEAC0048,0.00001474,0.00000126,0.00000001,0.00000001,0.00000000
AVPEPUDEAC0049_omar.wav,AVPEPUDEAC0049,0.00000079,0.00002886,0.00012554,0.00000131,0.00000000
AVPEPUDEAC0050_omar.wav,AVPEPUDEAC0050,0.00002860,0.00000004,0.00002179,0.00046698,0.00000003
AVPEPUDEAC0051_omar.wav,AVPEPUDEAC0051,0.00045125,0.00105569,0.01583220,0.00120789,0.00652352
AVPEPUDEAC0052_omar.wav,AVPEPUDEAC0052,0.11550741,0.00000865,0.00018611,0.00000769,0.00013925
AVPEPUDEAC0053_omar.wav,AVPEPUDEAC0053,0.00018393,0.00041022,0.00406987,0.00011200,0.00000001
AVPEPUDEAC0054_omar.wav,AVPEPUDEAC0054,0.00125495,0.00005466,0.00000000,0.00000975,0.00000006
AVPEPUDEAC0057_omar.wav,AVPEPUDEAC0057,0.00094751,0.00000064,0.00000013,0.00000007,0.00000185
AVPEPUDEA0001_omar.wav,AVPEPUDEA0001,0.39329907,0.55880475,0.98626524,0.58731651,0.77451915
AVPEPUDEA0002_omar.wav,AVPEPUDEA0002,0.99981815,0.99998224,0.99998522,0.99996233,0.99996078
AVPEPUDEA0003_omar.wav,AVPEPUDEA0003,1.00000000,0.99999988,0.99999976,0.99815553,0.99999380
AVPEPUDEA0005_omar.wav,AVPEPUDEA0005,1.00000000,1.00000000,1.00000000,1.00000000,1.00000000
AVPEPUDEA0006_omar.wav,AVPEPUDEA0006,0.16709918,0.49398232,0.85399115,0.81869948,0.18186359
AVPEPUDEA0007_omar.wav,AVPEPUDEA0007,1.00000000,0.99999988,0.99984527,0.99999976,1.00000000
AVPEPUDEA0008_omar.wav,AVPEPUDEA0008,0.25378844,0.59745121,0.13575990,0.07757223,0.12895219
AVPEPUDEA0009_omar.wav,AVPEPUDEA0009,0.99219078,0.99936074,0.99987912,1.00000000,0.99881846
AVPEPUDEA0010_omar.wav,AVPEPUDEA0010,0.99999130,0.99999344,0.99998033,0.99999857,1.00000000
AVPEPUDEA0011_omar.wav,AVPEPUDEA0011,0.02149229,0.79885244,0.05697069,0.48790300,0.00541749
AVPEPUDEA0013_omar.wav,AVPEPUDEA0013,0.99999809,0.96925360,0.99356008,0.98542136,0.99718624
AVPEPUDEA0014_omar.wav,AVPEPUDEA0014,1.00000000,1.00000000,1.00000000,1.00000000,1.00000000
AVPEPUDEA0015_omar.wav,AVPEPUDEA0015,0.98822463,0.26683915,0.99976856,0.99416780,0.99940693
AVPEPUDEA0016_omar.wav,AVPEPUDEA0016,1.00000000,1.00000000,1.00000000,1.00000000,0.99999869
AVPEPUDEA0017_omar.wav,AVPEPUDEA0017,1.00000000,1.00000000,1.00000000,1.00000000,1.00000000
AVPEPUDEA0020_omar.wav,AVPEPUDEA0020,0.99606895,0.99613708,0.00043698,0.96837693,0.99937999
AVPEPUDEA0021_omar.wav,AVPEPUDEA0021,0.00475293,0.02051684,0.02602130,0.49041536,0.64095628
AVPEPUDEA0022_omar.wav,AVPEPUDEA0022,0.57125831,0.93053216,0.53181934,0.75661993,0.75539637
AVPEPUDEA0023_omar.wav,AVPEPUDEA0023,0.00000122,0.00000642,0.00407635,0.00201156,0.00288300
AVPEPUDEA0024_omar.wav,AVPEPUDEA0024,0.99952221,0.99999988,0.99999774,0.99999630,0.99999261
AVPEPUDEA0025_omar.wav,AVPEPUDEA0025,0.88473541,0.87504488,0.97312295,0.97240001,0.98132414
AVPEPUDEA0026_omar.wav,AVPEPUDEA0026,0.33888108,0.57213223,0.25616771,0.90880036,0.95004076
AVPEPUDEA0027_omar.wav,AVPEPUDEA0027,0.00000394,0.00001899,0.00519796,0.00022231,0.03708167
AVPEPUDEA0029_omar.wav,AVPEPUDEA0029,0.99999678,0.99998403,0.99997127,0.99990964,1.00000000
AVPEPUDEA0030_omar.wav,AVPEPUDEA0030,0.99961382,0.99999964,0.99999905,1.00000000,0.99999869
AVPEPUDEA0031_omar.wav,AVPEPUDEA0031,0.53202593,0.12763599,0.03963345,0.46189621,0.99749690
AVPEPUDEA0032_omar.wav,AVPEPUDEA0032,0.99922431,0.93729347,0.99981123,0.81915617,0.93073028
AVPEPUDEA0034_omar.wav,AVPEPUDEA0034,0.99999893,0.99254650,1.00000000,1.00000000,0.99994588
AVPEPUDEA0035_omar.wav,AVPEPUDEA0035,0.68736565,0.60079503,0.83251619,0.06933228,0.92859155
AVPEPUDEA0037_omar.wav,AVPEPUDEA0037,1.00000000,0.99990451,0.99999940,1.00000000,1.00000000
AVPEPUDEA0038_omar.wav,AVPEPUDEA0038,0.01708714,0.99706358,0.98834491,0.99105597,0.96792042
AVPEPUDEA0039_omar.wav,AVPEPUDEA0039,0.99999964,1.00000000,1.00000000,1.00000000,1.00000000
AVPEPUDEA0041_omar.wav,AVPEPUDEA0041,0.88823164,0.88790965,0.95981222,0.00733518,0.46239412
AVPEPUDEA0042_omar.wav,AVPEPUDEA0042,0.96046859,0.88975477,0.99992108,0.33961475,0.94832277
AVPEPUDEA0043_omar.wav,AVPEPUDEA0043,0.99998295,0.99986982,0.99999607,0.99996424,0.99999928
AVPEPUDEA0045_omar.wav,AVPEPUDEA0045,0.94989640,0.99382776,0.99722570,0.97984648,0.99407613
AVPEPUDEA0046_omar.wav,AVPEPUDEA0046,1.00000000,1.00000000,0.99726570,0.99647093,0.99999988
AVPEPUDEA0047_omar.wav,AVPEPUDEA0047,0.82474285,0.24812824,0.49821243,0.52834845,0.99721837
AVPEPUDEA0048_omar.wav,AVPEPUDEA0048,0.91045880,0.97299093,0.99453592,0.08379294,0.54219431
AVPEPUDEA0049_omar.wav,AVPEPUDEA0049,0.99999237,0.99999976,1.00000000,0.99999988,1.00000000
AVPEPUDEA0050_omar.wav,AVPEPUDEA0050,0.84304786,0.99209595,0.31532949,0.99072075,0.85509443
AVPEPUDEA0051_omar.wav,AVPEPUDEA0051,0.99802339,0.99686629,0.99998200,0.99928325,0.99904984
AVPEPUDEA0052_omar.wav,AVPEPUDEA0052,1.00000000,0.99999380,0.99896383,0.99998963,0.99999797
AVPEPUDEA0053_omar.wav,AVPEPUDEA0053,0.99802303,0.99939525,0.27910724,0.02037234,0.99999988
AVPEPUDEA0054_omar.wav,AVPEPUDEA0054,0.00000005,0.00002267,0.00000000,0.00000539,0.00000348
AVPEPUDEA0055_omar.wav,AVPEPUDEA0055,1.00000000,0.99999988,1.00000000,1.00000000,0.99999690
AVPEPUDEA0056_omar.wav,AVPEPUDEA0056,0.99999607,0.98530430,0.99765462,0.99998927,1.00000000
AVPEPUDEA0057_omar.wav,AVPEPUDEA0057,0.99999964,1.00000000,1.00000000,0.99999976,1.00000000
AVPEPUDEA0058_omar.wav,AVPEPUDEA0058,0.11489239,0.16106178,0.15196402,0.08407753,0.31363496
AVPEPUDEA0059_omar.wav,AVPEPUDEA0059,0.99853647,0.99999404,0.99998713,0.99999511,0.99999321
AVPEPUDEAC0001_rosita.wav,AVPEPUDEAC0001,0.00259696,0.02226204,0.00604983,0.00576104,0.00111644
AVPEPUDEAC0003_rosita.wav,AVPEPUDEAC0003,0.97791344,0.52310389,0.99958605,0.90337962,0.99947411
AVPEPUDEAC0004_rosita.wav,AVPEPUDEAC0004,0.07457468,0.22034135,0.02689443,0.86330456,0.38974637
AVPEPUDEAC0005_rosita.wav,AVPEPUDEAC0005,0.00006297,0.06632534,0.00277430,0.05940164,0.35700580
AVPEPUDEAC0006_rosita.wav,AVPEPUDEAC0006,0.72998297,0.37477526,0.52877539,0.95109463,0.84432304
AVPEPUDEAC0007_rosita.wav,AVPEPUDEAC0007,0.03315549,0.00021540,0.22917500,0.01474766,0.47634381
AVPEPUDEAC0008_rosita.wav,AVPEPUDEAC0008,0.99305046,0.55630648,0.98106682,0.43308926,0.97495043
AVPEPUDEAC0010_rosita.wav,AVPEPUDEAC0010,0.00075639,0.10417897,0.07766211,0.87428665,0.01887504
AVPEPUDEAC0011_rosita.wav,AVPEPUDEAC0011,0.63905180,0.98829055,0.57542121,0.41571599,0.47103450
AVPEPUDEAC0012_rosita.wav,AVPEPUDEAC0012,0.00008251,0.00058775,0.00041060,0.00000831,0.00045245
AVPEPUDEAC0013_rosita.wav,AVPEPUDEAC0013,0.87555754,0.97498655,0.56746507,0.99415153,0.60314184
AVPEPUDEAC0014_rosita.wav,AVPEPUDEAC0014,0.60700852,0.06321292,0.17090052,0.14353496,0.00027567
AVPEPUDEAC0015_rosita.wav,AVPEPUDEAC0015,0.36923447,0.53796673,0.98697168,0.70161211,0.11409444
AVPEPUDEAC0016_rosita.wav,AVPEPUDEAC0016,0.87002039,0.99667823,0.99692374,0.99960369,0.93159389
AVPEPUDEAC0017_rosita.wav,AVPEPUDEAC0017,0.06658199,0.05717491,0.00025212,0.15085515,0.00135830
AVPEPUDEAC0018_rosita.wav,AVPEPUDEAC0018,0.01937497,0.08833629,0.00827959,0.08991972,0.00179908
AVPEPUDEAC0019_rosita.wav,AVPEPUDEAC0019,0.00012072,0.00002285,0.00015489,0.00002466,0.00000480
AVPEPUDEAC0020_rosita.wav,AVPEPUDEAC0020,0.19890611,0.21814308,0.13198487,0.08828156,0.00305209
AVPEPUDEAC0021_rosita.wav,AVPEPUDEAC0021,0.00002442,0.00004222,0.00080810,0.00018428,0.00081366
AVPEPUDEAC0022_rosita.wav,AVPEPUDEAC0022,0.99431181,0.98868483,0.95724469,0.80281174,0.96274245
AVPEPUDEAC0023_rosita.wav,AVPEPUDEAC0023,0.00000068,0.00000778,0.00124875,0.00000348,0.00051759
AVPEPUDEAC0024_rosita.wav,AVPEPUDEAC0024,0.02409499,0.01048061,0.01845227,0.07892991,0.18276933
AVPEPUDEAC0025_rosita.wav,AVPEPUDEAC0025,0.02312949,0.01590525,0.01946729,0.05614603,0.00448711
AVPEPUDEAC0026_rosita.wav,AVPEPUDEAC0026,0.13205791,0.06060539,0.07111996,0.01379784,0.00745248
AVPEPUDEAC0027_rosita.wav,AVPEPUDEAC0027,0.98901153,0.06844832,0.26927313,0.12450067,0.44465458
AVPEPUDEAC0028_rosita.wav,AVPEPUDEAC0028,0.99818760,1.00000000,0.99999988,1.00000000,0.99999988
AVPEPUDEAC0029_rosita.wav,AVPEPUDEAC0029,0.00003474,0.00070319,0.00035601,0.00110067,0.00163906
AVPEPUDEAC0030_rosita.wav,AVPEPUDEAC0030,0.00002197,0.00039327,0.00219794,0.00254235,0.01475342
AVPEPUDEAC0031_rosita.wav,AVPEPUDEAC0031,0.04935668,0.00064755,0.00059186,0.00043564,0.00510638
AVPEPUDEAC0033_rosita.wav,AVPEPUDEAC0033,0.00382273,0.00006542,0.00191985,0.00030944,0.00076058
AVPEPUDEAC0034_rosita.wav,AVPEPUDEAC0034,0.00000009,0.00029477,0.00000332,0.00000050,0.00002458
AVPEPUDEAC0035_rosita.wav,AVPEPUDEAC0035,0.00000002,0.00000199,0.00001505,0.00000319,0.00012089
AVPEPUDEAC0037_rosita.wav,AVPEPUDEAC0037,0.88887382,0.66380161,0.95592904,0.00005384,0.17961663
AVPEPUDEAC0039_rosita.wav,AVPEPUDEAC0039,0.00717083,0.00966287,0.01499630,0.04077600,0.03143754
AVPEPUDEAC0040_rosita.wav,AVPEPUDEAC0040,0.00000062,0.00000018,0.00000609,0.00000032,0.00000953
AVPEPUDEAC0041_rosita.wav,AVPEPUDEAC0041,0.00135851,0.00204216,0.00097025,0.00272850,0.02865775
AVPEPUDEAC0042_rosita.wav,AVPEPUDEAC0042,0.00018974,0.00014082,0.00000174,0.00000145,0.00093961
AVPEPUDEAC0043_rosita.wav,AVPEPUDEAC0043,0.00003930,0.00006042,0.00004539,0.00000035,0.00000111
AVPEPUDEAC0044_rosita.wav,AVPEPUDEAC0044,0.00001776,0.43378747,0.04316874,0.31208271,0.11784951
AVPEPUDEAC0045_rosita.wav,AVPEPUDEAC0045,0.00000000,0.00000001,0.00000015,0.00000000,0.00000004
AVPEPUDEAC0046_rosita.wav,AVPEPUDEAC0046,0.00018025,0.02288947,0.00128139,0.00468533,0.00775840
AVPEPUDEAC0047_rosita.wav,AVPEPUDEAC0047,0.00092928,0.00014820,0.00389525,0.00035530,0.00125884
AVPEPUDEAC0048_rosita.wav,AVPEPUDEAC0048,0.00018331,0.00006934,0.00000026,0.00000002,0.00000005
AVPEPUDEAC0049_rosita.wav,AVPEPUDEAC0049,0.00001051,0.00007935,0.00186990,0.00006949,0.00000026
AVPEPUDEAC0050_rosita.wav,AVPEPUDEAC0050,0.00017316,0.00019128,0.02414255,0.04009304,0.00056404
AVPEPUDEAC0051_rosita.wav,AVPEPUDEAC0051,0.34257060,0.12556855,0.26748067,0.48745233,0.81219262
AVPEPUDEAC0052_rosita.wav,AVPEPUDEAC0052,0.18958984,0.00029059,0.00108179,0.00000065,0.00001740
AVPEPUDEAC0053_rosita.wav,AVPEPUDEAC0053,0.00016137,0.00007346,0.08568244,0.00001128,0.00000014
AVPEPUDEAC0054_rosita.wav,AVPEPUDEAC0054,0.00151318,0.00008876,0.00000000,0.00001283,0.00000049
AVPEPUDEAC0057_rosita.wav,AVPEPUDEAC0057,0.00000166,0.00001403,0.00000063,0.00000035,0.00000317
AVPEPUDEA0001_rosita.wav,AVPEPUDEA0001,0.99879128,0.99961108,0.99662316,0.99849749,0.99999464
AVPEPUDEA0002_rosita.wav,AVPEPUDEA0002,0.53479344,0.92838514,0.96353245,0.60283732,0.99377173
AVPEPUDEA0003_rosita.wav,AVPEPUDEA0003,1.00000000,1.00000000,1.00000000,1.00000000,1.00000000
AVPEPUDEA0005_rosita.wav,AVPEPUDEA0005,0.99999988,1.00000000,0.99999690,0.99999869,0.99999988
AVPEPUDEA0006_rosita.wav,AVPEPUDEA0006,0.99836236,0.42457029,0.99180859,0.98281026,0.97820765
AVPEPUDEA0007_rosita.wav,AVPEPUDEA0007,0.99998772,0.99997950,0.99995613,0.99990118,0.99999070
AVPEPUDEA0008_rosita.wav,AVPEPUDEA0008,0.99434835,0.99071866,0.97817856,0.98780990,0.99269801
AVPEPUDEA0009_rosita.wav,AVPEPUDEA0009,0.99999630,0.99999690,0.99999964,1.00000000,1.00000000
AVPEPUDEA0010_rosita.wav,AVPEPUDEA0010,0.99999964,0.99722457,0.99775392,0.99999964,0.99999952
AVPEPUDEA0011_rosita.wav,AVPEPUDEA0011,0.00406668,0.04219771,0.00768443,0.04379694,0.07595237
AVPEPUDEA0013_rosita.wav,AVPEPUDEA0013,0.97568899,0.99598902,0.99735689,0.99997675,0.97934556
AVPEPUDEA0014_rosita.wav,AVPEPUDEA0014,1.00000000,1.00000000,1.00000000,1.00000000,1.00000000
AVPEPUDEA0015_rosita.wav,AVPEPUDEA0015,0.98798543,0.99165547,0.99947685,0.99970394,0.99962842
AVPEPUDEA0016_rosita.wav,AVPEPUDEA0016,0.99999988,0.99999988,0.99999988,0.99999988,0.99955064
AVPEPUDEA0017_rosita.wav,AVPEPUDEA0017,1.00000000,0.99996364,0.99995387,0.99999976,1.00000000
AVPEPUDEA0020_rosita.wav,AVPEPUDEA0020,0.30144164,0.17054947,0.04586011,0.98687834,0.91938061
AVPEPUDEA0021_rosita.wav,AVPEPUDEA0021,0.00708288,0.40701661,0.04412900,0.24274835,0.12592709
AVPEPUDEA0022_rosita.wav,AVPEPUDEA0022,0.29871520,0.98334748,0.02219387,0.85014355,0.05652222
AVPEPUDEA0023_rosita.wav,AVPEPUDEA0023,0.00005801,0.00002559,0.00809145,0.00022769,0.00108709
AVPEPUDEA0024_rosita.wav,AVPEPUDEA0024,0.99999964,1.00000000,1.00000000,1.00000000,0.99999988
AVPEPUDEA0025_rosita.wav,AVPEPUDEA0025,0.98513007,0.99480468,0.99395293,0.96285772,0.98832500
AVPEPUDEA0026_rosita.wav,AVPEPUDEA0026,0.00519535,0.07061815,0.06366570,0.08507238,0.51789451
AVPEPUDEA0027_rosita.wav,AVPEPUDEA0027,0.00285052,0.03537609,0.10621064,0.00008174,0.02884080
AVPEPUDEA0029_rosita.wav,AVPEPUDEA0029,0.99999893,0.17085047,0.34323758,0.08242806,0.99999988
AVPEPUDEA0030_rosita.wav,AVPEPUDEA0030,0.99999177,0.99996662,0.99998641,1.00000000,0.99999988
AVPEPUDEA0031_rosita.wav,AVPEPUDEA0031,0.44279605,0.88906354,0.93763262,0.62019438,0.98003060
AVPEPUDEA0032_rosita.wav,AVPEPUDEA0032,0.97042745,0.98823804,0.99324608,0.99891829,0.99833292
AVPEPUDEA0034_rosita.wav,AVPEPUDEA0034,0.58466959,0.01868671,0.43144023,0.04348344,0.20168452
AVPEPUDEA0035_rosita.wav,AVPEPUDEA0035,0.99994195,0.81588405,0.46841180,0.99896038,0.93151963
AVPEPUDEA0037_rosita.wav,AVPEPUDEA0037,1.00000000,0.99999690,0.99999964,1.00000000,1.00000000
AVPEPUDEA0038_rosita.wav,AVPEPUDEA0038,0.00666498,0.20919268,0.90209186,0.13046575,0.90694618
AVPEPUDEA0039_rosita.wav,AVPEPUDEA0039,1.00000000,1.00000000,1.00000000,1.00000000,1.00000000
AVPEPUDEA0041_rosita.wav,AVPEPUDEA0041,0.44085267,0.92008144,0.99839944,0.03210828,0.27785259
AVPEPUDEA0042_rosita.wav,AVPEPUDEA0042,0.99968386,0.99989283,0.99997115,0.99954444,0.99986362
AVPEPUDEA0043_rosita.wav,AVPEPUDEA0043,0.99999952,0.99982268,0.99999845,0.99996555,1.00000000
AVPEPUDEA0045_rosita.wav,AVPEPUDEA0045,0.99995124,0.99998987,0.99999964,0.99999964,0.99999988
AVPEPUDEA0046_rosita.wav,AVPEPUDEA0046,0.99999976,0.99999917,0.99884605,0.99780673,1.00000000
AVPEPUDEA0047_rosita.wav,AVPEPUDEA0047,0.99907982,0.97997290,0.99876678,0.21753159,0.99975711
AVPEPUDEA0048_rosita.wav,AVPEPUDEA0048,0.99834132,0.99947494,0.99118340,0.94191223,0.99503398
AVPEPUDEA0049_rosita.wav,AVPEPUDEA0049,0.99998629,0.99958390,0.99999225,0.99999511,1.00000000
AVPEPUDEA0050_rosita.wav,AVPEPUDEA0050,0.79349405,0.99850285,0.94853187,0.99310136,0.99903667
AVPEPUDEA0051_rosita.wav,AVPEPUDEA0051,0.99999893,0.99994230,0.99996924,0.99999034,0.99998426
AVPEPUDEA0052_rosita.wav,AVPEPUDEA0052,1.00000000,0.99992299,0.99760240,0.99998319,0.99992561
AVPEPUDEA0053_rosita.wav,AVPEPUDEA0053,0.99999964,0.99999893,0.85622388,0.98194683,1.00000000
AVPEPUDEA0054_rosita.wav,AVPEPUDEA0054,0.00000051,0.00007384,0.00000000,0.00008723,0.00003689
AVPEPUDEA0055_rosita.wav,AVPEPUDEA0055,0.99999964,0.99999881,0.99999499,1.00000000,0.99999988
AVPEPUDEA0056_rosita.wav,AVPEPUDEA0056,0.99454910,0.99651212,0.86423081,0.99302238,0.99209213
AVPEPUDEA0057_rosita.wav,AVPEPUDEA0057,1.00000000,1.00000000,0.99999845,0.99999988,1.00000000
AVPEPUDEA0058_rosita.wav,AVPEPUDEA0058,0.00011077,0.00060816,0.00085240,0.00160349,0.00606635
AVPEPUDEA0059_rosita.wav,AVPEPUDEA0059,0.99993622,0.99999845,0.99998856,0.99991500,0.99993849
AVPEPUDEAC0001_viste.wav,AVPEPUDEAC0001,0.27041304,0.06938834,0.72436738,0.53251606,0.26832330
AVPEPUDEAC0003_viste.wav,AVPEPUDEAC0003,0.99305010,0.98874730,0.99998701,0.99959928,0.99988544
AVPEPUDEAC0004_viste.wav,AVPEPUDEAC0004,0.00953597,0.00320977,0.00227823,0.02628084,0.00303817
AVPEPUDEAC0005_viste.wav,AVPEPUDEAC0005,0.00050582,0.37293386,0.02497174,0.04635336,0.67950279
AVPEPUDEAC0006_viste.wav,AVPEPUDEAC0006,0.99571335,0.98328006,0.99237025,0.96094227,0.94473773
AVPEPUDEAC0007_viste.wav,AVPEPUDEAC0007,0.00031613,0.00000032,0.00110991,0.00007177,0.00147672
AVPEPUDEAC0008_viste.wav,AVPEPUDEAC0008,0.01256837,0.03953420,0.20496978,0.02339333,0.00343208
AVPEPUDEAC0010_viste.wav,AVPEPUDEAC0010,0.00192602,0.53377581,0.28290755,0.12897253,0.04062978
AVPEPUDEAC0011_viste.wav,AVPEPUDEAC0011,0.97887665,0.94820130,0.51285875,0.46615291,0.71919554
AVPEPUDEAC0012_viste.wav,AVPEPUDEAC0012,0.00261299,0.43116340,0.66890246,0.00003450,0.56407374
AVPEPUDEAC0013_viste.wav,AVPEPUDEAC0013,0.92589706,0.89069986,0.12909608,0.88079125,0.65202498
AVPEPUDEAC0014_viste.wav,AVPEPUDEAC0014,0.03604056,0.00080960,0.16726023,0.05017224,0.00058848
AVPEPUDEAC0015_viste.wav,AVPEPUDEAC0015,0.00386467,0.00513268,0.00566699,0.03282270,0.01788231
AVPEPUDEAC0016_viste.wav,AVPEPUDEAC0016,0.00301286,0.00086261,0.00040828,0.01182004,0.00044430
AVPEPUDEAC0017_viste.wav,AVPEPUDEAC0017,0.40062740,0.92502075,0.02684472,0.32539752,0.81044638
AVPEPUDEAC0018_viste.wav,AVPEPUDEAC0018,0.01568917,0.06903612,0.00135982,0.01154772,0.00005106
AVPEPUDEAC0019_viste.wav,AVPEPUDEAC0019,0.07268670,0.00078440,0.00089755,0.00045807,0.00158116
AVPEPUDEAC0020_viste.wav,AVPEPUDEAC0020,0.14340414,0.06924994,0.13239922,0.02781019,0.03758580
AVPEPUDEAC0021_viste.wav,AVPEPUDEAC0021,0.01975410,0.00025188,0.00033828,0.01458303,0.00265840
AVPEPUDEAC0022_viste.wav,AVPEPUDEAC0022,0.05393795,0.76483411,0.30891934,0.12850036,0.46342161
AVPEPUDEAC0023_viste.wav,AVPEPUDEAC0023,0.00000001,0.00000314,0.00004064,0.00000081,0.00015075
AVPEPUDEAC0024_viste.wav,AVPEPUDEAC0024,0.17971170,0.03346526,0.03459242,0.10353312,0.45862073
AVPEPUDEAC0025_viste.wav,AVPEPUDEAC0025,0.07003272,0.00113274,0.08678422,0.01821943,0.00001092
AVPEPUDEAC0026_viste.wav,AVPEPUDEAC0026,0.00328599,0.55239743,0.61865807,0.27660066,0.72146088
AVPEPUDEAC0027_viste.wav,AVPEPUDEAC0027,0.99140221,0.06155241,0.46656650,0.09138565,0.79723227
AVPEPUDEAC0028_viste.wav,AVPEPUDEAC0028,0.99996567,0.99999940,1.00000000,1.00000000,1.00000000
AVPEPUDEAC0029_viste.wav,AVPEPUDEAC0029,0.00002174,0.00005568,0.00000458,0.00033146,0.01311072
AVPEPUDEAC0030_viste.wav,AVPEPUDEAC0030,0.00004304,0.00068604,0.00296104,0.01489845,0.00673049
AVPEPUDEAC0031_viste.wav,AVPEPUDEAC0031,0.00725306,0.01321294,0.00551462,0.01533743,0.00713909
AVPEPUDEAC0033_viste.wav,AVPEPUDEAC0033,0.00069905,0.00061069,0.00012726,0.00063111,0.00024901
AVPEPUDEAC0034_viste.wav,AVPEPUDEAC0034,0.00000740,0.00011607,0.00001120,0.00000810,0.00009651
AVPEPUDEAC0035_viste.wav,AVPEPUDEAC0035,0.00000002,0.00000953,0.00015806,0.00003053,0.00056361
AVPEPUDEAC0037_viste.wav,AVPEPUDEAC0037,0.98173267,0.06646626,0.80154413,0.00001276,0.00154672
AVPEPUDEAC0039_viste.wav,AVPEPUDEAC0039,0.03073494,0.08334659,0.02988048,0.06732522,0.15990038
AVPEPUDEAC0040_viste.wav,AVPEPUDEAC0040,0.00011507,0.00000226,0.00000374,0.00000443,0.00002753
AVPEPUDEAC0041_viste.wav,AVPEPUDEAC0041,0.00008183,0.00038998,0.00453040,0.01133358,0.01509682
AVPEPUDEAC0042_viste.wav,AVPEPUDEAC0042,0.09816296,0.01591906,0.00000041,0.00002485,0.19565064
AVPEPUDEAC0043_viste.wav,AVPEPUDEAC0043,0.00430122,0.00998069,0.00169016,0.00024855,0.00004769
AVPEPUDEAC0044_viste.wav,AVPEPUDEAC0044,0.00000397,0.01166127,0.00778440,0.00551417,0.01598041
AVPEPUDEAC0045_viste.wav,AVPEPUDEAC0045,0.00005082,0.00004764,0.00000395,0.00016843,0.00021139
AVPEPUDEAC0046_viste.wav,AVPEPUDEAC0046,0.00005278,0.00018516,0.00014201,0.00197476,0.01424587
AVPEPUDEAC0047_viste.wav,AVPEPUDEAC0047,0.00372482,0.00184534,0.00578429,0.00250948,0.02849866
AVPEPUDEAC0048_viste.wav,AVPEPUDEAC0048,0.16510659,0.00355430,0.00001133,0.00033785,0.00001188
AVPEPUDEAC0049_viste.wav,AVPEPUDEAC0049,0.00005890,0.00008310,0.00003109,0.00000492,0.00000000
AVPEPUDEAC0050_viste.wav,AVPEPUDEAC0050,0.00000955,0.00018614,0.00133315,0.00493754,0.00032983
AVPEPUDEAC0051_viste.wav,AVPEPUDEAC0051,0.03899413,0.04160751,0.15302740,0.01961953,0.11864797
AVPEPUDEAC0052_viste.wav,AVPEPUDEAC0052,0.05600139,0.15349509,0.54824996,0.00608908,0.40871447
AVPEPUDEAC0053_viste.wav,AVPEPUDEAC0053,0.00015817,0.00006260,0.00024800,0.00010557,0.00000000
AVPEPUDEAC0054_viste.wav,AVPEPUDEAC0054,0.00041643,0.00414681,0.00000000,0.00319075,0.00000005
AVPEPUDEAC0057_viste.wav,AVPEPUDEAC0057,0.00000026,0.00116929,0.00004766,0.00003837,0.00063232
AVPEPUDEA0001_viste.wav,AVPEPUDEA0001,0.99996614,0.99999964,0.99993479,0.99971658,0.99995744
AVPEPUDEA0002_viste.wav,AVPEPUDEA0002,0.99987316,0.99787831,0.99948788,0.95807284,0.98250705
AVPEPUDEA0003_viste.wav,AVPEPUDEA0003,1.00000000,1.00000000,1.00000000,1.00000000,0.99999607
AVPEPUDEA0005_viste.wav,AVPEPUDEA0005,0.99999487,0.99987566,0.99974436,0.99994993,0.99990606
AVPEPUDEA0006_viste.wav,AVPEPUDEA0006,0.24728216,0.06494870,0.23691444,0.16042860,0.04050507
AVPEPUDEA0007_viste.wav,AVPEPUDEA0007,0.99999893,0.99940062,0.99999821,0.99895751,0.99995196
AVPEPUDEA0008_viste.wav,AVPEPUDEA0008,0.99658728,0.98425817,0.96641767,0.98772919,0.97816592
AVPEPUDEA0009_viste.wav,AVPEPUDEA0009,0.99984550,0.99999750,0.99948525,0.99999273,0.99989247
AVPEPUDEA0010_viste.wav,AVPEPUDEA0010,0.99910825,0.99880707,0.97046769,0.97291011,0.98162949
AVPEPUDEA0011_viste.wav,AVPEPUDEA0011,0.00666250,0.00728961,0.00337260,0.00207748,0.00301382
AVPEPUDEA0013_viste.wav,AVPEPUDEA0013,0.93338281,0.90407616,0.98519540,0.97146374,0.93501306
AVPEPUDEA0014_viste.wav,AVPEPUDEA0014,0.99999869,0.99999940,0.99999976,0.99999964,0.99999094
AVPEPUDEA0015_viste.wav,AVPEPUDEA0015,0.92608565,0.96834677,0.98906529,0.99983656,0.99790680
AVPEPUDEA0016_viste.wav,AVPEPUDEA0016,1.00000000,0.99999499,0.99999475,1.00000000,0.99999654
AVPEPUDEA0017_viste.wav,AVPEPUDEA0017,0.99997020,0.99868828,0.99999738,0.99950612,0.99997675
AVPEPUDEA0020_viste.wav,AVPEPUDEA0020,0.98058814,0.99100131,0.62430418,0.99945432,0.99627113
AVPEPUDEA0021_viste.wav,AVPEPUDEA0021,0.74158674,0.98805445,0.96507227,0.85912716,0.98668647
AVPEPUDEA0022_viste.wav,AVPEPUDEA0022,0.06447059,0.24669544,0.02137718,0.28055003,0.01921913
AVPEPUDEA0023_viste.wav,AVPEPUDEA0023,0.04248990,0.00338471,0.06837489,0.00753345,0.03349362
AVPEPUDEA0024_viste.wav,AVPEPUDEA0024,0.99999762,0.99998176,0.99976724,0.99997485,0.99998581
AVPEPUDEA0025_viste.wav,AVPEPUDEA0025,0.99877232,0.99878281,0.99915147,0.99655008,0.99949694
AVPEPUDEA0026_viste.wav,AVPEPUDEA0026,0.06981073,0.27989554,0.26045460,0.20705687,0.77888930
AVPEPUDEA0027_viste.wav,AVPEPUDEA0027,0.00036210,0.05255984,0.01738699,0.00009994,0.01109132
AVPEPUDEA0029_viste.wav,AVPEPUDEA0029,0.99998963,0.94121069,0.50721151,0.60511285,1.00000000
AVPEPUDEA0030_viste.wav,AVPEPUDEA0030,0.99952209,1.00000000,0.99999881,1.00000000,0.99999917
AVPEPUDEA0031_viste.wav,AVPEPUDEA0031,0.96255022,0.86089897,0.89833844,0.84959114,0.95642799
AVPEPUDEA0032_viste.wav,AVPEPUDEA0032,0.99929643,0.99408048,0.99998045,0.99555176,0.99701798
AVPEPUDEA0034_viste.wav,AVPEPUDEA0034,0.98444611,0.74064469,0.97147107,0.95575750,0.98536623
AVPEPUDEA0035_viste.wav,AVPEPUDEA0035,0.31410792,0.00000327,0.00022068,0.99201071,0.08809239
AVPEPUDEA0037_viste.wav,AVPEPUDEA0037,0.99261874,0.07169405,0.12659808,0.98751628,0.94695657
AVPEPUDEA0038_viste.wav,AVPEPUDEA0038,0.02678080,0.13139327,0.14711262,0.23330484,0.45129058
AVPEPUDEA0039_viste.wav,AVPEPUDEA0039,1.00000000,1.00000000,1.00000000,0.99999988,1.00000000
AVPEPUDEA0041_viste.wav,AVPEPUDEA0041,0.91240919,0.43107378,0.76516151,0.03101518,0.01384450
AVPEPUDEA0042_viste.wav,AVPEPUDEA0042,0.90867454,0.45507804,0.99421245,0.38579026,0.82506746
AVPEPUDEA0043_viste.wav,AVPEPUDEA0043,0.99999976,0.99980766,0.99999988,0.99998152,0.99999976
AVPEPUDEA0045_viste.wav,AVPEPUDEA0045,0.99991035,0.99998844,0.99989259,0.99999201,0.99998152
AVPEPUDEA0046_viste.wav,AVPEPUDEA0046,0.99999988,1.00000000,0.99999988,0.99999988,0.99999857
AVPEPUDEA0047_viste.wav,AVPEPUDEA0047,0.95396227,0.80960578,0.65378749,0.86966288,0.97363549
AVPEPUDEA0048_viste.wav,AVPEPUDEA0048,0.31942114,0.97219920,0.84080029,0.94968891,0.76690573
AVPEPUDEA0049_viste.wav,AVPEPUDEA0049,0.99999917,0.99999785,0.99999988,0.99998605,0.99999905
AVPEPUDEA0050_viste.wav,AVPEPUDEA0050,0.27258992,0.92567301,0.94282699,0.66276902,0.97592771
AVPEPUDEA0051_viste.wav,AVPEPUDEA0051,0.99907184,0.99231839,0.99681997,0.99998164,0.99330682
AVPEPUDEA0052_viste.wav,AVPEPUDEA0052,0.99999964,0.99766493,0.94751406,0.99976045,0.99986041
AVPEPUDEA0053_viste.wav,AVPEPUDEA0053,0.99864060,0.99572229,0.69989395,0.30925667,0.99999952
AVPEPUDEA0054_viste.wav,AVPEPUDEA0054,0.00000004,0.00002435,0.00000000,0.00000232,0.00000793
AVPEPUDEA0055_viste.wav,AVPEPUDEA0055,0.99995399,0.99994922,0.99999487,0.99983108,0.99994457
AVPEPUDEA0056_viste.wav,AVPEPUDEA0056,0.99982268,0.92934614,0.97876942,0.99391705,0.99866402
AVPEPUDEA0057_viste.wav,AVPEPUDEA0057,0.99997294,0.99998760,0.99999714,0.99999619,0.99999988
AVPEPUDEA0058_viste.wav,AVPEPUDEA0058,0.06614073,0.55914968,0.89442277,0.76065856,0.71298975
AVPEPUDEA0059_viste.wav,AVPEPUDEA0059,0.99322766,0.99962866,0.99964261,0.99490499,0.98906904
AVPEPUDEAC0001_juan.wav,AVPEPUDEAC0001,0.00373941,0.00356935,0.06447116,0.00333027,0.01768772
AVPEPUDEAC0003_juan.wav,AVPEPUDEAC0003,0.68357915,0.01362034,0.99858922,0.83046663,0.99860281
AVPEPUDEAC0004_juan.wav,AVPEPUDEAC0004,0.12851974,0.03555774,0.13729362,0.77134329,0.26974082
AVPEPUDEAC0005_juan.wav,AVPEPUDEAC0005,0.00010487,0.01048537,0.00021064,0.00074980,0.99106663
AVPEPUDEAC0006_juan.wav,AVPEPUDEAC0006,0.83780575,0.10479773,0.36681306,0.26609355,0.02196535
AVPEPUDEAC0007_juan.wav,AVPEPUDEAC0007,0.00632691,0.00000921,0.23255117,0.00027146,0.00072062
AVPEPUDEAC0008_juan.wav,AVPEPUDEAC0008,0.95712596,0.76700407,0.95427305,0.46873593,0.93529743
AVPEPUDEAC0010_juan.wav,AVPEPUDEAC0010,0.00000728,0.00163061,0.00019112,0.02226326,0.00035023
AVPEPUDEAC0011_juan.wav,AVPEPUDEAC0011,0.99827325,0.80462414,0.27179259,0.31734678,0.35884863
AVPEPUDEAC0012_juan.wav,AVPEPUDEAC0012,0.00003828,0.06926623,0.88638300,0.00016514,0.09781273
AVPEPUDEAC0013_juan.wav,AVPEPUDEAC0013,0.01273857,0.55800676,0.03600175,0.88734800,0.08803556
AVPEPUDEAC0014_juan.wav,AVPEPUDEAC0014,0.94817674,0.84827220,0.56673115,0.68227243,0.99966300
AVPEPUDEAC0015_juan.wav,AVPEPUDEAC0015,0.15686415,0.01214597,0.02131674,0.08991876,0.04167901
AVPEPUDEAC0016_juan.wav,AVPEPUDEAC0016,0.84368700,0.74910980,0.34616700,0.98328561,0.96205306
AVPEPUDEAC0017_juan.wav,AVPEPUDEAC0017,0.07306878,0.08459753,0.01268250,0.90214425,0.04828746
AVPEPUDEAC0018_juan.wav,AVPEPUDEAC0018,0.00824285,0.00135552,0.09133627,0.01007342,0.00445304
AVPEPUDEAC0019_juan.wav,AVPEPUDEAC0019,0.02252135,0.00500821,0.00601464,0.00016103,0.00005666
AVPEPUDEAC0020_juan.wav,AVPEPUDEAC0020,0.00136294,0.00008754,0.00178952,0.00012734,0.03868824
AVPEPUDEAC0021_juan.wav,AVPEPUDEAC0021,0.00022880,0.00018444,0.00404124,0.00064612,0.00321727
AVPEPUDEAC0022_juan.wav,AVPEPUDEAC0022,0.97442406,0.96521777,0.27564114,0.04028543,0.96376473
AVPEPUDEAC0023_juan.wav,AVPEPUDEAC0023,0.00000019,0.00161284,0.04632526,0.00007495,0.01193246
AVPEPUDEAC0024_juan.wav,AVPEPUDEAC0024,0.53374273,0.00925424,0.03366113,0.67369097,0.97810239
AVPEPUDEAC0025_juan.wav,AVPEPUDEAC0025,0.89170200,0.03426752,0.83435321,0.28914899,0.02617028
AVPEPUDEAC0026_juan.wav,AVPEPUDEAC0026,0.00027793,0.00978895,0.03301712,0.00275367,0.00061106
AVPEPUDEAC0027_juan.wav,AVPEPUDEAC0027,0.99402702,0.12209163,0.57368827,0.86019456,0.22334638
AVPEPUDEAC0028_juan.wav,AVPEPUDEAC0028,1.00000000,1.00000000,1.00000000,1.00000000,1.00000000
AVPEPUDEAC0029_juan.wav,AVPEPUDEAC0029,0.00011226,0.00207878,0.00002110,0.01512006,0.03719015
AVPEPUDEAC0030_juan.wav,AVPEPUDEAC0030,0.00694519,0.00000471,0.60411853,0.14469805,0.02106147
AVPEPUDEAC0031_juan.wav,AVPEPUDEAC0031,0.00132220,0.00778451,0.00468532,0.00771620,0.01464705
AVPEPUDEAC0033_juan.wav,AVPEPUDEAC0033,0.00025510,0.00010134,0.00041725,0.00208519,0.00068622
AVPEPUDEAC0034_juan.wav,AVPEPUDEAC0034,0.00000025,0.00080301,0.00176266,0.00362810,0.00003054
AVPEPUDEAC0035_juan.wav,AVPEPUDEAC0035,0.00000041,0.00000001,0.00000787,0.00000023,0.00009179
AVPEPUDEAC0037_juan.wav,AVPEPUDEAC0037,0.98519331,0.00349125,0.63106126,0.00097694,0.04547634
AVPEPUDEAC0039_juan.wav,AVPEPUDEAC0039,0.00000071,0.00044119,0.00012250,0.00010920,0.00018257
AVPEPUDEAC0040_juan.wav,AVPEPUDEAC0040,0.00000547,0.00004411,0.00007715,0.00007783,0.00001557
AVPEPUDEAC0041_juan.wav,AVPEPUDEAC0041,0.00058326,0.08286846,0.02438360,0.03674876,0.74519777
AVPEPUDEAC0042_juan.wav,AVPEPUDEAC0042,0.00038862,0.00016497,0.00000176,0.00001687,0.00414912
AVPEPUDEAC0043_juan.wav,AVPEPUDEAC0043,0.00015850,0.00073690,0.00036673,0.00019024,0.00000235
AVPEPUDEAC0044_juan.wav,AVPEPUDEAC0044,0.00000097,0.00531435,0.00080271,0.00237411,0.00048643
AVPEPUDEAC0045_juan.wav,AVPEPUDEAC0045,0.00091356,0.00152485,0.00001351,0.00131125,0.00145943
AVPEPUDEAC0046_juan.wav,AVPEPUDEAC0046,0.00008776,0.00164024,0.00022692,0.00158488,0.00142224
AVPEPUDEAC0047_juan.wav,AVPEPUDEAC0047,0.02154425,0.03533689,0.37813884,0.13223900,0.43948764
AVPEPUDEAC0048_juan.wav,AVPEPUDEAC0048,0.00005325,0.00018839,0.00000153,0.00076124,0.00029212
AVPEPUDEAC0049_juan.wav,AVPEPUDEAC0049,0.17154510,0.02918534,0.11745460,0.00826661,0.00006518
AVPEPUDEAC0050_juan.wav,AVPEPUDEAC0050,0.00002363,0.00002709,0.00361923,0.01845759,0.00048637
AVPEPUDEAC0051_juan.wav,AVPEPUDEAC0051,0.02220403,0.50193071,0.25233465,0.00026977,0.09023926
AVPEPUDEAC0052_juan.wav,AVPEPUDEAC0052,0.99663180,0.01295104,0.30572805,0.00372614,0.14829090
AVPEPUDEAC0053_juan.wav,AVPEPUDEAC0053,0.00000092,0.00000212,0.00000785,0.00000040,0.00028691
AVPEPUDEAC0054_juan.wav,AVPEPUDEAC0054,0.00000199,0.00009862,0.00000000,0.00001031,0.00000005
AVPEPUDEAC0057_juan.wav,AVPEPUDEAC0057,0.00000591,0.00438197,0.00002528,0.00001929,0.00014386
AVPEPUDEA0001_juan.wav,AVPEPUDEA0001,0.99999964,0.99998403,0.99999976,0.99999988,0.99999988
AVPEPUDEA0002_juan.wav,AVPEPUDEA0002,0.99997258,0.99990356,0.99999881,0.99999785,0.99999666
AVPEPUDEA0003_juan.wav,AVPEPUDEA0003,0.99998021,0.99999821,0.99963880,1.00000000,1.00000000
AVPEPUDEA0005_juan.wav,AVPEPUDEA0005,1.00000000,0.99998379,0.99998355,0.99999630,0.99999964
AVPEPUDEA0006_juan.wav,AVPEPUDEA0006,0.96328562,0.99765813,0.99746704,0.93039912,0.62887728
AVPEPUDEA0007_juan.wav,AVPEPUDEA0007,0.99678671,0.99789560,0.99999964,0.99933726,0.99762458
AVPEPUDEA0008_juan.wav,AVPEPUDEA0008,0.66717172,0.80000246,0.28862095,0.90477210,0.08164418
AVPEPUDEA0009_juan.wav,AVPEPUDEA0009,0.99998879,0.99999964,0.99999928,1.00000000,0.99999940
AVPEPUDEA0010_juan.wav,AVPEPUDEA0010,0.99999893,0.99984336,0.99994099,0.99998438,0.99995100
AVPEPUDEA0011_juan.wav,AVPEPUDEA0011,0.14721429,0.09019993,0.03654652,0.10538234,0.03228373
AVPEPUDEA0013_juan.wav,AVPEPUDEA0013,0.14444572,0.06946215,0.13918494,0.73164475,0.35857782
AVPEPUDEA0014_juan.wav,AVPEPUDEA0014,1.00000000,1.00000000,1.00000000,1.00000000,1.00000000
AVPEPUDEA0015_juan.wav,AVPEPUDEA0015,0.99502170,0.96876693,0.99982256,0.99996901,0.99958926
AVPEPUDEA0016_juan.wav,AVPEPUDEA0016,1.00000000,0.99999917,0.99999619,1.00000000,1.00000000
AVPEPUDEA0017_juan.wav,AVPEPUDEA0017,1.00000000,0.99999976,0.99999976,1.00000000,1.00000000
AVPEPUDEA0020_juan.wav,AVPEPUDEA0020,0.92141914,0.97626764,0.87190312,0.99993491,0.97872776
AVPEPUDEA0021_juan.wav,AVPEPUDEA0021,0.00023072,0.13977043,0.01961122,0.21861456,0.11737651
AVPEPUDEA0022_juan.wav,AVPEPUDEA0022,0.00327093,0.99483818,0.20003746,0.99679798,0.03100503
AVPEPUDEA0023_juan.wav,AVPEPUDEA0023,0.00056293,0.00032013,0.04219128,0.00002404,0.02550627
AVPEPUDEA0024_juan.wav,AVPEPUDEA0024,1.00000000,1.00000000,0.99992859,1.00000000,0.99997890
AVPEPUDEA0025_juan.wav,AVPEPUDEA0025,0.87045372,0.99311638,0.99096793,0.96965504,0.98464036
AVPEPUDEA0026_juan.wav,AVPEPUDEA0026,0.01473409,0.49712074,0.31749803,0.28087690,0.86972290
AVPEPUDEA0027_juan.wav,AVPEPUDEA0027,0.00038728,0.11287952,0.00412357,0.00002362,0.03537632
AVPEPUDEA0029_juan.wav,AVPEPUDEA0029,0.99999869,0.99366909,0.87360603,0.70547044,1.00000000
AVPEPUDEA0030_juan.wav,AVPEPUDEA0030,0.99832112,0.99999917,0.99999952,1.00000000,0.99999237
AVPEPUDEA0031_juan.wav,AVPEPUDEA0031,0.94199765,0.72609961,0.95009983,0.77951348,0.99613273
AVPEPUDEA0032_juan.wav,AVPEPUDEA0032,0.99505132,0.91462505,0.99997211,0.86023736,0.96850699
AVPEPUDEA0034_juan.wav,AVPEPUDEA0034,0.97359699,0.51444703,0.85246044,0.99593425,0.94830954
AVPEPUDEA0035_juan.wav,AVPEPUDEA0035,0.85286754,0.99728560,0.99993205,0.98262697,0.99999821
AVPEPUDEA0037_juan.wav,AVPEPUDEA0037,0.99998546,0.99784338,0.99475890,0.99999630,0.99997699
AVPEPUDEA0038_juan.wav,AVPEPUDEA0038,0.00004717,0.00012837,0.01051976,0.00013757,0.03372784
AVPEPUDEA0039_juan.wav,AVPEPUDEA0039,0.99999976,1.00000000,1.00000000,0.99999988,0.99999988
AVPEPUDEA0041_juan.wav,AVPEPUDEA0041,0.05399509,0.99971646,0.99945539,0.99061221,0.99417299
AVPEPUDEA0042_juan.wav,AVPEPUDEA0042,0.20952031,0.03095767,0.53813827,0.28922558,0.80472678
AVPEPUDEA0043_juan.wav,AVPEPUDEA0043,0.99999917,0.99450856,0.99999988,0.99947959,0.99999893
AVPEPUDEA0045_juan.wav,AVPEPUDEA0045,0.99999964,0.99988091,0.99999821,0.99999917,0.99999893
AVPEPUDEA0046_juan.wav,AVPEPUDEA0046,1.00000000,1.00000000,0.99999988,0.99952281,0.99999988
AVPEPUDEA0047_juan.wav,AVPEPUDEA0047,0.99958712,0.99741948,0.99883777,0.61177051,0.99999523
AVPEPUDEA0048_juan.wav,AVPEPUDEA0048,0.00658809,0.94457477,0.56266451,0.97065216,0.03489701
AVPEPUDEA0049_juan.wav,AVPEPUDEA0049,0.99999619,0.99999487,0.99999833,0.99999797,1.00000000
AVPEPUDEA0050_juan.wav,AVPEPUDEA0050,0.94482374,0.99900788,0.99924123,0.97601980,0.99986112
AVPEPUDEA0051_juan.wav,AVPEPUDEA0051,0.77715898,0.28105304,0.80748779,0.96286470,0.47069153
AVPEPUDEA0052_juan.wav,AVPEPUDEA0052,0.99999988,0.99999952,0.99997163,0.99820507,0.99999464
AVPEPUDEA0053_juan.wav,AVPEPUDEA0053,0.99998868,0.99999928,0.81940109,0.98556131,1.00000000
AVPEPUDEA0054_juan.wav,AVPEPUDEA0054,0.00000016,0.00000133,0.00000000,0.00000083,0.00000686
AVPEPUDEA0055_juan.wav,AVPEPUDEA0055,0.99898356,0.79504198,0.99367517,0.99988043,0.99977881
AVPEPUDEA0056_juan.wav,AVPEPUDEA0056,0.99989378,0.81248665,0.99301976,0.99724412,0.99998653
AVPEPUDEA0057_juan.wav,AVPEPUDEA0057,0.99998689,0.99978155,0.99997294,0.99999797,0.99995255
AVPEPUDEA0058_juan.wav,AVPEPUDEA0058,0.00007733,0.00332842,0.04820406,0.02362966,0.72488219
AVPEPUDEA0059_juan.wav,AVPEPUDEA0059,0.97876006,0.99986756,0.99919981,0.99428612,0.99925393
AVPEPUDEAC0001_triste.wav,AVPEPUDEAC0001,0.00037448,0.13220517,0.02433863,0.12791371,0.00026832
AVPEPUDEAC0003_triste.wav,AVPEPUDEAC0003,0.99952364,0.64557356,0.99999404,0.99780065,0.99999976
AVPEPUDEAC0004_triste.wav,AVPEPUDEAC0004,0.04525675,0.49793243,0.18878406,0.89648813,0.75225395
AVPEPUDEAC0005_triste.wav,AVPEPUDEAC0005,0.00001409,0.00900981,0.00063215,0.00347453,0.58288527
AVPEPUDEAC0006_triste.wav,AVPEPUDEAC0006,0.43190405,0.76528233,0.43050179,0.46602291,0.19325165
AVPEPUDEAC0007_triste.wav,AVPEPUDEAC0007,0.03758395,0.00013067,0.08728325,0.01447008,0.46099764
AVPEPUDEAC0008_triste.wav,AVPEPUDEAC0008,0.11826210,0.43798369,0.38783675,0.26157141,0.00961661
AVPEPUDEAC0010_triste.wav,AVPEPUDEAC0010,0.00001821,0.02524271,0.02798086,0.03215304,0.00053320
AVPEPUDEAC0011_triste.wav,AVPEPUDEAC0011,0.35535446,0.06812595,0.02471928,0.02099849,0.07182736
AVPEPUDEAC0012_triste.wav,AVPEPUDEAC0012,0.00005580,0.37120447,0.76119250,0.00019780,0.47721955
AVPEPUDEAC0013_triste.wav,AVPEPUDEAC0013,0.99444026,0.98932272,0.43613449,0.99817789,0.90595698
AVPEPUDEAC0014_triste.wav,AVPEPUDEAC0014,0.37019950,0.89153773,0.17054217,0.12931971,0.00009888
AVPEPUDEAC0015_triste.wav,AVPEPUDEAC0015,0.00004905,0.00030215,0.00290829,0.00026871,0.00004222
AVPEPUDEAC0016_triste.wav,AVPEPUDEAC0016,0.00160369,0.00024041,0.00293511,0.54473191,0.00464323
AVPEPUDEAC0017_triste.wav,AVPEPUDEAC0017,0.00288287,0.03020129,0.00027111,0.01458983,0.00401066
AVPEPUDEAC0018_triste.wav,AVPEPUDEAC0018,0.00001190,0.00665418,0.00003401,0.00089704,0.00000662
AVPEPUDEAC0019_triste.wav,AVPEPUDEAC0019,0.00075122,0.00037912,0.00001436,0.00667737,0.00002751
AVPEPUDEAC0020_triste.wav,AVPEPUDEAC0020,0.04853451,0.18125321,0.08116527,0.00391597,0.00153239
AVPEPUDEAC0021_triste.wav,AVPEPUDEAC0021,0.00012911,0.00010356,0.00086567,0.00079674,0.02321774
AVPEPUDEAC0022_triste.wav,AVPEPUDEAC0022,0.95194709,0.98184586,0.36240190,0.25676528,0.95100641
AVPEPUDEAC0023_triste.wav,AVPEPUDEAC0023,0.00000004,0.00000395,0.00000123,0.00000067,0.00002312
AVPEPUDEAC0024_triste.wav,AVPEPUDEAC0024,0.00624511,0.00049280,0.00565521,0.03827013,0.03297526
AVPEPUDEAC0025_triste.wav,AVPEPUDEAC0025,0.13862295,0.00080902,0.10566290,0.01114221,0.00000947
AVPEPUDEAC0026_triste.wav,AVPEPUDEAC0026,0.89879841,0.82087582,0.95059401,0.98644525,0.56130403
AVPEPUDEAC0027_triste.wav,AVPEPUDEAC0027,0.99473733,0.34163222,0.52520007,0.82956529,0.90151161
AVPEPUDEAC0028_triste.wav,AVPEPUDEAC0028,0.99976307,1.00000000,1.00000000,1.00000000,1.00000000
AVPEPUDEAC0029_triste.wav,AVPEPUDEAC0029,0.00000530,0.00022138,0.00001406,0.00706280,0.00316770
AVPEPUDEAC0030_triste.wav,AVPEPUDEAC0030,0.00415266,0.01606349,0.71375698,0.40057415,0.04939716
AVPEPUDEAC0031_triste.wav,AVPEPUDEAC0031,0.00025873,0.00006696,0.00077174,0.00168058,0.00318085
AVPEPUDEAC0033_triste.wav,AVPEPUDEAC0033,0.03243556,0.00034723,0.04560461,0.01428276,0.00523909
AVPEPUDEAC0034_triste.wav,AVPEPUDEAC0034,0.00052849,0.00942267,0.03097323,0.06414857,0.00123791
AVPEPUDEAC0035_triste.wav,AVPEPUDEAC0035,0.00000000,0.00000000,0.00000001,0.00000000,0.00000003
AVPEPUDEAC0037_triste.wav,AVPEPUDEAC0037,0.04673690,0.01118733,0.08569027,0.00017063,0.80599445
AVPEPUDEAC0039_triste.wav,AVPEPUDEAC0039,0.34280172,0.00812231,0.17832606,0.02009968,0.36772987
AVPEPUDEAC0040_triste.wav,AVPEPUDEAC0040,0.00000705,0.00000000,0.00000001,0.00000001,0.00000003
AVPEPUDEAC0041_triste.wav,AVPEPUDEAC0041,0.00009951,0.00047122,0.00119806,0.00002335,0.00052819
AVPEPUDEAC0042_triste.wav,AVPEPUDEAC0042,0.00405120,0.00057827,0.00000000,0.00000004,0.00582339
AVPEPUDEAC0043_triste.wav,AVPEPUDEAC0043,0.00037392,0.00146535,0.00041315,0.00001212,0.00000234
AVPEPUDEAC0044_triste.wav,AVPEPUDEAC0044,0.00000095,0.00004692,0.00000238,0.00001532,0.00000311
AVPEPUDEAC0045_triste.wav,AVPEPUDEAC0045,0.00000004,0.00000023,0.00000129,0.00000049,0.00000191
AVPEPUDEAC0046_triste.wav,AVPEPUDEAC0046,0.00001780,0.01726492,0.00019626,0.00008259,0.00075702
AVPEPUDEAC0047_triste.wav,AVPEPUDEAC0047,0.00000718,0.00006611,0.00016877,0.00000220,0.00009933
AVPEPUDEAC0048_triste.wav,AVPEPUDEAC0048,0.00043214,0.00000109,0.00000009,0.00000012,0.00000093
AVPEPUDEAC0049_triste.wav,AVPEPUDEAC0049,0.00004104,0.00001055,0.00009906,0.00000141,0.00000000
AVPEPUDEAC0050_triste.wav,AVPEPUDEAC0050,0.00000370,0.00000209,0.00004362,0.00012592,0.00000114
AVPEPUDEAC0051_triste.wav,AVPEPUDEAC0051,0.00037415,0.00031018,0.00003428,0.00042492,0.00008240
AVPEPUDEAC0052_triste.wav,AVPEPUDEAC0052,0.02011198,0.05807108,0.00872434,0.00410848,0.05554207
AVPEPUDEAC0053_triste.wav,AVPEPUDEAC0053,0.00007688,0.00003271,0.00002998,0.00000175,0.00000001
AVPEPUDEAC0054_triste.wav,AVPEPUDEAC0054,0.02225811,0.02775523,0.00000000,0.09912784,0.00000064
AVPEPUDEAC0057_triste.wav,AVPEPUDEAC0057,0.00000003,0.00020963,0.00001600,0.00000721,0.00013847
AVPEPUDEA0001_triste.wav,AVPEPUDEA0001,0.99999988,0.99999952,0.99999988,1.00000000,1.00000000
AVPEPUDEA0002_triste.wav,AVPEPUDEA0002,0.99990320,0.99337810,0.99996686,0.99897146,0.99994838
AVPEPUDEA0003_triste.wav,AVPEPUDEA0003,1.00000000,0.99999893,0.99999988,0.99999976,0.99999678
AVPEPUDEA0005_triste.wav,AVPEPUDEA0005,1.00000000,0.99999988,0.99999976,1.00000000,0.99999881
AVPEPUDEA0006_triste.wav,AVPEPUDEA0006,0.99981242,0.99990129,0.99975199,0.99998903,0.99973351
AVPEPUDEA0007_triste.wav,AVPEPUDEA0007,0.99999416,0.99973649,0.99999940,0.99786204,0.99961948
AVPEPUDEA0008_triste.wav,AVPEPUDEA0008,0.02777344,0.00245248,0.15481736,0.18746561,0.05748300
AVPEPUDEA0009_triste.wav,AVPEPUDEA0009,0.99979717,0.99992895,0.99999595,0.99999964,0.99996567
AVPEPUDEA0010_triste.wav,AVPEPUDEA0010,0.99523562,0.75430191,0.93902153,0.78381425,0.96726394
AVPEPUDEA0011_triste.wav,AVPEPUDEA0011,0.95188117,0.94109040,0.91081679,0.74568301,0.88288200
AVPEPUDEA0013_triste.wav,AVPEPUDEA0013,0.97579622,0.35501167,0.84689480,0.97005874,0.99597067
AVPEPUDEA0014_triste.wav,AVPEPUDEA0014,1.00000000,1.00000000,0.99999571,0.99999988,1.00000000
AVPEPUDEA0015_triste.wav,AVPEPUDEA0015,0.99999928,0.99999845,0.99999964,0.99999070,1.00000000
AVPEPUDEA0016_triste.wav,AVPEPUDEA0016,0.99998939,0.99998879,0.99990690,0.99948847,0.99685812
AVPEPUDEA0017_triste.wav,AVPEPUDEA0017,0.99998760,0.99999845,0.99609202,0.99984801,0.99999487
AVPEPUDEA0020_triste.wav,AVPEPUDEA0020,0.99540448,0.99102890,0.08265738,0.81003201,0.99578166
AVPEPUDEA0021_triste.wav,AVPEPUDEA0021,0.92625499,0.95981055,0.81303972,0.86286598,0.98595536
AVPEPUDEA0022_triste.wav,AVPEPUDEA0022,0.01925437,0.31896830,0.03425492,0.08398344,0.01161168
AVPEPUDEA0023_triste.wav,AVPEPUDEA0023,0.52487904,0.79689974,0.39032379,0.01028349,0.68703049
AVPEPUDEA0024_triste.wav,AVPEPUDEA0024,0.99999928,0.99999988,1.00000000,0.99999094,0.99999249
AVPEPUDEA0025_triste.wav,AVPEPUDEA0025,0.99678588,0.98414928,0.89338708,0.94484597,0.99602771
AVPEPUDEA0026_triste.wav,AVPEPUDEA0026,0.00655286,0.35409015,0.49380749,0.45696241,0.85666698
AVPEPUDEA0027_triste.wav,AVPEPUDEA0027,0.01617339,0.00021361,0.00403742,0.00008795,0.00378428
AVPEPUDEA0029_triste.wav,AVPEPUDEA0029,0.99999285,0.97049403,0.80900830,0.66597915,0.99999988
AVPEPUDEA0030_triste.wav,AVPEPUDEA0030,1.00000000,1.00000000,1.00000000,1.00000000,1.00000000
AVPEPUDEA0031_triste.wav,AVPEPUDEA0031,0.83570093,0.58183593,0.88586879,0.87387216,0.66910583
AVPEPUDEA0032_triste.wav,AVPEPUDEA0032,0.99500811,0.25301498,0.99913484,0.96774966,0.93274784
AVPEPUDEA0034_triste.wav,AVPEPUDEA0034,0.95121759,0.94339448,0.57166040,0.94149941,0.98108852
AVPEPUDEA0035_triste.wav,AVPEPUDEA0035,0.99997330,0.99973899,0.99991727,0.99838984,0.99999976
AVPEPUDEA0037_triste.wav,AVPEPUDEA0037,0.72912806,0.68241841,0.26037556,0.98855340,0.55145353
AVPEPUDEA0038_triste.wav,AVPEPUDEA0038,0.19424953,0.24949080,0.93659401,0.77810007,0.87139720
AVPEPUDEA0039_triste.wav,AVPEPUDEA0039,1.00000000,0.99999917,1.00000000,0.99999595,0.99999964
AVPEPUDEA0041_triste.wav,AVPEPUDEA0041,0.91814905,0.99290025,0.97722834,0.33556870,0.28042376
AVPEPUDEA0042_triste.wav,AVPEPUDEA0042,0.51058102,0.99868375,0.99989665,0.99082160,0.99998641
AVPEPUDEA0043_triste.wav,AVPEPUDEA0043,0.99988174,0.91185129,0.99998271,0.98421049,0.99999630
AVPEPUDEA0045_triste.wav,AVPEPUDEA0045,0.99999237,0.99958771,0.99999166,0.99999774,0.99999762
AVPEPUDEA0046_triste.wav,AVPEPUDEA0046,1.00000000,1.00000000,0.99992049,0.99998772,1.00000000
AVPEPUDEA0047_triste.wav,AVPEPUDEA0047,0.98093641,0.54576987,0.65178865,0.51540601,0.99680603
AVPEPUDEA0048_triste.wav,AVPEPUDEA0048,0.99985564,0.99999714,0.99897897,0.99960560,0.99987698
AVPEPUDEA0049_triste.wav,AVPEPUDEA0049,0.99918765,0.99999249,0.99966300,0.99996293,0.99999988
AVPEPUDEA0050_triste.wav,AVPEPUDEA0050,0.20894080,0.99929178,0.99679083,0.12537783,0.99892980
AVPEPUDEA0051_triste.wav,AVPEPUDEA0051,0.94557083,0.98409712,0.96339005,0.99973315,0.98518932
AVPEPUDEA0052_triste.wav,AVPEPUDEA0052,0.99999988,0.99897265,0.99879575,0.96197140,0.99589324
AVPEPUDEA0053_triste.wav,AVPEPUDEA0053,0.99996591,0.99993515,0.01610868,0.10911831,1.00000000
AVPEPUDEA0054_triste.wav,AVPEPUDEA0054,0.00000000,0.00000069,0.00000000,0.00000011,0.00000002
AVPEPUDEA0055_triste.wav,AVPEPUDEA0055,1.00000000,0.99999988,0.99999666,0.99999988,0.99999988
AVPEPUDEA0056_triste.wav,AVPEPUDEA0056,0.99994373,0.50554818,0.97502863,0.99921036,0.98119444
AVPEPUDEA0057_triste.wav,AVPEPUDEA0057,0.99994111,0.99999082,0.99999928,0.99999213,0.99999964
AVPEPUDEA0058_triste.wav,AVPEPUDEA0058,0.00072763,0.01980400,0.02747429,0.36308038,0.92287076
AVPEPUDEA0059_triste.wav,AVPEPUDEA0059,0.99933285,0.99996841,0.99984002,0.99695742,0.99858737
AVPEPUDEAC0001_preocupado.wav,AVPEPUDEAC0001,0.58919555,0.45410240,0.06316537,0.92928970,0.80987757
AVPEPUDEAC0003_preocupado.wav,AVPEPUDEAC0003,0.84888512,0.31531674,0.99961817,0.89675397,0.99638212
AVPEPUDEAC0004_preocupado.wav,AVPEPUDEAC0004,0.57054162,0.12634341,0.24645609,0.96520954,0.04377713
AVPEPUDEAC0005_preocupado.wav,AVPEPUDEAC0005,0.00050187,0.38396585,0.03351869,0.06020107,0.97243947
AVPEPUDEAC0006_preocupado.wav,AVPEPUDEAC0006,0.78491795,0.60389346,0.72517306,0.88532460,0.75304210
AVPEPUDEAC0007_preocupado.wav,AVPEPUDEAC0007,0.00315388,0.00000695,0.01685781,0.00006767,0.00927783
AVPEPUDEAC0008_preocupado.wav,AVPEPUDEAC0008,0.04585742,0.11504045,0.20537497,0.35098779,0.01075294
AVPEPUDEAC0010_preocupado.wav,AVPEPUDEAC0010,0.00530560,0.00701238,0.00035586,0.01587872,0.00142990
AVPEPUDEAC0011_preocupado.wav,AVPEPUDEAC0011,0.98357081,0.82135469,0.32738018,0.05217210,0.56982505
AVPEPUDEAC0012_preocupado.wav,AVPEPUDEAC0012,0.00002528,0.04687618,0.51486558,0.00006762,0.04193147
AVPEPUDEAC0013_preocupado.wav,AVPEPUDEAC0013,0.01411728,0.17286578,0.06349322,0.15751281,0.00199298
AVPEPUDEAC0014_preocupado.wav,AVPEPUDEAC0014,0.43606269,0.11706122,0.31164023,0.64972687,0.05556001
AVPEPUDEAC0015_preocupado.wav,AVPEPUDEAC0015,0.00004807,0.00094993,0.00164297,0.00279570,0.00025782
AVPEPUDEAC0016_preocupado.wav,AVPEPUDEAC0016,0.93292129,0.18433432,0.01028703,0.98434031,0.64155501
AVPEPUDEAC0017_preocupado.wav,AVPEPUDEAC0017,0.04281462,0.18374620,0.00029774,0.14897941,0.03243200
AVPEPUDEAC0018_precupado.wav,AVPEPUDEAC0018,0.00032972,0.00780832,0.01324251,0.01053762,0.00151196
AVPEPUDEAC0019_preocupado.wav,AVPEPUDEAC0019,0.05223216,0.00071555,0.00025235,0.00306124,0.00261056
AVPEPUDEAC0020_preocupado.wav,AVPEPUDEAC0020,0.00908638,0.01241298,0.01061255,0.00541569,0.00460682
AVPEPUDEAC0021_preocupado.wav,AVPEPUDEAC0021,0.01271485,0.00593822,0.01246985,0.03545034,0.17121987
AVPEPUDEAC0022_preocupado.wav,AVPEPUDEAC0022,0.96941310,0.95873457,0.97504359,0.98889309,0.99138606
AVPEPUDEAC0023_preocupado.wav,AVPEPUDEAC0023,0.00000022,0.00015208,0.00039267,0.00000159,0.00039332
AVPEPUDEAC0024_preocupado.wav,AVPEPUDEAC0024,0.17272250,0.02124956,0.06068886,0.48632026,0.15972111
AVPEPUDEAC0025_preocupado.wav,AVPEPUDEAC0025,0.07193555,0.00064510,0.07454056,0.09368602,0.00121617
AVPEPUDEAC0026_preocupado.wav,AVPEPUDEAC0026,0.90197933,0.98852938,0.04571055,0.99314708,0.55708128
AVPEPUDEAC0027_preocupado.wav,AVPEPUDEAC0027,0.91479653,0.32942453,0.50763553,0.45058978,0.18776590
AVPEPUDEAC0028_preocupado.wav,AVPEPUDEAC0028,0.99906713,0.99999487,0.99999678,1.00000000,0.99990892
AVPEPUDEAC0029_preocupado.wav,AVPEPUDEAC0029,0.00000272,0.00009689,0.00172938,0.03968456,0.00011415
AVPEPUDEAC0030_preocupado.wav,AVPEPUDEAC0030,0.00405608,0.00019958,0.00085679,0.01856776,0.00075405
AVPEPUDEAC0031_preocupado.wav,AVPEPUDEAC0031,0.00321943,0.00877613,0.00205796,0.43032044,0.01315089
AVPEPUDEAC0033_preocupado.wav,AVPEPUDEAC0033,0.00003862,0.00295732,0.00120181,0.00266374,0.00635994
AVPEPUDEAC0034_preocupado.wav,AVPEPUDEAC0034,0.00007525,0.00086908,0.00055617,0.00032455,0.00045537
AVPEPUDEAC0035_preocupado.wav,AVPEPUDEAC0035,0.00000003,0.00057960,0.00016229,0.00010415,0.00188968
AVPEPUDEAC0037_preocupado.wav,AVPEPUDEAC0037,0.83325505,0.00220517,0.00340247,0.00000473,0.74691528
AVPEPUDEAC0039_preocupado.wav,AVPEPUDEAC0039,0.01242555,0.19387046,0.07559269,0.03887844,0.00704810
AVPEPUDEAC0040_preocupado.wav,AVPEPUDEAC0040,0.00053553,0.00000016,0.00000032,0.00000072,0.00000711
AVPEPUDEAC0041_preocupado.wav,AVPEPUDEAC0041,0.00033230,0.00006679,0.00015810,0.00003197,0.00046221
AVPEPUDEAC0042_preocupado.wav,AVPEPUDEAC0042,0.00000475,0.00000332,0.00000000,0.00000008,0.00003138
AVPEPUDEAC0043_preocupado.wav,AVPEPUDEAC0043,0.00007063,0.00032221,0.00001710,0.00073089,0.00008177
AVPEPUDEAC0044_preocupado.wav,AVPEPUDEAC0044,0.00000007,0.00656226,0.00057271,0.00105296,0.00022334
AVPEPUDEAC0045_preocupado.wav,AVPEPUDEAC0045,0.00000030,0.00000094,0.00000001,0.00000013,0.00000047
AVPEPUDEAC0046_preocupado.wav,AVPEPUDEAC0046,0.00006723,0.00005821,0.00019249,0.00385841,0.02546994
AVPEPUDEAC0047_preocupado.wav,AVPEPUDEAC0047,0.00009531,0.00008481,0.00010145,0.00002636,0.00012778
AVPEPUDEAC0048_preocupado.wav,AVPEPUDEAC0048,0.00024892,0.00000146,0.00000001,0.00003957,0.00000003
AVPEPUDEAC0049_preocupado.wav,AVPEPUDEAC0049,0.00063303,0.02378472,0.00148575,0.00072991,0.00000232
AVPEPUDEAC0050_preocupado.wav,AVPEPUDEAC0050,0.00020862,0.00000786,0.00005393,0.00032814,0.00001179
AVPEPUDEAC0051_preocupado.wav,AVPEPUDEAC0051,0.00420965,0.00482388,0.00061771,0.01143357,0.00187102
AVPEPUDEAC0052_preocupado.wav,AVPEPUDEAC0052,0.00164845,0.00083038,0.00390235,0.00034826,0.00032482
AVPEPUDEAC0053_preocupado.wav,AVPEPUDEAC0053,0.00001054,0.00217275,0.00075060,0.00367099,0.00000001
AVPEPUDEAC0054_preocupado.wav,AVPEPUDEAC0054,0.02780445,0.00035589,0.00000000,0.00028636,0.00000001
AVPEPUDEAC0057_preocupado.wav,AVPEPUDEAC0057,0.00000017,0.00907878,0.01712131,0.00005910,0.01021209
AVPEPUDEA0001_preocupado.wav,AVPEPUDEA0001,0.99981183,0.99958199,0.99987352,0.99835372,0.99995005
AVPEPUDEA0002_preocupado.wav,AVPEPUDEA0002,0.99941564,0.92502707,0.99909449,0.98769581,0.99208140
AVPEPUDEA0003_preocupado.wav,AVPEPUDEA0003,1.00000000,1.00000000,1.00000000,1.00000000,1.00000000
AVPEPUDEA0005_preocupado.wav,AVPEPUDEA0005,1.00000000,0.99999881,0.99999642,1.00000000,0.99999833
AVPEPUDEA0006_precupado.wav,AVPEPUDEA0006,0.96894282,0.99536371,0.99823761,0.99917263,0.99589843
AVPEPUDEA0007_preocupado.wav,AVPEPUDEA0007,0.99732322,0.97728705,0.99999762,0.91994041,0.99713898
AVPEPUDEA0008_preocupado.wav,AVPEPUDEA0008,0.98752159,0.88461167,0.99388182,0.99692142,0.97301382
AVPEPUDEA0009_preocupado.wav,AVPEPUDEA0009,0.99163556,0.99992537,0.99880195,0.99999797,0.99917501
AVPEPUDEA0010_preocupado.wav,AVPEPUDEA0010,0.91320121,0.00800655,0.82846034,0.77953494,0.94246292
AVPEPUDEA0011_preocupado.wav,AVPEPUDEA0011,0.00190153,0.00668868,0.00129759,0.00116263,0.00487050
AVPEPUDEA0013_preocupado.wav,AVPEPUDEA0013,0.87341219,0.52550268,0.96406001,0.96873271,0.99463153
AVPEPUDEA0014_preocupado.wav,AVPEPUDEA0014,0.99999988,1.00000000,1.00000000,0.99999988,1.00000000
AVPEPUDEA0015_preocupado.wav,AVPEPUDEA0015,0.99995983,0.99992490,0.99999714,0.99979848,0.99999070
AVPEPUDEA0016_preocupado.wav,AVPEPUDEA0016,1.00000000,1.00000000,0.99999976,0.99999988,0.99997699
AVPEPUDEA0017_preocupado.wav,AVPEPUDEA0017,0.99999988,1.00000000,0.99999917,0.99999976,1.00000000
AVPEPUDEA0020_precupado.wav,AVPEPUDEA0020,0.99984765,0.99958402,0.74556899,0.99985969,0.99947792
AVPEPUDEA0021_precupado.wav,AVPEPUDEA0021,0.83465630,0.96431434,0.52498251,0.23712085,0.94898015
AVPEPUDEA0022_preocupado.wav,AVPEPUDEA0022,0.00204183,0.91947663,0.01355721,0.86635315,0.14601572
AVPEPUDEA0023_preocupado.wav,AVPEPUDEA0023,0.00568647,0.01203352,0.01058288,0.00100240,0.01612768
AVPEPUDEA0024_precupado.wav,AVPEPUDEA0024,0.99999332,0.99999893,0.99999976,0.99999762,1.00000000
AVPEPUDEA0025_preocupado.wav,AVPEPUDEA0025,0.99969006,0.99999297,0.99929857,0.99968994,0.99994683
AVPEPUDEA0026_preocupado.wav,AVPEPUDEA0026,0.00036830,0.00064455,0.13763046,0.00332804,0.04676992
AVPEPUDEA0027_preocupado.wav,AVPEPUDEA0027,0.03774412,0.27855247,0.13295691,0.01682660,0.19482869
AVPEPUDEA0029_preocupado.wav,AVPEPUDEA0029,0.99995685,0.98988181,0.93830132,0.59120893,0.99999428
AVPEPUDEA0030_preocupado.wav,AVPEPUDEA0030,0.99999726,1.00000000,1.00000000,1.00000000,1.00000000
AVPEPUDEA0031_preocupado.wav,AVPEPUDEA0031,0.52398348,0.93463397,0.90578306,0.95792043,0.99901569
AVPEPUDEA0032_preocupado.wav,AVPEPUDEA0032,0.98074579,0.98995858,0.99650204,0.99860954,0.99859864
AVPEPUDEA0034_preocupado.wav,AVPEPUDEA0034,0.86993730,0.08322426,0.77492648,0.92465919,0.03186519
AVPEPUDEA0035_preocupado.wav,AVPEPUDEA0035,0.97900438,0.07296559,0.67020077,0.98990905,0.98850250
AVPEPUDEA0037_preocupado.wav,AVPEPUDEA0037,0.99992120,0.91155803,0.99934024,0.99992692,0.99995613
AVPEPUDEA0038_preocupado.wav,AVPEPUDEA0038,0.99368382,0.28068182,0.35267490,0.42687732,0.60388815
AVPEPUDEA0039_preocupado.wav,AVPEPUDEA0039,1.00000000,0.99999988,1.00000000,0.99999988,1.00000000
AVPEPUDEA0041_preocupado.wav,AVPEPUDEA0041,0.99938846,0.71236652,0.97584015,0.77587324,0.57300395
AVPEPUDEA0042_preocupado.wav,AVPEPUDEA0042,0.98448908,0.99025947,0.99999821,0.98976851,0.97108996
AVPEPUDEA0043_preocupado.wav,AVPEPUDEA0043,0.99999905,0.99953830,0.99999976,0.99994648,0.99999976
AVPEPUDEA0045_preocupado.wav,AVPEPUDEA0045,0.99999928,0.99931383,0.99998641,0.99989855,0.99999833
AVPEPUDEA0046_preocupado.wav,AVPEPUDEA0046,1.00000000,0.99999976,1.00000000,0.99999988,1.00000000
AVPEPUDEA0047_preocupado.wav,AVPEPUDEA0047,0.99486321,0.98927188,0.91197664,0.09417681,0.99433917
AVPEPUDEA0048_preocupado.wav,AVPEPUDEA0048,0.98626816,0.97534966,0.98540765,0.99858838,0.99827790
AVPEPUDEA0049_preocupado.wav,AVPEPUDEA0049,0.99998713,0.99999869,0.99992907,0.99995673,0.99966753
AVPEPUDEA0050_preocupado.wav,AVPEPUDEA0050,0.73519474,0.87973458,0.96685833,0.79478294,0.99262178
AVPEPUDEA0051_preocupado.wav,AVPEPUDEA0051,0.99991703,0.99985766,0.99999404,0.99999344,0.99971837
AVPEPUDEA0052_preocupado.wav,AVPEPUDEA0052,1.00000000,0.99999106,0.99984634,0.99995959,0.99999928
AVPEPUDEA0053_preocupado.wav,AVPEPUDEA0053,0.99999988,0.99999869,0.74186313,0.99470818,1.00000000
AVPEPUDEA0054_preocupado.wav,AVPEPUDEA0054,0.00000000,0.00001481,0.00000000,0.00000320,0.00000937
AVPEPUDEA0055_preocupado.wav,AVPEPUDEA0055,1.00000000,1.00000000,1.00000000,1.00000000,1.00000000
AVPEPUDEA0056_preocupado.wav,AVPEPUDEA0056,0.99999893,0.97271752,0.99982506,0.99983406,0.99974221
AVPEPUDEA0057_preocupado.wav,AVPEPUDEA0057,1.00000000,0.99999952,1.00000000,0.99999905,0.99999976
AVPEPUDEA0058_preocupado.wav,AVPEPUDEA0058,0.00920594,0.26240203,0.47909069,0.88318390,0.96250063
AVPEPUDEA0059_preocupado.wav,AVPEPUDEA0059,0.99830675,0.99998331,0.99997365,0.99997771,0.99997854
