orig,norm,speaker_id,lufs_before,lufs_after_crop,gain_db,lufs_out,peak_out,dur_before,dur_after
/project2/msoleyma_946/speech_health/spanish_neurovoz/zenodo_upload/audios/HC_ABLANDADA_0034.wav,/scratch1/parwatka/norm_audio/neurovoz_read/HC_ABLANDADA_0034.wav,34,-36.29920181404607,-36.29922405134711,13.29922405134711,-23.0,0.45010856082851564,2.245,1.5626875
/project2/msoleyma_946/speech_health/spanish_neurovoz/zenodo_upload/audios/HC_PIDIO_0034.wav,/scratch1/parwatka/norm_audio/neurovoz_read/HC_PIDIO_0034.wav,34,-34.557211083913856,-35.36027524789259,12.360275247892588,-22.999999999999996,0.438394536723081,4.1866875,1.5626875
/project2/msoleyma_946/speech_health/spanish_neurovoz/zenodo_upload/audios/HC_BURRO_0034.wav,/scratch1/parwatka/norm_audio/neurovoz_read/HC_BURRO_0034.wav,34,-33.44169890143905,-32.93075243394443,9.930752433944427,-22.999999999999986,0.48564011137233465,2.136,1.5626875
/project2/msoleyma_946/speech_health/spanish_neurovoz/zenodo_upload/audios/HC_GANGA_0034.wav,/scratch1/parwatka/norm_audio/neurovoz_read/HC_GANGA_0034.wav,34,-35.75481632321551,-36.11952838075706,13.11952838075706,-22.999999999999996,0.3974839914994225,1.913,1.5626875
/project2/msoleyma_946/speech_health/spanish_neurovoz/zenodo_upload/audios/HC_MANGA_0034.wav,/scratch1/parwatka/norm_audio/neurovoz_read/HC_MANGA_0034.wav,34,-30.454996809616144,-29.073067488103888,6.073067488103888,-23.0,0.3557754700746295,2.015,1.5626875
/project2/msoleyma_946/speech_health/spanish_neurovoz/zenodo_upload/audios/HC_PERRO_0034.wav,/scratch1/parwatka/norm_audio/neurovoz_read/HC_PERRO_0034.wav,34,-34.9691327877474,-34.98251622056863,11.982516220568627,-23.000000000000004,0.5146999429950497,1.92525,1.5626875
/project2/msoleyma_946/speech_health/spanish_neurovoz/zenodo_upload/audios/HC_SOMBRA_0034.wav,/scratch1/parwatka/norm_audio/neurovoz_read/HC_SOMBRA_0034.wav,34,-34.07670293906979,-37.584463288771225,14.584463288771225,-23.0,0.4119848545460218,3.884,1.5626875
/project2/msoleyma_946/speech_health/spanish_neurovoz/zenodo_upload/audios/HC_BARBAS_0034.wav,/scratch1/parwatka/norm_audio/neurovoz_read/HC_BARBAS_0034.wav,34,-33.82913207940465,-37.480127959840004,14.480127959840004,-22.999999999999986,0.4132457128664615,4.688875,1.5626875
/project2/msoleyma_946/speech_health/spanish_neurovoz/zenodo_upload/audios/HC_DIABLO_0034.wav,/scratch1/parwatka/norm_audio/neurovoz_read/HC_DIABLO_0034.wav,34,-32.27507697847167,-34.22379761133993,11.223797611339933,-22.999999999999996,0.47125949864802386,4.0485625,1.5626875
/project2/msoleyma_946/speech_health/spanish_neurovoz/zenodo_upload/audios/HC_TOMAS_0034.wav,/scratch1/parwatka/norm_audio/neurovoz_read/HC_TOMAS_0034.wav,34,-31.548025280005987,-31.31605026906793,8.31605026906793,-23.0,0.43729551750515594,1.6626875,1.5626875
/project2/msoleyma_946/speech_health/spanish_neurovoz/zenodo_upload/audios/HC_CARMEN_0034.wav,/scratch1/parwatka/norm_audio/neurovoz_read/HC_CARMEN_0034.wav,34,-34.031253064698625,-33.10478245882366,10.104782458823657,-23.00000000000001,0.3877589467230857,2.356375,1.5626875
/project2/msoleyma_946/speech_health/spanish_neurovoz/zenodo_upload/audios/HC_CALLE_0034.wav,/scratch1/parwatka/norm_audio/neurovoz_read/HC_CALLE_0034.wav,34,-33.086010602178604,-34.93154515131132,11.931545151311319,-22.999999999999996,0.4681682794380913,2.7819375,1.5626875
/project2/msoleyma_946/speech_health/spanish_neurovoz/zenodo_upload/audios/HC_PIDIO_0036.wav,/scratch1/parwatka/norm_audio/neurovoz_read/HC_PIDIO_0036.wav,36,-37.40617084259511,-36.56042610435125,13.56042610435125,-23.0,0.39618471862501425,3.209,1.5626875
/project2/msoleyma_946/speech_health/spanish_neurovoz/zenodo_upload/audios/HC_DIABLO_0036.wav,/scratch1/parwatka/norm_audio/neurovoz_read/HC_DIABLO_0036.wav,36,-34.165731057627184,-36.42463789741841,13.424637897418407,-23.0,0.6219261886259768,3.63475,1.5626875
/project2/msoleyma_946/speech_health/spanish_neurovoz/zenodo_upload/audios/HC_ABLANDADA_0036.wav,/scratch1/parwatka/norm_audio/neurovoz_read/HC_ABLANDADA_0036.wav,36,-36.026423994879394,-35.41246090043654,12.412460900436542,-23.0,0.3875473673551487,2.93125,1.5626875
/project2/msoleyma_946/speech_health/spanish_neurovoz/zenodo_upload/audios/HC_MANGA_0036.wav,/scratch1/parwatka/norm_audio/neurovoz_read/HC_MANGA_0036.wav,36,-34.50458201657952,-33.72609654604342,10.726096546043422,-23.0,0.3884398303586347,2.4755625,1.5626875
/project2/msoleyma_946/speech_health/spanish_neurovoz/zenodo_upload/audios/HC_TOMAS_0036.wav,/scratch1/parwatka/norm_audio/neurovoz_read/HC_TOMAS_0036.wav,36,-33.57635262548483,-33.38327997234609,10.383279972346088,-22.999999999999996,0.36979985472371013,1.793,1.5626875
/project2/msoleyma_946/speech_health/spanish_neurovoz/zenodo_upload/audios/HC_CARMEN_0036.wav,/scratch1/parwatka/norm_audio/neurovoz_read/HC_CARMEN_0036.wav,36,-32.60578878676148,-32.54093849245666,9.540938492456661,-23.0,0.31456820117623174,1.7638125,1.5626875
/project2/msoleyma_946/speech_health/spanish_neurovoz/zenodo_upload/audios/HC_BARBAS_0036.wav,/scratch1/parwatka/norm_audio/neurovoz_read/HC_BARBAS_0036.wav,36,-35.44069238628735,-35.6804082616651,12.6804082616651,-23.0,0.3516380082013661,4.7255625,1.5626875
/project2/msoleyma_946/speech_health/spanish_neurovoz/zenodo_upload/audios/HC_CALLE_0036.wav,/scratch1/parwatka/norm_audio/neurovoz_read/HC_CALLE_0036.wav,36,-34.382618743367274,-35.896187036408136,12.896187036408136,-22.999999999999996,0.538114195395798,3.4014375,1.5626875
/project2/msoleyma_946/speech_health/spanish_neurovoz/zenodo_upload/audios/HC_BURRO_0036.wav,/scratch1/parwatka/norm_audio/neurovoz_read/HC_BURRO_0036.wav,36,-35.317408299005464,-34.596355271551225,11.596355271551225,-23.0,0.325932430159369,2.787875,1.5626875
/project2/msoleyma_946/speech_health/spanish_neurovoz/zenodo_upload/audios/HC_SOMBRA_0036.wav,/scratch1/parwatka/norm_audio/neurovoz_read/HC_SOMBRA_0036.wav,36,-37.75852851080107,-38.47204724520448,15.472047245204479,-23.000000000000004,0.3213049180554299,3.5230625,1.5626875
/project2/msoleyma_946/speech_health/spanish_neurovoz/zenodo_upload/audios/HC_PERRO_0036.wav,/scratch1/parwatka/norm_audio/neurovoz_read/HC_PERRO_0036.wav,36,-38.75891791175933,-38.07505082419718,15.075050824197177,-22.999999999999996,0.46398618285192517,2.6056875,1.5626875
/project2/msoleyma_946/speech_health/spanish_neurovoz/zenodo_upload/audios/HC_GANGA_0036.wav,/scratch1/parwatka/norm_audio/neurovoz_read/HC_GANGA_0036.wav,36,-35.437560933577366,-34.5205564902683,11.520556490268298,-23.0,0.4117830369727695,3.622375,1.5626875
/project2/msoleyma_946/speech_health/spanish_neurovoz/zenodo_upload/audios/HC_SOMBRA_0045.wav,/scratch1/parwatka/norm_audio/neurovoz_read/HC_SOMBRA_0045.wav,45,-46.22246914956933,-43.480678340886996,20.480678340886996,-23.000000000000004,0.4403891672972383,3.6724375,1.5626875
/project2/msoleyma_946/speech_health/spanish_neurovoz/zenodo_upload/audios/HC_DIABLO_0045.wav,/scratch1/parwatka/norm_audio/neurovoz_read/HC_DIABLO_0045.wav,45,-42.460893044622104,-43.70733872481556,20.707338724815557,-22.999999999999986,0.47397623788865517,3.9930625,1.5626875
/project2/msoleyma_946/speech_health/spanish_neurovoz/zenodo_upload/audios/HC_CARMEN_0045.wav,/scratch1/parwatka/norm_audio/neurovoz_read/HC_CARMEN_0045.wav,45,-41.6640521206957,-41.57573553921722,18.57573553921722,-22.999999999999986,0.2965668814465233,1.648875,1.5626875
/project2/msoleyma_946/speech_health/spanish_neurovoz/zenodo_upload/audios/HC_GANGA_0045.wav,/scratch1/parwatka/norm_audio/neurovoz_read/HC_GANGA_0045.wav,45,-44.989810344173065,-44.66259074449556,21.66259074449556,-23.000000000000018,0.5333542154583304,2.9721875,1.5626875
/project2/msoleyma_946/speech_health/spanish_neurovoz/zenodo_upload/audios/HC_BURRO_0045.wav,/scratch1/parwatka/norm_audio/neurovoz_read/HC_BURRO_0045.wav,45,-40.908707810239356,-40.144224882230574,17.144224882230574,-23.0,0.3178430310118353,3.3436875,1.5626875
/project2/msoleyma_946/speech_health/spanish_neurovoz/zenodo_upload/audios/HC_BARBAS_0045.wav,/scratch1/parwatka/norm_audio/neurovoz_read/HC_BARBAS_0045.wav,45,-42.97773055987825,-44.54994693505391,21.54994693505391,-22.999999999999986,0.4594841588545507,4.4298125,1.5626875
/project2/msoleyma_946/speech_health/spanish_neurovoz/zenodo_upload/audios/HC_CALLE_0045.wav,/scratch1/parwatka/norm_audio/neurovoz_read/HC_CALLE_0045.wav,45,-44.63216322599537,-48.89168393399295,25.89168393399295,-22.99999999999999,0.4182896962805446,4.1035,1.5626875
/project2/msoleyma_946/speech_health/spanish_neurovoz/zenodo_upload/audios/HC_ABLANDADA_0045.wav,/scratch1/parwatka/norm_audio/neurovoz_read/HC_ABLANDADA_0045.wav,45,-43.768641984452756,-43.16198778534584,20.161987785345843,-22.999999999999996,0.3722491202994598,2.7270625,1.5626875
/project2/msoleyma_946/speech_health/spanish_neurovoz/zenodo_upload/audios/HC_TOMAS_0045.wav,/scratch1/parwatka/norm_audio/neurovoz_read/HC_TOMAS_0045.wav,45,-41.23728014864638,-40.91515862493109,17.915158624931088,-23.0,0.4099814156901365,1.8011875,1.5626875
/project2/msoleyma_946/speech_health/spanish_neurovoz/zenodo_upload/audios/HC_MANGA_0045.wav,/scratch1/parwatka/norm_audio/neurovoz_read/HC_MANGA_0045.wav,45,-43.28258772210107,-42.886768764532064,19.886768764532064,-22.999999999999996,0.36392402787327915,2.6935625,1.5626875
/project2/msoleyma_946/speech_health/spanish_neurovoz/zenodo_upload/audios/HC_PERRO_0045.wav,/scratch1/parwatka/norm_audio/neurovoz_read/HC_PERRO_0045.wav,45,-49.1340898104689,-49.116192888486836,26.116192888486836,-23.00000000000001,0.421796036350983,3.0650625,1.5626875
/project2/msoleyma_946/speech_health/spanish_neurovoz/zenodo_upload/audios/HC_PIDIO_0045.wav,/scratch1/parwatka/norm_audio/neurovoz_read/HC_PIDIO_0045.wav,45,-44.82380481385577,-44.25148056921722,21.25148056921722,-23.000000000000004,0.492279642560312,3.7148125,1.5626875
/project2/msoleyma_946/speech_health/spanish_neurovoz/zenodo_upload/audios/HC_PIDIO_0048.wav,/scratch1/parwatka/norm_audio/neurovoz_read/HC_PIDIO_0048.wav,48,-39.631284230606994,-39.45377645899806,16.453776458998057,-23.0,0.44033959194151706,2.835125,1.5626875
/project2/msoleyma_946/speech_health/spanish_neurovoz/zenodo_upload/audios/HC_ABLANDADA_0048.wav,/scratch1/parwatka/norm_audio/neurovoz_read/HC_ABLANDADA_0048.wav,48,-38.14064410169798,-38.5154273778361,15.515427377836097,-22.999999999999996,0.3317338230544147,2.43575,1.5626875
/project2/msoleyma_946/speech_health/spanish_neurovoz/zenodo_upload/audios/HC_CALLE_0048.wav,/scratch1/parwatka/norm_audio/neurovoz_read/HC_CALLE_0048.wav,48,-39.08606574939422,-39.142513223225286,16.142513223225286,-23.0,0.4256769571535863,2.7133125,1.5626875
/project2/msoleyma_946/speech_health/spanish_neurovoz/zenodo_upload/audios/HC_MANGA_0048.wav,/scratch1/parwatka/norm_audio/neurovoz_read/HC_MANGA_0048.wav,48,-32.866283821259756,-32.58883649202958,9.588836492029579,-23.0,0.40500296725838725,2.229125,1.5626875
/project2/msoleyma_946/speech_health/spanish_neurovoz/zenodo_upload/audios/HC_BARBAS_0048.wav,/scratch1/parwatka/norm_audio/neurovoz_read/HC_BARBAS_0048.wav,48,-39.51930262005429,-39.10782163086149,16.107821630861487,-22.999999999999996,0.37691635961340747,3.7084375,1.5626875
/project2/msoleyma_946/speech_health/spanish_neurovoz/zenodo_upload/audios/HC_GANGA_0048.wav,/scratch1/parwatka/norm_audio/neurovoz_read/HC_GANGA_0048.wav,48,-37.12374017162718,-37.63658012455355,14.636580124553547,-22.999999999999996,0.4326385465068415,2.6006875,1.5626875
/project2/msoleyma_946/speech_health/spanish_neurovoz/zenodo_upload/audios/HC_DIABLO_0048.wav,/scratch1/parwatka/norm_audio/neurovoz_read/HC_DIABLO_0048.wav,48,-37.10192341931137,-39.58962241054477,16.58962241054477,-23.0,0.5165615483573597,2.8009375,1.5626875
/project2/msoleyma_946/speech_health/spanish_neurovoz/zenodo_upload/audios/HC_PERRO_0048.wav,/scratch1/parwatka/norm_audio/neurovoz_read/HC_PERRO_0048.wav,48,-36.79608942361749,-36.32670838442521,13.32670838442521,-23.0,0.5646349122153312,2.4291875,1.5626875
/project2/msoleyma_946/speech_health/spanish_neurovoz/zenodo_upload/audios/HC_BURRO_0048.wav,/scratch1/parwatka/norm_audio/neurovoz_read/HC_BURRO_0048.wav,48,-34.922726999462235,-34.13872608769932,11.138726087699315,-23.0,0.4221795913427505,2.4149375,1.5626875
/project2/msoleyma_946/speech_health/spanish_neurovoz/zenodo_upload/audios/HC_SOMBRA_0048.wav,/scratch1/parwatka/norm_audio/neurovoz_read/HC_SOMBRA_0048.wav,48,-41.28835222458319,-41.88504659016249,18.88504659016249,-22.999999999999996,0.33478623698231086,2.942875,1.5626875
/project2/msoleyma_946/speech_health/spanish_neurovoz/zenodo_upload/audios/HC_PERRO_0049.wav,/scratch1/parwatka/norm_audio/neurovoz_read/HC_PERRO_0049.wav,49,-42.55391650693043,-43.21538106316546,20.21538106316546,-22.99999999999999,0.6219159734613139,2.707625,1.5626875
/project2/msoleyma_946/speech_health/spanish_neurovoz/zenodo_upload/audios/HC_BARBAS_0049.wav,/scratch1/parwatka/norm_audio/neurovoz_read/HC_BARBAS_0049.wav,49,-39.87937544558678,-40.785371873180424,17.785371873180424,-22.999999999999996,0.39141036367093723,4.863875,1.5626875
/project2/msoleyma_946/speech_health/spanish_neurovoz/zenodo_upload/audios/HC_TOMAS_0049.wav,/scratch1/parwatka/norm_audio/neurovoz_read/HC_TOMAS_0049.wav,49,-39.85412587479772,-38.725844087418366,15.725844087418366,-22.999999999999996,0.41519083785394045,2.009125,1.5626875
/project2/msoleyma_946/speech_health/spanish_neurovoz/zenodo_upload/audios/HC_CALLE_0049.wav,/scratch1/parwatka/norm_audio/neurovoz_read/HC_CALLE_0049.wav,49,-38.440001366304514,-39.66649756526984,16.666497565269843,-23.0,0.4939885891549238,3.3668125,1.5626875
/project2/msoleyma_946/speech_health/spanish_neurovoz/zenodo_upload/audios/HC_DIABLO_0049.wav,/scratch1/parwatka/norm_audio/neurovoz_read/HC_DIABLO_0049.wav,49,-40.03966498997564,-41.31112379577273,18.31112379577273,-22.99999999999999,0.43694463788764426,3.796375,1.5626875
/project2/msoleyma_946/speech_health/spanish_neurovoz/zenodo_upload/audios/HC_BURRO_0049.wav,/scratch1/parwatka/norm_audio/neurovoz_read/HC_BURRO_0049.wav,49,-40.54194486193762,-40.10691981345764,17.10691981345764,-22.999999999999996,0.4680470524910906,2.8793125,1.5626875
/project2/msoleyma_946/speech_health/spanish_neurovoz/zenodo_upload/audios/HC_CARMEN_0049.wav,/scratch1/parwatka/norm_audio/neurovoz_read/HC_CARMEN_0049.wav,49,-37.94342947720213,-37.396845619813845,14.396845619813845,-22.999999999999996,0.3876039040834804,2.0733125,1.5626875
/project2/msoleyma_946/speech_health/spanish_neurovoz/zenodo_upload/audios/HC_MANGA_0049.wav,/scratch1/parwatka/norm_audio/neurovoz_read/HC_MANGA_0049.wav,49,-38.56376184714546,-37.90925748969415,14.909257489694149,-22.999999999999996,0.41259727137086216,2.9721875,1.5626875
/project2/msoleyma_946/speech_health/spanish_neurovoz/zenodo_upload/audios/HC_ABLANDADA_0049.wav,/scratch1/parwatka/norm_audio/neurovoz_read/HC_ABLANDADA_0049.wav,49,-39.00479359194729,-40.492852523888374,17.492852523888374,-23.0,0.47027224577546434,3.171375,1.5626875
/project2/msoleyma_946/speech_health/spanish_neurovoz/zenodo_upload/audios/HC_SOMBRA_0049.wav,/scratch1/parwatka/norm_audio/neurovoz_read/HC_SOMBRA_0049.wav,49,-42.394874661481815,-45.272028290684794,22.272028290684794,-23.000000000000004,0.47377019803524223,4.0705,1.5626875
/project2/msoleyma_946/speech_health/spanish_neurovoz/zenodo_upload/audios/HC_GANGA_0049.wav,/scratch1/parwatka/norm_audio/neurovoz_read/HC_GANGA_0049.wav,49,-40.77134615031374,-41.57264289684008,18.57264289684008,-22.999999999999986,0.44533866821039675,3.1579375,1.5626875
/project2/msoleyma_946/speech_health/spanish_neurovoz/zenodo_upload/audios/HC_PIDIO_0049.wav,/scratch1/parwatka/norm_audio/neurovoz_read/HC_PIDIO_0049.wav,49,-43.63471954873948,-42.99882192907613,19.99882192907613,-23.0,0.45404187632793497,3.580375,1.5626875
/project2/msoleyma_946/speech_health/spanish_neurovoz/zenodo_upload/audios/HC_CARMEN_0051.wav,/scratch1/parwatka/norm_audio/neurovoz_read/HC_CARMEN_0051.wav,51,-35.272607805874145,-35.39116723532438,12.391167235324382,-22.999999999999996,0.5014109484960195,1.82575,1.5626875
/project2/msoleyma_946/speech_health/spanish_neurovoz/zenodo_upload/audios/HC_TOMAS_0051.wav,/scratch1/parwatka/norm_audio/neurovoz_read/HC_TOMAS_0051.wav,51,-35.85278963317512,-35.7984713515132,12.7984713515132,-23.0,0.4768042987778702,1.7749375,1.5626875
/project2/msoleyma_946/speech_health/spanish_neurovoz/zenodo_upload/audios/HC_SOMBRA_0051.wav,/scratch1/parwatka/norm_audio/neurovoz_read/HC_SOMBRA_0051.wav,51,-35.508388473841805,-37.085992877796436,14.085992877796436,-22.999999999999986,0.8638800138957023,3.779125,1.5626875
/project2/msoleyma_946/speech_health/spanish_neurovoz/zenodo_upload/audios/HC_BURRO_0051.wav,/scratch1/parwatka/norm_audio/neurovoz_read/HC_BURRO_0051.wav,51,-32.927841050208784,-32.37810430740004,9.378104307400037,-23.0,0.48189663457593934,3.1579375,1.5626875
/project2/msoleyma_946/speech_health/spanish_neurovoz/zenodo_upload/audios/HC_CALLE_0051.wav,/scratch1/parwatka/norm_audio/neurovoz_read/HC_CALLE_0051.wav,51,-30.757240710981392,-29.84910667768352,6.849106677683519,-23.000000000000004,0.5489514489151396,3.17825,1.5626875
/project2/msoleyma_946/speech_health/spanish_neurovoz/zenodo_upload/audios/HC_ABLANDADA_0051.wav,/scratch1/parwatka/norm_audio/neurovoz_read/HC_ABLANDADA_0051.wav,51,-36.52745948086548,-36.766152798781974,13.766152798781974,-22.99999999999999,0.3547721966837118,2.7403125,1.5626875
/project2/msoleyma_946/speech_health/spanish_neurovoz/zenodo_upload/audios/HC_PERRO_0051.wav,/scratch1/parwatka/norm_audio/neurovoz_read/HC_PERRO_0051.wav,51,-34.04638197237496,-37.05783559022741,14.057835590227413,-22.999999999999996,0.6555946480469983,2.8793125,1.5626875
/project2/msoleyma_946/speech_health/spanish_neurovoz/zenodo_upload/audios/HC_GANGA_0051.wav,/scratch1/parwatka/norm_audio/neurovoz_read/HC_GANGA_0051.wav,51,-37.0405227996951,-37.08271643106315,14.082716431063147,-22.99999999999999,0.5714388094913585,3.4365625,1.5626875
/project2/msoleyma_946/speech_health/spanish_neurovoz/zenodo_upload/audios/HC_PIDIO_0051.wav,/scratch1/parwatka/norm_audio/neurovoz_read/HC_PIDIO_0051.wav,51,-36.331766289131636,-35.13815410349528,12.138154103495282,-22.999999999999996,0.4897656038180307,3.2656875,1.5626875
/project2/msoleyma_946/speech_health/spanish_neurovoz/zenodo_upload/audios/HC_BARBAS_0051.wav,/scratch1/parwatka/norm_audio/neurovoz_read/HC_BARBAS_0051.wav,51,-32.90902710933954,-33.14138676280467,10.141386762804672,-22.999999999999996,0.4214620757338689,4.192625,1.5626875
/project2/msoleyma_946/speech_health/spanish_neurovoz/zenodo_upload/audios/HC_DIABLO_0051.wav,/scratch1/parwatka/norm_audio/neurovoz_read/HC_DIABLO_0051.wav,51,-30.32686406540294,-31.48193931091286,8.48193931091286,-23.0,0.4163430946462438,3.5505,1.5626875
/project2/msoleyma_946/speech_health/spanish_neurovoz/zenodo_upload/audios/HC_MANGA_0051.wav,/scratch1/parwatka/norm_audio/neurovoz_read/HC_MANGA_0051.wav,51,-35.10267152364623,-34.91429729918117,11.914297299181168,-22.999999999999996,0.5089208728225343,3.2508125,1.5626875
/project2/msoleyma_946/speech_health/spanish_neurovoz/zenodo_upload/audios/HC_PIDIO_0052.wav,/scratch1/parwatka/norm_audio/neurovoz_read/HC_PIDIO_0052.wav,52,-39.49153857318713,-39.1046545295433,16.104654529543303,-23.0,0.4568137604445156,3.524375,1.5626875
/project2/msoleyma_946/speech_health/spanish_neurovoz/zenodo_upload/audios/HC_MANGA_0052.wav,/scratch1/parwatka/norm_audio/neurovoz_read/HC_MANGA_0052.wav,52,-34.39116894351831,-34.77713438959787,11.777134389597869,-23.0,0.5279200525400866,2.322,1.5626875
/project2/msoleyma_946/speech_health/spanish_neurovoz/zenodo_upload/audios/HC_PERRO_0052.wav,/scratch1/parwatka/norm_audio/neurovoz_read/HC_PERRO_0052.wav,52,-39.03582136032946,-39.72089992386267,16.720899923862667,-23.0,0.7629444389200712,2.7676875,1.5626875
/project2/msoleyma_946/speech_health/spanish_neurovoz/zenodo_upload/audios/HC_BURRO_0052.wav,/scratch1/parwatka/norm_audio/neurovoz_read/HC_BURRO_0052.wav,52,-37.91734698412842,-38.26963749855411,15.269637498554111,-23.0,0.5626279849682865,3.0650625,1.5626875
/project2/msoleyma_946/speech_health/spanish_neurovoz/zenodo_upload/audios/HC_BARBAS_0052.wav,/scratch1/parwatka/norm_audio/neurovoz_read/HC_BARBAS_0052.wav,52,-38.64354273035053,-38.57163320018595,15.57163320018595,-22.999999999999996,0.5013084529002896,4.1040625,1.5626875
/project2/msoleyma_946/speech_health/spanish_neurovoz/zenodo_upload/audios/HC_TOMAS_0052.wav,/scratch1/parwatka/norm_audio/neurovoz_read/HC_TOMAS_0052.wav,52,-34.360167420632244,-34.397834411046134,11.397834411046134,-22.99999999999999,0.6402422913142691,1.591,1.5626875
/project2/msoleyma_946/speech_health/spanish_neurovoz/zenodo_upload/audios/HC_GANGA_0052.wav,/scratch1/parwatka/norm_audio/neurovoz_read/HC_GANGA_0052.wav,52,-38.648183078090376,-38.67225082755682,15.672250827556823,-22.999999999999996,0.7309747196270572,2.322,1.5626875
/project2/msoleyma_946/speech_health/spanish_neurovoz/zenodo_upload/audios/HC_CARMEN_0052.wav,/scratch1/parwatka/norm_audio/neurovoz_read/HC_CARMEN_0052.wav,52,-34.32898672049228,-34.090852917069526,11.090852917069526,-22.999999999999996,0.5050659940069133,1.83725,1.5626875
/project2/msoleyma_946/speech_health/spanish_neurovoz/zenodo_upload/audios/HC_ABLANDADA_0052.wav,/scratch1/parwatka/norm_audio/neurovoz_read/HC_ABLANDADA_0052.wav,52,-37.828008458774875,-38.11267136016272,15.112671360162722,-23.0,0.5121493385458495,2.58475,1.5626875
/project2/msoleyma_946/speech_health/spanish_neurovoz/zenodo_upload/audios/HC_CALLE_0052.wav,/scratch1/parwatka/norm_audio/neurovoz_read/HC_CALLE_0052.wav,52,-36.440111258368674,-37.78141686670191,14.78141686670191,-22.999999999999996,0.5664874102789733,3.166625,1.5626875
/project2/msoleyma_946/speech_health/spanish_neurovoz/zenodo_upload/audios/HC_DIABLO_0052.wav,/scratch1/parwatka/norm_audio/neurovoz_read/HC_DIABLO_0052.wav,52,-37.02521318403679,-37.90342343150095,14.903423431500947,-22.999999999999975,0.5338460697597553,3.526125,1.5626875
/project2/msoleyma_946/speech_health/spanish_neurovoz/zenodo_upload/audios/HC_SOMBRA_0052.wav,/scratch1/parwatka/norm_audio/neurovoz_read/HC_SOMBRA_0052.wav,52,-39.15543074618069,-38.1696954698698,15.1696954698698,-23.000000000000004,0.45492336464850425,3.59175,1.5626875
/project2/msoleyma_946/speech_health/spanish_neurovoz/zenodo_upload/audios/HC_PERRO_0053.wav,/scratch1/parwatka/norm_audio/neurovoz_read/HC_PERRO_0053.wav,53,-35.42800118566495,-37.73359985037941,14.733599850379413,-23.000000000000004,0.49213239731921177,2.5250625,1.5626875
/project2/msoleyma_946/speech_health/spanish_neurovoz/zenodo_upload/audios/HC_MANGA_0053.wav,/scratch1/parwatka/norm_audio/neurovoz_read/HC_MANGA_0053.wav,53,-32.331553042214516,-31.26695310768836,8.266953107688359,-23.000000000000004,0.4285792169142487,2.9721875,1.5626875
/project2/msoleyma_946/speech_health/spanish_neurovoz/zenodo_upload/audios/HC_TOMAS_0053.wav,/scratch1/parwatka/norm_audio/neurovoz_read/HC_TOMAS_0053.wav,53,-32.817528966355624,-32.62833213561117,9.628332135611167,-22.99999999999999,0.4847754569436425,1.741125,1.5626875
/project2/msoleyma_946/speech_health/spanish_neurovoz/zenodo_upload/audios/HC_CALLE_0053.wav,/scratch1/parwatka/norm_audio/neurovoz_read/HC_CALLE_0053.wav,53,-34.781686047785584,-36.156791927482324,13.156791927482324,-23.0,0.6308365920759059,3.192875,1.5626875
/project2/msoleyma_946/speech_health/spanish_neurovoz/zenodo_upload/audios/HC_DIABLO_0053.wav,/scratch1/parwatka/norm_audio/neurovoz_read/HC_DIABLO_0053.wav,53,-33.81822739191521,-37.06192281909563,14.061922819095628,-23.000000000000004,0.45670314007833995,4.299375,1.5626875
/project2/msoleyma_946/speech_health/spanish_neurovoz/zenodo_upload/audios/HC_ABLANDADA_0053.wav,/scratch1/parwatka/norm_audio/neurovoz_read/HC_ABLANDADA_0053.wav,53,-35.791080861003145,-36.26445363032109,13.264453630321093,-22.99999999999999,0.43721163098475974,3.31725,1.5626875
/project2/msoleyma_946/speech_health/spanish_neurovoz/zenodo_upload/audios/HC_BARBAS_0053.wav,/scratch1/parwatka/norm_audio/neurovoz_read/HC_BARBAS_0053.wav,53,-34.410599720242864,-34.16687711933665,11.166877119336647,-22.99999999999999,0.5594199822375201,4.9233125,1.5626875
/project2/msoleyma_946/speech_health/spanish_neurovoz/zenodo_upload/audios/HC_BURRO_0053.wav,/scratch1/parwatka/norm_audio/neurovoz_read/HC_BURRO_0053.wav,53,-33.579905991873545,-32.535388815360136,9.535388815360136,-23.0,0.54392844561203,3.5294375,1.5626875
/project2/msoleyma_946/speech_health/spanish_neurovoz/zenodo_upload/audios/HC_SOMBRA_0053.wav,/scratch1/parwatka/norm_audio/neurovoz_read/HC_SOMBRA_0053.wav,53,-36.05273802628861,-35.901532738039165,12.901532738039165,-23.0,0.4393405636559579,4.7158125,1.5626875
/project2/msoleyma_946/speech_health/spanish_neurovoz/zenodo_upload/audios/HC_GANGA_0053.wav,/scratch1/parwatka/norm_audio/neurovoz_read/HC_GANGA_0053.wav,53,-36.48128660052277,-36.396698991961024,13.396698991961024,-22.999999999999982,0.5663757981872247,2.8793125,1.5626875
/project2/msoleyma_946/speech_health/spanish_neurovoz/zenodo_upload/audios/HC_PIDIO_0053.wav,/scratch1/parwatka/norm_audio/neurovoz_read/HC_PIDIO_0053.wav,53,-36.65098296162791,-37.03845074659216,14.038450746592162,-23.0,0.40241815599335357,3.7336875,1.5626875
/project2/msoleyma_946/speech_health/spanish_neurovoz/zenodo_upload/audios/HC_CARMEN_0053.wav,/scratch1/parwatka/norm_audio/neurovoz_read/HC_CARMEN_0053.wav,53,-32.11594161308416,-32.023968108138995,9.023968108138993,-23.0,0.7580102858079758,1.66675,1.5626875
/project2/msoleyma_946/speech_health/spanish_neurovoz/zenodo_upload/audios/HC_SOMBRA_0054.wav,/scratch1/parwatka/norm_audio/neurovoz_read/HC_SOMBRA_0054.wav,54,-33.228792205750665,-35.494475495318284,12.494475495318284,-22.999999999999996,0.4939213501731071,3.9599375,1.5626875
/project2/msoleyma_946/speech_health/spanish_neurovoz/zenodo_upload/audios/HC_PERRO_0054.wav,/scratch1/parwatka/norm_audio/neurovoz_read/HC_PERRO_0054.wav,54,-34.708327372126995,-35.238990047432125,12.238990047432125,-22.999999999999996,0.6755126479263467,2.9195625,1.5626875
/project2/msoleyma_946/speech_health/spanish_neurovoz/zenodo_upload/audios/HC_MANGA_0054.wav,/scratch1/parwatka/norm_audio/neurovoz_read/HC_MANGA_0054.wav,54,-33.81379763406362,-32.846702305792846,9.846702305792846,-23.00000000000001,0.39647241007187606,2.9721875,1.5626875
/project2/msoleyma_946/speech_health/spanish_neurovoz/zenodo_upload/audios/HC_PIDIO_0054.wav,/scratch1/parwatka/norm_audio/neurovoz_read/HC_PIDIO_0054.wav,54,-37.47463791876589,-37.32497303877224,14.324973038772242,-23.0,0.3867913002750706,3.329375,1.5626875
/project2/msoleyma_946/speech_health/spanish_neurovoz/zenodo_upload/audios/HC_BARBAS_0054.wav,/scratch1/parwatka/norm_audio/neurovoz_read/HC_BARBAS_0054.wav,54,-36.01014385090378,-34.70836927140998,11.708369271409978,-23.000000000000004,0.4185287023443593,4.88125,1.5626875
/project2/msoleyma_946/speech_health/spanish_neurovoz/zenodo_upload/audios/HC_DIABLO_0054.wav,/scratch1/parwatka/norm_audio/neurovoz_read/HC_DIABLO_0054.wav,54,-33.90592768731526,-36.46699425945964,13.46699425945964,-23.00000000000001,0.655449380562129,3.6948125,1.5626875
/project2/msoleyma_946/speech_health/spanish_neurovoz/zenodo_upload/audios/HC_TOMAS_0054.wav,/scratch1/parwatka/norm_audio/neurovoz_read/HC_TOMAS_0054.wav,54,-35.216737646322954,-35.051685542962154,12.051685542962154,-22.999999999999996,0.4347527340004829,1.6285625,1.5626875
/project2/msoleyma_946/speech_health/spanish_neurovoz/zenodo_upload/audios/HC_GANGA_0054.wav,/scratch1/parwatka/norm_audio/neurovoz_read/HC_GANGA_0054.wav,54,-38.15675747629835,-38.24148277048015,15.241482770480147,-22.999999999999996,0.49282816410113983,2.7864375,1.5626875
/project2/msoleyma_946/speech_health/spanish_neurovoz/zenodo_upload/audios/HC_CALLE_0054.wav,/scratch1/parwatka/norm_audio/neurovoz_read/HC_CALLE_0054.wav,54,-34.74491533470567,-35.974792819096514,12.974792819096514,-22.999999999999996,0.5365063716124897,3.2668125,1.5626875
/project2/msoleyma_946/speech_health/spanish_neurovoz/zenodo_upload/audios/HC_ABLANDADA_0054.wav,/scratch1/parwatka/norm_audio/neurovoz_read/HC_ABLANDADA_0054.wav,54,-34.791284431250226,-35.64594566951124,12.645945669511242,-23.0,0.39206337924735085,2.5930625,1.5626875
/project2/msoleyma_946/speech_health/spanish_neurovoz/zenodo_upload/audios/HC_BURRO_0054.wav,/scratch1/parwatka/norm_audio/neurovoz_read/HC_BURRO_0054.wav,54,-37.47510644634686,-36.46672591646872,13.466725916468718,-23.0,0.5636889829633525,3.5294375,1.5626875
/project2/msoleyma_946/speech_health/spanish_neurovoz/zenodo_upload/audios/HC_CALLE_0055.wav,/scratch1/parwatka/norm_audio/neurovoz_read/HC_CALLE_0055.wav,55,-37.93089406815008,-38.47493907236505,15.474939072365054,-22.99999999999999,0.5402662577011529,2.7958125,1.5626875
/project2/msoleyma_946/speech_health/spanish_neurovoz/zenodo_upload/audios/HC_DIABLO_0055.wav,/scratch1/parwatka/norm_audio/neurovoz_read/HC_DIABLO_0055.wav,55,-38.02719053405815,-38.94370596074392,15.94370596074392,-22.99999999999999,0.5638143824143336,3.1598125,1.5626875
/project2/msoleyma_946/speech_health/spanish_neurovoz/zenodo_upload/audios/HC_BURRO_0055.wav,/scratch1/parwatka/norm_audio/neurovoz_read/HC_BURRO_0055.wav,55,-39.77946964813627,-38.67609238393,15.676092383929998,-22.999999999999996,0.5381918251158697,2.8540625,1.5626875
/project2/msoleyma_946/speech_health/spanish_neurovoz/zenodo_upload/audios/HC_MANGA_0055.wav,/scratch1/parwatka/norm_audio/neurovoz_read/HC_MANGA_0055.wav,55,-39.859448757397956,-39.184769753569256,16.184769753569256,-23.000000000000004,0.4223200339495508,2.1875625,1.5626875
/project2/msoleyma_946/speech_health/spanish_neurovoz/zenodo_upload/audios/HC_GANGA_0055.wav,/scratch1/parwatka/norm_audio/neurovoz_read/HC_GANGA_0055.wav,55,-43.97556443803397,-43.09365888153662,20.09365888153662,-23.0,0.43569323444856767,2.4149375,1.5626875
/project2/msoleyma_946/speech_health/spanish_neurovoz/zenodo_upload/audios/HC_PERRO_0055.wav,/scratch1/parwatka/norm_audio/neurovoz_read/HC_PERRO_0055.wav,55,-39.22645854037694,-39.69107705359389,16.691077053593887,-23.0,0.5351914092013405,2.4051875,1.5626875
/project2/msoleyma_946/speech_health/spanish_neurovoz/zenodo_upload/audios/HC_PIDIO_0055.wav,/scratch1/parwatka/norm_audio/neurovoz_read/HC_PIDIO_0055.wav,55,-40.26550644132669,-40.42894344181631,17.42894344181631,-22.99999999999999,0.4089802728454492,3.1179375,1.5626875
/project2/msoleyma_946/speech_health/spanish_neurovoz/zenodo_upload/audios/HC_ABLANDADA_0055.wav,/scratch1/parwatka/norm_audio/neurovoz_read/HC_ABLANDADA_0055.wav,55,-41.475808800722,-41.76344576525759,18.763445765257593,-22.999999999999986,0.48751014510182056,2.166125,1.5626875
/project2/msoleyma_946/speech_health/spanish_neurovoz/zenodo_upload/audios/HC_BARBAS_0055.wav,/scratch1/parwatka/norm_audio/neurovoz_read/HC_BARBAS_0055.wav,55,-36.13651801048094,-36.82129409994934,13.821294099949341,-22.999999999999982,1.9759222229686069,3.3334375,1.5626875
/project2/msoleyma_946/speech_health/spanish_neurovoz/zenodo_upload/audios/HC_SOMBRA_0055.wav,/scratch1/parwatka/norm_audio/neurovoz_read/HC_SOMBRA_0055.wav,55,-39.384690618137384,-40.99527798976377,17.99527798976377,-23.0,0.5088280261011034,2.697625,1.5626875
/project2/msoleyma_946/speech_health/spanish_neurovoz/zenodo_upload/audios/HC_BURRO_0056.wav,/scratch1/parwatka/norm_audio/neurovoz_read/HC_BURRO_0056.wav,56,-31.156327577773403,-29.815665492225424,6.815665492225424,-22.999999999999996,0.49332280229035963,3.1579375,1.5626875
/project2/msoleyma_946/speech_health/spanish_neurovoz/zenodo_upload/audios/HC_MANGA_0056.wav,/scratch1/parwatka/norm_audio/neurovoz_read/HC_MANGA_0056.wav,56,-29.61104775544047,-28.794391600983122,5.794391600983122,-23.0,0.41808890861176506,2.31225,1.5626875
/project2/msoleyma_946/speech_health/spanish_neurovoz/zenodo_upload/audios/HC_PERRO_0056.wav,/scratch1/parwatka/norm_audio/neurovoz_read/HC_PERRO_0056.wav,56,-33.713022293386445,-35.14581149245331,12.145811492453312,-22.99999999999999,0.6791864621140349,3.106125,1.5626875
/project2/msoleyma_946/speech_health/spanish_neurovoz/zenodo_upload/audios/HC_DIABLO_0056.wav,/scratch1/parwatka/norm_audio/neurovoz_read/HC_DIABLO_0056.wav,56,-29.980867051020272,-30.53906087882106,7.53906087882106,-22.99999999999999,0.5079866901557655,3.50325,1.5626875
/project2/msoleyma_946/speech_health/spanish_neurovoz/zenodo_upload/audios/HC_BARBAS_0056.wav,/scratch1/parwatka/norm_audio/neurovoz_read/HC_BARBAS_0056.wav,56,-30.13616519622613,-29.661755361072647,6.661755361072645,-23.0,0.5354772914186036,4.4781875,1.5626875
/project2/msoleyma_946/speech_health/spanish_neurovoz/zenodo_upload/audios/HC_SOMBRA_0056.wav,/scratch1/parwatka/norm_audio/neurovoz_read/HC_SOMBRA_0056.wav,56,-36.6052129342976,-36.765976776874886,13.765976776874886,-22.999999999999996,0.4061783618438416,3.161125,1.5626875
/project2/msoleyma_946/speech_health/spanish_neurovoz/zenodo_upload/audios/HC_GANGA_0056.wav,/scratch1/parwatka/norm_audio/neurovoz_read/HC_GANGA_0056.wav,56,-33.01719009045851,-33.03282110756235,10.032821107562349,-22.999999999999996,0.4302833971239456,2.863125,1.5626875
/project2/msoleyma_946/speech_health/spanish_neurovoz/zenodo_upload/audios/HC_ABLANDADA_0056.wav,/scratch1/parwatka/norm_audio/neurovoz_read/HC_ABLANDADA_0056.wav,56,-31.615633031908086,-32.43341085920728,9.433410859207278,-23.0,0.570363100814721,2.4681875,1.5626875
/project2/msoleyma_946/speech_health/spanish_neurovoz/zenodo_upload/audios/HC_PIDIO_0056.wav,/scratch1/parwatka/norm_audio/neurovoz_read/HC_PIDIO_0056.wav,56,-31.72426377909651,-32.279330292843774,9.279330292843774,-23.0,0.5445718138224018,2.2505,1.5626875
/project2/msoleyma_946/speech_health/spanish_neurovoz/zenodo_upload/audios/HC_CARMEN_0056.wav,/scratch1/parwatka/norm_audio/neurovoz_read/HC_CARMEN_0056.wav,56,-30.684093472924634,-30.839950823906886,7.839950823906885,-23.000000000000004,0.5200322988959417,1.7558125,1.5626875
/project2/msoleyma_946/speech_health/spanish_neurovoz/zenodo_upload/audios/HC_PERRO_0060.wav,/scratch1/parwatka/norm_audio/neurovoz_read/HC_PERRO_0060.wav,60,-34.08627186071822,-36.16623136968391,13.166231369683913,-23.00000000000001,0.6054707807204208,3.3555,1.5626875
/project2/msoleyma_946/speech_health/spanish_neurovoz/zenodo_upload/audios/HC_MANGA_0060.wav,/scratch1/parwatka/norm_audio/neurovoz_read/HC_MANGA_0060.wav,60,-28.725295308626325,-27.62550102206433,4.625501022064331,-23.00000000000001,0.4552020876196511,2.6364375,1.5626875
/project2/msoleyma_946/speech_health/spanish_neurovoz/zenodo_upload/audios/HC_DIABLO_0060.wav,/scratch1/parwatka/norm_audio/neurovoz_read/HC_DIABLO_0060.wav,60,-30.475475586673994,-30.843497672844254,7.843497672844254,-23.0,0.48224612612778284,4.2848125,1.5626875
/project2/msoleyma_946/speech_health/spanish_neurovoz/zenodo_upload/audios/HC_ABLANDADA_0060.wav,/scratch1/parwatka/norm_audio/neurovoz_read/HC_ABLANDADA_0060.wav,60,-30.758271600474554,-31.959441356051595,8.959441356051595,-23.0,0.622835360099623,3.1928125,1.5626875
/project2/msoleyma_946/speech_health/spanish_neurovoz/zenodo_upload/audios/HC_CALLE_0060.wav,/scratch1/parwatka/norm_audio/neurovoz_read/HC_CALLE_0060.wav,60,-30.24687753571411,-28.07844230403502,5.078442304035019,-23.0,0.5153660907529495,3.454625,1.5626875
/project2/msoleyma_946/speech_health/spanish_neurovoz/zenodo_upload/audios/HC_CARMEN_0060.wav,/scratch1/parwatka/norm_audio/neurovoz_read/HC_CARMEN_0060.wav,60,-28.780218687567945,-28.363392164397997,5.363392164397997,-23.0,0.4855971276693409,2.1381875,1.5626875
/project2/msoleyma_946/speech_health/spanish_neurovoz/zenodo_upload/audios/HC_BARBAS_0060.wav,/scratch1/parwatka/norm_audio/neurovoz_read/HC_BARBAS_0060.wav,60,-33.14015379072489,-31.90864908238092,8.908649082380919,-22.999999999999996,0.4989145421509228,4.4135625,1.5626875
/project2/msoleyma_946/speech_health/spanish_neurovoz/zenodo_upload/audios/HC_BURRO_0060.wav,/scratch1/parwatka/norm_audio/neurovoz_read/HC_BURRO_0060.wav,60,-32.196046186288896,-31.633665397924116,8.633665397924116,-23.000000000000004,0.5194870099083057,3.3345,1.5626875
/project2/msoleyma_946/speech_health/spanish_neurovoz/zenodo_upload/audios/HC_PIDIO_0060.wav,/scratch1/parwatka/norm_audio/neurovoz_read/HC_PIDIO_0060.wav,60,-35.79935321219615,-34.464163910547704,11.464163910547704,-22.99999999999999,0.4911323108027695,3.3653125,1.5626875
/project2/msoleyma_946/speech_health/spanish_neurovoz/zenodo_upload/audios/HC_TOMAS_0060.wav,/scratch1/parwatka/norm_audio/neurovoz_read/HC_TOMAS_0060.wav,60,-28.69053859050887,-28.364342653274168,5.364342653274168,-23.0,0.4834203491731697,1.586,1.5626875
/project2/msoleyma_946/speech_health/spanish_neurovoz/zenodo_upload/audios/HC_GANGA_0060.wav,/scratch1/parwatka/norm_audio/neurovoz_read/HC_GANGA_0060.wav,60,-30.44494786477066,-29.82640615212291,6.826406152122911,-23.000000000000004,0.593345804888916,3.3436875,1.5626875
/project2/msoleyma_946/speech_health/spanish_neurovoz/zenodo_upload/audios/HC_SOMBRA_0060.wav,/scratch1/parwatka/norm_audio/neurovoz_read/HC_SOMBRA_0060.wav,60,-35.35473291975209,-37.25936848376766,14.259368483767659,-22.999999999999996,0.5522840032461984,3.639125,1.5626875
/project2/msoleyma_946/speech_health/spanish_neurovoz/zenodo_upload/audios/HC_BARBAS_0061.wav,/scratch1/parwatka/norm_audio/neurovoz_read/HC_BARBAS_0061.wav,61,-30.281228644468353,-29.10480096639261,6.1048009663926095,-23.000000000000004,0.483711901187641,3.97425,1.5626875
/project2/msoleyma_946/speech_health/spanish_neurovoz/zenodo_upload/audios/HC_TOMAS_0061.wav,/scratch1/parwatka/norm_audio/neurovoz_read/HC_TOMAS_0061.wav,61,-30.99188086384588,-30.658892376272505,7.6588923762725045,-22.999999999999996,0.5378840824689567,1.7245625,1.5626875
/project2/msoleyma_946/speech_health/spanish_neurovoz/zenodo_upload/audios/HC_SOMBRA_0061.wav,/scratch1/parwatka/norm_audio/neurovoz_read/HC_SOMBRA_0061.wav,61,-33.76138102282863,-34.390946107805206,11.390946107805206,-22.999999999999986,0.5870679866435393,4.0263125,1.5626875
/project2/msoleyma_946/speech_health/spanish_neurovoz/zenodo_upload/audios/HC_PERRO_0061.wav,/scratch1/parwatka/norm_audio/neurovoz_read/HC_PERRO_0061.wav,61,-31.188111215729915,-32.221139295540134,9.221139295540135,-22.999999999999996,0.7344017456902582,2.8221875,1.5626875
/project2/msoleyma_946/speech_health/spanish_neurovoz/zenodo_upload/audios/HC_DIABLO_0061.wav,/scratch1/parwatka/norm_audio/neurovoz_read/HC_DIABLO_0061.wav,61,-30.859983334017524,-31.86352023728682,8.86352023728682,-22.999999999999996,0.6157004189120954,3.5083125,1.5626875
/project2/msoleyma_946/speech_health/spanish_neurovoz/zenodo_upload/audios/HC_CALLE_0061.wav,/scratch1/parwatka/norm_audio/neurovoz_read/HC_CALLE_0061.wav,61,-30.47985896986942,-30.509498834875824,7.509498834875824,-23.0,0.6293871497121505,2.85175,1.5626875
/project2/msoleyma_946/speech_health/spanish_neurovoz/zenodo_upload/audios/HC_BURRO_0061.wav,/scratch1/parwatka/norm_audio/neurovoz_read/HC_BURRO_0061.wav,61,-29.915253784071687,-29.1753607056314,6.175360705631402,-22.999999999999996,0.45679543245952703,3.411125,1.5626875
/project2/msoleyma_946/speech_health/spanish_neurovoz/zenodo_upload/audios/HC_PIDIO_0061.wav,/scratch1/parwatka/norm_audio/neurovoz_read/HC_PIDIO_0061.wav,61,-32.000516235805115,-29.039665952074923,6.039665952074921,-23.0,0.5358419893984337,3.801375,1.5626875
/project2/msoleyma_946/speech_health/spanish_neurovoz/zenodo_upload/audios/HC_MANGA_0061.wav,/scratch1/parwatka/norm_audio/neurovoz_read/HC_MANGA_0061.wav,61,-28.15305314355579,-27.421490224628926,4.421490224628926,-23.000000000000004,0.433359107466499,2.3019375,1.5626875
/project2/msoleyma_946/speech_health/spanish_neurovoz/zenodo_upload/audios/HC_GANGA_0061.wav,/scratch1/parwatka/norm_audio/neurovoz_read/HC_GANGA_0061.wav,61,-31.077740179312922,-32.260755652334446,9.260755652334447,-23.0,0.4601228950156105,2.6643125,1.5626875
/project2/msoleyma_946/speech_health/spanish_neurovoz/zenodo_upload/audios/HC_ABLANDADA_0061.wav,/scratch1/parwatka/norm_audio/neurovoz_read/HC_ABLANDADA_0061.wav,61,-30.08846274615109,-30.49289138131123,7.492891381311232,-23.0,0.4145364670853835,2.86,1.5626875
/project2/msoleyma_946/speech_health/spanish_neurovoz/zenodo_upload/audios/HC_BARBAS_0062.wav,/scratch1/parwatka/norm_audio/neurovoz_read/HC_BARBAS_0062.wav,62,-36.7709061265099,-36.9280605533291,13.928060553329097,-23.0,0.30474065073824724,4.361,1.5626875
/project2/msoleyma_946/speech_health/spanish_neurovoz/zenodo_upload/audios/HC_PERRO_0062.wav,/scratch1/parwatka/norm_audio/neurovoz_read/HC_PERRO_0062.wav,62,-37.92380090052165,-37.48524513837538,14.485245138375383,-23.0,0.4145213104376816,2.749125,1.5626875
/project2/msoleyma_946/speech_health/spanish_neurovoz/zenodo_upload/audios/HC_PIDIO_0062.wav,/scratch1/parwatka/norm_audio/neurovoz_read/HC_PIDIO_0062.wav,62,-38.44601095285065,-37.50068997090426,14.500689970904261,-23.0,0.49446133325161606,3.457,1.5626875
/project2/msoleyma_946/speech_health/spanish_neurovoz/zenodo_upload/audios/HC_BURRO_0062.wav,/scratch1/parwatka/norm_audio/neurovoz_read/HC_BURRO_0062.wav,62,-37.1024576015747,-36.5010492193245,13.5010492193245,-23.0,0.35831481087275,3.5294375,1.5626875
/project2/msoleyma_946/speech_health/spanish_neurovoz/zenodo_upload/audios/HC_ABLANDADA_0062.wav,/scratch1/parwatka/norm_audio/neurovoz_read/HC_ABLANDADA_0062.wav,62,-36.9048874263641,-38.39253567773215,15.392535677732148,-23.0,0.412801291035364,2.9984375,1.5626875
/project2/msoleyma_946/speech_health/spanish_neurovoz/zenodo_upload/audios/HC_DIABLO_0062.wav,/scratch1/parwatka/norm_audio/neurovoz_read/HC_DIABLO_0062.wav,62,-36.785572017514916,-38.20863097105923,15.208630971059229,-22.999999999999996,0.3563550420019722,4.012125,1.5626875
/project2/msoleyma_946/speech_health/spanish_neurovoz/zenodo_upload/audios/HC_CALLE_0062.wav,/scratch1/parwatka/norm_audio/neurovoz_read/HC_CALLE_0062.wav,62,-37.251364997516866,-38.48121819416282,15.481218194162821,-23.0,0.42961504740424783,2.9181875,1.5626875
/project2/msoleyma_946/speech_health/spanish_neurovoz/zenodo_upload/audios/HC_MANGA_0062.wav,/scratch1/parwatka/norm_audio/neurovoz_read/HC_MANGA_0062.wav,62,-36.93813842991628,-35.8793360083706,12.8793360083706,-23.0,0.31348483689902046,2.274875,1.5626875
/project2/msoleyma_946/speech_health/spanish_neurovoz/zenodo_upload/audios/HC_SOMBRA_0062.wav,/scratch1/parwatka/norm_audio/neurovoz_read/HC_SOMBRA_0062.wav,62,-38.19529605194579,-37.71668520451026,14.716685204510263,-22.999999999999996,0.37841191927016027,4.0375,1.5626875
/project2/msoleyma_946/speech_health/spanish_neurovoz/zenodo_upload/audios/HC_GANGA_0062.wav,/scratch1/parwatka/norm_audio/neurovoz_read/HC_GANGA_0062.wav,62,-35.19182017392085,-35.30687036643111,12.306870366431113,-23.0,0.3243681477072092,2.0189375,1.5626875
/project2/msoleyma_946/speech_health/spanish_neurovoz/zenodo_upload/audios/HC_CARMEN_0062.wav,/scratch1/parwatka/norm_audio/neurovoz_read/HC_CARMEN_0062.wav,62,-35.16391277890062,-34.93681933849976,11.93681933849976,-22.999999999999996,0.38648167532167527,1.731,1.5626875
/project2/msoleyma_946/speech_health/spanish_neurovoz/zenodo_upload/audios/HC_CARMEN_0063.wav,/scratch1/parwatka/norm_audio/neurovoz_read/HC_CARMEN_0063.wav,63,-38.300343578668304,-38.44535024843741,15.445350248437407,-23.000000000000004,0.4580392407870101,1.76925,1.5626875
/project2/msoleyma_946/speech_health/spanish_neurovoz/zenodo_upload/audios/HC_BURRO_0063.wav,/scratch1/parwatka/norm_audio/neurovoz_read/HC_BURRO_0063.wav,63,-35.668727479166236,-34.39646271347413,11.39646271347413,-22.99999999999999,0.39067455854198585,2.9814375,1.5626875
/project2/msoleyma_946/speech_health/spanish_neurovoz/zenodo_upload/audios/HC_ABLANDADA_0063.wav,/scratch1/parwatka/norm_audio/neurovoz_read/HC_ABLANDADA_0063.wav,63,-38.238389143588584,-39.385409599630115,16.385409599630115,-23.000000000000004,0.6517091272933723,2.7070625,1.5626875
/project2/msoleyma_946/speech_health/spanish_neurovoz/zenodo_upload/audios/HC_MANGA_0063.wav,/scratch1/parwatka/norm_audio/neurovoz_read/HC_MANGA_0063.wav,63,-38.98842218207269,-39.09832774776519,16.09832774776519,-23.0,0.42400207552019037,2.433375,1.5626875
/project2/msoleyma_946/speech_health/spanish_neurovoz/zenodo_upload/audios/HC_PERRO_0063.wav,/scratch1/parwatka/norm_audio/neurovoz_read/HC_PERRO_0063.wav,63,-30.812789640404926,-31.704276600509825,8.704276600509823,-23.0,0.4062629634482206,3.205125,1.5626875
/project2/msoleyma_946/speech_health/spanish_neurovoz/zenodo_upload/audios/HC_GANGA_0063.wav,/scratch1/parwatka/norm_audio/neurovoz_read/HC_GANGA_0063.wav,63,-41.45539925066936,-42.946068874559074,19.946068874559074,-23.0,0.3899501144877587,2.678625,1.5626875
/project2/msoleyma_946/speech_health/spanish_neurovoz/zenodo_upload/audios/HC_PIDIO_0063.wav,/scratch1/parwatka/norm_audio/neurovoz_read/HC_PIDIO_0063.wav,63,-32.401278243720995,-33.28642555899201,10.286425558992008,-22.999999999999996,0.6184911429110621,3.752,1.5626875
/project2/msoleyma_946/speech_health/spanish_neurovoz/zenodo_upload/audios/HC_DIABLO_0063.wav,/scratch1/parwatka/norm_audio/neurovoz_read/HC_DIABLO_0063.wav,63,-34.37572738451105,-36.21858404719694,13.218584047196941,-23.0,0.5452893695916428,3.631125,1.5626875
/project2/msoleyma_946/speech_health/spanish_neurovoz/zenodo_upload/audios/HC_SOMBRA_0063.wav,/scratch1/parwatka/norm_audio/neurovoz_read/HC_SOMBRA_0063.wav,63,-31.281192589667587,-32.93787877478515,9.937878774785148,-23.0,0.37829502334068743,3.6398125,1.5626875
/project2/msoleyma_946/speech_health/spanish_neurovoz/zenodo_upload/audios/HC_TOMAS_0063.wav,/scratch1/parwatka/norm_audio/neurovoz_read/HC_TOMAS_0063.wav,63,-37.44937684477675,-37.53285856132118,14.532858561321177,-22.99999999999999,0.532250242215631,1.747375,1.5626875
/project2/msoleyma_946/speech_health/spanish_neurovoz/zenodo_upload/audios/HC_CALLE_0063.wav,/scratch1/parwatka/norm_audio/neurovoz_read/HC_CALLE_0063.wav,63,-31.95064927648496,-30.594542684331635,7.5945426843316355,-23.000000000000004,0.466260584999815,2.16225,1.5626875
/project2/msoleyma_946/speech_health/spanish_neurovoz/zenodo_upload/audios/HC_BARBAS_0063.wav,/scratch1/parwatka/norm_audio/neurovoz_read/HC_BARBAS_0063.wav,63,-36.78237008261526,-36.79739761788466,13.797397617884663,-22.999999999999996,0.3893767591805812,4.65675,1.5626875
/project2/msoleyma_946/speech_health/spanish_neurovoz/zenodo_upload/audios/HC_CALLE_0064.wav,/scratch1/parwatka/norm_audio/neurovoz_read/HC_CALLE_0064.wav,64,-32.79328071785585,-33.93190749241571,10.93190749241571,-22.999999999999986,0.46105226371618724,2.984125,1.5626875
/project2/msoleyma_946/speech_health/spanish_neurovoz/zenodo_upload/audios/HC_CARMEN_0064.wav,/scratch1/parwatka/norm_audio/neurovoz_read/HC_CARMEN_0064.wav,64,-31.52497383196887,-31.6869546939167,8.6869546939167,-23.000000000000004,0.31924998033804175,1.8906875,1.5626875
/project2/msoleyma_946/speech_health/spanish_neurovoz/zenodo_upload/audios/HC_PIDIO_0064.wav,/scratch1/parwatka/norm_audio/neurovoz_read/HC_PIDIO_0064.wav,64,-38.88657753661097,-39.19726957487004,16.19726957487004,-22.999999999999986,0.4292520960556349,2.7194375,1.5626875
/project2/msoleyma_946/speech_health/spanish_neurovoz/zenodo_upload/audios/HC_PERRO_0064.wav,/scratch1/parwatka/norm_audio/neurovoz_read/HC_PERRO_0064.wav,64,-37.86670564517147,-38.92012538413774,15.92012538413774,-23.0,0.4520153373824239,2.7954375,1.5626875
/project2/msoleyma_946/speech_health/spanish_neurovoz/zenodo_upload/audios/HC_MANGA_0064.wav,/scratch1/parwatka/norm_audio/neurovoz_read/HC_MANGA_0064.wav,64,-31.722482781673992,-31.83658986588289,8.836589865882889,-22.999999999999996,0.381712742445357,2.117625,1.5626875
/project2/msoleyma_946/speech_health/spanish_neurovoz/zenodo_upload/audios/HC_GANGA_0064.wav,/scratch1/parwatka/norm_audio/neurovoz_read/HC_GANGA_0064.wav,64,-34.24553627894983,-34.04704809630993,11.04704809630993,-22.999999999999996,0.4585401190551447,2.58075,1.5626875
/project2/msoleyma_946/speech_health/spanish_neurovoz/zenodo_upload/audios/HC_DIABLO_0064.wav,/scratch1/parwatka/norm_audio/neurovoz_read/HC_DIABLO_0064.wav,64,-33.2383618571059,-34.60697190316127,11.606971903161273,-22.999999999999996,0.42750880589679563,3.4793125,1.5626875
/project2/msoleyma_946/speech_health/spanish_neurovoz/zenodo_upload/audios/HC_BURRO_0064.wav,/scratch1/parwatka/norm_audio/neurovoz_read/HC_BURRO_0064.wav,64,-32.91708748040779,-32.67653043053975,9.67653043053975,-22.999999999999996,0.41980693183317214,3.028625,1.5626875
/project2/msoleyma_946/speech_health/spanish_neurovoz/zenodo_upload/audios/HC_ABLANDADA_0064.wav,/scratch1/parwatka/norm_audio/neurovoz_read/HC_ABLANDADA_0064.wav,64,-33.12899313557845,-34.22408835698961,11.224088356989611,-23.0,0.3727899529869544,3.2094375,1.5626875
/project2/msoleyma_946/speech_health/spanish_neurovoz/zenodo_upload/audios/HC_SOMBRA_0064.wav,/scratch1/parwatka/norm_audio/neurovoz_read/HC_SOMBRA_0064.wav,64,-37.82870504238032,-39.7810686059019,16.7810686059019,-22.999999999999996,0.5441691217278871,3.9233125,1.5626875
/project2/msoleyma_946/speech_health/spanish_neurovoz/zenodo_upload/audios/HC_BARBAS_0064.wav,/scratch1/parwatka/norm_audio/neurovoz_read/HC_BARBAS_0064.wav,64,-34.555789905360754,-35.36858205691139,12.368582056911393,-23.0,0.3845374888288735,4.5370625,1.5626875
/project2/msoleyma_946/speech_health/spanish_neurovoz/zenodo_upload/audios/HC_MANGA_0065.wav,/scratch1/parwatka/norm_audio/neurovoz_read/HC_MANGA_0065.wav,65,-32.07741164586404,-30.909529280090837,7.909529280090837,-23.0,0.4120020544271618,2.5290625,1.5626875
/project2/msoleyma_946/speech_health/spanish_neurovoz/zenodo_upload/audios/HC_CARMEN_0065.wav,/scratch1/parwatka/norm_audio/neurovoz_read/HC_CARMEN_0065.wav,65,-32.30604089915343,-31.84929018012324,8.84929018012324,-22.999999999999996,0.3839446028487468,1.6629375,1.5626875
/project2/msoleyma_946/speech_health/spanish_neurovoz/zenodo_upload/audios/HC_CALLE_0065.wav,/scratch1/parwatka/norm_audio/neurovoz_read/HC_CALLE_0065.wav,65,-31.38941033970607,-30.81371502111933,7.813715021119329,-23.0,0.5094127355038686,3.1993125,1.5626875
/project2/msoleyma_946/speech_health/spanish_neurovoz/zenodo_upload/audios/HC_DIABLO_0065.wav,/scratch1/parwatka/norm_audio/neurovoz_read/HC_DIABLO_0065.wav,65,-32.57944745663135,-32.32196462106128,9.321964621061277,-22.999999999999996,0.42517079506149874,1.619625,1.5626875
/project2/msoleyma_946/speech_health/spanish_neurovoz/zenodo_upload/audios/HC_GANGA_0065.wav,/scratch1/parwatka/norm_audio/neurovoz_read/HC_GANGA_0065.wav,65,-34.991277034420996,-35.47145327884783,12.471453278847832,-22.999999999999996,0.5910846065404247,3.2508125,1.5626875
/project2/msoleyma_946/speech_health/spanish_neurovoz/zenodo_upload/audios/HC_BURRO_0065.wav,/scratch1/parwatka/norm_audio/neurovoz_read/HC_BURRO_0065.wav,65,-32.745400969364916,-31.96498949337592,8.96498949337592,-23.0,0.48949292470842354,3.158875,1.5626875
/project2/msoleyma_946/speech_health/spanish_neurovoz/zenodo_upload/audios/HC_TOMAS_0065.wav,/scratch1/parwatka/norm_audio/neurovoz_read/HC_TOMAS_0065.wav,65,-34.113104262915385,-34.16799927791056,11.16799927791056,-23.0,0.4527442382456323,1.582125,1.5626875
/project2/msoleyma_946/speech_health/spanish_neurovoz/zenodo_upload/audios/HC_ABLANDADA_0065.wav,/scratch1/parwatka/norm_audio/neurovoz_read/HC_ABLANDADA_0065.wav,65,-34.70858876964476,-35.179300778575524,12.179300778575524,-22.99999999999999,0.5117657374187873,3.1045625,1.5626875
/project2/msoleyma_946/speech_health/spanish_neurovoz/zenodo_upload/audios/HC_BARBAS_0065.wav,/scratch1/parwatka/norm_audio/neurovoz_read/HC_BARBAS_0065.wav,65,-31.382910385870577,-27.406795388093247,4.406795388093247,-23.000000000000004,0.38006145187884327,6.575125,1.5626875
/project2/msoleyma_946/speech_health/spanish_neurovoz/zenodo_upload/audios/HC_SOMBRA_0065.wav,/scratch1/parwatka/norm_audio/neurovoz_read/HC_SOMBRA_0065.wav,65,-30.644635072264197,-32.82142099176831,9.821420991768314,-22.999999999999996,0.5605808044021456,4.2199375,1.5626875
/project2/msoleyma_946/speech_health/spanish_neurovoz/zenodo_upload/audios/HC_PERRO_0065.wav,/scratch1/parwatka/norm_audio/neurovoz_read/HC_PERRO_0065.wav,65,-31.883362152671996,-32.104819427738896,9.104819427738898,-23.0,0.6707372026213273,2.5315,1.5626875
/project2/msoleyma_946/speech_health/spanish_neurovoz/zenodo_upload/audios/HC_MANGA_0071.wav,/scratch1/parwatka/norm_audio/neurovoz_read/HC_MANGA_0071.wav,71,-35.66481056986971,-35.95523747512317,12.95523747512317,-22.99999999999999,0.33272754293336265,2.4019375,1.5626875
/project2/msoleyma_946/speech_health/spanish_neurovoz/zenodo_upload/audios/HC_CARMEN_0071.wav,/scratch1/parwatka/norm_audio/neurovoz_read/HC_CARMEN_0071.wav,71,-37.05801696877699,-37.40692462761743,14.406924627617428,-22.999999999999996,0.4195390337374908,2.070875,1.5626875
/project2/msoleyma_946/speech_health/spanish_neurovoz/zenodo_upload/audios/HC_PIDIO_0071.wav,/scratch1/parwatka/norm_audio/neurovoz_read/HC_PIDIO_0071.wav,71,-37.2418540622377,-36.55575550377544,13.555755503775437,-23.000000000000004,0.41117074444510254,4.012875,1.5626875
/project2/msoleyma_946/speech_health/spanish_neurovoz/zenodo_upload/audios/HC_PERRO_0071.wav,/scratch1/parwatka/norm_audio/neurovoz_read/HC_PERRO_0071.wav,71,-36.42372823414617,-37.08209803869496,14.082098038694959,-22.999999999999996,0.41198537842621435,2.863125,1.5626875
/project2/msoleyma_946/speech_health/spanish_neurovoz/zenodo_upload/audios/HC_SOMBRA_0071.wav,/scratch1/parwatka/norm_audio/neurovoz_read/HC_SOMBRA_0071.wav,71,-36.15775161892317,-34.952320302164715,11.952320302164715,-22.999999999999986,0.4622989496637139,4.7265,1.5626875
/project2/msoleyma_946/speech_health/spanish_neurovoz/zenodo_upload/audios/HC_DIABLO_0071.wav,/scratch1/parwatka/norm_audio/neurovoz_read/HC_DIABLO_0071.wav,71,-37.684987473468496,-37.460174354886924,14.460174354886924,-23.000000000000004,0.42444799332846384,2.21575,1.5626875
/project2/msoleyma_946/speech_health/spanish_neurovoz/zenodo_upload/audios/HC_GANGA_0071.wav,/scratch1/parwatka/norm_audio/neurovoz_read/HC_GANGA_0071.wav,71,-40.608125236858456,-41.59808893625383,18.59808893625383,-22.99999999999999,0.3608050272173263,2.8793125,1.5626875
/project2/msoleyma_946/speech_health/spanish_neurovoz/zenodo_upload/audios/HC_BURRO_0071.wav,/scratch1/parwatka/norm_audio/neurovoz_read/HC_BURRO_0071.wav,71,-32.879780335867245,-31.941207392515476,8.941207392515476,-23.0,0.417477665966902,3.3436875,1.5626875
/project2/msoleyma_946/speech_health/spanish_neurovoz/zenodo_upload/audios/HC_ABLANDADA_0071.wav,/scratch1/parwatka/norm_audio/neurovoz_read/HC_ABLANDADA_0071.wav,71,-35.121272426381495,-34.572690273839825,11.572690273839825,-23.0,0.5159429533035846,3.5655625,1.5626875
/project2/msoleyma_946/speech_health/spanish_neurovoz/zenodo_upload/audios/HC_CALLE_0071.wav,/scratch1/parwatka/norm_audio/neurovoz_read/HC_CALLE_0071.wav,71,-33.112663162621985,-34.01588111130597,11.015881111305973,-23.0,0.5677906162237414,3.1025,1.5626875
/project2/msoleyma_946/speech_health/spanish_neurovoz/zenodo_upload/audios/HC_BARBAS_0071.wav,/scratch1/parwatka/norm_audio/neurovoz_read/HC_BARBAS_0071.wav,71,-34.96919639561593,-34.12105759606863,11.121057596068628,-22.999999999999996,0.37282253217029726,7.3798125,1.5626875
/project2/msoleyma_946/speech_health/spanish_neurovoz/zenodo_upload/audios/HC_PERRO_0072.wav,/scratch1/parwatka/norm_audio/neurovoz_read/HC_PERRO_0072.wav,72,-38.76970550126708,-40.219257100769546,17.219257100769546,-23.0,0.6248699286712237,3.3213125,1.5626875
/project2/msoleyma_946/speech_health/spanish_neurovoz/zenodo_upload/audios/HC_BURRO_0072.wav,/scratch1/parwatka/norm_audio/neurovoz_read/HC_BURRO_0072.wav,72,-30.37273580678679,-28.746164681042067,5.7461646810420675,-23.000000000000004,0.5193946978803399,3.0236875,1.5626875
/project2/msoleyma_946/speech_health/spanish_neurovoz/zenodo_upload/audios/HC_CALLE_0072.wav,/scratch1/parwatka/norm_audio/neurovoz_read/HC_CALLE_0072.wav,72,-33.92655343027067,-32.99027990214334,9.990279902143342,-22.999999999999996,0.6221301635468157,3.6835,1.5626875
/project2/msoleyma_946/speech_health/spanish_neurovoz/zenodo_upload/audios/HC_MANGA_0072.wav,/scratch1/parwatka/norm_audio/neurovoz_read/HC_MANGA_0072.wav,72,-30.771205226298754,-30.25475052948273,7.254750529482731,-23.000000000000004,0.4405368400117954,2.8699375,1.5626875
/project2/msoleyma_946/speech_health/spanish_neurovoz/zenodo_upload/audios/HC_PIDIO_0072.wav,/scratch1/parwatka/norm_audio/neurovoz_read/HC_PIDIO_0072.wav,72,-34.08266561265887,-33.944676736766766,10.944676736766766,-23.0,0.5709065364651343,4.7404375,1.5626875
/project2/msoleyma_946/speech_health/spanish_neurovoz/zenodo_upload/audios/HC_ABLANDADA_0072.wav,/scratch1/parwatka/norm_audio/neurovoz_read/HC_ABLANDADA_0072.wav,72,-31.52555576561895,-34.346880575695735,11.346880575695735,-23.000000000000004,0.6230041999843806,4.0201875,1.5626875
/project2/msoleyma_946/speech_health/spanish_neurovoz/zenodo_upload/audios/HC_GANGA_0072.wav,/scratch1/parwatka/norm_audio/neurovoz_read/HC_GANGA_0072.wav,72,-32.77128022658128,-32.569656329402406,9.569656329402406,-22.999999999999996,0.5863224929912589,3.1579375,1.5626875
/project2/msoleyma_946/speech_health/spanish_neurovoz/zenodo_upload/audios/HC_SOMBRA_0072.wav,/scratch1/parwatka/norm_audio/neurovoz_read/HC_SOMBRA_0072.wav,72,-37.38377176406064,-37.71725213239303,14.717252132393028,-22.999999999999996,0.4034459876412059,4.299375,1.5626875
/project2/msoleyma_946/speech_health/spanish_neurovoz/zenodo_upload/audios/HC_CARMEN_0072.wav,/scratch1/parwatka/norm_audio/neurovoz_read/HC_CARMEN_0072.wav,72,-29.497610349335936,-28.331086130569414,5.331086130569414,-23.000000000000004,0.37298861273201633,2.2695,1.5626875
/project2/msoleyma_946/speech_health/spanish_neurovoz/zenodo_upload/audios/HC_BARBAS_0072.wav,/scratch1/parwatka/norm_audio/neurovoz_read/HC_BARBAS_0072.wav,72,-31.863849633961618,-31.104161966609475,8.104161966609475,-23.000000000000004,0.5925899108350088,4.9291875,1.5626875
/project2/msoleyma_946/speech_health/spanish_neurovoz/zenodo_upload/audios/HC_TOMAS_0072.wav,/scratch1/parwatka/norm_audio/neurovoz_read/HC_TOMAS_0072.wav,72,-27.81432962396126,-27.738183172344286,4.738183172344286,-23.0,0.4732034633110207,1.96425,1.5626875
/project2/msoleyma_946/speech_health/spanish_neurovoz/zenodo_upload/audios/HC_DIABLO_0072.wav,/scratch1/parwatka/norm_audio/neurovoz_read/HC_DIABLO_0072.wav,72,-32.303228720892086,-34.53872989226176,11.538729892261763,-22.99999999999999,0.7201358217917518,4.2821875,1.5626875
/project2/msoleyma_946/speech_health/spanish_neurovoz/zenodo_upload/audios/HC_BARBAS_0073.wav,/scratch1/parwatka/norm_audio/neurovoz_read/HC_BARBAS_0073.wav,73,-32.712803869365516,-30.255051131367395,7.255051131367396,-23.0,0.3709662609907442,5.4190625,1.5626875
/project2/msoleyma_946/speech_health/spanish_neurovoz/zenodo_upload/audios/HC_CARMEN_0073.wav,/scratch1/parwatka/norm_audio/neurovoz_read/HC_CARMEN_0073.wav,73,-30.636685793665784,-30.525002421859686,7.525002421859686,-23.000000000000004,0.44707542186150795,2.0729375,1.5626875
/project2/msoleyma_946/speech_health/spanish_neurovoz/zenodo_upload/audios/HC_GANGA_0073.wav,/scratch1/parwatka/norm_audio/neurovoz_read/HC_GANGA_0073.wav,73,-31.804416445361657,-32.17235463991936,9.172354639919362,-22.99999999999999,0.4899273253323863,3.71525,1.5626875
/project2/msoleyma_946/speech_health/spanish_neurovoz/zenodo_upload/audios/HC_TOMAS_0073.wav,/scratch1/parwatka/norm_audio/neurovoz_read/HC_TOMAS_0073.wav,73,-28.708343202369104,-28.10534264562929,5.105342645629289,-23.0,0.40870069984550206,1.92075,1.5626875
/project2/msoleyma_946/speech_health/spanish_neurovoz/zenodo_upload/audios/HC_PIDIO_0073.wav,/scratch1/parwatka/norm_audio/neurovoz_read/HC_PIDIO_0073.wav,73,-30.766725028390436,-29.331910499236045,6.331910499236045,-23.0,0.4487537968536929,5.935,1.5626875
/project2/msoleyma_946/speech_health/spanish_neurovoz/zenodo_upload/audios/HC_SOMBRA_0073.wav,/scratch1/parwatka/norm_audio/neurovoz_read/HC_SOMBRA_0073.wav,73,-29.605452162473124,-31.194018484290822,8.194018484290822,-23.000000000000004,0.3974054424248341,7.9815625,1.5626875
/project2/msoleyma_946/speech_health/spanish_neurovoz/zenodo_upload/audios/HC_DIABLO_0073.wav,/scratch1/parwatka/norm_audio/neurovoz_read/HC_DIABLO_0073.wav,73,-34.2720091022354,-34.279054570178545,11.279054570178545,-22.999999999999996,0.39077196372390804,4.281,1.5626875
/project2/msoleyma_946/speech_health/spanish_neurovoz/zenodo_upload/audios/HC_PERRO_0073.wav,/scratch1/parwatka/norm_audio/neurovoz_read/HC_PERRO_0073.wav,73,-28.286699087341123,-26.843752902752374,3.843752902752375,-23.0,0.4226813126660928,4.42725,1.5626875
/project2/msoleyma_946/speech_health/spanish_neurovoz/zenodo_upload/audios/HC_MANGA_0073.wav,/scratch1/parwatka/norm_audio/neurovoz_read/HC_MANGA_0073.wav,73,-31.961963484795692,-30.972032024044648,7.9720320240446485,-22.99999999999999,0.48469130933803906,2.9021875,1.5626875
/project2/msoleyma_946/speech_health/spanish_neurovoz/zenodo_upload/audios/HC_BURRO_0073.wav,/scratch1/parwatka/norm_audio/neurovoz_read/HC_BURRO_0073.wav,73,-33.28977520977857,-33.0627485323591,10.062748532359102,-22.99999999999999,0.4248533932941167,3.4235625,1.5626875
/project2/msoleyma_946/speech_health/spanish_neurovoz/zenodo_upload/audios/HC_CALLE_0073.wav,/scratch1/parwatka/norm_audio/neurovoz_read/HC_CALLE_0073.wav,73,-29.497794535400903,-30.587876251579484,7.587876251579484,-22.999999999999996,0.3942956909382831,6.8479375,1.5626875
/project2/msoleyma_946/speech_health/spanish_neurovoz/zenodo_upload/audios/HC_ABLANDADA_0073.wav,/scratch1/parwatka/norm_audio/neurovoz_read/HC_ABLANDADA_0073.wav,73,-31.97177518312333,-33.380605941959274,10.380605941959274,-23.0,0.45198810967408404,3.4875,1.5626875
/project2/msoleyma_946/speech_health/spanish_neurovoz/zenodo_upload/audios/HC_PIDIO_0074.wav,/scratch1/parwatka/norm_audio/neurovoz_read/HC_PIDIO_0074.wav,74,-33.22447917328756,-34.83477709031675,11.834777090316745,-22.999999999999986,0.49923638032031914,4.38025,1.5626875
/project2/msoleyma_946/speech_health/spanish_neurovoz/zenodo_upload/audios/HC_ABLANDADA_0074.wav,/scratch1/parwatka/norm_audio/neurovoz_read/HC_ABLANDADA_0074.wav,74,-35.22665919308935,-35.3370643473155,12.337064347315497,-23.0,0.41301265247541136,2.943125,1.5626875
/project2/msoleyma_946/speech_health/spanish_neurovoz/zenodo_upload/audios/HC_CALLE_0074.wav,/scratch1/parwatka/norm_audio/neurovoz_read/HC_CALLE_0074.wav,74,-29.68143945333824,-29.987901295414513,6.987901295414513,-23.0,0.4391204225421079,3.6124375,1.5626875
/project2/msoleyma_946/speech_health/spanish_neurovoz/zenodo_upload/audios/HC_SOMBRA_0074.wav,/scratch1/parwatka/norm_audio/neurovoz_read/HC_SOMBRA_0074.wav,74,-35.00926156583307,-35.94816469105837,12.948164691058373,-22.99999999999999,0.6288809015408776,4.821625,1.5626875
/project2/msoleyma_946/speech_health/spanish_neurovoz/zenodo_upload/audios/HC_BARBAS_0074.wav,/scratch1/parwatka/norm_audio/neurovoz_read/HC_BARBAS_0074.wav,74,-31.1289510491719,-30.159636128874624,7.159636128874625,-23.0,0.33776843480964003,6.221,1.5626875
/project2/msoleyma_946/speech_health/spanish_neurovoz/zenodo_upload/audios/HC_MANGA_0074.wav,/scratch1/parwatka/norm_audio/neurovoz_read/HC_MANGA_0074.wav,74,-33.302874440590195,-32.40886991402404,9.408869914024038,-23.0,0.3322945385380297,2.8793125,1.5626875
/project2/msoleyma_946/speech_health/spanish_neurovoz/zenodo_upload/audios/HC_TOMAS_0074.wav,/scratch1/parwatka/norm_audio/neurovoz_read/HC_TOMAS_0074.wav,74,-33.257491036460316,-32.526795743411945,9.526795743411945,-23.0,0.34779531557496063,1.942,1.5626875
/project2/msoleyma_946/speech_health/spanish_neurovoz/zenodo_upload/audios/HC_BURRO_0074.wav,/scratch1/parwatka/norm_audio/neurovoz_read/HC_BURRO_0074.wav,74,-33.6389980974156,-32.99923366265861,9.999233662658611,-23.0,0.3624551450699683,3.5294375,1.5626875
/project2/msoleyma_946/speech_health/spanish_neurovoz/zenodo_upload/audios/HC_CARMEN_0074.wav,/scratch1/parwatka/norm_audio/neurovoz_read/HC_CARMEN_0074.wav,74,-32.12317662443067,-32.132012214469185,9.132012214469185,-22.999999999999996,0.41767779870306493,1.8725,1.5626875
/project2/msoleyma_946/speech_health/spanish_neurovoz/zenodo_upload/audios/HC_DIABLO_0074.wav,/scratch1/parwatka/norm_audio/neurovoz_read/HC_DIABLO_0074.wav,74,-33.42566480439216,-33.02236372858289,10.022363728582889,-22.999999999999996,0.4138655345390272,4.8246875,1.5626875
/project2/msoleyma_946/speech_health/spanish_neurovoz/zenodo_upload/audios/HC_GANGA_0074.wav,/scratch1/parwatka/norm_audio/neurovoz_read/HC_GANGA_0074.wav,74,-34.932242165417684,-34.84676690125936,11.846766901259357,-22.999999999999996,0.3251353411157164,2.7864375,1.5626875
/project2/msoleyma_946/speech_health/spanish_neurovoz/zenodo_upload/audios/HC_PERRO_0074.wav,/scratch1/parwatka/norm_audio/neurovoz_read/HC_PERRO_0074.wav,74,-34.79989670328944,-34.32434002950823,11.324340029508228,-22.999999999999986,0.5210141473071941,3.097,1.5626875
/project2/msoleyma_946/speech_health/spanish_neurovoz/zenodo_upload/audios/HC_ABLANDADA_0075.wav,/scratch1/parwatka/norm_audio/neurovoz_read/HC_ABLANDADA_0075.wav,75,-31.523484684339973,-32.05605507599277,9.056055075992766,-22.999999999999996,0.4386213695487002,3.159875,1.5626875
/project2/msoleyma_946/speech_health/spanish_neurovoz/zenodo_upload/audios/HC_CARMEN_0075.wav,/scratch1/parwatka/norm_audio/neurovoz_read/HC_CARMEN_0075.wav,75,-32.627270726126795,-32.4799258419051,9.479925841905102,-23.0,0.5021531898797763,2.3708125,1.5626875
/project2/msoleyma_946/speech_health/spanish_neurovoz/zenodo_upload/audios/HC_PIDIO_0075.wav,/scratch1/parwatka/norm_audio/neurovoz_read/HC_PIDIO_0075.wav,75,-32.1731946248007,-32.99034063476394,9.990340634763939,-23.0,0.4714646669459618,3.5625,1.5626875
/project2/msoleyma_946/speech_health/spanish_neurovoz/zenodo_upload/audios/HC_TOMAS_0075.wav,/scratch1/parwatka/norm_audio/neurovoz_read/HC_TOMAS_0075.wav,75,-31.942819770017817,-31.241324348743266,8.241324348743268,-22.999999999999996,0.43353603177520855,2.0931875,1.5626875
/project2/msoleyma_946/speech_health/spanish_neurovoz/zenodo_upload/audios/HC_PERRO_0075.wav,/scratch1/parwatka/norm_audio/neurovoz_read/HC_PERRO_0075.wav,75,-30.63170326690145,-29.450171743038347,6.4501717430383465,-22.999999999999996,0.5531883465364608,3.0940625,1.5626875
/project2/msoleyma_946/speech_health/spanish_neurovoz/zenodo_upload/audios/HC_GANGA_0075.wav,/scratch1/parwatka/norm_audio/neurovoz_read/HC_GANGA_0075.wav,75,-33.13698342452754,-33.06498035199033,10.064980351990329,-23.0,0.5588027149040706,3.4365625,1.5626875
/project2/msoleyma_946/speech_health/spanish_neurovoz/zenodo_upload/audios/HC_DIABLO_0075.wav,/scratch1/parwatka/norm_audio/neurovoz_read/HC_DIABLO_0075.wav,75,-31.095802605166778,-32.091396360523746,9.091396360523746,-22.99999999999999,0.5217281616110947,5.146875,1.5626875
/project2/msoleyma_946/speech_health/spanish_neurovoz/zenodo_upload/audios/HC_CALLE_0075.wav,/scratch1/parwatka/norm_audio/neurovoz_read/HC_CALLE_0075.wav,75,-30.94571879262212,-31.549946636838808,8.549946636838808,-23.000000000000004,0.5359460514199095,3.4550625,1.5626875
/project2/msoleyma_946/speech_health/spanish_neurovoz/zenodo_upload/audios/HC_SOMBRA_0075.wav,/scratch1/parwatka/norm_audio/neurovoz_read/HC_SOMBRA_0075.wav,75,-33.00059093597138,-33.79760565601303,10.797605656013033,-22.999999999999996,0.5257392419236881,4.219,1.5626875
/project2/msoleyma_946/speech_health/spanish_neurovoz/zenodo_upload/audios/HC_MANGA_0075.wav,/scratch1/parwatka/norm_audio/neurovoz_read/HC_MANGA_0075.wav,75,-33.70075179898838,-33.08192254702396,10.081922547023957,-23.0,0.5438248461070317,2.990125,1.5626875
/project2/msoleyma_946/speech_health/spanish_neurovoz/zenodo_upload/audios/HC_BURRO_0075.wav,/scratch1/parwatka/norm_audio/neurovoz_read/HC_BURRO_0075.wav,75,-32.06243160959586,-32.01046445722871,9.010464457228707,-23.0,0.5353190225650122,3.863375,1.5626875
/project2/msoleyma_946/speech_health/spanish_neurovoz/zenodo_upload/audios/HC_BARBAS_0075.wav,/scratch1/parwatka/norm_audio/neurovoz_read/HC_BARBAS_0075.wav,75,-31.18860335494077,-30.173046670545506,7.1730466705455065,-23.000000000000004,0.4939341460614787,6.025125,1.5626875
/project2/msoleyma_946/speech_health/spanish_neurovoz/zenodo_upload/audios/HC_BARBAS_0076.wav,/scratch1/parwatka/norm_audio/neurovoz_read/HC_BARBAS_0076.wav,76,-26.347801696924936,-26.447681982359413,3.4476819823594123,-22.999999999999996,0.3890306058551817,4.1226875,1.5626875
/project2/msoleyma_946/speech_health/spanish_neurovoz/zenodo_upload/audios/HC_TOMAS_0076.wav,/scratch1/parwatka/norm_audio/neurovoz_read/HC_TOMAS_0076.wav,76,-23.662438062040426,-23.064332733866635,0.06433273386663532,-22.999999999999996,0.28242639678183995,1.8961875,1.5626875
/project2/msoleyma_946/speech_health/spanish_neurovoz/zenodo_upload/audios/HC_CARMEN_0076.wav,/scratch1/parwatka/norm_audio/neurovoz_read/HC_CARMEN_0076.wav,76,-26.809024768978496,-26.66985817633665,3.6698581763366507,-22.999999999999996,0.38729005425680385,1.9994375,1.5626875
/project2/msoleyma_946/speech_health/spanish_neurovoz/zenodo_upload/audios/HC_MANGA_0076.wav,/scratch1/parwatka/norm_audio/neurovoz_read/HC_MANGA_0076.wav,76,-25.492452762247147,-24.378703627992625,1.3787036279926257,-22.999999999999986,0.5866007225228627,2.24375,1.5626875
/project2/msoleyma_946/speech_health/spanish_neurovoz/zenodo_upload/audios/HC_PERRO_0076.wav,/scratch1/parwatka/norm_audio/neurovoz_read/HC_PERRO_0076.wav,76,-29.076956941660644,-29.684416290202503,6.684416290202503,-22.999999999999986,0.5954069967669736,3.3436875,1.5626875
/project2/msoleyma_946/speech_health/spanish_neurovoz/zenodo_upload/audios/HC_DIABLO_0076.wav,/scratch1/parwatka/norm_audio/neurovoz_read/HC_DIABLO_0076.wav,76,-26.102968254107363,-28.451463485691534,5.451463485691534,-23.0,0.49718282344740167,3.656875,1.5626875
/project2/msoleyma_946/speech_health/spanish_neurovoz/zenodo_upload/audios/HC_ABLANDADA_0076.wav,/scratch1/parwatka/norm_audio/neurovoz_read/HC_ABLANDADA_0076.wav,76,-28.621016921638148,-28.71967713336375,5.719677133363749,-22.999999999999986,0.39141519058749946,2.89325,1.5626875
/project2/msoleyma_946/speech_health/spanish_neurovoz/zenodo_upload/audios/HC_SOMBRA_0076.wav,/scratch1/parwatka/norm_audio/neurovoz_read/HC_SOMBRA_0076.wav,76,-29.949398657234376,-31.738349554094086,8.738349554094086,-22.999999999999996,0.38204173832383254,3.3065,1.5626875
/project2/msoleyma_946/speech_health/spanish_neurovoz/zenodo_upload/audios/HC_CALLE_0076.wav,/scratch1/parwatka/norm_audio/neurovoz_read/HC_CALLE_0076.wav,76,-21.418942477522457,-21.744824887952966,-1.2551751120470342,-22.999999999999996,0.32195199333079394,3.73175,1.5626875
/project2/msoleyma_946/speech_health/spanish_neurovoz/zenodo_upload/audios/HC_BURRO_0076.wav,/scratch1/parwatka/norm_audio/neurovoz_read/HC_BURRO_0076.wav,76,-26.70374122937553,-25.411149210285505,2.411149210285504,-23.0,0.34990590799357246,3.4365625,1.5626875
/project2/msoleyma_946/speech_health/spanish_neurovoz/zenodo_upload/audios/HC_GANGA_0076.wav,/scratch1/parwatka/norm_audio/neurovoz_read/HC_GANGA_0076.wav,76,-28.150515459833155,-28.400848010669797,5.400848010669797,-22.999999999999996,0.48700608525730915,3.5294375,1.5626875
/project2/msoleyma_946/speech_health/spanish_neurovoz/zenodo_upload/audios/HC_PIDIO_0076.wav,/scratch1/parwatka/norm_audio/neurovoz_read/HC_PIDIO_0076.wav,76,-29.65013696311576,-31.05542076704599,8.055420767045991,-22.999999999999986,0.46935312384914063,3.0804375,1.5626875
/project2/msoleyma_946/speech_health/spanish_neurovoz/zenodo_upload/audios/HC_PERRO_0080.wav,/scratch1/parwatka/norm_audio/neurovoz_read/HC_PERRO_0080.wav,80,-37.96067526942368,-37.56336035400247,14.56336035400247,-22.999999999999996,0.7540886981397694,2.719875,1.5626875
/project2/msoleyma_946/speech_health/spanish_neurovoz/zenodo_upload/audios/HC_GANGA_0080.wav,/scratch1/parwatka/norm_audio/neurovoz_read/HC_GANGA_0080.wav,80,-37.22621557939375,-36.45129269943455,13.451292699434553,-23.0,0.42493928429109457,2.4149375,1.5626875
/project2/msoleyma_946/speech_health/spanish_neurovoz/zenodo_upload/audios/HC_PIDIO_0080.wav,/scratch1/parwatka/norm_audio/neurovoz_read/HC_PIDIO_0080.wav,80,-39.34352672954297,-37.980393960349396,14.980393960349396,-22.999999999999996,0.7131097226371779,3.0726875,1.5626875
/project2/msoleyma_946/speech_health/spanish_neurovoz/zenodo_upload/audios/HC_SOMBRA_0080.wav,/scratch1/parwatka/norm_audio/neurovoz_read/HC_SOMBRA_0080.wav,80,-39.74347976911665,-40.01051716090734,17.01051716090734,-23.000000000000004,0.5487736044808307,3.39425,1.5626875
/project2/msoleyma_946/speech_health/spanish_neurovoz/zenodo_upload/audios/HC_BURRO_0080.wav,/scratch1/parwatka/norm_audio/neurovoz_read/HC_BURRO_0080.wav,80,-36.91922414141808,-35.59453370575419,12.594533705754188,-22.99999999999999,0.418889329294238,2.8793125,1.5626875
/project2/msoleyma_946/speech_health/spanish_neurovoz/zenodo_upload/audios/HC_BARBAS_0080.wav,/scratch1/parwatka/norm_audio/neurovoz_read/HC_BARBAS_0080.wav,80,-37.1656867346415,-38.11525421111614,15.115254211116138,-22.99999999999999,0.581400515927219,3.501375,1.5626875
/project2/msoleyma_946/speech_health/spanish_neurovoz/zenodo_upload/audios/HC_ABLANDADA_0080.wav,/scratch1/parwatka/norm_audio/neurovoz_read/HC_ABLANDADA_0080.wav,80,-36.458166391623514,-36.31750353756631,13.31750353756631,-23.000000000000004,0.5484729198192088,1.912375,1.5626875
/project2/msoleyma_946/speech_health/spanish_neurovoz/zenodo_upload/audios/HC_MANGA_0080.wav,/scratch1/parwatka/norm_audio/neurovoz_read/HC_MANGA_0080.wav,80,-33.08445345278035,-33.076198828265795,10.076198828265795,-23.000000000000004,0.45266957876888264,1.81425,1.5626875
/project2/msoleyma_946/speech_health/spanish_neurovoz/zenodo_upload/audios/HC_CALLE_0081.wav,/scratch1/parwatka/norm_audio/neurovoz_read/HC_CALLE_0081.wav,81,-28.714068227214156,-28.55861360704804,5.558613607048041,-22.99999999999999,0.4570189234507309,3.301875,1.5626875
/project2/msoleyma_946/speech_health/spanish_neurovoz/zenodo_upload/audios/HC_TOMAS_0081.wav,/scratch1/parwatka/norm_audio/neurovoz_read/HC_TOMAS_0081.wav,81,-34.081632373857566,-33.916287706439945,10.916287706439945,-22.999999999999996,0.39016468184868724,1.6141875,1.5626875
/project2/msoleyma_946/speech_health/spanish_neurovoz/zenodo_upload/audios/HC_DIABLO_0081.wav,/scratch1/parwatka/norm_audio/neurovoz_read/HC_DIABLO_0081.wav,81,-32.021286190116804,-32.25093115971668,9.250931159716679,-22.999999999999996,0.3830915581629941,3.6786875,1.5626875
/project2/msoleyma_946/speech_health/spanish_neurovoz/zenodo_upload/audios/HC_CARMEN_0081.wav,/scratch1/parwatka/norm_audio/neurovoz_read/HC_CARMEN_0081.wav,81,-33.42884485942578,-33.284633363712224,10.284633363712224,-23.0,0.4020919674014031,1.8188125,1.5626875
/project2/msoleyma_946/speech_health/spanish_neurovoz/zenodo_upload/audios/HC_BARBAS_0081.wav,/scratch1/parwatka/norm_audio/neurovoz_read/HC_BARBAS_0081.wav,81,-32.37788881793465,-32.58809879928148,9.588098799281482,-23.0,0.37780931442902654,3.5385,1.5626875
/project2/msoleyma_946/speech_health/spanish_neurovoz/zenodo_upload/audios/HC_PERRO_0081.wav,/scratch1/parwatka/norm_audio/neurovoz_read/HC_PERRO_0081.wav,81,-30.217061508730097,-33.19044265059101,10.19044265059101,-22.99999999999999,0.5434984601129068,2.8341875,1.5626875
/project2/msoleyma_946/speech_health/spanish_neurovoz/zenodo_upload/audios/HC_SOMBRA_0081.wav,/scratch1/parwatka/norm_audio/neurovoz_read/HC_SOMBRA_0081.wav,81,-31.846536405473426,-33.40887254572325,10.408872545723248,-23.0,0.4150715952759298,4.105625,1.5626875
/project2/msoleyma_946/speech_health/spanish_neurovoz/zenodo_upload/audios/HC_BURRO_0081.wav,/scratch1/parwatka/norm_audio/neurovoz_read/HC_BURRO_0081.wav,81,-32.51368209948305,-31.293745613930184,8.293745613930184,-22.999999999999996,0.3280669938990596,3.901,1.5626875
/project2/msoleyma_946/speech_health/spanish_neurovoz/zenodo_upload/audios/HC_MANGA_0081.wav,/scratch1/parwatka/norm_audio/neurovoz_read/HC_MANGA_0081.wav,81,-34.51858139980569,-33.359679432395545,10.359679432395545,-23.00000000000001,0.32593682625297926,2.6935625,1.5626875
/project2/msoleyma_946/speech_health/spanish_neurovoz/zenodo_upload/audios/HC_PIDIO_0081.wav,/scratch1/parwatka/norm_audio/neurovoz_read/HC_PIDIO_0081.wav,81,-30.938514466398345,-30.792827235725905,7.792827235725905,-22.999999999999996,0.3621177718090493,2.7668125,1.5626875
/project2/msoleyma_946/speech_health/spanish_neurovoz/zenodo_upload/audios/HC_ABLANDADA_0081.wav,/scratch1/parwatka/norm_audio/neurovoz_read/HC_ABLANDADA_0081.wav,81,-34.66513030417899,-35.643257103000465,12.643257103000465,-23.0,0.43395373603469967,2.846125,1.5626875
/project2/msoleyma_946/speech_health/spanish_neurovoz/zenodo_upload/audios/HC_GANGA_0081.wav,/scratch1/parwatka/norm_audio/neurovoz_read/HC_GANGA_0081.wav,81,-36.39573211989018,-35.86730826217308,12.867308262173083,-23.0,0.5018167240252713,2.8793125,1.5626875
/project2/msoleyma_946/speech_health/spanish_neurovoz/zenodo_upload/audios/HC_GANGA_0082.wav,/scratch1/parwatka/norm_audio/neurovoz_read/HC_GANGA_0082.wav,82,-29.452569308847668,-30.87706676388172,7.877066763881721,-23.0,0.3984029713912729,2.6935625,1.5626875
/project2/msoleyma_946/speech_health/spanish_neurovoz/zenodo_upload/audios/HC_TOMAS_0082.wav,/scratch1/parwatka/norm_audio/neurovoz_read/HC_TOMAS_0082.wav,82,-28.812393411745557,-28.787154928285364,5.7871549282853625,-22.999999999999996,0.3612223617638584,1.676375,1.5626875
/project2/msoleyma_946/speech_health/spanish_neurovoz/zenodo_upload/audios/HC_SOMBRA_0082.wav,/scratch1/parwatka/norm_audio/neurovoz_read/HC_SOMBRA_0082.wav,82,-34.003276381418004,-32.57594277036602,9.57594277036602,-23.00000000000001,0.3529609750505312,4.672375,1.5626875
/project2/msoleyma_946/speech_health/spanish_neurovoz/zenodo_upload/audios/HC_PERRO_0082.wav,/scratch1/parwatka/norm_audio/neurovoz_read/HC_PERRO_0082.wav,82,-28.844249441803594,-29.588990078347145,6.588990078347143,-22.999999999999996,0.5330417108028145,2.509125,1.5626875
/project2/msoleyma_946/speech_health/spanish_neurovoz/zenodo_upload/audios/HC_DIABLO_0082.wav,/scratch1/parwatka/norm_audio/neurovoz_read/HC_DIABLO_0082.wav,82,-27.17294118161389,-28.28420823558548,5.284208235585481,-23.0,0.3660676464831929,3.71975,1.5626875
/project2/msoleyma_946/speech_health/spanish_neurovoz/zenodo_upload/audios/HC_MANGA_0082.wav,/scratch1/parwatka/norm_audio/neurovoz_read/HC_MANGA_0082.wav,82,-29.373446385475283,-29.597766647594558,6.597766647594558,-22.999999999999996,0.3189617337648398,2.433125,1.5626875
/project2/msoleyma_946/speech_health/spanish_neurovoz/zenodo_upload/audios/HC_BURRO_0082.wav,/scratch1/parwatka/norm_audio/neurovoz_read/HC_BURRO_0082.wav,82,-26.241191089082132,-25.30581924435061,2.305819244350609,-22.999999999999996,0.34204788413721027,3.0650625,1.5626875
/project2/msoleyma_946/speech_health/spanish_neurovoz/zenodo_upload/audios/HC_CALLE_0082.wav,/scratch1/parwatka/norm_audio/neurovoz_read/HC_CALLE_0082.wav,82,-26.701326248361166,-27.688576200169148,4.688576200169148,-23.000000000000004,0.4582689102380708,2.923,1.5626875
/project2/msoleyma_946/speech_health/spanish_neurovoz/zenodo_upload/audios/HC_PIDIO_0082.wav,/scratch1/parwatka/norm_audio/neurovoz_read/HC_PIDIO_0082.wav,82,-30.02484982705197,-29.928972315069256,6.928972315069256,-23.0,0.4059893784117318,3.36025,1.5626875
/project2/msoleyma_946/speech_health/spanish_neurovoz/zenodo_upload/audios/HC_BARBAS_0082.wav,/scratch1/parwatka/norm_audio/neurovoz_read/HC_BARBAS_0082.wav,82,-27.964801614909277,-28.53568225336319,5.535682253363191,-23.0,0.34613325936718753,4.268625,1.5626875
/project2/msoleyma_946/speech_health/spanish_neurovoz/zenodo_upload/audios/HC_GANGA_0083.wav,/scratch1/parwatka/norm_audio/neurovoz_read/HC_GANGA_0083.wav,83,-40.014418707296045,-39.98976380174756,16.989763801747557,-22.999999999999996,0.4675544910677354,2.8793125,1.5626875
/project2/msoleyma_946/speech_health/spanish_neurovoz/zenodo_upload/audios/HC_MANGA_0083.wav,/scratch1/parwatka/norm_audio/neurovoz_read/HC_MANGA_0083.wav,83,-36.646830363693006,-37.4761129462301,14.476112946230103,-23.0,0.5307712044873863,2.0655625,1.5626875
/project2/msoleyma_946/speech_health/spanish_neurovoz/zenodo_upload/audios/HC_PIDIO_0083.wav,/scratch1/parwatka/norm_audio/neurovoz_read/HC_PIDIO_0083.wav,83,-35.715079380588975,-35.99200494441228,12.99200494441228,-22.999999999999996,0.6075439308990556,1.9043125,1.5626875
/project2/msoleyma_946/speech_health/spanish_neurovoz/zenodo_upload/audios/HC_DIABLO_0083.wav,/scratch1/parwatka/norm_audio/neurovoz_read/HC_DIABLO_0083.wav,83,-32.10421479409522,-32.01086350561934,9.01086350561934,-23.0,0.48673664337908285,3.636125,1.5626875
/project2/msoleyma_946/speech_health/spanish_neurovoz/zenodo_upload/audios/HC_ABLANDADA_0083.wav,/scratch1/parwatka/norm_audio/neurovoz_read/HC_ABLANDADA_0083.wav,83,-33.127287509265344,-33.16473600733786,10.164736007337858,-22.99999999999999,0.44629863810771403,1.5970625,1.5626875
/project2/msoleyma_946/speech_health/spanish_neurovoz/zenodo_upload/audios/HC_TOMAS_0083.wav,/scratch1/parwatka/norm_audio/neurovoz_read/HC_TOMAS_0083.wav,83,-38.84255433210983,-38.95984415621961,15.95984415621961,-22.999999999999996,0.5145415058445175,1.5873125,1.5626875
/project2/msoleyma_946/speech_health/spanish_neurovoz/zenodo_upload/audios/HC_BURRO_0083.wav,/scratch1/parwatka/norm_audio/neurovoz_read/HC_BURRO_0083.wav,83,-33.57861936458299,-33.18730378731058,10.187303787310583,-23.0,0.560596216381346,2.8793125,1.5626875
/project2/msoleyma_946/speech_health/spanish_neurovoz/zenodo_upload/audios/HC_PERRO_0083.wav,/scratch1/parwatka/norm_audio/neurovoz_read/HC_PERRO_0083.wav,83,-31.973732489723407,-31.894878045081004,8.894878045081004,-23.000000000000046,0.8614050002653713,3.2508125,1.5626875
/project2/msoleyma_946/speech_health/spanish_neurovoz/zenodo_upload/audios/HC_BARBAS_0083.wav,/scratch1/parwatka/norm_audio/neurovoz_read/HC_BARBAS_0083.wav,83,-30.89314134164268,-31.16932131528291,8.169321315282911,-23.00000000000001,0.5204347171269409,3.6593125,1.5626875
/project2/msoleyma_946/speech_health/spanish_neurovoz/zenodo_upload/audios/HC_SOMBRA_0083.wav,/scratch1/parwatka/norm_audio/neurovoz_read/HC_SOMBRA_0083.wav,83,-34.37316586788401,-34.70722074888187,11.707220748881873,-23.000000000000004,0.5909808771413845,3.0476875,1.5626875
/project2/msoleyma_946/speech_health/spanish_neurovoz/zenodo_upload/audios/HC_PIDIO_0085.wav,/scratch1/parwatka/norm_audio/neurovoz_read/HC_PIDIO_0085.wav,85,-33.07806194102233,-33.067603929257416,10.067603929257416,-22.99999999999999,0.42733636453983403,4.4856875,1.5626875
/project2/msoleyma_946/speech_health/spanish_neurovoz/zenodo_upload/audios/HC_CALLE_0085.wav,/scratch1/parwatka/norm_audio/neurovoz_read/HC_CALLE_0085.wav,85,-27.766930640210976,-28.204253828709113,5.204253828709113,-23.0,0.4942514995550655,3.663625,1.5626875
/project2/msoleyma_946/speech_health/spanish_neurovoz/zenodo_upload/audios/HC_MANGA_0085.wav,/scratch1/parwatka/norm_audio/neurovoz_read/HC_MANGA_0085.wav,85,-28.445622660356154,-27.36476425672057,4.364764256720569,-23.000000000000004,0.34714550246790865,3.1158125,1.5626875
/project2/msoleyma_946/speech_health/spanish_neurovoz/zenodo_upload/audios/HC_TOMAS_0085.wav,/scratch1/parwatka/norm_audio/neurovoz_read/HC_TOMAS_0085.wav,85,-29.499837596628577,-28.422019011277293,5.422019011277293,-23.0,0.3526502251534833,2.3469375,1.5626875
/project2/msoleyma_946/speech_health/spanish_neurovoz/zenodo_upload/audios/HC_CARMEN_0085.wav,/scratch1/parwatka/norm_audio/neurovoz_read/HC_CARMEN_0085.wav,85,-27.828824534416047,-27.02709374456986,4.027093744569861,-23.0,0.3007829212619014,2.2135625,1.5626875
/project2/msoleyma_946/speech_health/spanish_neurovoz/zenodo_upload/audios/HC_BURRO_0085.wav,/scratch1/parwatka/norm_audio/neurovoz_read/HC_BURRO_0085.wav,85,-28.490568253098655,-27.665300528352283,4.665300528352283,-23.0,0.41420341667943633,3.5294375,1.5626875
/project2/msoleyma_946/speech_health/spanish_neurovoz/zenodo_upload/audios/HC_DIABLO_0085.wav,/scratch1/parwatka/norm_audio/neurovoz_read/HC_DIABLO_0085.wav,85,-27.46765962945354,-27.98531125328428,4.98531125328428,-23.0,0.44126198099868474,4.539375,1.5626875
/project2/msoleyma_946/speech_health/spanish_neurovoz/zenodo_upload/audios/HC_BARBAS_0085.wav,/scratch1/parwatka/norm_audio/neurovoz_read/HC_BARBAS_0085.wav,85,-27.770180507042323,-26.930206221943514,3.9302062219435143,-23.000000000000004,0.34202473781065257,5.6090625,1.5626875
/project2/msoleyma_946/speech_health/spanish_neurovoz/zenodo_upload/audios/HC_ABLANDADA_0085.wav,/scratch1/parwatka/norm_audio/neurovoz_read/HC_ABLANDADA_0085.wav,85,-30.325325074276833,-31.09886249533616,8.09886249533616,-23.0,0.40631013934639965,3.6656875,1.5626875
/project2/msoleyma_946/speech_health/spanish_neurovoz/zenodo_upload/audios/HC_GANGA_0085.wav,/scratch1/parwatka/norm_audio/neurovoz_read/HC_GANGA_0085.wav,85,-29.618220723583267,-29.411491239647958,6.411491239647957,-23.0,0.3397695658222642,3.901,1.5626875
/project2/msoleyma_946/speech_health/spanish_neurovoz/zenodo_upload/audios/HC_PERRO_0085.wav,/scratch1/parwatka/norm_audio/neurovoz_read/HC_PERRO_0085.wav,85,-33.29374020302039,-32.96452207877593,9.964522078775929,-23.0,0.4164989800854553,3.451625,1.5626875
/project2/msoleyma_946/speech_health/spanish_neurovoz/zenodo_upload/audios/HC_SOMBRA_0085.wav,/scratch1/parwatka/norm_audio/neurovoz_read/HC_SOMBRA_0085.wav,85,-30.50531033902515,-34.486160806489785,11.486160806489785,-23.0,0.32544048869356595,5.32125,1.5626875
/project2/msoleyma_946/speech_health/spanish_neurovoz/zenodo_upload/audios/HC_TOMAS_0086.wav,/scratch1/parwatka/norm_audio/neurovoz_read/HC_TOMAS_0086.wav,86,-34.595874262202585,-34.63833399861811,11.638333998618107,-22.999999999999996,0.34547347986808435,1.587125,1.5626875
/project2/msoleyma_946/speech_health/spanish_neurovoz/zenodo_upload/audios/HC_BARBAS_0086.wav,/scratch1/parwatka/norm_audio/neurovoz_read/HC_BARBAS_0086.wav,86,-37.4891598276174,-35.39302740009392,12.39302740009392,-23.0,0.3390273907007581,5.2665625,1.5626875
/project2/msoleyma_946/speech_health/spanish_neurovoz/zenodo_upload/audios/HC_PERRO_0086.wav,/scratch1/parwatka/norm_audio/neurovoz_read/HC_PERRO_0086.wav,86,-40.2986391046575,-40.47660241762025,17.47660241762025,-22.999999999999996,0.44393787215712216,2.57375,1.5626875
/project2/msoleyma_946/speech_health/spanish_neurovoz/zenodo_upload/audios/HC_ABLANDADA_0086.wav,/scratch1/parwatka/norm_audio/neurovoz_read/HC_ABLANDADA_0086.wav,86,-37.295363507056514,-37.78108065383967,14.781080653839673,-23.0,0.4334887899442478,2.8006875,1.5626875
/project2/msoleyma_946/speech_health/spanish_neurovoz/zenodo_upload/audios/HC_CARMEN_0086.wav,/scratch1/parwatka/norm_audio/neurovoz_read/HC_CARMEN_0086.wav,86,-33.868308593317295,-34.02999950812053,11.029999508120532,-23.0,0.33746286625685745,1.848875,1.5626875
/project2/msoleyma_946/speech_health/spanish_neurovoz/zenodo_upload/audios/HC_PIDIO_0086.wav,/scratch1/parwatka/norm_audio/neurovoz_read/HC_PIDIO_0086.wav,86,-39.52583324512266,-39.02706135748605,16.027061357486048,-23.0,0.39432049381189366,4.093125,1.5626875
/project2/msoleyma_946/speech_health/spanish_neurovoz/zenodo_upload/audios/HC_BURRO_0086.wav,/scratch1/parwatka/norm_audio/neurovoz_read/HC_BURRO_0086.wav,86,-36.25948919033686,-36.36597396979958,13.365973969799583,-22.99999999999999,0.39467565843534225,3.901,1.5626875
/project2/msoleyma_946/speech_health/spanish_neurovoz/zenodo_upload/audios/HC_MANGA_0086.wav,/scratch1/parwatka/norm_audio/neurovoz_read/HC_MANGA_0086.wav,86,-34.529017021759174,-34.24732941909135,11.24732941909135,-22.999999999999996,0.4421050207187305,2.1111875,1.5626875
/project2/msoleyma_946/speech_health/spanish_neurovoz/zenodo_upload/audios/HC_SOMBRA_0086.wav,/scratch1/parwatka/norm_audio/neurovoz_read/HC_SOMBRA_0086.wav,86,-40.49884852342075,-43.07518499427617,20.07518499427617,-22.999999999999996,0.34585916137671535,3.5978125,1.5626875
/project2/msoleyma_946/speech_health/spanish_neurovoz/zenodo_upload/audios/HC_GANGA_0086.wav,/scratch1/parwatka/norm_audio/neurovoz_read/HC_GANGA_0086.wav,86,-37.08196316364502,-37.481005233525785,14.481005233525785,-22.999999999999996,0.48803409529298464,3.2508125,1.5626875
/project2/msoleyma_946/speech_health/spanish_neurovoz/zenodo_upload/audios/HC_CALLE_0086.wav,/scratch1/parwatka/norm_audio/neurovoz_read/HC_CALLE_0086.wav,86,-36.0143312239062,-37.99647576913439,14.996475769134392,-22.99999999999999,0.6886180909247271,3.8533125,1.5626875
/project2/msoleyma_946/speech_health/spanish_neurovoz/zenodo_upload/audios/HC_DIABLO_0086.wav,/scratch1/parwatka/norm_audio/neurovoz_read/HC_DIABLO_0086.wav,86,-35.53217726992882,-38.75078697297315,15.750786972973152,-22.999999999999996,0.4106897297586605,3.894625,1.5626875
/project2/msoleyma_946/speech_health/spanish_neurovoz/zenodo_upload/audios/HC_SOMBRA_0087.wav,/scratch1/parwatka/norm_audio/neurovoz_read/HC_SOMBRA_0087.wav,87,-40.29494499963066,-43.49467766187372,20.494677661873723,-23.000000000000004,0.6431865315400156,3.7986875,1.5626875
/project2/msoleyma_946/speech_health/spanish_neurovoz/zenodo_upload/audios/HC_DIABLO_0087.wav,/scratch1/parwatka/norm_audio/neurovoz_read/HC_DIABLO_0087.wav,87,-34.63620141105756,-35.125277783589354,12.125277783589354,-23.0,0.6877925444587508,3.43475,1.5626875
/project2/msoleyma_946/speech_health/spanish_neurovoz/zenodo_upload/audios/HC_CARMEN_0087.wav,/scratch1/parwatka/norm_audio/neurovoz_read/HC_CARMEN_0087.wav,87,-35.396366056679376,-34.48707060128551,11.48707060128551,-22.999999999999996,0.3729163603650114,2.2273125,1.5626875
/project2/msoleyma_946/speech_health/spanish_neurovoz/zenodo_upload/audios/HC_PERRO_0087.wav,/scratch1/parwatka/norm_audio/neurovoz_read/HC_PERRO_0087.wav,87,-41.502065317617834,-42.68104633834356,19.681046338343563,-22.99999999999998,0.5927146683983495,3.253625,1.5626875
/project2/msoleyma_946/speech_health/spanish_neurovoz/zenodo_upload/audios/HC_PIDIO_0087.wav,/scratch1/parwatka/norm_audio/neurovoz_read/HC_PIDIO_0087.wav,87,-39.11989238285368,-37.211889480043546,14.211889480043546,-22.999999999999996,0.5799917601280187,3.6796875,1.5626875
/project2/msoleyma_946/speech_health/spanish_neurovoz/zenodo_upload/audios/HC_BURRO_0087.wav,/scratch1/parwatka/norm_audio/neurovoz_read/HC_BURRO_0087.wav,87,-33.71293724576017,-33.95030478512636,10.950304785126363,-22.99999999999999,0.671614068960688,3.090375,1.5626875
/project2/msoleyma_946/speech_health/spanish_neurovoz/zenodo_upload/audios/HC_ABLANDADA_0087.wav,/scratch1/parwatka/norm_audio/neurovoz_read/HC_ABLANDADA_0087.wav,87,-36.9865590129305,-39.43418603320975,16.43418603320975,-23.000000000000018,0.6255058351704619,3.33475,1.5626875
/project2/msoleyma_946/speech_health/spanish_neurovoz/zenodo_upload/audios/HC_BARBAS_0087.wav,/scratch1/parwatka/norm_audio/neurovoz_read/HC_BARBAS_0087.wav,87,-36.23121198489812,-36.001231366556986,13.001231366556986,-22.999999999999996,0.44344626378485963,3.910375,1.5626875
/project2/msoleyma_946/speech_health/spanish_neurovoz/zenodo_upload/audios/HC_GANGA_0087.wav,/scratch1/parwatka/norm_audio/neurovoz_read/HC_GANGA_0087.wav,87,-39.29338861453012,-39.202066170773875,16.202066170773875,-23.00000000000002,0.4000042985814538,2.965375,1.5626875
/project2/msoleyma_946/speech_health/spanish_neurovoz/zenodo_upload/audios/HC_TOMAS_0087.wav,/scratch1/parwatka/norm_audio/neurovoz_read/HC_TOMAS_0087.wav,87,-38.046326103122695,-37.76720154638221,14.76720154638221,-23.000000000000004,0.39066278125935583,1.8968125,1.5626875
/project2/msoleyma_946/speech_health/spanish_neurovoz/zenodo_upload/audios/HC_MANGA_0087.wav,/scratch1/parwatka/norm_audio/neurovoz_read/HC_MANGA_0087.wav,87,-36.286687686898574,-36.31862848928521,13.31862848928521,-23.000000000000018,0.4431979079397607,2.73025,1.5626875
/project2/msoleyma_946/speech_health/spanish_neurovoz/zenodo_upload/audios/HC_CALLE_0087.wav,/scratch1/parwatka/norm_audio/neurovoz_read/HC_CALLE_0087.wav,87,-33.76205077945687,-36.57880699334356,13.578806993343562,-23.000000000000004,1.22948419198703,3.895375,1.5626875
/project2/msoleyma_946/speech_health/spanish_neurovoz/zenodo_upload/audios/HC_MANGA_0105.wav,/scratch1/parwatka/norm_audio/neurovoz_read/HC_MANGA_0105.wav,105,-36.27044234199361,-36.494660921935356,13.494660921935356,-22.999999999999982,0.5714934129130727,2.6935625,1.5626875
/project2/msoleyma_946/speech_health/spanish_neurovoz/zenodo_upload/audios/HC_GANGA_0105.wav,/scratch1/parwatka/norm_audio/neurovoz_read/HC_GANGA_0105.wav,105,-37.75775869155595,-37.4300640529631,14.430064052963097,-22.99999999999999,0.6245062270277341,3.3436875,1.5626875
/project2/msoleyma_946/speech_health/spanish_neurovoz/zenodo_upload/audios/HC_SOMBRA_0105.wav,/scratch1/parwatka/norm_audio/neurovoz_read/HC_SOMBRA_0105.wav,105,-37.498006905452456,-36.48776192109953,13.487761921099533,-23.0,0.5473070833857887,3.37625,1.5626875
/project2/msoleyma_946/speech_health/spanish_neurovoz/zenodo_upload/audios/HC_CARMEN_0105.wav,/scratch1/parwatka/norm_audio/neurovoz_read/HC_CARMEN_0105.wav,105,-35.66938146511572,-36.49481835274743,13.49481835274743,-22.999999999999996,0.6027399415665581,2.8793125,1.5626875
/project2/msoleyma_946/speech_health/spanish_neurovoz/zenodo_upload/audios/HC_CALLE_0105.wav,/scratch1/parwatka/norm_audio/neurovoz_read/HC_CALLE_0105.wav,105,-33.83959419564203,-33.03347575942647,10.033475759426473,-22.999999999999986,0.7266511596324593,3.118875,1.5626875
/project2/msoleyma_946/speech_health/spanish_neurovoz/zenodo_upload/audios/HC_ABLANDADA_0105.wav,/scratch1/parwatka/norm_audio/neurovoz_read/HC_ABLANDADA_0105.wav,105,-36.6815034885268,-37.69729559064724,14.697295590647236,-22.999999999999996,0.5801704278397907,3.5776875,1.5626875
/project2/msoleyma_946/speech_health/spanish_neurovoz/zenodo_upload/audios/HC_PIDIO_0105.wav,/scratch1/parwatka/norm_audio/neurovoz_read/HC_PIDIO_0105.wav,105,-36.53861672084339,-35.13776737337827,12.137767373378267,-23.0,0.6762583502154619,3.3911875,1.5626875
/project2/msoleyma_946/speech_health/spanish_neurovoz/zenodo_upload/audios/HC_TOMAS_0105.wav,/scratch1/parwatka/norm_audio/neurovoz_read/HC_TOMAS_0105.wav,105,-36.320824317195004,-35.60897024580364,12.60897024580364,-23.000000000000004,0.4819009376543673,2.7864375,1.5626875
/project2/msoleyma_946/speech_health/spanish_neurovoz/zenodo_upload/audios/HC_PERRO_0105.wav,/scratch1/parwatka/norm_audio/neurovoz_read/HC_PERRO_0105.wav,105,-36.55043074417562,-36.416940227310874,13.416940227310874,-22.999999999999996,0.6844085805641793,2.9855,1.5626875
/project2/msoleyma_946/speech_health/spanish_neurovoz/zenodo_upload/audios/HC_DIABLO_0105.wav,/scratch1/parwatka/norm_audio/neurovoz_read/HC_DIABLO_0105.wav,105,-35.55075736696668,-37.57259661646589,14.572596616465887,-23.0,0.5453531050813901,3.91325,1.5626875
/project2/msoleyma_946/speech_health/spanish_neurovoz/zenodo_upload/audios/HC_BARBAS_0105.wav,/scratch1/parwatka/norm_audio/neurovoz_read/HC_BARBAS_0105.wav,105,-35.49799199753098,-37.11224278019608,14.112242780196077,-23.0,0.565414856263877,4.426625,1.5626875
/project2/msoleyma_946/speech_health/spanish_neurovoz/zenodo_upload/audios/HC_BURRO_0105.wav,/scratch1/parwatka/norm_audio/neurovoz_read/HC_BURRO_0105.wav,105,-34.52295069530389,-35.733434839810826,12.733434839810826,-23.000000000000004,0.524242719756222,3.007625,1.5626875
/project2/msoleyma_946/speech_health/spanish_neurovoz/zenodo_upload/audios/HC_PERRO_0112.wav,/scratch1/parwatka/norm_audio/neurovoz_read/HC_PERRO_0112.wav,112,-40.34933607355685,-39.66900429551453,16.669004295514533,-22.999999999999996,0.36984705392604655,3.69025,1.5626875
/project2/msoleyma_946/speech_health/spanish_neurovoz/zenodo_upload/audios/HC_PIDIO_0112.wav,/scratch1/parwatka/norm_audio/neurovoz_read/HC_PIDIO_0112.wav,112,-40.38426785835669,-40.27602497559644,17.276024975596442,-23.000000000000004,0.7076923633064249,3.1995,1.5626875
/project2/msoleyma_946/speech_health/spanish_neurovoz/zenodo_upload/audios/HC_CARMEN_0112.wav,/scratch1/parwatka/norm_audio/neurovoz_read/HC_CARMEN_0112.wav,112,-38.449620773236624,-39.5424329539768,16.5424329539768,-22.999999999999996,0.41411550275162384,3.0928125,1.5626875
/project2/msoleyma_946/speech_health/spanish_neurovoz/zenodo_upload/audios/HC_ABLANDADA_0112.wav,/scratch1/parwatka/norm_audio/neurovoz_read/HC_ABLANDADA_0112.wav,112,-38.95696210146084,-37.587585038768076,14.587585038768076,-22.999999999999996,0.4916627349351291,2.81475,1.5626875
/project2/msoleyma_946/speech_health/spanish_neurovoz/zenodo_upload/audios/HC_MANGA_0112.wav,/scratch1/parwatka/norm_audio/neurovoz_read/HC_MANGA_0112.wav,112,-38.59834245966882,-38.645626331849506,15.645626331849506,-23.0,0.49054724470852273,1.9778125,1.5626875
/project2/msoleyma_946/speech_health/spanish_neurovoz/zenodo_upload/audios/HC_GANGA_0112.wav,/scratch1/parwatka/norm_audio/neurovoz_read/HC_GANGA_0112.wav,112,-42.14105973045428,-41.8184797348737,18.818479734873698,-23.0,0.38754250026116,1.9801875,1.5626875
/project2/msoleyma_946/speech_health/spanish_neurovoz/zenodo_upload/audios/HC_BARBAS_0112.wav,/scratch1/parwatka/norm_audio/neurovoz_read/HC_BARBAS_0112.wav,112,-40.27927853650959,-41.380578913393606,18.380578913393606,-22.999999999999996,0.612334881097638,4.336,1.5626875
/project2/msoleyma_946/speech_health/spanish_neurovoz/zenodo_upload/audios/HC_BURRO_0112.wav,/scratch1/parwatka/norm_audio/neurovoz_read/HC_BURRO_0112.wav,112,-39.82170793569713,-38.99114056676062,15.99114056676062,-22.999999999999996,0.4178949965068068,2.7864375,1.5626875
/project2/msoleyma_946/speech_health/spanish_neurovoz/zenodo_upload/audios/HC_SOMBRA_0112.wav,/scratch1/parwatka/norm_audio/neurovoz_read/HC_SOMBRA_0112.wav,112,-39.52365190630795,-39.328877967013135,16.328877967013135,-22.99999999999999,0.3997003082186946,4.0676875,1.5626875
/project2/msoleyma_946/speech_health/spanish_neurovoz/zenodo_upload/audios/HC_TOMAS_0112.wav,/scratch1/parwatka/norm_audio/neurovoz_read/HC_TOMAS_0112.wav,112,-36.034717544647464,-35.75784885861396,12.757848858613961,-23.0,0.369488506055669,2.2518125,1.5626875
/project2/msoleyma_946/speech_health/spanish_neurovoz/zenodo_upload/audios/HC_DIABLO_0112.wav,/scratch1/parwatka/norm_audio/neurovoz_read/HC_DIABLO_0112.wav,112,-40.82634047106981,-43.665132339102165,20.665132339102165,-23.0,0.4625606178854445,3.667375,1.5626875
/project2/msoleyma_946/speech_health/spanish_neurovoz/zenodo_upload/audios/HC_CALLE_0112.wav,/scratch1/parwatka/norm_audio/neurovoz_read/HC_CALLE_0112.wav,112,-37.55124329489505,-40.253010331691684,17.253010331691684,-22.999999999999996,0.5933357522464808,3.4143125,1.5626875
/project2/msoleyma_946/speech_health/spanish_neurovoz/zenodo_upload/audios/HC_PIDIO_0116.wav,/scratch1/parwatka/norm_audio/neurovoz_read/HC_PIDIO_0116.wav,116,-36.369627362565325,-34.98514679565601,11.985146795656007,-23.0,0.5390508002337308,3.4978125,1.5626875
/project2/msoleyma_946/speech_health/spanish_neurovoz/zenodo_upload/audios/HC_SOMBRA_0116.wav,/scratch1/parwatka/norm_audio/neurovoz_read/HC_SOMBRA_0116.wav,116,-39.0059246986451,-39.42358228615919,16.42358228615919,-22.999999999999996,0.3424462261798049,3.07125,1.5626875
/project2/msoleyma_946/speech_health/spanish_neurovoz/zenodo_upload/audios/HC_BURRO_0116.wav,/scratch1/parwatka/norm_audio/neurovoz_read/HC_BURRO_0116.wav,116,-35.23320339757056,-34.67386051385131,11.67386051385131,-22.999999999999996,0.34743957562058414,3.1579375,1.5626875
/project2/msoleyma_946/speech_health/spanish_neurovoz/zenodo_upload/audios/HC_ABLANDADA_0116.wav,/scratch1/parwatka/norm_audio/neurovoz_read/HC_ABLANDADA_0116.wav,116,-38.75272063658088,-38.06773230074327,15.067732300743273,-22.999999999999996,0.33818468886817094,3.901,1.5626875
/project2/msoleyma_946/speech_health/spanish_neurovoz/zenodo_upload/audios/HC_CARMEN_0116.wav,/scratch1/parwatka/norm_audio/neurovoz_read/HC_CARMEN_0116.wav,116,-37.69223920494865,-38.95889580855156,15.95889580855156,-22.99999999999999,0.44684544275515636,2.8963125,1.5626875
/project2/msoleyma_946/speech_health/spanish_neurovoz/zenodo_upload/audios/HC_PERRO_0116.wav,/scratch1/parwatka/norm_audio/neurovoz_read/HC_PERRO_0116.wav,116,-38.87091997727679,-39.82054015898252,16.820540158982517,-22.999999999999986,0.5097684843362495,2.5975,1.5626875
/project2/msoleyma_946/speech_health/spanish_neurovoz/zenodo_upload/audios/HC_DIABLO_0116.wav,/scratch1/parwatka/norm_audio/neurovoz_read/HC_DIABLO_0116.wav,116,-37.23658999661995,-38.94881972676601,15.948819726766011,-23.0,0.48875559521484263,4.340625,1.5626875
/project2/msoleyma_946/speech_health/spanish_neurovoz/zenodo_upload/audios/HC_MANGA_0116.wav,/scratch1/parwatka/norm_audio/neurovoz_read/HC_MANGA_0116.wav,116,-37.375236047375935,-37.23309220039495,14.23309220039495,-22.999999999999996,0.4453014308275637,2.3539375,1.5626875
/project2/msoleyma_946/speech_health/spanish_neurovoz/zenodo_upload/audios/HC_TOMAS_0116.wav,/scratch1/parwatka/norm_audio/neurovoz_read/HC_TOMAS_0116.wav,116,-37.0826036820518,-36.106865674001334,13.106865674001334,-23.0,0.529764223475446,2.8169375,1.5626875
/project2/msoleyma_946/speech_health/spanish_neurovoz/zenodo_upload/audios/HC_GANGA_0116.wav,/scratch1/parwatka/norm_audio/neurovoz_read/HC_GANGA_0116.wav,116,-38.769898551029186,-37.57744728338069,14.577447283380693,-23.0,0.4527348599743515,4.2725,1.5626875
/project2/msoleyma_946/speech_health/spanish_neurovoz/zenodo_upload/audios/HC_CALLE_0116.wav,/scratch1/parwatka/norm_audio/neurovoz_read/HC_CALLE_0116.wav,116,-37.70164708170045,-37.3517807673059,14.351780767305897,-22.999999999999996,0.510445529685716,2.827125,1.5626875
/project2/msoleyma_946/speech_health/spanish_neurovoz/zenodo_upload/audios/HC_BARBAS_0116.wav,/scratch1/parwatka/norm_audio/neurovoz_read/HC_BARBAS_0116.wav,116,-37.3775961215498,-38.83449036511739,15.83449036511739,-23.0,0.5475311325512003,5.078625,1.5626875
/project2/msoleyma_946/speech_health/spanish_neurovoz/zenodo_upload/audios/HC_DIABLO_0118.wav,/scratch1/parwatka/norm_audio/neurovoz_read/HC_DIABLO_0118.wav,118,-31.904582028614726,-31.95627287140471,8.95627287140471,-23.000000000000004,0.3839319636757476,4.83425,1.5626875
/project2/msoleyma_946/speech_health/spanish_neurovoz/zenodo_upload/audios/HC_ABLANDADA_0118.wav,/scratch1/parwatka/norm_audio/neurovoz_read/HC_ABLANDADA_0118.wav,118,-37.238209075349644,-37.43911969075953,14.439119690759533,-22.999999999999996,0.5573735690774066,3.71525,1.5626875
/project2/msoleyma_946/speech_health/spanish_neurovoz/zenodo_upload/audios/HC_CARMEN_0118.wav,/scratch1/parwatka/norm_audio/neurovoz_read/HC_CARMEN_0118.wav,118,-35.30624026610699,-35.295503045945466,12.295503045945466,-23.0,0.6288145366857669,2.8793125,1.5626875
/project2/msoleyma_946/speech_health/spanish_neurovoz/zenodo_upload/audios/HC_PERRO_0118.wav,/scratch1/parwatka/norm_audio/neurovoz_read/HC_PERRO_0118.wav,118,-36.25356657833956,-36.59393521989058,13.593935219890582,-22.999999999999996,0.5325055657445315,2.5065625,1.5626875
/project2/msoleyma_946/speech_health/spanish_neurovoz/zenodo_upload/audios/HC_BURRO_0118.wav,/scratch1/parwatka/norm_audio/neurovoz_read/HC_BURRO_0118.wav,118,-31.743854768036616,-31.57035928431115,8.570359284311149,-23.000000000000004,0.5183801359319602,3.4365625,1.5626875
/project2/msoleyma_946/speech_health/spanish_neurovoz/zenodo_upload/audios/HC_BARBAS_0118.wav,/scratch1/parwatka/norm_audio/neurovoz_read/HC_BARBAS_0118.wav,118,-33.59198260150481,-31.60029186436812,8.600291864368119,-23.000000000000004,0.4916863156115828,4.890625,1.5626875
/project2/msoleyma_946/speech_health/spanish_neurovoz/zenodo_upload/audios/HC_MANGA_0118.wav,/scratch1/parwatka/norm_audio/neurovoz_read/HC_MANGA_0118.wav,118,-34.298337253985274,-34.11681776400386,11.116817764003862,-22.999999999999996,0.4436205514078695,1.885625,1.5626875
/project2/msoleyma_946/speech_health/spanish_neurovoz/zenodo_upload/audios/HC_GANGA_0118.wav,/scratch1/parwatka/norm_audio/neurovoz_read/HC_GANGA_0118.wav,118,-36.37272678805223,-36.18506732514517,13.18506732514517,-22.999999999999996,0.4505331778867083,2.2784375,1.5626875
/project2/msoleyma_946/speech_health/spanish_neurovoz/zenodo_upload/audios/HC_TOMAS_0118.wav,/scratch1/parwatka/norm_audio/neurovoz_read/HC_TOMAS_0118.wav,118,-35.8489375989619,-34.77458959491915,11.77458959491915,-22.999999999999996,0.4651114595186714,2.229125,1.5626875
/project2/msoleyma_946/speech_health/spanish_neurovoz/zenodo_upload/audios/HC_SOMBRA_0118.wav,/scratch1/parwatka/norm_audio/neurovoz_read/HC_SOMBRA_0118.wav,118,-40.68868220364912,-41.48043480230357,18.48043480230357,-22.999999999999982,0.46831088224436457,3.878875,1.5626875
/project2/msoleyma_946/speech_health/spanish_neurovoz/zenodo_upload/audios/HC_PIDIO_0118.wav,/scratch1/parwatka/norm_audio/neurovoz_read/HC_PIDIO_0118.wav,118,-34.86936239960332,-34.84905170481711,11.849051704817107,-23.0,0.6745988839187242,3.5660625,1.5626875
/project2/msoleyma_946/speech_health/spanish_neurovoz/zenodo_upload/audios/HC_CALLE_0118.wav,/scratch1/parwatka/norm_audio/neurovoz_read/HC_CALLE_0118.wav,118,-35.715665700700626,-35.16158643882255,12.161586438822553,-22.999999999999996,0.5556361218377622,2.453125,1.5626875
/project2/msoleyma_946/speech_health/spanish_neurovoz/zenodo_upload/audios/HC_GANGA_0120.wav,/scratch1/parwatka/norm_audio/neurovoz_read/HC_GANGA_0120.wav,120,-39.93200589528207,-39.615796613903626,16.615796613903626,-23.0,0.431241226219024,1.7076875,1.5626875
/project2/msoleyma_946/speech_health/spanish_neurovoz/zenodo_upload/audios/HC_CALLE_0120.wav,/scratch1/parwatka/norm_audio/neurovoz_read/HC_CALLE_0120.wav,120,-37.12073841918699,-36.71654704667419,13.716547046674187,-22.999999999999996,0.4901901198910227,2.80825,1.5626875
/project2/msoleyma_946/speech_health/spanish_neurovoz/zenodo_upload/audios/HC_CARMEN_0120.wav,/scratch1/parwatka/norm_audio/neurovoz_read/HC_CARMEN_0120.wav,120,-37.877709655524285,-36.674291205694956,13.674291205694956,-22.999999999999996,0.44114834915543866,4.485375,1.5626875
/project2/msoleyma_946/speech_health/spanish_neurovoz/zenodo_upload/audios/HC_TOMAS_0120.wav,/scratch1/parwatka/norm_audio/neurovoz_read/HC_TOMAS_0120.wav,120,-37.67233156541537,-36.74991922718826,13.749919227188258,-23.0,0.32965852238025284,2.7854375,1.5626875
/project2/msoleyma_946/speech_health/spanish_neurovoz/zenodo_upload/audios/HC_MANGA_0120.wav,/scratch1/parwatka/norm_audio/neurovoz_read/HC_MANGA_0120.wav,120,-39.57552445783203,-40.2727324724293,17.272732472429297,-22.99999999999999,0.4194834242531098,2.921375,1.5626875
/project2/msoleyma_946/speech_health/spanish_neurovoz/zenodo_upload/audios/HC_PIDIO_0120.wav,/scratch1/parwatka/norm_audio/neurovoz_read/HC_PIDIO_0120.wav,120,-39.32304728541861,-39.989994357768964,16.989994357768964,-23.0,0.7130125965675673,2.593875,1.5626875
/project2/msoleyma_946/speech_health/spanish_neurovoz/zenodo_upload/audios/HC_PERRO_0120.wav,/scratch1/parwatka/norm_audio/neurovoz_read/HC_PERRO_0120.wav,120,-39.435129852823046,-40.32566645751123,17.325666457511232,-22.999999999999986,0.508585682812555,2.5768125,1.5626875
/project2/msoleyma_946/speech_health/spanish_neurovoz/zenodo_upload/audios/HC_BARBAS_0120.wav,/scratch1/parwatka/norm_audio/neurovoz_read/HC_BARBAS_0120.wav,120,-40.554264719061585,-39.64508830832416,16.645088308324162,-22.999999999999996,0.3601286837873985,4.650625,1.5626875
/project2/msoleyma_946/speech_health/spanish_neurovoz/zenodo_upload/audios/HC_SOMBRA_0120.wav,/scratch1/parwatka/norm_audio/neurovoz_read/HC_SOMBRA_0120.wav,120,-39.54142841057944,-40.9006876468371,17.9006876468371,-23.0,0.37308294741459536,2.8538125,1.5626875
/project2/msoleyma_946/speech_health/spanish_neurovoz/zenodo_upload/audios/HC_BURRO_0120.wav,/scratch1/parwatka/norm_audio/neurovoz_read/HC_BURRO_0120.wav,120,-40.183247910884354,-41.40658985407073,18.40658985407073,-22.99999999999999,0.5673435809255486,2.5078125,1.5626875
/project2/msoleyma_946/speech_health/spanish_neurovoz/zenodo_upload/audios/HC_DIABLO_0120.wav,/scratch1/parwatka/norm_audio/neurovoz_read/HC_DIABLO_0120.wav,120,-40.29579862080129,-40.47448426866181,17.474484268661815,-23.0,0.42654776860330296,3.535625,1.5626875
/project2/msoleyma_946/speech_health/spanish_neurovoz/zenodo_upload/audios/HC_SOMBRA_0121.wav,/scratch1/parwatka/norm_audio/neurovoz_read/HC_SOMBRA_0121.wav,121,-42.8504905289964,-43.65206698924601,20.65206698924601,-23.0,0.39934139133398966,3.93925,1.5626875
/project2/msoleyma_946/speech_health/spanish_neurovoz/zenodo_upload/audios/HC_GANGA_0121.wav,/scratch1/parwatka/norm_audio/neurovoz_read/HC_GANGA_0121.wav,121,-43.72008925255388,-42.85746499460989,19.85746499460989,-23.000000000000004,0.3843203830101068,3.15025,1.5626875
/project2/msoleyma_946/speech_health/spanish_neurovoz/zenodo_upload/audios/HC_MANGA_0121.wav,/scratch1/parwatka/norm_audio/neurovoz_read/HC_MANGA_0121.wav,121,-42.47590334927004,-41.95325319057021,18.95325319057021,-22.99999999999999,0.4151640368204116,2.675,1.5626875
/project2/msoleyma_946/speech_health/spanish_neurovoz/zenodo_upload/audios/HC_ABLANDADA_0121.wav,/scratch1/parwatka/norm_audio/neurovoz_read/HC_ABLANDADA_0121.wav,121,-42.24892190813856,-42.94620494606717,19.94620494606717,-23.00000000000001,0.5650133522763644,4.736875,1.5626875
/project2/msoleyma_946/speech_health/spanish_neurovoz/zenodo_upload/audios/HC_CARMEN_0121.wav,/scratch1/parwatka/norm_audio/neurovoz_read/HC_CARMEN_0121.wav,121,-41.5111114543175,-41.35751374830013,18.35751374830013,-22.99999999999999,0.4791366967907282,2.9721875,1.5626875
/project2/msoleyma_946/speech_health/spanish_neurovoz/zenodo_upload/audios/HC_BURRO_0121.wav,/scratch1/parwatka/norm_audio/neurovoz_read/HC_BURRO_0121.wav,121,-40.54622747192746,-39.82253081290387,16.82253081290387,-22.999999999999982,0.5035066029044468,3.3436875,1.5626875
/project2/msoleyma_946/speech_health/spanish_neurovoz/zenodo_upload/audios/HC_BARBAS_0121.wav,/scratch1/parwatka/norm_audio/neurovoz_read/HC_BARBAS_0121.wav,121,-41.552095571093986,-41.2546409342441,18.2546409342441,-22.999999999999996,0.40092256172584734,4.7600625,1.5626875
/project2/msoleyma_946/speech_health/spanish_neurovoz/zenodo_upload/audios/HC_CALLE_0121.wav,/scratch1/parwatka/norm_audio/neurovoz_read/HC_CALLE_0121.wav,121,-38.330044917114655,-38.95402801525512,15.954028015255119,-23.0,0.5647847781879513,3.2933125,1.5626875
/project2/msoleyma_946/speech_health/spanish_neurovoz/zenodo_upload/audios/HC_TOMAS_0121.wav,/scratch1/parwatka/norm_audio/neurovoz_read/HC_TOMAS_0121.wav,121,-40.90714591185128,-38.90373289986937,15.903732899869368,-23.0,0.3796056419674,2.8793125,1.5626875
/project2/msoleyma_946/speech_health/spanish_neurovoz/zenodo_upload/audios/HC_DIABLO_0121.wav,/scratch1/parwatka/norm_audio/neurovoz_read/HC_DIABLO_0121.wav,121,-42.75943919587793,-43.97545472979388,20.97545472979388,-23.000000000000004,0.44145561805527594,4.79725,1.5626875
/project2/msoleyma_946/speech_health/spanish_neurovoz/zenodo_upload/audios/HC_PERRO_0121.wav,/scratch1/parwatka/norm_audio/neurovoz_read/HC_PERRO_0121.wav,121,-42.01053870541609,-44.87127380381244,21.871273803812443,-23.00000000000001,0.4738071177736044,3.19175,1.5626875
/project2/msoleyma_946/speech_health/spanish_neurovoz/zenodo_upload/audios/HC_PIDIO_0121.wav,/scratch1/parwatka/norm_audio/neurovoz_read/HC_PIDIO_0121.wav,121,-44.17548154086357,-45.61250069631889,22.61250069631889,-23.000000000000004,0.4171690220961799,3.2594375,1.5626875
/project2/msoleyma_946/speech_health/spanish_neurovoz/zenodo_upload/audios/HC_MANGA_0122.wav,/scratch1/parwatka/norm_audio/neurovoz_read/HC_MANGA_0122.wav,122,-36.87169339769885,-36.33924663494957,13.339246634949568,-22.999999999999996,0.49905366973853915,2.6006875,1.5626875
/project2/msoleyma_946/speech_health/spanish_neurovoz/zenodo_upload/audios/HC_BARBAS_0122.wav,/scratch1/parwatka/norm_audio/neurovoz_read/HC_BARBAS_0122.wav,122,-36.94791906721788,-38.3511539511399,15.3511539511399,-22.999999999999947,0.9517345875657132,4.5744375,1.5626875
/project2/msoleyma_946/speech_health/spanish_neurovoz/zenodo_upload/audios/HC_SOMBRA_0122.wav,/scratch1/parwatka/norm_audio/neurovoz_read/HC_SOMBRA_0122.wav,122,-37.71877508118428,-36.823818968035205,13.823818968035205,-23.0,0.4050866300322459,4.2558125,1.5626875
/project2/msoleyma_946/speech_health/spanish_neurovoz/zenodo_upload/audios/HC_GANGA_0122.wav,/scratch1/parwatka/norm_audio/neurovoz_read/HC_GANGA_0122.wav,122,-37.75800557042976,-39.14856924652199,16.148569246521987,-23.00000000000001,0.4639635666798749,2.8793125,1.5626875
/project2/msoleyma_946/speech_health/spanish_neurovoz/zenodo_upload/audios/HC_TOMAS_0122.wav,/scratch1/parwatka/norm_audio/neurovoz_read/HC_TOMAS_0122.wav,122,-34.27326862960037,-33.94279125837765,10.942791258377653,-23.000000000000014,0.6649861366509635,3.8735,1.5626875
/project2/msoleyma_946/speech_health/spanish_neurovoz/zenodo_upload/audios/HC_CARMEN_0122.wav,/scratch1/parwatka/norm_audio/neurovoz_read/HC_CARMEN_0122.wav,122,-37.20070939872886,-36.631232667194844,13.631232667194844,-23.00000000000001,1.0944267601324682,2.6125625,1.5626875
/project2/msoleyma_946/speech_health/spanish_neurovoz/zenodo_upload/audios/HC_PERRO_0122.wav,/scratch1/parwatka/norm_audio/neurovoz_read/HC_PERRO_0122.wav,122,-35.01817798245187,-35.073317021908096,12.073317021908096,-23.00000000000001,0.49805918362045354,2.920375,1.5626875
/project2/msoleyma_946/speech_health/spanish_neurovoz/zenodo_upload/audios/HC_DIABLO_0122.wav,/scratch1/parwatka/norm_audio/neurovoz_read/HC_DIABLO_0122.wav,122,-35.32407594598789,-34.54172458720239,11.541724587202388,-22.999999999999996,0.8840136549627878,4.3494375,1.5626875
/project2/msoleyma_946/speech_health/spanish_neurovoz/zenodo_upload/audios/HC_PIDIO_0122.wav,/scratch1/parwatka/norm_audio/neurovoz_read/HC_PIDIO_0122.wav,122,-33.999024479685076,-33.693877027219344,10.693877027219344,-22.99999999999999,0.5265982257986186,3.7191875,1.5626875
/project2/msoleyma_946/speech_health/spanish_neurovoz/zenodo_upload/audios/HC_CALLE_0122.wav,/scratch1/parwatka/norm_audio/neurovoz_read/HC_CALLE_0122.wav,122,-37.39292123550244,-36.23134381971941,13.231343819719413,-22.999999999999996,0.33413472389517207,3.6043125,1.5626875
/project2/msoleyma_946/speech_health/spanish_neurovoz/zenodo_upload/audios/HC_ABLANDADA_0122.wav,/scratch1/parwatka/norm_audio/neurovoz_read/HC_ABLANDADA_0122.wav,122,-40.93519702744282,-40.08472093631374,17.084720936313737,-22.999999999999964,0.7908994350518547,4.179625,1.5626875
/project2/msoleyma_946/speech_health/spanish_neurovoz/zenodo_upload/audios/HC_BURRO_0122.wav,/scratch1/parwatka/norm_audio/neurovoz_read/HC_BURRO_0122.wav,122,-32.63367450900128,-35.51966082949358,12.519660829493581,-22.99999999999999,0.37172507587572434,2.9721875,1.5626875
/project2/msoleyma_946/speech_health/spanish_neurovoz/zenodo_upload/audios/HC_BARBAS_0128.wav,/scratch1/parwatka/norm_audio/neurovoz_read/HC_BARBAS_0128.wav,128,-29.374145124161824,-29.76618102433635,6.766181024336352,-23.000000000000004,0.4474005302551831,5.4038125,1.5626875
/project2/msoleyma_946/speech_health/spanish_neurovoz/zenodo_upload/audios/HC_BURRO_0128.wav,/scratch1/parwatka/norm_audio/neurovoz_read/HC_BURRO_0128.wav,128,-29.00304655812017,-31.006937604689703,8.006937604689703,-23.000000000000004,0.4920307470666117,4.179625,1.5626875
/project2/msoleyma_946/speech_health/spanish_neurovoz/zenodo_upload/audios/HC_CALLE_0128.wav,/scratch1/parwatka/norm_audio/neurovoz_read/HC_CALLE_0128.wav,128,-29.699948032935485,-30.576655002056402,7.576655002056402,-23.000000000000014,0.5971587005670644,4.0309375,1.5626875
/project2/msoleyma_946/speech_health/spanish_neurovoz/zenodo_upload/audios/HC_SOMBRA_0128.wav,/scratch1/parwatka/norm_audio/neurovoz_read/HC_SOMBRA_0128.wav,128,-33.26986225764108,-33.51418522437792,10.514185224377918,-23.00000000000001,0.5777735439202422,4.3183125,1.5626875
/project2/msoleyma_946/speech_health/spanish_neurovoz/zenodo_upload/audios/HC_ABLANDADA_0128.wav,/scratch1/parwatka/norm_audio/neurovoz_read/HC_ABLANDADA_0128.wav,128,-32.183486993658576,-31.703342137656055,8.703342137656055,-23.0,0.3684332657029076,5.7585625,1.5626875
/project2/msoleyma_946/speech_health/spanish_neurovoz/zenodo_upload/audios/HC_MANGA_0128.wav,/scratch1/parwatka/norm_audio/neurovoz_read/HC_MANGA_0128.wav,128,-28.5141056267872,-27.359335267310907,4.359335267310907,-23.00000000000001,0.4440078694437419,2.6200625,1.5626875
/project2/msoleyma_946/speech_health/spanish_neurovoz/zenodo_upload/audios/HC_PERRO_0128.wav,/scratch1/parwatka/norm_audio/neurovoz_read/HC_PERRO_0128.wav,128,-30.806656784869105,-32.05896450860346,9.05896450860346,-23.0,0.7653362563580846,2.9615,1.5626875
/project2/msoleyma_946/speech_health/spanish_neurovoz/zenodo_upload/audios/HC_PIDIO_0128.wav,/scratch1/parwatka/norm_audio/neurovoz_read/HC_PIDIO_0128.wav,128,-33.26031729878157,-32.75225412282504,9.752254122825043,-22.999999999999996,0.5248119528383443,4.572125,1.5626875
/project2/msoleyma_946/speech_health/spanish_neurovoz/zenodo_upload/audios/HC_CARMEN_0128.wav,/scratch1/parwatka/norm_audio/neurovoz_read/HC_CARMEN_0128.wav,128,-29.747343643943413,-29.013389780035734,6.013389780035733,-22.999999999999996,0.40785494802662453,3.2110625,1.5626875
/project2/msoleyma_946/speech_health/spanish_neurovoz/zenodo_upload/audios/HC_TOMAS_0128.wav,/scratch1/parwatka/norm_audio/neurovoz_read/HC_TOMAS_0128.wav,128,-30.57812793437504,-29.988370006781977,6.988370006781977,-23.0,0.5028539826626991,2.200125,1.5626875
/project2/msoleyma_946/speech_health/spanish_neurovoz/zenodo_upload/audios/HC_DIABLO_0128.wav,/scratch1/parwatka/norm_audio/neurovoz_read/HC_DIABLO_0128.wav,128,-29.893281777682684,-31.838094117624017,8.838094117624017,-23.000000000000004,0.46548326551283503,5.107375,1.5626875
/project2/msoleyma_946/speech_health/spanish_neurovoz/zenodo_upload/audios/HC_GANGA_0128.wav,/scratch1/parwatka/norm_audio/neurovoz_read/HC_GANGA_0128.wav,128,-32.543475877313554,-32.04448330406919,9.044483304069189,-22.999999999999996,0.46310455493685676,3.0810625,1.5626875
/project2/msoleyma_946/speech_health/spanish_neurovoz/zenodo_upload/audios/HC_BARBAS_0129.wav,/scratch1/parwatka/norm_audio/neurovoz_read/HC_BARBAS_0129.wav,129,-28.266099019761935,-29.85238565445314,6.8523856544531405,-23.000000000000014,0.5788934979276275,4.289875,1.5626875
/project2/msoleyma_946/speech_health/spanish_neurovoz/zenodo_upload/audios/HC_CARMEN_0129.wav,/scratch1/parwatka/norm_audio/neurovoz_read/HC_CARMEN_0129.wav,129,-27.87940364297719,-30.783805689718708,7.783805689718707,-23.0,0.549974708574248,3.4365625,1.5626875
/project2/msoleyma_946/speech_health/spanish_neurovoz/zenodo_upload/audios/HC_GANGA_0129.wav,/scratch1/parwatka/norm_audio/neurovoz_read/HC_GANGA_0129.wav,129,-29.535967730021333,-29.456208320450482,6.456208320450481,-22.999999999999996,0.3918050027558241,2.9721875,1.5626875
/project2/msoleyma_946/speech_health/spanish_neurovoz/zenodo_upload/audios/HC_TOMAS_0129.wav,/scratch1/parwatka/norm_audio/neurovoz_read/HC_TOMAS_0129.wav,129,-28.079720049126276,-26.696100871000635,3.6961008710006347,-23.0,0.442630183482764,3.8108125,1.5626875
/project2/msoleyma_946/speech_health/spanish_neurovoz/zenodo_upload/audios/HC_SOMBRA_0129.wav,/scratch1/parwatka/norm_audio/neurovoz_read/HC_SOMBRA_0129.wav,129,-29.89430055276767,-31.223697832329613,8.223697832329615,-22.99999999999999,0.4209157634723027,3.5253125,1.5626875
/project2/msoleyma_946/speech_health/spanish_neurovoz/zenodo_upload/audios/HC_MANGA_0129.wav,/scratch1/parwatka/norm_audio/neurovoz_read/HC_MANGA_0129.wav,129,-28.645402224366105,-28.589452955619844,5.589452955619844,-23.0,0.49609449212002493,3.1579375,1.5626875
/project2/msoleyma_946/speech_health/spanish_neurovoz/zenodo_upload/audios/HC_PERRO_0129.wav,/scratch1/parwatka/norm_audio/neurovoz_read/HC_PERRO_0129.wav,129,-28.933277797374654,-31.02607120268122,8.02607120268122,-23.000000000000014,0.5518418763700493,2.36075,1.5626875
/project2/msoleyma_946/speech_health/spanish_neurovoz/zenodo_upload/audios/HC_DIABLO_0129.wav,/scratch1/parwatka/norm_audio/neurovoz_read/HC_DIABLO_0129.wav,129,-23.568537894896775,-25.022924765880333,2.022924765880333,-23.00000000000001,0.6393605396869348,3.93175,1.5626875
/project2/msoleyma_946/speech_health/spanish_neurovoz/zenodo_upload/audios/HC_ABLANDADA_0129.wav,/scratch1/parwatka/norm_audio/neurovoz_read/HC_ABLANDADA_0129.wav,129,-29.050220254583326,-28.658621338464467,5.658621338464467,-22.999999999999943,0.795028529055415,4.736875,1.5626875
/project2/msoleyma_946/speech_health/spanish_neurovoz/zenodo_upload/audios/HC_BURRO_0129.wav,/scratch1/parwatka/norm_audio/neurovoz_read/HC_BURRO_0129.wav,129,-27.724404772746094,-29.749260589736426,6.7492605897364255,-22.99999999999999,0.4508854793573744,4.2725,1.5626875
/project2/msoleyma_946/speech_health/spanish_neurovoz/zenodo_upload/audios/HC_PIDIO_0129.wav,/scratch1/parwatka/norm_audio/neurovoz_read/HC_PIDIO_0129.wav,129,-29.870265464866897,-30.686190204163346,7.686190204163346,-23.000000000000014,0.6546542295360889,3.2046875,1.5626875
/project2/msoleyma_946/speech_health/spanish_neurovoz/zenodo_upload/audios/HC_SOMBRA_0130.wav,/scratch1/parwatka/norm_audio/neurovoz_read/HC_SOMBRA_0130.wav,130,-25.046581650535888,-25.800215352233206,2.800215352233205,-22.999999999999986,0.7126190140156844,3.3344375,1.5626875
/project2/msoleyma_946/speech_health/spanish_neurovoz/zenodo_upload/audios/HC_ABLANDADA_0130.wav,/scratch1/parwatka/norm_audio/neurovoz_read/HC_ABLANDADA_0130.wav,130,-21.393850508751264,-20.55251743906801,-2.4474825609319915,-23.0,0.4091169913183365,4.2614375,1.5626875
/project2/msoleyma_946/speech_health/spanish_neurovoz/zenodo_upload/audios/HC_BURRO_0130.wav,/scratch1/parwatka/norm_audio/neurovoz_read/HC_BURRO_0130.wav,130,-22.80780524806673,-25.407212749173006,2.407212749173006,-22.999999999999996,0.5036862310874711,4.179625,1.5626875
/project2/msoleyma_946/speech_health/spanish_neurovoz/zenodo_upload/audios/HC_MANGA_0130.wav,/scratch1/parwatka/norm_audio/neurovoz_read/HC_MANGA_0130.wav,130,-20.449265715095073,-19.755444901642694,-3.2445550983573055,-23.000000000000004,0.37520608271529965,3.1579375,1.5626875
/project2/msoleyma_946/speech_health/spanish_neurovoz/zenodo_upload/audios/HC_PIDIO_0130.wav,/scratch1/parwatka/norm_audio/neurovoz_read/HC_PIDIO_0130.wav,130,-21.414227921933858,-20.509173697628906,-2.4908263023710937,-22.999999999999996,0.6461986843429689,2.9574375,1.5626875
/project2/msoleyma_946/speech_health/spanish_neurovoz/zenodo_upload/audios/HC_BARBAS_0130.wav,/scratch1/parwatka/norm_audio/neurovoz_read/HC_BARBAS_0130.wav,130,-21.6451178448248,-24.22063130668086,1.2206313066808614,-22.999999999999986,0.3911689018534685,4.210625,1.5626875
/project2/msoleyma_946/speech_health/spanish_neurovoz/zenodo_upload/audios/HC_GANGA_0130.wav,/scratch1/parwatka/norm_audio/neurovoz_read/HC_GANGA_0130.wav,130,-23.64020577748685,-24.681324758765644,1.6813247587656432,-23.0,0.5182661430904905,2.1245,1.5626875
/project2/msoleyma_946/speech_health/spanish_neurovoz/zenodo_upload/audios/HC_PERRO_0130.wav,/scratch1/parwatka/norm_audio/neurovoz_read/HC_PERRO_0130.wav,130,-22.85103652749576,-23.505419493452862,0.5054194934528617,-22.99999999999998,0.5529058594613349,2.1798125,1.5626875
/project2/msoleyma_946/speech_health/spanish_neurovoz/zenodo_upload/audios/HC_CALLE_0130.wav,/scratch1/parwatka/norm_audio/neurovoz_read/HC_CALLE_0130.wav,130,-22.07426142118545,-22.78569162475676,-0.2143083752432415,-22.999999999999996,0.4827572927798484,3.3745625,1.5626875
/project2/msoleyma_946/speech_health/spanish_neurovoz/zenodo_upload/audios/HC_TOMAS_0130.wav,/scratch1/parwatka/norm_audio/neurovoz_read/HC_TOMAS_0130.wav,130,-23.085199742709342,-23.364831663818563,0.3648316638185628,-22.99999999999999,0.4900019887991345,1.9045625,1.5626875
/project2/msoleyma_946/speech_health/spanish_neurovoz/zenodo_upload/audios/HC_CARMEN_0130.wav,/scratch1/parwatka/norm_audio/neurovoz_read/HC_CARMEN_0130.wav,130,-23.83394913846977,-24.086416068161654,1.0864160681616546,-22.999999999999996,0.3725575721916028,3.622375,1.5626875
/project2/msoleyma_946/speech_health/spanish_neurovoz/zenodo_upload/audios/HC_DIABLO_0130.wav,/scratch1/parwatka/norm_audio/neurovoz_read/HC_DIABLO_0130.wav,130,-21.616594389467327,-22.981150691617596,-0.018849308382403222,-23.0,0.5142786283453169,4.109375,1.5626875
/project2/msoleyma_946/speech_health/spanish_neurovoz/zenodo_upload/audios/HC_PERRO_0131.wav,/scratch1/parwatka/norm_audio/neurovoz_read/HC_PERRO_0131.wav,131,-28.77222157910397,-29.487529557418107,6.487529557418107,-22.999999999999986,0.4308873604136258,3.126,1.5626875
/project2/msoleyma_946/speech_health/spanish_neurovoz/zenodo_upload/audios/HC_CALLE_0131.wav,/scratch1/parwatka/norm_audio/neurovoz_read/HC_CALLE_0131.wav,131,-24.91920750665554,-24.760125318255298,1.7601253182552972,-23.0,0.5203693338679642,2.9965625,1.5626875
/project2/msoleyma_946/speech_health/spanish_neurovoz/zenodo_upload/audios/HC_MANGA_0131.wav,/scratch1/parwatka/norm_audio/neurovoz_read/HC_MANGA_0131.wav,131,-25.65652099490662,-24.802837292856886,1.802837292856885,-23.0,0.48562600479086865,3.808125,1.5626875
/project2/msoleyma_946/speech_health/spanish_neurovoz/zenodo_upload/audios/HC_SOMBRA_0131.wav,/scratch1/parwatka/norm_audio/neurovoz_read/HC_SOMBRA_0131.wav,131,-25.398914830199875,-25.92916150752046,2.9291615075204573,-23.000000000000004,0.5023195217159476,4.1170625,1.5626875
/project2/msoleyma_946/speech_health/spanish_neurovoz/zenodo_upload/audios/HC_DIABLO_0131.wav,/scratch1/parwatka/norm_audio/neurovoz_read/HC_DIABLO_0131.wav,131,-26.280629739736703,-29.36320424358876,6.363204243588761,-23.0,0.6021187421297721,4.611625,1.5626875
/project2/msoleyma_946/speech_health/spanish_neurovoz/zenodo_upload/audios/HC_TOMAS_0131.wav,/scratch1/parwatka/norm_audio/neurovoz_read/HC_TOMAS_0131.wav,131,-26.445241816874063,-24.94491940193835,1.94491940193835,-23.0,0.4718412146708694,3.3058125,1.5626875
/project2/msoleyma_946/speech_health/spanish_neurovoz/zenodo_upload/audios/HC_PIDIO_0131.wav,/scratch1/parwatka/norm_audio/neurovoz_read/HC_PIDIO_0131.wav,131,-27.64106163872356,-25.943020783468253,2.943020783468253,-22.99999999999999,0.5933512459172822,3.611,1.5626875
/project2/msoleyma_946/speech_health/spanish_neurovoz/zenodo_upload/audios/HC_BARBAS_0131.wav,/scratch1/parwatka/norm_audio/neurovoz_read/HC_BARBAS_0131.wav,131,-27.443841950893738,-26.935893087699483,3.935893087699484,-23.00000000000001,0.4002714575599513,6.3624375,1.5626875
/project2/msoleyma_946/speech_health/spanish_neurovoz/zenodo_upload/audios/HC_BURRO_0131.wav,/scratch1/parwatka/norm_audio/neurovoz_read/HC_BURRO_0131.wav,131,-24.411936245966228,-25.316247912787343,2.316247912787343,-22.999999999999996,0.46874586413638447,3.808125,1.5626875
/project2/msoleyma_946/speech_health/spanish_neurovoz/zenodo_upload/audios/HC_GANGA_0131.wav,/scratch1/parwatka/norm_audio/neurovoz_read/HC_GANGA_0131.wav,131,-24.938425649187412,-23.83160444835862,0.8316044483586184,-23.00000000000001,0.577205044094528,2.7858125,1.5626875
/project2/msoleyma_946/speech_health/spanish_neurovoz/zenodo_upload/audios/HC_CARMEN_0131.wav,/scratch1/parwatka/norm_audio/neurovoz_read/HC_CARMEN_0131.wav,131,-25.524699639311955,-25.50598835855937,2.5059883585593705,-22.999999999999996,0.38950170218832825,4.08675,1.5626875
/project2/msoleyma_946/speech_health/spanish_neurovoz/zenodo_upload/audios/HC_TOMAS_0132.wav,/scratch1/parwatka/norm_audio/neurovoz_read/HC_TOMAS_0132.wav,132,-32.594123411276044,-31.30330012037289,8.303300120372889,-23.000000000000004,0.4493759224678098,2.9348125,1.5626875
/project2/msoleyma_946/speech_health/spanish_neurovoz/zenodo_upload/audios/HC_CALLE_0132.wav,/scratch1/parwatka/norm_audio/neurovoz_read/HC_CALLE_0132.wav,132,-29.70129524096669,-30.82934681539142,7.829346815391423,-22.99999999999999,0.6283638661211148,4.084625,1.5626875
/project2/msoleyma_946/speech_health/spanish_neurovoz/zenodo_upload/audios/HC_SOMBRA_0132.wav,/scratch1/parwatka/norm_audio/neurovoz_read/HC_SOMBRA_0132.wav,132,-28.88032137099754,-27.7298993938774,4.7298993938774005,-23.0,0.5439908282294678,3.938875,1.5626875
/project2/msoleyma_946/speech_health/spanish_neurovoz/zenodo_upload/audios/HC_MANGA_0132.wav,/scratch1/parwatka/norm_audio/neurovoz_read/HC_MANGA_0132.wav,132,-30.86983222670423,-29.750028316152026,6.750028316152025,-22.999999999999996,0.4194243661615128,2.778,1.5626875
/project2/msoleyma_946/speech_health/spanish_neurovoz/zenodo_upload/audios/HC_ABLANDADA_0132.wav,/scratch1/parwatka/norm_audio/neurovoz_read/HC_ABLANDADA_0132.wav,132,-33.36242137846877,-33.79615846948477,10.796158469484773,-22.999999999999996,0.37678275325238136,4.215125,1.5626875
/project2/msoleyma_946/speech_health/spanish_neurovoz/zenodo_upload/audios/HC_CARMEN_0132.wav,/scratch1/parwatka/norm_audio/neurovoz_read/HC_CARMEN_0132.wav,132,-32.66512391232173,-32.60249573706132,9.602495737061318,-23.0,0.3968870894959433,2.9721875,1.5626875
/project2/msoleyma_946/speech_health/spanish_neurovoz/zenodo_upload/audios/HC_BURRO_0132.wav,/scratch1/parwatka/norm_audio/neurovoz_read/HC_BURRO_0132.wav,132,-25.663934231412014,-27.036841236663754,4.036841236663754,-22.999999999999996,0.3478582057405919,3.71525,1.5626875
/project2/msoleyma_946/speech_health/spanish_neurovoz/zenodo_upload/audios/HC_PIDIO_0132.wav,/scratch1/parwatka/norm_audio/neurovoz_read/HC_PIDIO_0132.wav,132,-30.03795367128124,-31.085016963384394,8.085016963384394,-23.0,0.711491891371599,3.9716875,1.5626875
/project2/msoleyma_946/speech_health/spanish_neurovoz/zenodo_upload/audios/HC_GANGA_0132.wav,/scratch1/parwatka/norm_audio/neurovoz_read/HC_GANGA_0132.wav,132,-32.42945283960558,-31.82443909916564,8.824439099165641,-23.000000000000004,0.40728771948019754,2.4335625,1.5626875
/project2/msoleyma_946/speech_health/spanish_neurovoz/zenodo_upload/audios/HC_PERRO_0132.wav,/scratch1/parwatka/norm_audio/neurovoz_read/HC_PERRO_0132.wav,132,-28.275079372542077,-29.59745452777795,6.597454527777949,-23.0,0.5864434855074162,3.31275,1.5626875
/project2/msoleyma_946/speech_health/spanish_neurovoz/zenodo_upload/audios/HC_DIABLO_0132.wav,/scratch1/parwatka/norm_audio/neurovoz_read/HC_DIABLO_0132.wav,132,-29.00448987383745,-31.444068801994636,8.444068801994636,-23.0,0.4862255851521648,4.04425,1.5626875
/project2/msoleyma_946/speech_health/spanish_neurovoz/zenodo_upload/audios/HC_BARBAS_0132.wav,/scratch1/parwatka/norm_audio/neurovoz_read/HC_BARBAS_0132.wav,132,-29.175468438775344,-31.798267118322176,8.798267118322176,-23.0,0.4226653694508618,4.9388125,1.5626875
/project2/msoleyma_946/speech_health/spanish_neurovoz/zenodo_upload/audios/HC_DIABLO_0133.wav,/scratch1/parwatka/norm_audio/neurovoz_read/HC_DIABLO_0133.wav,133,-32.88615566246181,-34.92503105330974,11.925031053309738,-22.999999999999986,0.5367553716606284,3.9204375,1.5626875
/project2/msoleyma_946/speech_health/spanish_neurovoz/zenodo_upload/audios/HC_MANGA_0133.wav,/scratch1/parwatka/norm_audio/neurovoz_read/HC_MANGA_0133.wav,133,-31.931387302547233,-32.25996931412353,9.25996931412353,-22.999999999999986,0.6689150731856153,1.8475625,1.5626875
/project2/msoleyma_946/speech_health/spanish_neurovoz/zenodo_upload/audios/HC_PIDIO_0133.wav,/scratch1/parwatka/norm_audio/neurovoz_read/HC_PIDIO_0133.wav,133,-30.169632358049906,-30.37199280328825,7.371992803288251,-23.000000000000004,0.5024829797836293,3.50825,1.5626875
/project2/msoleyma_946/speech_health/spanish_neurovoz/zenodo_upload/audios/HC_PERRO_0133.wav,/scratch1/parwatka/norm_audio/neurovoz_read/HC_PERRO_0133.wav,133,-33.42573098900667,-33.40117756876931,10.401177568769313,-23.0,0.48185894735230655,2.9605,1.5626875
/project2/msoleyma_946/speech_health/spanish_neurovoz/zenodo_upload/audios/HC_CARMEN_0133.wav,/scratch1/parwatka/norm_audio/neurovoz_read/HC_CARMEN_0133.wav,133,-34.40188924678044,-35.622307025921074,12.622307025921074,-22.999999999999996,0.5815272235302819,2.0363125,1.5626875
/project2/msoleyma_946/speech_health/spanish_neurovoz/zenodo_upload/audios/HC_TOMAS_0133.wav,/scratch1/parwatka/norm_audio/neurovoz_read/HC_TOMAS_0133.wav,133,-33.31138474967841,-32.760601165302965,9.760601165302965,-22.999999999999996,0.5169621783313532,3.26825,1.5626875
/project2/msoleyma_946/speech_health/spanish_neurovoz/zenodo_upload/audios/HC_ABLANDADA_0133.wav,/scratch1/parwatka/norm_audio/neurovoz_read/HC_ABLANDADA_0133.wav,133,-34.58350109259718,-34.776934843299294,11.776934843299294,-23.0,0.4661627917606215,4.355,1.5626875
/project2/msoleyma_946/speech_health/spanish_neurovoz/zenodo_upload/audios/HC_GANGA_0133.wav,/scratch1/parwatka/norm_audio/neurovoz_read/HC_GANGA_0133.wav,133,-37.14260252214715,-38.156035313097945,15.156035313097945,-22.99999999999999,0.5517448708303085,2.03975,1.5626875
/project2/msoleyma_946/speech_health/spanish_neurovoz/zenodo_upload/audios/HC_BARBAS_0133.wav,/scratch1/parwatka/norm_audio/neurovoz_read/HC_BARBAS_0133.wav,133,-33.030379788882804,-35.02728437395011,12.02728437395011,-23.000000000000004,0.5099824974373821,5.040125,1.5626875
/project2/msoleyma_946/speech_health/spanish_neurovoz/zenodo_upload/audios/HC_CALLE_0133.wav,/scratch1/parwatka/norm_audio/neurovoz_read/HC_CALLE_0133.wav,133,-31.10545479586159,-32.16188355214899,9.161883552148993,-22.99999999999999,0.5222583765448008,3.371625,1.5626875
/project2/msoleyma_946/speech_health/spanish_neurovoz/zenodo_upload/audios/HC_BURRO_0133.wav,/scratch1/parwatka/norm_audio/neurovoz_read/HC_BURRO_0133.wav,133,-32.48298242497644,-33.181058343253085,10.181058343253085,-22.999999999999996,0.472389718691319,3.176875,1.5626875
/project2/msoleyma_946/speech_health/spanish_neurovoz/zenodo_upload/audios/HC_SOMBRA_0133.wav,/scratch1/parwatka/norm_audio/neurovoz_read/HC_SOMBRA_0133.wav,133,-32.94242133882044,-31.557170188160395,8.557170188160395,-23.000000000000025,0.7570440239193958,3.8473125,1.5626875
/project2/msoleyma_946/speech_health/spanish_neurovoz/zenodo_upload/audios/HC_CARMEN_0134.wav,/scratch1/parwatka/norm_audio/neurovoz_read/HC_CARMEN_0134.wav,134,-25.181165752202396,-24.979856619290018,1.9798566192900187,-23.0,0.46368618065912526,2.3293125,1.5626875
/project2/msoleyma_946/speech_health/spanish_neurovoz/zenodo_upload/audios/HC_GANGA_0134.wav,/scratch1/parwatka/norm_audio/neurovoz_read/HC_GANGA_0134.wav,134,-28.1007991171913,-28.953555867590072,5.9535558675900715,-23.0,0.41091055710159397,3.622375,1.5626875
/project2/msoleyma_946/speech_health/spanish_neurovoz/zenodo_upload/audios/HC_PERRO_0134.wav,/scratch1/parwatka/norm_audio/neurovoz_read/HC_PERRO_0134.wav,134,-29.021473750707123,-30.047916873971605,7.047916873971605,-22.99999999999999,0.6054432372248013,2.5334375,1.5626875
/project2/msoleyma_946/speech_health/spanish_neurovoz/zenodo_upload/audios/HC_ABLANDADA_0134.wav,/scratch1/parwatka/norm_audio/neurovoz_read/HC_ABLANDADA_0134.wav,134,-27.68946441346148,-27.925114024286277,4.925114024286277,-23.000000000000004,0.3955488017133509,4.736875,1.5626875
/project2/msoleyma_946/speech_health/spanish_neurovoz/zenodo_upload/audios/HC_MANGA_0134.wav,/scratch1/parwatka/norm_audio/neurovoz_read/HC_MANGA_0134.wav,134,-26.625035582518755,-26.565574941308064,3.565574941308064,-22.999999999999996,0.4531242335188364,2.8619375,1.5626875
/project2/msoleyma_946/speech_health/spanish_neurovoz/zenodo_upload/audios/HC_PIDIO_0134.wav,/scratch1/parwatka/norm_audio/neurovoz_read/HC_PIDIO_0134.wav,134,-28.544529405926415,-28.13679867812087,5.1367986781208685,-22.999999999999996,0.4304456419667196,3.3606875,1.5626875
/project2/msoleyma_946/speech_health/spanish_neurovoz/zenodo_upload/audios/HC_TOMAS_0134.wav,/scratch1/parwatka/norm_audio/neurovoz_read/HC_TOMAS_0134.wav,134,-27.323119839392614,-26.41204383807741,3.4120438380774094,-23.000000000000004,0.4432389503306354,3.2508125,1.5626875
/project2/msoleyma_946/speech_health/spanish_neurovoz/zenodo_upload/audios/HC_SOMBRA_0134.wav,/scratch1/parwatka/norm_audio/neurovoz_read/HC_SOMBRA_0134.wav,134,-28.75917236746628,-29.280175719244678,6.280175719244678,-23.0,0.4718787549405115,3.607125,1.5626875
/project2/msoleyma_946/speech_health/spanish_neurovoz/zenodo_upload/audios/HC_DIABLO_0134.wav,/scratch1/parwatka/norm_audio/neurovoz_read/HC_DIABLO_0134.wav,134,-27.615083565212537,-30.550342673927137,7.550342673927137,-23.0,0.6246079714333359,3.9403125,1.5626875
/project2/msoleyma_946/speech_health/spanish_neurovoz/zenodo_upload/audios/HC_CALLE_0134.wav,/scratch1/parwatka/norm_audio/neurovoz_read/HC_CALLE_0134.wav,134,-28.061570794219236,-28.32836298577057,5.328362985770571,-22.999999999999996,0.5393063907745781,3.048125,1.5626875
/project2/msoleyma_946/speech_health/spanish_neurovoz/zenodo_upload/audios/HC_BARBAS_0134.wav,/scratch1/parwatka/norm_audio/neurovoz_read/HC_BARBAS_0134.wav,134,-28.65903041745651,-30.084191927889414,7.084191927889415,-22.99999999999999,0.4867531116861575,4.1749375,1.5626875
/project2/msoleyma_946/speech_health/spanish_neurovoz/zenodo_upload/audios/HC_BURRO_0134.wav,/scratch1/parwatka/norm_audio/neurovoz_read/HC_BURRO_0134.wav,134,-27.905463418895387,-28.44064644404011,5.440646444040109,-23.0,0.5112082651685984,2.651,1.5626875
/project2/msoleyma_946/speech_health/spanish_neurovoz/zenodo_upload/audios/HC_CALLE_0135.wav,/scratch1/parwatka/norm_audio/neurovoz_read/HC_CALLE_0135.wav,135,-36.653990199878855,-36.66983021346881,13.669830213468813,-22.999999999999996,0.8429565964967816,3.38975,1.5626875
/project2/msoleyma_946/speech_health/spanish_neurovoz/zenodo_upload/audios/HC_CARMEN_0135.wav,/scratch1/parwatka/norm_audio/neurovoz_read/HC_CARMEN_0135.wav,135,-37.53765401017726,-37.19470694143401,14.194706941434013,-23.000000000000004,0.4327929353893488,2.8793125,1.5626875
/project2/msoleyma_946/speech_health/spanish_neurovoz/zenodo_upload/audios/HC_BARBAS_0135.wav,/scratch1/parwatka/norm_audio/neurovoz_read/HC_BARBAS_0135.wav,135,-40.659878318427126,-38.46139040124293,15.46139040124293,-23.0,0.568460661707847,4.53175,1.5626875
/project2/msoleyma_946/speech_health/spanish_neurovoz/zenodo_upload/audios/HC_MANGA_0135.wav,/scratch1/parwatka/norm_audio/neurovoz_read/HC_MANGA_0135.wav,135,-36.002293418480086,-35.69126337472672,12.691263374726717,-22.99999999999999,0.45177805764950857,2.0195625,1.5626875
/project2/msoleyma_946/speech_health/spanish_neurovoz/zenodo_upload/audios/HC_GANGA_0135.wav,/scratch1/parwatka/norm_audio/neurovoz_read/HC_GANGA_0135.wav,135,-41.45020849277664,-40.76297942030813,17.762979420308127,-22.99999999999999,0.5199581039330644,1.9818125,1.5626875
/project2/msoleyma_946/speech_health/spanish_neurovoz/zenodo_upload/audios/HC_ABLANDADA_0135.wav,/scratch1/parwatka/norm_audio/neurovoz_read/HC_ABLANDADA_0135.wav,135,-39.56622779065024,-38.86859856286115,15.868598562861152,-22.999999999999986,0.5366659060408655,4.644,1.5626875
/project2/msoleyma_946/speech_health/spanish_neurovoz/zenodo_upload/audios/HC_TOMAS_0135.wav,/scratch1/parwatka/norm_audio/neurovoz_read/HC_TOMAS_0135.wav,135,-37.74226790433062,-36.91927536141452,13.91927536141452,-23.0,0.5426291773714731,2.7229375,1.5626875
/project2/msoleyma_946/speech_health/spanish_neurovoz/zenodo_upload/audios/HC_BURRO_0135.wav,/scratch1/parwatka/norm_audio/neurovoz_read/HC_BURRO_0135.wav,135,-38.89310475785791,-39.40697723196873,16.40697723196873,-22.999999999999996,0.5514176109826888,2.5234375,1.5626875
/project2/msoleyma_946/speech_health/spanish_neurovoz/zenodo_upload/audios/HC_DIABLO_0135.wav,/scratch1/parwatka/norm_audio/neurovoz_read/HC_DIABLO_0135.wav,135,-40.462383661874796,-41.04783947181709,18.047839471817092,-22.999999999999996,0.5513601098946534,3.8196875,1.5626875
/project2/msoleyma_946/speech_health/spanish_neurovoz/zenodo_upload/audios/HC_SOMBRA_0135.wav,/scratch1/parwatka/norm_audio/neurovoz_read/HC_SOMBRA_0135.wav,135,-40.14939224628841,-39.11830830310658,16.11830830310658,-23.000000000000014,0.7778620064981369,3.8988125,1.5626875
/project2/msoleyma_946/speech_health/spanish_neurovoz/zenodo_upload/audios/HC_PIDIO_0135.wav,/scratch1/parwatka/norm_audio/neurovoz_read/HC_PIDIO_0135.wav,135,-35.81209354334448,-33.00761303709277,10.007613037092767,-22.999999999999996,0.5655133675915663,3.18025,1.5626875
/project2/msoleyma_946/speech_health/spanish_neurovoz/zenodo_upload/audios/HC_PERRO_0135.wav,/scratch1/parwatka/norm_audio/neurovoz_read/HC_PERRO_0135.wav,135,-39.09649392777086,-38.476405294680795,15.476405294680795,-22.999999999999986,0.7142096254968475,2.6653125,1.5626875
/project2/msoleyma_946/speech_health/spanish_neurovoz/zenodo_upload/audios/HC_ABLANDADA_0136.wav,/scratch1/parwatka/norm_audio/neurovoz_read/HC_ABLANDADA_0136.wav,136,-35.62530285598457,-34.59882963591796,11.598829635917959,-23.00000000000001,0.5146670261647901,5.2941875,1.5626875
/project2/msoleyma_946/speech_health/spanish_neurovoz/zenodo_upload/audios/HC_BURRO_0136.wav,/scratch1/parwatka/norm_audio/neurovoz_read/HC_BURRO_0136.wav,136,-33.22176767119956,-32.594410985182826,9.594410985182826,-23.0,0.31686093005381116,3.3181875,1.5626875
/project2/msoleyma_946/speech_health/spanish_neurovoz/zenodo_upload/audios/HC_CALLE_0136.wav,/scratch1/parwatka/norm_audio/neurovoz_read/HC_CALLE_0136.wav,136,-36.833434958620906,-36.90752722100133,13.907527221001331,-22.999999999999996,0.44119963462788475,3.0916875,1.5626875
/project2/msoleyma_946/speech_health/spanish_neurovoz/zenodo_upload/audios/HC_GANGA_0136.wav,/scratch1/parwatka/norm_audio/neurovoz_read/HC_GANGA_0136.wav,136,-33.550627458409245,-33.13969725725751,10.13969725725751,-22.99999999999999,0.42461946986296273,3.622375,1.5626875
/project2/msoleyma_946/speech_health/spanish_neurovoz/zenodo_upload/audios/HC_CARMEN_0136.wav,/scratch1/parwatka/norm_audio/neurovoz_read/HC_CARMEN_0136.wav,136,-34.19132188482959,-34.40488889680208,11.404888896802078,-22.999999999999975,0.38140746716636376,3.1579375,1.5626875
/project2/msoleyma_946/speech_health/spanish_neurovoz/zenodo_upload/audios/HC_MANGA_0136.wav,/scratch1/parwatka/norm_audio/neurovoz_read/HC_MANGA_0136.wav,136,-33.94385064543153,-33.42565245067499,10.425652450674988,-22.99999999999999,0.3006396803202621,2.5473125,1.5626875
/project2/msoleyma_946/speech_health/spanish_neurovoz/zenodo_upload/audios/HC_BARBAS_0136.wav,/scratch1/parwatka/norm_audio/neurovoz_read/HC_BARBAS_0136.wav,136,-35.469811610060695,-36.19036341076701,13.190363410767013,-23.0,0.4129632569981376,4.581375,1.5626875
/project2/msoleyma_946/speech_health/spanish_neurovoz/zenodo_upload/audios/HC_TOMAS_0136.wav,/scratch1/parwatka/norm_audio/neurovoz_read/HC_TOMAS_0136.wav,136,-34.31812089184026,-33.25532877182552,10.255328771825518,-22.99999999999999,0.2945499336363487,2.9969375,1.5626875
/project2/msoleyma_946/speech_health/spanish_neurovoz/zenodo_upload/audios/HC_PERRO_0136.wav,/scratch1/parwatka/norm_audio/neurovoz_read/HC_PERRO_0136.wav,136,-35.9681143929455,-35.544693164438456,12.544693164438456,-22.999999999999996,0.410758686604777,3.1751875,1.5626875
/project2/msoleyma_946/speech_health/spanish_neurovoz/zenodo_upload/audios/HC_DIABLO_0136.wav,/scratch1/parwatka/norm_audio/neurovoz_read/HC_DIABLO_0136.wav,136,-35.1771059113316,-36.02187534123395,13.021875341233951,-23.0,0.3483164146001645,4.0548125,1.5626875
/project2/msoleyma_946/speech_health/spanish_neurovoz/zenodo_upload/audios/HC_SOMBRA_0136.wav,/scratch1/parwatka/norm_audio/neurovoz_read/HC_SOMBRA_0136.wav,136,-35.9104105770474,-35.32630572349023,12.32630572349023,-22.999999999999996,0.3632703328599693,3.8051875,1.5626875
/project2/msoleyma_946/speech_health/spanish_neurovoz/zenodo_upload/audios/HC_PIDIO_0136.wav,/scratch1/parwatka/norm_audio/neurovoz_read/HC_PIDIO_0136.wav,136,-35.617769460822636,-34.873511955059946,11.873511955059946,-22.999999999999996,0.4016733551214858,3.3189375,1.5626875
/project2/msoleyma_946/speech_health/spanish_neurovoz/zenodo_upload/audios/HC_CARMEN_0137.wav,/scratch1/parwatka/norm_audio/neurovoz_read/HC_CARMEN_0137.wav,137,-35.238325047355076,-35.45873451217981,12.45873451217981,-23.0,0.3291925742758114,2.394625,1.5626875
/project2/msoleyma_946/speech_health/spanish_neurovoz/zenodo_upload/audios/HC_CALLE_0137.wav,/scratch1/parwatka/norm_audio/neurovoz_read/HC_CALLE_0137.wav,137,-33.67620958070442,-35.37199382436367,12.37199382436367,-22.99999999999999,0.5453985418807796,3.518875,1.5626875
/project2/msoleyma_946/speech_health/spanish_neurovoz/zenodo_upload/audios/HC_BARBAS_0137.wav,/scratch1/parwatka/norm_audio/neurovoz_read/HC_BARBAS_0137.wav,137,-34.07924023824637,-33.594761536916785,10.594761536916785,-23.000000000000004,0.47544680665069927,5.587375,1.5626875
/project2/msoleyma_946/speech_health/spanish_neurovoz/zenodo_upload/audios/HC_TOMAS_0137.wav,/scratch1/parwatka/norm_audio/neurovoz_read/HC_TOMAS_0137.wav,137,-35.83076813654585,-35.2770311604518,12.277031160451799,-22.999999999999986,0.5002832064950041,2.9009375,1.5626875
/project2/msoleyma_946/speech_health/spanish_neurovoz/zenodo_upload/audios/HC_DIABLO_0137.wav,/scratch1/parwatka/norm_audio/neurovoz_read/HC_DIABLO_0137.wav,137,-34.19879239129723,-35.54796960352439,12.547969603524393,-23.000000000000004,0.4181809911485304,4.1109375,1.5626875
/project2/msoleyma_946/speech_health/spanish_neurovoz/zenodo_upload/audios/HC_BURRO_0137.wav,/scratch1/parwatka/norm_audio/neurovoz_read/HC_BURRO_0137.wav,137,-34.551967961002205,-35.43797646238263,12.437976462382629,-23.0,0.3755385586217208,3.720125,1.5626875
/project2/msoleyma_946/speech_health/spanish_neurovoz/zenodo_upload/audios/HC_MANGA_0137.wav,/scratch1/parwatka/norm_audio/neurovoz_read/HC_MANGA_0137.wav,137,-34.665593688024465,-34.58789118505721,11.58789118505721,-23.000000000000004,0.37530558983030504,2.15375,1.5626875
/project2/msoleyma_946/speech_health/spanish_neurovoz/zenodo_upload/audios/HC_ABLANDADA_0137.wav,/scratch1/parwatka/norm_audio/neurovoz_read/HC_ABLANDADA_0137.wav,137,-34.93020805006102,-35.3568058414424,12.356805841442402,-22.999999999999982,0.3816948987156937,5.1084375,1.5626875
/project2/msoleyma_946/speech_health/spanish_neurovoz/zenodo_upload/audios/HC_PIDIO_0137.wav,/scratch1/parwatka/norm_audio/neurovoz_read/HC_PIDIO_0137.wav,137,-35.39009069555247,-34.96025338496218,11.96025338496218,-23.000000000000004,0.41973515358398994,3.83675,1.5626875
/project2/msoleyma_946/speech_health/spanish_neurovoz/zenodo_upload/audios/HC_GANGA_0137.wav,/scratch1/parwatka/norm_audio/neurovoz_read/HC_GANGA_0137.wav,137,-33.45093920638823,-33.44757459130875,10.44757459130875,-23.000000000000014,0.4297628332058528,2.581625,1.5626875
/project2/msoleyma_946/speech_health/spanish_neurovoz/zenodo_upload/audios/HC_PERRO_0137.wav,/scratch1/parwatka/norm_audio/neurovoz_read/HC_PERRO_0137.wav,137,-35.040586687647846,-35.408129836315204,12.408129836315204,-23.0,0.5207569705909749,3.0155,1.5626875
/project2/msoleyma_946/speech_health/spanish_neurovoz/zenodo_upload/audios/HC_SOMBRA_0137.wav,/scratch1/parwatka/norm_audio/neurovoz_read/HC_SOMBRA_0137.wav,137,-35.03910771665711,-34.91375369609337,11.913753696093373,-22.999999999999982,0.6880058112568068,4.3008125,1.5626875
/project2/msoleyma_946/speech_health/spanish_neurovoz/zenodo_upload/audios/HC_ABLANDADA_0138.wav,/scratch1/parwatka/norm_audio/neurovoz_read/HC_ABLANDADA_0138.wav,138,-39.3090915007176,-39.15353535079848,16.153535350798478,-23.000000000000004,0.3243012224003096,3.993875,1.5626875
/project2/msoleyma_946/speech_health/spanish_neurovoz/zenodo_upload/audios/HC_SOMBRA_0138.wav,/scratch1/parwatka/norm_audio/neurovoz_read/HC_SOMBRA_0138.wav,138,-41.36066397723412,-39.6981589454148,16.698158945414797,-22.999999999999996,0.626088317414183,3.8130625,1.5626875
/project2/msoleyma_946/speech_health/spanish_neurovoz/zenodo_upload/audios/HC_GANGA_0138.wav,/scratch1/parwatka/norm_audio/neurovoz_read/HC_GANGA_0138.wav,138,-34.42561880473025,-34.17638750497832,11.176387504978322,-23.0,0.5045219688098309,2.4130625,1.5626875
/project2/msoleyma_946/speech_health/spanish_neurovoz/zenodo_upload/audios/HC_TOMAS_0138.wav,/scratch1/parwatka/norm_audio/neurovoz_read/HC_TOMAS_0138.wav,138,-30.421429203772117,-29.586457683299496,6.586457683299497,-23.000000000000032,0.6658358386639373,2.60975,1.5626875
/project2/msoleyma_946/speech_health/spanish_neurovoz/zenodo_upload/audios/HC_BARBAS_0138.wav,/scratch1/parwatka/norm_audio/neurovoz_read/HC_BARBAS_0138.wav,138,-40.915791641176526,-38.60813647067026,15.60813647067026,-22.999999999999996,0.48891547015744813,4.9926875,1.5626875
/project2/msoleyma_946/speech_health/spanish_neurovoz/zenodo_upload/audios/HC_PIDIO_0138.wav,/scratch1/parwatka/norm_audio/neurovoz_read/HC_PIDIO_0138.wav,138,-39.673196690360875,-39.88881194165115,16.88881194165115,-22.999999999999982,0.39292128610143034,3.3278125,1.5626875
/project2/msoleyma_946/speech_health/spanish_neurovoz/zenodo_upload/audios/HC_PERRO_0138.wav,/scratch1/parwatka/norm_audio/neurovoz_read/HC_PERRO_0138.wav,138,-39.26735483739851,-39.64873079101148,16.64873079101148,-22.99999999999999,0.4706288060637137,2.519625,1.5626875
/project2/msoleyma_946/speech_health/spanish_neurovoz/zenodo_upload/audios/HC_CALLE_0138.wav,/scratch1/parwatka/norm_audio/neurovoz_read/HC_CALLE_0138.wav,138,-37.794634427671234,-37.97273255831506,14.972732558315059,-23.00000000000001,0.8693569111082955,3.1713125,1.5626875
/project2/msoleyma_946/speech_health/spanish_neurovoz/zenodo_upload/audios/HC_BURRO_0138.wav,/scratch1/parwatka/norm_audio/neurovoz_read/HC_BURRO_0138.wav,138,-37.08846849826557,-38.88501831642114,15.885018316421139,-22.999999999999986,0.7343146500773804,2.736625,1.5626875
/project2/msoleyma_946/speech_health/spanish_neurovoz/zenodo_upload/audios/HC_MANGA_0138.wav,/scratch1/parwatka/norm_audio/neurovoz_read/HC_MANGA_0138.wav,138,-32.03341890811093,-31.56502006916936,8.56502006916936,-22.999999999999982,0.39555700657753295,2.3608125,1.5626875
/project2/msoleyma_946/speech_health/spanish_neurovoz/zenodo_upload/audios/HC_DIABLO_0138.wav,/scratch1/parwatka/norm_audio/neurovoz_read/HC_DIABLO_0138.wav,138,-36.25964453751449,-36.57249937873824,13.572499378738243,-23.0,0.7910740164044533,4.261,1.5626875
/project2/msoleyma_946/speech_health/spanish_neurovoz/zenodo_upload/audios/HC_CARMEN_0138.wav,/scratch1/parwatka/norm_audio/neurovoz_read/HC_CARMEN_0138.wav,138,-32.45689627553496,-33.894878954252334,10.894878954252334,-22.99999999999999,0.5572453024746161,2.5078125,1.5626875
/project2/msoleyma_946/speech_health/spanish_neurovoz/zenodo_upload/audios/HC_GANGA_0139.wav,/scratch1/parwatka/norm_audio/neurovoz_read/HC_GANGA_0139.wav,139,-27.713919599705655,-27.64058073794646,4.640580737946462,-23.0,0.35389254348369475,2.803625,1.5626875
/project2/msoleyma_946/speech_health/spanish_neurovoz/zenodo_upload/audios/HC_CARMEN_0139.wav,/scratch1/parwatka/norm_audio/neurovoz_read/HC_CARMEN_0139.wav,139,-27.518715170593207,-26.80025148856396,3.800251488563959,-23.000000000000004,0.30025105786251627,2.4089375,1.5626875
/project2/msoleyma_946/speech_health/spanish_neurovoz/zenodo_upload/audios/HC_MANGA_0139.wav,/scratch1/parwatka/norm_audio/neurovoz_read/HC_MANGA_0139.wav,139,-25.808984863313913,-23.749539921972243,0.7495399219722426,-22.999999999999996,0.2918959212498415,2.651125,1.5626875
/project2/msoleyma_946/speech_health/spanish_neurovoz/zenodo_upload/audios/HC_TOMAS_0139.wav,/scratch1/parwatka/norm_audio/neurovoz_read/HC_TOMAS_0139.wav,139,-27.06929005422469,-25.36427186152087,2.3642718615208698,-23.000000000000004,0.34713057758992794,3.0605625,1.5626875
/project2/msoleyma_946/speech_health/spanish_neurovoz/zenodo_upload/audios/HC_ABLANDADA_0139.wav,/scratch1/parwatka/norm_audio/neurovoz_read/HC_ABLANDADA_0139.wav,139,-28.33839755813337,-28.299873516853367,5.299873516853367,-23.000000000000004,0.3408167388346339,3.993875,1.5626875
/project2/msoleyma_946/speech_health/spanish_neurovoz/zenodo_upload/audios/HC_PERRO_0140.wav,/scratch1/parwatka/norm_audio/neurovoz_read/HC_PERRO_0140.wav,140,-28.260641632745582,-28.695846131096523,5.695846131096523,-22.999999999999996,0.3689186580939277,2.339625,1.5626875
/project2/msoleyma_946/speech_health/spanish_neurovoz/zenodo_upload/audios/HC_BURRO_0140.wav,/scratch1/parwatka/norm_audio/neurovoz_read/HC_BURRO_0140.wav,140,-28.08274092036949,-27.77078774268045,4.770787742680451,-23.0,0.3255794714537393,3.808125,1.5626875
/project2/msoleyma_946/speech_health/spanish_neurovoz/zenodo_upload/audios/HC_DIABLO_0140.wav,/scratch1/parwatka/norm_audio/neurovoz_read/HC_DIABLO_0140.wav,140,-32.70176341867428,-35.011676557353354,12.011676557353354,-23.0,0.4379140549827067,3.90975,1.5626875
/project2/msoleyma_946/speech_health/spanish_neurovoz/zenodo_upload/audios/HC_BARBAS_0140.wav,/scratch1/parwatka/norm_audio/neurovoz_read/HC_BARBAS_0140.wav,140,-32.31483184145636,-33.86934030033466,10.869340300334663,-22.999999999999964,0.7729576098694949,4.92375,1.5626875
/project2/msoleyma_946/speech_health/spanish_neurovoz/zenodo_upload/audios/HC_CALLE_0140.wav,/scratch1/parwatka/norm_audio/neurovoz_read/HC_CALLE_0140.wav,140,-34.37820065586688,-33.84048163787413,10.840481637874127,-23.000000000000004,0.3549383054260343,3.206125,1.5626875
/project2/msoleyma_946/speech_health/spanish_neurovoz/zenodo_upload/audios/HC_GANGA_0140.wav,/scratch1/parwatka/norm_audio/neurovoz_read/HC_GANGA_0140.wav,140,-31.59669482583557,-31.943673349541992,8.943673349541992,-23.0,0.3223157671438156,3.316125,1.5626875
/project2/msoleyma_946/speech_health/spanish_neurovoz/zenodo_upload/audios/HC_ABLANDADA_0140.wav,/scratch1/parwatka/norm_audio/neurovoz_read/HC_ABLANDADA_0140.wav,140,-32.59223987814903,-30.963051551699834,7.963051551699834,-23.0,0.3919177899112769,5.0155625,1.5626875
/project2/msoleyma_946/speech_health/spanish_neurovoz/zenodo_upload/audios/HC_MANGA_0140.wav,/scratch1/parwatka/norm_audio/neurovoz_read/HC_MANGA_0140.wav,140,-31.084002698703383,-32.022274269214755,9.022274269214755,-23.000000000000004,0.3107169474974312,3.3436875,1.5626875
/project2/msoleyma_946/speech_health/spanish_neurovoz/zenodo_upload/audios/HC_PIDIO_0140.wav,/scratch1/parwatka/norm_audio/neurovoz_read/HC_PIDIO_0140.wav,140,-31.82788083662231,-30.943206428004448,7.943206428004448,-23.0,0.3915672970384152,3.3090625,1.5626875
/project2/msoleyma_946/speech_health/spanish_neurovoz/zenodo_upload/audios/HC_TOMAS_0140.wav,/scratch1/parwatka/norm_audio/neurovoz_read/HC_TOMAS_0140.wav,140,-32.035049676567404,-32.44715861604435,9.447158616044348,-22.99999999999999,0.402331089376041,2.6151875,1.5626875
/project2/msoleyma_946/speech_health/spanish_neurovoz/zenodo_upload/audios/HC_CARMEN_0140.wav,/scratch1/parwatka/norm_audio/neurovoz_read/HC_CARMEN_0140.wav,140,-27.9934498555722,-30.807562983966026,7.807562983966026,-22.999999999999996,0.4366493632165214,3.2508125,1.5626875
/project2/msoleyma_946/speech_health/spanish_neurovoz/zenodo_upload/audios/HC_SOMBRA_0140.wav,/scratch1/parwatka/norm_audio/neurovoz_read/HC_SOMBRA_0140.wav,140,-30.44108354297497,-30.266753469032306,7.266753469032307,-23.000000000000004,0.29817517174405844,3.120625,1.5626875
/project2/msoleyma_946/speech_health/spanish_neurovoz/zenodo_upload/audios/HC_BARBAS_0141.wav,/scratch1/parwatka/norm_audio/neurovoz_read/HC_BARBAS_0141.wav,141,-28.109893030985205,-28.3529274037153,5.352927403715297,-23.00000000000001,0.49209831341866295,5.2013125,1.5626875
/project2/msoleyma_946/speech_health/spanish_neurovoz/zenodo_upload/audios/HC_ABLANDADA_0141.wav,/scratch1/parwatka/norm_audio/neurovoz_read/HC_ABLANDADA_0141.wav,141,-29.43094526008252,-28.782491565328367,5.7824915653283675,-23.00000000000001,0.511798892073115,3.71525,1.5626875
/project2/msoleyma_946/speech_health/spanish_neurovoz/zenodo_upload/audios/HC_CARMEN_0141.wav,/scratch1/parwatka/norm_audio/neurovoz_read/HC_CARMEN_0141.wav,141,-30.316118979552773,-29.85875629991723,6.858756299917229,-22.999999999999986,0.4346873168074633,1.843625,1.5626875
/project2/msoleyma_946/speech_health/spanish_neurovoz/zenodo_upload/audios/HC_PERRO_0141.wav,/scratch1/parwatka/norm_audio/neurovoz_read/HC_PERRO_0141.wav,141,-28.18086141910163,-28.64357260169595,5.643572601695952,-23.000000000000004,0.5026123582691527,2.14675,1.5626875
/project2/msoleyma_946/speech_health/spanish_neurovoz/zenodo_upload/audios/HC_BURRO_0141.wav,/scratch1/parwatka/norm_audio/neurovoz_read/HC_BURRO_0141.wav,141,-27.912919631490272,-29.53641294495126,6.536412944951257,-23.000000000000004,0.49291259412242666,3.0650625,1.5626875
/project2/msoleyma_946/speech_health/spanish_neurovoz/zenodo_upload/audios/HC_GANGA_0141.wav,/scratch1/parwatka/norm_audio/neurovoz_read/HC_GANGA_0141.wav,141,-29.478036970352772,-28.556296651321784,5.556296651321784,-23.000000000000004,0.4619987784365657,2.0546875,1.5626875
/project2/msoleyma_946/speech_health/spanish_neurovoz/zenodo_upload/audios/HC_SOMBRA_0141.wav,/scratch1/parwatka/norm_audio/neurovoz_read/HC_SOMBRA_0141.wav,141,-27.68986921384566,-27.282832260604263,4.282832260604263,-22.999999999999996,0.4273618687008715,3.1578125,1.5626875
/project2/msoleyma_946/speech_health/spanish_neurovoz/zenodo_upload/audios/HC_TOMAS_0141.wav,/scratch1/parwatka/norm_audio/neurovoz_read/HC_TOMAS_0141.wav,141,-29.943778028795837,-29.397690136189386,6.397690136189386,-23.0,0.4318617574709329,2.5019375,1.5626875
/project2/msoleyma_946/speech_health/spanish_neurovoz/zenodo_upload/audios/HC_CALLE_0141.wav,/scratch1/parwatka/norm_audio/neurovoz_read/HC_CALLE_0141.wav,141,-28.352554274558425,-29.476204418158083,6.4762044181580825,-23.000000000000004,0.517992865641765,2.79475,1.5626875
/project2/msoleyma_946/speech_health/spanish_neurovoz/zenodo_upload/audios/HC_PIDIO_0141.wav,/scratch1/parwatka/norm_audio/neurovoz_read/HC_PIDIO_0141.wav,141,-29.468219255163014,-29.426457572559332,6.4264575725593325,-22.999999999999996,0.39142421080873435,2.746625,1.5626875
/project2/msoleyma_946/speech_health/spanish_neurovoz/zenodo_upload/audios/HC_MANGA_0141.wav,/scratch1/parwatka/norm_audio/neurovoz_read/HC_MANGA_0141.wav,141,-29.43998001715882,-29.25085249855638,6.25085249855638,-22.999999999999996,0.5342722285002316,2.031125,1.5626875
/project2/msoleyma_946/speech_health/spanish_neurovoz/zenodo_upload/audios/HC_DIABLO_0141.wav,/scratch1/parwatka/norm_audio/neurovoz_read/HC_DIABLO_0141.wav,141,-27.976297142543476,-28.600269226804098,5.600269226804098,-23.0,0.4535029850587076,2.86425,1.5626875
/project2/msoleyma_946/speech_health/spanish_neurovoz/zenodo_upload/audios/HC_TOMAS_0142.wav,/scratch1/parwatka/norm_audio/neurovoz_read/HC_TOMAS_0142.wav,142,-27.415565946227215,-26.968116457140972,3.9681164571409715,-23.000000000000004,0.3978903252003073,2.8434375,1.5626875
/project2/msoleyma_946/speech_health/spanish_neurovoz/zenodo_upload/audios/HC_DIABLO_0142.wav,/scratch1/parwatka/norm_audio/neurovoz_read/HC_DIABLO_0142.wav,142,-25.646786045594435,-25.96980346348255,2.9698034634825494,-23.0,0.3786706880869948,3.81575,1.5626875
/project2/msoleyma_946/speech_health/spanish_neurovoz/zenodo_upload/audios/HC_BURRO_0142.wav,/scratch1/parwatka/norm_audio/neurovoz_read/HC_BURRO_0142.wav,142,-24.78657203033917,-26.278440802711014,3.278440802711014,-23.0,0.4022457023563288,3.5294375,1.5626875
/project2/msoleyma_946/speech_health/spanish_neurovoz/zenodo_upload/audios/HC_SOMBRA_0142.wav,/scratch1/parwatka/norm_audio/neurovoz_read/HC_SOMBRA_0142.wav,142,-27.024518089618226,-27.134818955954188,4.134818955954188,-23.0,0.3714991312762324,3.7565625,1.5626875
/project2/msoleyma_946/speech_health/spanish_neurovoz/zenodo_upload/audios/HC_PIDIO_0142.wav,/scratch1/parwatka/norm_audio/neurovoz_read/HC_PIDIO_0142.wav,142,-25.371481013200892,-24.822153692493035,1.8221536924930346,-23.000000000000004,0.33764550526864434,3.5023125,1.5626875
/project2/msoleyma_946/speech_health/spanish_neurovoz/zenodo_upload/audios/HC_CALLE_0142.wav,/scratch1/parwatka/norm_audio/neurovoz_read/HC_CALLE_0142.wav,142,-23.857531082960516,-25.35080522596994,2.3508052259699395,-23.0,0.44249961798898013,3.6251875,1.5626875
/project2/msoleyma_946/speech_health/spanish_neurovoz/zenodo_upload/audios/HC_ABLANDADA_0142.wav,/scratch1/parwatka/norm_audio/neurovoz_read/HC_ABLANDADA_0142.wav,142,-27.13304098141027,-26.04668144223935,3.0466814422393504,-23.00000000000001,0.3745378809413921,5.1084375,1.5626875
/project2/msoleyma_946/speech_health/spanish_neurovoz/zenodo_upload/audios/HC_GANGA_0142.wav,/scratch1/parwatka/norm_audio/neurovoz_read/HC_GANGA_0142.wav,142,-28.452849981827082,-29.504314246292026,6.504314246292026,-22.99999999999999,0.5613647670468519,2.83275,1.5626875
/project2/msoleyma_946/speech_health/spanish_neurovoz/zenodo_upload/audios/HC_MANGA_0142.wav,/scratch1/parwatka/norm_audio/neurovoz_read/HC_MANGA_0142.wav,142,-28.689938105700257,-27.273067823115756,4.273067823115756,-23.0,0.3856610736034556,2.6261875,1.5626875
/project2/msoleyma_946/speech_health/spanish_neurovoz/zenodo_upload/audios/HC_BARBAS_0142.wav,/scratch1/parwatka/norm_audio/neurovoz_read/HC_BARBAS_0142.wav,142,-26.472614484835518,-26.927810546099252,3.9278105460992525,-23.000000000000004,0.3549097404760678,5.122,1.5626875
/project2/msoleyma_946/speech_health/spanish_neurovoz/zenodo_upload/audios/HC_CARMEN_0142.wav,/scratch1/parwatka/norm_audio/neurovoz_read/HC_CARMEN_0142.wav,142,-27.808721935957596,-27.907684651842512,4.907684651842511,-23.00000000000001,0.3492287622933831,2.843125,1.5626875
/project2/msoleyma_946/speech_health/spanish_neurovoz/zenodo_upload/audios/HC_PERRO_0142.wav,/scratch1/parwatka/norm_audio/neurovoz_read/HC_PERRO_0142.wav,142,-27.544636147153632,-28.029047959064304,5.029047959064302,-23.000000000000018,0.48659835293804854,2.57225,1.5626875
/project2/msoleyma_946/speech_health/spanish_neurovoz/zenodo_upload/audios/HC_SOMBRA_0143.wav,/scratch1/parwatka/norm_audio/neurovoz_read/HC_SOMBRA_0143.wav,143,-39.56612072018115,-39.75957478148967,16.75957478148967,-23.000000000000046,0.8711610701029353,4.266375,1.5626875
/project2/msoleyma_946/speech_health/spanish_neurovoz/zenodo_upload/audios/HC_CALLE_0143.wav,/scratch1/parwatka/norm_audio/neurovoz_read/HC_CALLE_0143.wav,143,-36.01674940062447,-36.372001213320154,13.372001213320154,-22.999999999999996,0.5349637794231271,4.3403125,1.5626875
/project2/msoleyma_946/speech_health/spanish_neurovoz/zenodo_upload/audios/HC_ABLANDADA_0143.wav,/scratch1/parwatka/norm_audio/neurovoz_read/HC_ABLANDADA_0143.wav,143,-36.34249391841874,-37.31297035672752,14.312970356727519,-22.99999999999999,0.518984171161642,3.1579375,1.5626875
/project2/msoleyma_946/speech_health/spanish_neurovoz/zenodo_upload/audios/HC_BARBAS_0143.wav,/scratch1/parwatka/norm_audio/neurovoz_read/HC_BARBAS_0143.wav,143,-38.1157794065182,-39.88252889897395,16.882528898973952,-22.999999999999986,0.5223514463076623,4.1853125,1.5626875
/project2/msoleyma_946/speech_health/spanish_neurovoz/zenodo_upload/audios/HC_PERRO_0143.wav,/scratch1/parwatka/norm_audio/neurovoz_read/HC_PERRO_0143.wav,143,-40.8402578086848,-39.87156460266005,16.87156460266005,-23.0,0.6510282857426226,2.6375625,1.5626875
/project2/msoleyma_946/speech_health/spanish_neurovoz/zenodo_upload/audios/HC_TOMAS_0143.wav,/scratch1/parwatka/norm_audio/neurovoz_read/HC_TOMAS_0143.wav,143,-38.12826831977381,-38.56847007583367,15.568470075833673,-23.00000000000002,0.49977431806718015,2.0536875,1.5626875
/project2/msoleyma_946/speech_health/spanish_neurovoz/zenodo_upload/audios/HC_MANGA_0143.wav,/scratch1/parwatka/norm_audio/neurovoz_read/HC_MANGA_0143.wav,143,-33.17230838483481,-33.79388692863216,10.793886928632164,-23.0,0.4971663595545129,2.267375,1.5626875
/project2/msoleyma_946/speech_health/spanish_neurovoz/zenodo_upload/audios/HC_DIABLO_0143.wav,/scratch1/parwatka/norm_audio/neurovoz_read/HC_DIABLO_0143.wav,143,-35.5553216900745,-37.02702687211453,14.027026872114533,-23.000000000000014,0.6386908637755612,3.4206875,1.5626875
/project2/msoleyma_946/speech_health/spanish_neurovoz/zenodo_upload/audios/HC_CARMEN_0143.wav,/scratch1/parwatka/norm_audio/neurovoz_read/HC_CARMEN_0143.wav,143,-38.00105296538102,-38.175172527283934,15.175172527283934,-22.999999999999982,0.4887296415249161,1.812125,1.5626875
/project2/msoleyma_946/speech_health/spanish_neurovoz/zenodo_upload/audios/HC_BURRO_0143.wav,/scratch1/parwatka/norm_audio/neurovoz_read/HC_BURRO_0143.wav,143,-39.25270595698971,-39.841989845662056,16.841989845662056,-23.0,0.5197881499260207,2.2814375,1.5626875
/project2/msoleyma_946/speech_health/spanish_neurovoz/zenodo_upload/audios/HC_PIDIO_0143.wav,/scratch1/parwatka/norm_audio/neurovoz_read/HC_PIDIO_0143.wav,143,-39.33831551385362,-39.964564994441794,16.964564994441794,-23.0,0.4571103721099306,3.429375,1.5626875
/project2/msoleyma_946/speech_health/spanish_neurovoz/zenodo_upload/audios/HC_PERRO_0144.wav,/scratch1/parwatka/norm_audio/neurovoz_read/HC_PERRO_0144.wav,144,-44.59236327421941,-44.45348280350463,21.453482803504627,-23.0,0.4288948753258347,2.0638125,1.5626875
/project2/msoleyma_946/speech_health/spanish_neurovoz/zenodo_upload/audios/HC_BURRO_0144.wav,/scratch1/parwatka/norm_audio/neurovoz_read/HC_BURRO_0144.wav,144,-41.47167423694867,-41.22892553767932,18.228925537679316,-23.0,0.3196452755121207,4.08675,1.5626875
/project2/msoleyma_946/speech_health/spanish_neurovoz/zenodo_upload/audios/HC_PIDIO_0144.wav,/scratch1/parwatka/norm_audio/neurovoz_read/HC_PIDIO_0144.wav,144,-45.18564473971712,-46.22701878277586,23.227018782775858,-22.999999999999982,0.5274393714469614,2.9463125,1.5626875
/project2/msoleyma_946/speech_health/spanish_neurovoz/zenodo_upload/audios/HC_MANGA_0144.wav,/scratch1/parwatka/norm_audio/neurovoz_read/HC_MANGA_0144.wav,144,-43.827205734173454,-42.65171021599341,19.65171021599341,-22.999999999999996,0.3720360637660185,2.3808125,1.5626875
/project2/msoleyma_946/speech_health/spanish_neurovoz/zenodo_upload/audios/HC_TOMAS_0144.wav,/scratch1/parwatka/norm_audio/neurovoz_read/HC_TOMAS_0144.wav,144,-44.02176957523213,-42.807966063447665,19.807966063447665,-22.999999999999996,0.37783957601008034,2.9464375,1.5626875
/project2/msoleyma_946/speech_health/spanish_neurovoz/zenodo_upload/audios/HC_ABLANDADA_0144.wav,/scratch1/parwatka/norm_audio/neurovoz_read/HC_ABLANDADA_0144.wav,144,-45.32166626888911,-44.65137619287089,21.65137619287089,-23.0,0.3823364240298124,4.9226875,1.5626875
/project2/msoleyma_946/speech_health/spanish_neurovoz/zenodo_upload/audios/HC_SOMBRA_0144.wav,/scratch1/parwatka/norm_audio/neurovoz_read/HC_SOMBRA_0144.wav,144,-43.981530865087294,-44.03658272325285,21.03658272325285,-22.999999999999986,0.41481781441264604,3.4896875,1.5626875
/project2/msoleyma_946/speech_health/spanish_neurovoz/zenodo_upload/audios/HC_CARMEN_0144.wav,/scratch1/parwatka/norm_audio/neurovoz_read/HC_CARMEN_0144.wav,144,-41.2215626153855,-41.00299425920936,18.00299425920936,-23.000000000000004,0.30468616562964385,2.3435625,1.5626875
/project2/msoleyma_946/speech_health/spanish_neurovoz/zenodo_upload/audios/HC_BARBAS_0144.wav,/scratch1/parwatka/norm_audio/neurovoz_read/HC_BARBAS_0144.wav,144,-43.495604986962185,-43.40685509882119,20.40685509882119,-23.00000000000001,0.3537858807890735,4.3996875,1.5626875
/project2/msoleyma_946/speech_health/spanish_neurovoz/zenodo_upload/audios/HC_GANGA_0144.wav,/scratch1/parwatka/norm_audio/neurovoz_read/HC_GANGA_0144.wav,144,-46.04109319668373,-46.65265790665124,23.652657906651243,-23.0,0.5280147224120786,2.953,1.5626875
/project2/msoleyma_946/speech_health/spanish_neurovoz/zenodo_upload/audios/HC_DIABLO_0144.wav,/scratch1/parwatka/norm_audio/neurovoz_read/HC_DIABLO_0144.wav,144,-43.35089358299548,-44.06904188778594,21.069041887785943,-23.0,0.3552677981538036,3.6365,1.5626875
/project2/msoleyma_946/speech_health/spanish_neurovoz/zenodo_upload/audios/HC_CALLE_0144.wav,/scratch1/parwatka/norm_audio/neurovoz_read/HC_CALLE_0144.wav,144,-39.58855839424175,-41.74091070736118,18.74091070736118,-22.999999999999996,0.46199036901985885,2.847375,1.5626875
/project2/msoleyma_946/speech_health/spanish_neurovoz/zenodo_upload/audios/HC_DIABLO_0145.wav,/scratch1/parwatka/norm_audio/neurovoz_read/HC_DIABLO_0145.wav,145,-35.01226129606399,-35.57284242438141,12.572842424381413,-22.999999999999986,0.5537103279402275,4.9625625,1.5626875
/project2/msoleyma_946/speech_health/spanish_neurovoz/zenodo_upload/audios/HC_BURRO_0145.wav,/scratch1/parwatka/norm_audio/neurovoz_read/HC_BURRO_0145.wav,145,-35.12945705850609,-35.53887351339037,12.53887351339037,-22.999999999999996,0.5882547484110247,3.2508125,1.5626875
/project2/msoleyma_946/speech_health/spanish_neurovoz/zenodo_upload/audios/HC_BARBAS_0145.wav,/scratch1/parwatka/norm_audio/neurovoz_read/HC_BARBAS_0145.wav,145,-33.291782902527274,-32.34401974919502,9.34401974919502,-22.999999999999996,0.3733141144592551,5.31875,1.5626875
/project2/msoleyma_946/speech_health/spanish_neurovoz/zenodo_upload/audios/HC_MANGA_0145.wav,/scratch1/parwatka/norm_audio/neurovoz_read/HC_MANGA_0145.wav,145,-34.84356405150845,-34.257322654483005,11.257322654483005,-22.99999999999999,0.4093680864326394,3.106375,1.5626875
/project2/msoleyma_946/speech_health/spanish_neurovoz/zenodo_upload/audios/HC_CALLE_0145.wav,/scratch1/parwatka/norm_audio/neurovoz_read/HC_CALLE_0145.wav,145,-35.56822668584866,-36.97862776063375,13.97862776063375,-22.99999999999999,0.5471884415204097,3.9903125,1.5626875
/project2/msoleyma_946/speech_health/spanish_neurovoz/zenodo_upload/audios/HC_GANGA_0145.wav,/scratch1/parwatka/norm_audio/neurovoz_read/HC_GANGA_0145.wav,145,-36.841103421730054,-36.369435674620284,13.369435674620284,-22.999999999999996,0.4888088159605605,2.998,1.5626875
/project2/msoleyma_946/speech_health/spanish_neurovoz/zenodo_upload/audios/HC_PIDIO_0145.wav,/scratch1/parwatka/norm_audio/neurovoz_read/HC_PIDIO_0145.wav,145,-38.71619002015127,-39.30459159014243,16.30459159014243,-22.999999999999996,0.4810819443278716,3.9276875,1.5626875
/project2/msoleyma_946/speech_health/spanish_neurovoz/zenodo_upload/audios/HC_ABLANDADA_0145.wav,/scratch1/parwatka/norm_audio/neurovoz_read/HC_ABLANDADA_0145.wav,145,-35.09480047811559,-36.04697053620089,13.046970536200888,-22.999999999999996,0.44406577234954175,4.32325,1.5626875
/project2/msoleyma_946/speech_health/spanish_neurovoz/zenodo_upload/audios/HC_CARMEN_0145.wav,/scratch1/parwatka/norm_audio/neurovoz_read/HC_CARMEN_0145.wav,145,-34.034681807304,-33.76310364585429,10.763103645854287,-22.99999999999999,0.4363453443932716,2.463875,1.5626875
/project2/msoleyma_946/speech_health/spanish_neurovoz/zenodo_upload/audios/HC_SOMBRA_0145.wav,/scratch1/parwatka/norm_audio/neurovoz_read/HC_SOMBRA_0145.wav,145,-38.739106882224334,-39.501816487040784,16.501816487040784,-23.000000000000004,0.47044462895499933,4.1859375,1.5626875
/project2/msoleyma_946/speech_health/spanish_neurovoz/zenodo_upload/audios/HC_TOMAS_0145.wav,/scratch1/parwatka/norm_audio/neurovoz_read/HC_TOMAS_0145.wav,145,-35.305863330150146,-33.449823875527926,10.449823875527926,-23.0,0.43915206025583053,3.0931875,1.5626875
/project2/msoleyma_946/speech_health/spanish_neurovoz/zenodo_upload/audios/HC_PERRO_0145.wav,/scratch1/parwatka/norm_audio/neurovoz_read/HC_PERRO_0145.wav,145,-38.03705098239969,-38.95152458833933,15.951524588339332,-22.99999999999999,0.6117771345520591,3.1260625,1.5626875
/project2/msoleyma_946/speech_health/spanish_neurovoz/zenodo_upload/audios/PD_BARBAS_0004.wav,/scratch1/parwatka/norm_audio/neurovoz_read/PD_BARBAS_0004.wav,4,-29.70793166717457,-30.484327377950063,7.4843273779500645,-23.000000000000004,0.3079357260443146,3.27,1.5626875
/project2/msoleyma_946/speech_health/spanish_neurovoz/zenodo_upload/audios/PD_CARMEN_0004.wav,/scratch1/parwatka/norm_audio/neurovoz_read/PD_CARMEN_0004.wav,4,-29.048351791566805,-32.31232308930373,9.312323089303732,-22.999999999999996,0.32535737441972257,2.605,1.5626875
/project2/msoleyma_946/speech_health/spanish_neurovoz/zenodo_upload/audios/PD_PERRO_0004.wav,/scratch1/parwatka/norm_audio/neurovoz_read/PD_PERRO_0004.wav,4,-29.081491102216344,-28.630355537154337,5.630355537154337,-23.0,0.40041303122725835,1.983,1.5626875
/project2/msoleyma_946/speech_health/spanish_neurovoz/zenodo_upload/audios/PD_SOMBRA_0004.wav,/scratch1/parwatka/norm_audio/neurovoz_read/PD_SOMBRA_0004.wav,4,-31.079943058788167,-30.538369820683105,7.538369820683104,-22.999999999999996,0.3343941740092055,2.404,1.5626875
/project2/msoleyma_946/speech_health/spanish_neurovoz/zenodo_upload/audios/PD_ABLANDADA_0004.wav,/scratch1/parwatka/norm_audio/neurovoz_read/PD_ABLANDADA_0004.wav,4,-32.445050135039956,-31.70965996224344,8.709659962243439,-22.999999999999996,0.3084492044500733,2.247,1.5626875
/project2/msoleyma_946/speech_health/spanish_neurovoz/zenodo_upload/audios/PD_CALLE_0004.wav,/scratch1/parwatka/norm_audio/neurovoz_read/PD_CALLE_0004.wav,4,-31.451862435621145,-30.219361193408,7.219361193408002,-23.0,0.3088244299950236,2.831,1.5626875
/project2/msoleyma_946/speech_health/spanish_neurovoz/zenodo_upload/audios/PD_MANGA_0004.wav,/scratch1/parwatka/norm_audio/neurovoz_read/PD_MANGA_0004.wav,4,-29.39163299284576,-29.29172708427056,6.2917270842705575,-23.0,0.39193364349373316,1.627,1.5626875
/project2/msoleyma_946/speech_health/spanish_neurovoz/zenodo_upload/audios/PD_PIDIO_0004.wav,/scratch1/parwatka/norm_audio/neurovoz_read/PD_PIDIO_0004.wav,4,-29.754543281892257,-29.614695819822256,6.614695819822256,-22.999999999999996,0.34637699668991323,2.497,1.5626875
/project2/msoleyma_946/speech_health/spanish_neurovoz/zenodo_upload/audios/PD_TOMAS_0004.wav,/scratch1/parwatka/norm_audio/neurovoz_read/PD_TOMAS_0004.wav,4,-31.004812559623936,-30.73275121336103,7.7327512133610306,-22.999999999999996,0.30319707452556216,1.7,1.5626875
/project2/msoleyma_946/speech_health/spanish_neurovoz/zenodo_upload/audios/PD_DIABLO_0004.wav,/scratch1/parwatka/norm_audio/neurovoz_read/PD_DIABLO_0004.wav,4,-29.210434242962915,-31.662254307853654,8.662254307853654,-23.0,0.4745833677473531,3.333,1.5626875
/project2/msoleyma_946/speech_health/spanish_neurovoz/zenodo_upload/audios/PD_CARMEN_0006.wav,/scratch1/parwatka/norm_audio/neurovoz_read/PD_CARMEN_0006.wav,6,-33.94853888595543,-33.750996415549956,10.750996415549956,-22.999999999999996,0.34309942490238765,1.739,1.5626875
/project2/msoleyma_946/speech_health/spanish_neurovoz/zenodo_upload/audios/PD_SOMBRA_0006.wav,/scratch1/parwatka/norm_audio/neurovoz_read/PD_SOMBRA_0006.wav,6,-34.392751119269064,-35.2147655890752,12.2147655890752,-22.999999999999996,0.3706898751383225,3.634,1.5626875
/project2/msoleyma_946/speech_health/spanish_neurovoz/zenodo_upload/audios/PD_CALLE_0006.wav,/scratch1/parwatka/norm_audio/neurovoz_read/PD_CALLE_0006.wav,6,-35.66287379348658,-35.98478012096466,12.984780120964658,-22.99999999999999,0.4756508825384503,3.082,1.5626875
/project2/msoleyma_946/speech_health/spanish_neurovoz/zenodo_upload/audios/PD_MANGA_0006.wav,/scratch1/parwatka/norm_audio/neurovoz_read/PD_MANGA_0006.wav,6,-32.91407840400323,-32.96572366517006,9.965723665170058,-23.0,0.4166046171534858,1.593,1.5626875
/project2/msoleyma_946/speech_health/spanish_neurovoz/zenodo_upload/audios/PD_ABLANDADA_0006.wav,/scratch1/parwatka/norm_audio/neurovoz_read/PD_ABLANDADA_0006.wav,6,-36.012371514038584,-35.67339562962081,12.673395629620813,-22.999999999999996,0.34601276433357214,2.078,1.5626875
/project2/msoleyma_946/speech_health/spanish_neurovoz/zenodo_upload/audios/PD_BARBAS_0006.wav,/scratch1/parwatka/norm_audio/neurovoz_read/PD_BARBAS_0006.wav,6,-35.871561074263084,-36.30952774849027,13.309527748490268,-23.0,0.3106361329531173,3.781,1.5626875
/project2/msoleyma_946/speech_health/spanish_neurovoz/zenodo_upload/audios/PD_BURRO_0006.wav,/scratch1/parwatka/norm_audio/neurovoz_read/PD_BURRO_0006.wav,6,-35.66545328584703,-35.8962769069895,12.896276906989499,-23.000000000000004,0.378789102359533,2.223,1.5626875
/project2/msoleyma_946/speech_health/spanish_neurovoz/zenodo_upload/audios/PD_DIABLO_0006.wav,/scratch1/parwatka/norm_audio/neurovoz_read/PD_DIABLO_0006.wav,6,-34.733799873455865,-36.296773928340684,13.296773928340684,-22.999999999999996,0.3473765347087943,3.267,1.5626875
/project2/msoleyma_946/speech_health/spanish_neurovoz/zenodo_upload/audios/PD_PIDIO_0006.wav,/scratch1/parwatka/norm_audio/neurovoz_read/PD_PIDIO_0006.wav,6,-34.92268488245223,-35.32646827350126,12.326468273501263,-23.0,0.33848990451613764,3.227,1.5626875
/project2/msoleyma_946/speech_health/spanish_neurovoz/zenodo_upload/audios/PD_PERRO_0006.wav,/scratch1/parwatka/norm_audio/neurovoz_read/PD_PERRO_0006.wav,6,-34.33644579281054,-34.111099508767914,11.111099508767914,-22.999999999999996,0.37403446562601866,2.213,1.5626875
/project2/msoleyma_946/speech_health/spanish_neurovoz/zenodo_upload/audios/PD_GANGA_0006.wav,/scratch1/parwatka/norm_audio/neurovoz_read/PD_GANGA_0006.wav,6,-35.354840198377694,-35.06602141858576,12.066021418585763,-23.0,0.30102764959707606,1.809,1.5626875
/project2/msoleyma_946/speech_health/spanish_neurovoz/zenodo_upload/audios/PD_TOMAS_0007.wav,/scratch1/parwatka/norm_audio/neurovoz_read/PD_TOMAS_0007.wav,7,-30.864197070494967,-30.679688431109422,7.679688431109424,-22.99999999999999,0.3699344557843705,1.619,1.5626875
/project2/msoleyma_946/speech_health/spanish_neurovoz/zenodo_upload/audios/PD_BURRO_0007.wav,/scratch1/parwatka/norm_audio/neurovoz_read/PD_BURRO_0007.wav,7,-31.082373369405087,-30.762051267443212,7.762051267443212,-23.0,0.523712109163653,2.414,1.5626875
/project2/msoleyma_946/speech_health/spanish_neurovoz/zenodo_upload/audios/PD_PERRO_0007.wav,/scratch1/parwatka/norm_audio/neurovoz_read/PD_PERRO_0007.wav,7,-30.41424787018727,-30.618623430500868,7.618623430500868,-22.999999999999996,0.650592745938617,1.895,1.5626875
/project2/msoleyma_946/speech_health/spanish_neurovoz/zenodo_upload/audios/PD_DIABLO_0007.wav,/scratch1/parwatka/norm_audio/neurovoz_read/PD_DIABLO_0007.wav,7,-30.837982456194393,-31.07093830896618,8.07093830896618,-23.0,0.4870392990506727,3.737,1.5626875
/project2/msoleyma_946/speech_health/spanish_neurovoz/zenodo_upload/audios/PD_BARBAS_0007.wav,/scratch1/parwatka/norm_audio/neurovoz_read/PD_BARBAS_0007.wav,7,-31.304661910956064,-30.09849379239286,7.098493792392857,-23.0,0.3984944855858328,4.719,1.5626875
/project2/msoleyma_946/speech_health/spanish_neurovoz/zenodo_upload/audios/PD_PIDIO_0007.wav,/scratch1/parwatka/norm_audio/neurovoz_read/PD_PIDIO_0007.wav,7,-32.097139992894355,-32.046140449970395,9.046140449970395,-23.0,0.4701715619111861,3.162,1.5626875
/project2/msoleyma_946/speech_health/spanish_neurovoz/zenodo_upload/audios/PD_GANGA_0007.wav,/scratch1/parwatka/norm_audio/neurovoz_read/PD_GANGA_0007.wav,7,-34.38127399371581,-33.76416092028209,10.764160920282087,-22.99999999999999,0.3898674112009507,1.794,1.5626875
/project2/msoleyma_946/speech_health/spanish_neurovoz/zenodo_upload/audios/PD_SOMBRA_0007.wav,/scratch1/parwatka/norm_audio/neurovoz_read/PD_SOMBRA_0007.wav,7,-28.257265407074545,-28.29249967074154,5.292499670741542,-23.0,0.43682334476632606,2.913,1.5626875
/project2/msoleyma_946/speech_health/spanish_neurovoz/zenodo_upload/audios/PD_CALLE_0007.wav,/scratch1/parwatka/norm_audio/neurovoz_read/PD_CALLE_0007.wav,7,-33.16313261276238,-34.8839506499255,11.883950649925502,-22.999999999999996,0.45092928218703227,2.8166875,1.5626875
/project2/msoleyma_946/speech_health/spanish_neurovoz/zenodo_upload/audios/PD_CARMEN_0007.wav,/scratch1/parwatka/norm_audio/neurovoz_read/PD_CARMEN_0007.wav,7,-30.020877171556858,-29.646636254746525,6.646636254746525,-23.0,0.3615832968626767,2.405,1.5626875
/project2/msoleyma_946/speech_health/spanish_neurovoz/zenodo_upload/audios/PD_ABLANDADA_0007.wav,/scratch1/parwatka/norm_audio/neurovoz_read/PD_ABLANDADA_0007.wav,7,-32.094355925319576,-32.78315534475722,9.783155344757219,-22.999999999999986,0.45757403451955836,2.66,1.5626875
/project2/msoleyma_946/speech_health/spanish_neurovoz/zenodo_upload/audios/PD_GANGA_0008.wav,/scratch1/parwatka/norm_audio/neurovoz_read/PD_GANGA_0008.wav,8,-35.58778161512553,-35.907003818860545,12.907003818860545,-22.99999999999999,0.4181961887125673,2.193,1.5626875
/project2/msoleyma_946/speech_health/spanish_neurovoz/zenodo_upload/audios/PD_MANGA_0008.wav,/scratch1/parwatka/norm_audio/neurovoz_read/PD_MANGA_0008.wav,8,-32.07291064417054,-31.528179437489516,8.528179437489516,-23.000000000000004,0.36949078453792156,2.604,1.5626875
/project2/msoleyma_946/speech_health/spanish_neurovoz/zenodo_upload/audios/PD_PIDIO_0008.wav,/scratch1/parwatka/norm_audio/neurovoz_read/PD_PIDIO_0008.wav,8,-33.88153474125759,-34.47841103865569,11.478411038655691,-23.0,0.4307059543998544,3.213,1.5626875
/project2/msoleyma_946/speech_health/spanish_neurovoz/zenodo_upload/audios/PD_CARMEN_0008.wav,/scratch1/parwatka/norm_audio/neurovoz_read/PD_CARMEN_0008.wav,8,-28.665743193508806,-28.754691698591618,5.7546916985916186,-23.000000000000004,0.3529406046833954,2.077,1.5626875
/project2/msoleyma_946/speech_health/spanish_neurovoz/zenodo_upload/audios/PD_BARBAS_0008.wav,/scratch1/parwatka/norm_audio/neurovoz_read/PD_BARBAS_0008.wav,8,-32.99126906651648,-31.565312618936137,8.565312618936137,-23.000000000000004,0.35693812494787613,4.537,1.5626875
/project2/msoleyma_946/speech_health/spanish_neurovoz/zenodo_upload/audios/PD_PERRO_0008.wav,/scratch1/parwatka/norm_audio/neurovoz_read/PD_PERRO_0008.wav,8,-34.25195439702257,-35.49593659470923,12.495936594709228,-22.999999999999996,0.5933065408609547,2.366,1.5626875
/project2/msoleyma_946/speech_health/spanish_neurovoz/zenodo_upload/audios/PD_DIABLO_0008.wav,/scratch1/parwatka/norm_audio/neurovoz_read/PD_DIABLO_0008.wav,8,-32.14099685763672,-34.72319261270059,11.723192612700593,-22.99999999999999,0.4512984468056144,4.0,1.5626875
/project2/msoleyma_946/speech_health/spanish_neurovoz/zenodo_upload/audios/PD_TOMAS_0008.wav,/scratch1/parwatka/norm_audio/neurovoz_read/PD_TOMAS_0008.wav,8,-30.61478643891407,-30.39252798226526,7.3925279822652605,-22.99999999999999,0.49141348422498377,2.0721875,1.5626875
/project2/msoleyma_946/speech_health/spanish_neurovoz/zenodo_upload/audios/PD_BURRO_0008.wav,/scratch1/parwatka/norm_audio/neurovoz_read/PD_BURRO_0008.wav,8,-33.210798268920385,-34.19281487748226,11.192814877482263,-23.0,0.7402252125171231,2.489,1.5626875
/project2/msoleyma_946/speech_health/spanish_neurovoz/zenodo_upload/audios/PD_CALLE_0008.wav,/scratch1/parwatka/norm_audio/neurovoz_read/PD_CALLE_0008.wav,8,-30.820574463691493,-34.16831474057813,11.168314740578133,-23.0,0.6430415726761671,3.229,1.5626875
/project2/msoleyma_946/speech_health/spanish_neurovoz/zenodo_upload/audios/PD_SOMBRA_0008.wav,/scratch1/parwatka/norm_audio/neurovoz_read/PD_SOMBRA_0008.wav,8,-31.584461560614564,-34.00085015357503,11.00085015357503,-23.0,0.5284837051745269,3.726,1.5626875
/project2/msoleyma_946/speech_health/spanish_neurovoz/zenodo_upload/audios/PD_PERRO_0009.wav,/scratch1/parwatka/norm_audio/neurovoz_read/PD_PERRO_0009.wav,9,-34.21451516348406,-34.60632714700545,11.606327147005452,-22.999999999999996,0.5499661533865137,2.051,1.5626875
/project2/msoleyma_946/speech_health/spanish_neurovoz/zenodo_upload/audios/PD_GANGA_0009.wav,/scratch1/parwatka/norm_audio/neurovoz_read/PD_GANGA_0009.wav,9,-31.317062891808217,-32.511486221003615,9.511486221003615,-22.999999999999996,0.7671384878449107,1.877,1.5626875
/project2/msoleyma_946/speech_health/spanish_neurovoz/zenodo_upload/audios/PD_MANGA_0009.wav,/scratch1/parwatka/norm_audio/neurovoz_read/PD_MANGA_0009.wav,9,-30.508540776565876,-30.671043219202875,7.6710432192028755,-22.999999999999996,0.5507766807045762,1.667,1.5626875
/project2/msoleyma_946/speech_health/spanish_neurovoz/zenodo_upload/audios/PD_BURRO_0009.wav,/scratch1/parwatka/norm_audio/neurovoz_read/PD_BURRO_0009.wav,9,-30.485858800069924,-30.41459082531978,7.41459082531978,-23.000000000000004,0.6484513255757892,2.283,1.5626875
/project2/msoleyma_946/speech_health/spanish_neurovoz/zenodo_upload/audios/PD_CARMEN_0009.wav,/scratch1/parwatka/norm_audio/neurovoz_read/PD_CARMEN_0009.wav,9,-30.42288739823832,-30.25767147739607,7.2576714773960695,-23.000000000000004,0.4136920222898196,1.725,1.5626875
/project2/msoleyma_946/speech_health/spanish_neurovoz/zenodo_upload/audios/PD_PIDIO_0009.wav,/scratch1/parwatka/norm_audio/neurovoz_read/PD_PIDIO_0009.wav,9,-32.153470688015496,-34.309972648132536,11.309972648132536,-22.999999999999996,0.5457609492548888,3.289,1.5626875
/project2/msoleyma_946/speech_health/spanish_neurovoz/zenodo_upload/audios/PD_CALLE_0009.wav,/scratch1/parwatka/norm_audio/neurovoz_read/PD_CALLE_0009.wav,9,-31.640798440201156,-34.61122875091031,11.611228750910307,-22.999999999999996,0.5770865146686991,2.996,1.5626875
/project2/msoleyma_946/speech_health/spanish_neurovoz/zenodo_upload/audios/PD_BARBAS_0009.wav,/scratch1/parwatka/norm_audio/neurovoz_read/PD_BARBAS_0009.wav,9,-34.435513609021854,-32.65102944075047,9.65102944075047,-22.999999999999996,0.43842190036155304,4.37,1.5626875
/project2/msoleyma_946/speech_health/spanish_neurovoz/zenodo_upload/audios/PD_SOMBRA_0009.wav,/scratch1/parwatka/norm_audio/neurovoz_read/PD_SOMBRA_0009.wav,9,-34.911460195561496,-36.43106754452875,13.431067544528752,-23.0,0.4433293793102369,2.994,1.5626875
/project2/msoleyma_946/speech_health/spanish_neurovoz/zenodo_upload/audios/PD_DIABLO_0009.wav,/scratch1/parwatka/norm_audio/neurovoz_read/PD_DIABLO_0009.wav,9,-31.657661072709363,-32.75364687572898,9.753646875728982,-23.0,0.4136179184892425,3.169,1.5626875
/project2/msoleyma_946/speech_health/spanish_neurovoz/zenodo_upload/audios/PD_TOMAS_0009.wav,/scratch1/parwatka/norm_audio/neurovoz_read/PD_TOMAS_0009.wav,9,-32.309971711383504,-32.09589691624488,9.095896916244882,-22.999999999999996,0.4600648594783137,1.605,1.5626875
/project2/msoleyma_946/speech_health/spanish_neurovoz/zenodo_upload/audios/PD_ABLANDADA_0009.wav,/scratch1/parwatka/norm_audio/neurovoz_read/PD_ABLANDADA_0009.wav,9,-34.75950346568907,-35.32231784809929,12.322317848099289,-23.0,0.49929169525498923,2.618,1.5626875
/project2/msoleyma_946/speech_health/spanish_neurovoz/zenodo_upload/audios/PD_PIDIO_0010.wav,/scratch1/parwatka/norm_audio/neurovoz_read/PD_PIDIO_0010.wav,10,-32.21118130322714,-32.014065757029,9.014065757029002,-23.0,0.36572540118655505,4.809,1.5626875
/project2/msoleyma_946/speech_health/spanish_neurovoz/zenodo_upload/audios/PD_SOMBRA_0010.wav,/scratch1/parwatka/norm_audio/neurovoz_read/PD_SOMBRA_0010.wav,10,-31.610324135283207,-33.44826051878651,10.448260518786512,-22.999999999999996,0.4415714548121889,3.486,1.5626875
/project2/msoleyma_946/speech_health/spanish_neurovoz/zenodo_upload/audios/PD_BURRO_0010.wav,/scratch1/parwatka/norm_audio/neurovoz_read/PD_BURRO_0010.wav,10,-27.96055586356165,-27.749334598233702,4.749334598233702,-23.0,0.3988221815651211,2.006,1.5626875
/project2/msoleyma_946/speech_health/spanish_neurovoz/zenodo_upload/audios/PD_CALLE_0010.wav,/scratch1/parwatka/norm_audio/neurovoz_read/PD_CALLE_0010.wav,10,-30.64697979484044,-31.060273361976787,8.060273361976787,-23.00000000000001,0.4495182615977173,3.945,1.5626875
/project2/msoleyma_946/speech_health/spanish_neurovoz/zenodo_upload/audios/PD_ABLANDADA_0010.wav,/scratch1/parwatka/norm_audio/neurovoz_read/PD_ABLANDADA_0010.wav,10,-31.30396751490643,-31.995260109937618,8.995260109937618,-22.999999999999996,0.5160358329262651,2.713,1.5626875
/project2/msoleyma_946/speech_health/spanish_neurovoz/zenodo_upload/audios/PD_CARMEN_0010.wav,/scratch1/parwatka/norm_audio/neurovoz_read/PD_CARMEN_0010.wav,10,-32.72521330297189,-32.60937514101104,9.609375141011043,-22.999999999999996,0.43143715251729614,1.808,1.5626875
/project2/msoleyma_946/speech_health/spanish_neurovoz/zenodo_upload/audios/PD_GANGA_0010.wav,/scratch1/parwatka/norm_audio/neurovoz_read/PD_GANGA_0010.wav,10,-34.3075098150748,-33.964486462575636,10.964486462575636,-23.000000000000004,0.41624402576006814,1.764,1.5626875
/project2/msoleyma_946/speech_health/spanish_neurovoz/zenodo_upload/audios/PD_PERRO_0010.wav,/scratch1/parwatka/norm_audio/neurovoz_read/PD_PERRO_0010.wav,10,-29.557032000073573,-29.36985408925387,6.36985408925387,-23.000000000000004,0.4961505533555223,2.06,1.5626875
/project2/msoleyma_946/speech_health/spanish_neurovoz/zenodo_upload/audios/PD_DIABLO_0010.wav,/scratch1/parwatka/norm_audio/neurovoz_read/PD_DIABLO_0010.wav,10,-33.38258930955136,-34.31716189202133,11.317161892021332,-23.000000000000004,0.4794965924645583,3.706,1.5626875
/project2/msoleyma_946/speech_health/spanish_neurovoz/zenodo_upload/audios/PD_BARBAS_0010.wav,/scratch1/parwatka/norm_audio/neurovoz_read/PD_BARBAS_0010.wav,10,-29.502330682652524,-31.072704896038427,8.072704896038427,-23.0,0.38962258172055986,5.018,1.5626875
/project2/msoleyma_946/speech_health/spanish_neurovoz/zenodo_upload/audios/PD_MANGA_0010.wav,/scratch1/parwatka/norm_audio/neurovoz_read/PD_MANGA_0010.wav,10,-28.63893357689665,-28.45046038967037,5.4504603896703685,-23.0,0.41806505803445815,1.848,1.5626875
/project2/msoleyma_946/speech_health/spanish_neurovoz/zenodo_upload/audios/PD_DIABLO_0011.wav,/scratch1/parwatka/norm_audio/neurovoz_read/PD_DIABLO_0011.wav,11,-37.00362958326846,-38.883640553989316,15.883640553989316,-22.999999999999986,0.37855574150150506,3.101,1.5626875
/project2/msoleyma_946/speech_health/spanish_neurovoz/zenodo_upload/audios/PD_SOMBRA_0011.wav,/scratch1/parwatka/norm_audio/neurovoz_read/PD_SOMBRA_0011.wav,11,-38.11179832721244,-38.834940833833635,15.834940833833635,-23.0,0.3263802556309497,3.495,1.5626875
/project2/msoleyma_946/speech_health/spanish_neurovoz/zenodo_upload/audios/PD_ABLANDADA_0011.wav,/scratch1/parwatka/norm_audio/neurovoz_read/PD_ABLANDADA_0011.wav,11,-36.90719835933979,-36.86722527508503,13.867225275085033,-23.000000000000004,0.595654585652716,1.638,1.5626875
/project2/msoleyma_946/speech_health/spanish_neurovoz/zenodo_upload/audios/PD_PIDIO_0011.wav,/scratch1/parwatka/norm_audio/neurovoz_read/PD_PIDIO_0011.wav,11,-38.27439062032121,-36.35585588702407,13.35585588702407,-23.0,0.4515259136922817,3.147,1.5626875
/project2/msoleyma_946/speech_health/spanish_neurovoz/zenodo_upload/audios/PD_CALLE_0011.wav,/scratch1/parwatka/norm_audio/neurovoz_read/PD_CALLE_0011.wav,11,-32.355577197103244,-33.72511643205866,10.725116432058662,-22.999999999999996,0.5587452155317095,2.924,1.5626875
/project2/msoleyma_946/speech_health/spanish_neurovoz/zenodo_upload/audios/PD_PERRO_0011.wav,/scratch1/parwatka/norm_audio/neurovoz_read/PD_PERRO_0011.wav,11,-37.57037043609913,-38.49969536962226,15.499695369622259,-23.0,0.7569700666071424,2.023,1.5626875
/project2/msoleyma_946/speech_health/spanish_neurovoz/zenodo_upload/audios/PD_BURRO_0011.wav,/scratch1/parwatka/norm_audio/neurovoz_read/PD_BURRO_0011.wav,11,-35.72972233720898,-35.270199426289786,12.270199426289786,-23.000000000000004,0.5894882368934957,1.912,1.5626875
/project2/msoleyma_946/speech_health/spanish_neurovoz/zenodo_upload/audios/PD_BARBAS_0011.wav,/scratch1/parwatka/norm_audio/neurovoz_read/PD_BARBAS_0011.wav,11,-37.66103265712083,-38.35464297685242,15.354642976852418,-22.999999999999996,0.45749434305024833,3.839,1.5626875
/project2/msoleyma_946/speech_health/spanish_neurovoz/zenodo_upload/audios/PD_PIDIO_0012.wav,/scratch1/parwatka/norm_audio/neurovoz_read/PD_PIDIO_0012.wav,12,-40.338569165285904,-40.65274874465118,17.652748744651177,-22.999999999999996,0.457482934888112,3.753,1.5626875
/project2/msoleyma_946/speech_health/spanish_neurovoz/zenodo_upload/audios/PD_MANGA_0012.wav,/scratch1/parwatka/norm_audio/neurovoz_read/PD_MANGA_0012.wav,12,-38.75692076756984,-38.543620234413694,15.543620234413694,-22.99999999999999,0.5024038684809045,1.763,1.5626875
/project2/msoleyma_946/speech_health/spanish_neurovoz/zenodo_upload/audios/PD_CARMEN_0012.wav,/scratch1/parwatka/norm_audio/neurovoz_read/PD_CARMEN_0012.wav,12,-38.66313018289541,-39.01816331594669,16.018163315946687,-23.0,0.43443039026041125,1.838,1.5626875
/project2/msoleyma_946/speech_health/spanish_neurovoz/zenodo_upload/audios/PD_BARBAS_0012.wav,/scratch1/parwatka/norm_audio/neurovoz_read/PD_BARBAS_0012.wav,12,-40.55752296414015,-41.010328222688415,18.010328222688415,-22.999999999999986,0.4164630434842308,4.247,1.5626875
/project2/msoleyma_946/speech_health/spanish_neurovoz/zenodo_upload/audios/PD_BURRO_0012.wav,/scratch1/parwatka/norm_audio/neurovoz_read/PD_BURRO_0012.wav,12,-40.290590692638716,-41.1707206989526,18.1707206989526,-22.999999999999996,0.459520101939091,2.449,1.5626875
/project2/msoleyma_946/speech_health/spanish_neurovoz/zenodo_upload/audios/PD_CALLE_0012.wav,/scratch1/parwatka/norm_audio/neurovoz_read/PD_CALLE_0012.wav,12,-38.46186269396475,-48.85845486458358,25.858454864583578,-22.99999999999999,1.0872607814143334,4.038,1.5626875
/project2/msoleyma_946/speech_health/spanish_neurovoz/zenodo_upload/audios/PD_ABLANDADA_0012.wav,/scratch1/parwatka/norm_audio/neurovoz_read/PD_ABLANDADA_0012.wav,12,-40.82315443069652,-42.21340513068705,19.21340513068705,-22.999999999999996,0.46274417485633085,3.115,1.5626875
/project2/msoleyma_946/speech_health/spanish_neurovoz/zenodo_upload/audios/PD_GANGA_0012.wav,/scratch1/parwatka/norm_audio/neurovoz_read/PD_GANGA_0012.wav,12,-41.79414715518814,-41.41184511236248,18.411845112362478,-22.999999999999996,0.3846352470879138,2.249,1.5626875
/project2/msoleyma_946/speech_health/spanish_neurovoz/zenodo_upload/audios/PD_SOMBRA_0012.wav,/scratch1/parwatka/norm_audio/neurovoz_read/PD_SOMBRA_0012.wav,12,-39.484268237648976,-40.44645752150139,17.446457521501387,-23.0,0.3801370895637811,3.557,1.5626875
/project2/msoleyma_946/speech_health/spanish_neurovoz/zenodo_upload/audios/PD_DIABLO_0012.wav,/scratch1/parwatka/norm_audio/neurovoz_read/PD_DIABLO_0012.wav,12,-41.07563884201902,-42.45134503399544,19.451345033995437,-23.000000000000004,0.4264455893868408,3.702,1.5626875
/project2/msoleyma_946/speech_health/spanish_neurovoz/zenodo_upload/audios/PD_PERRO_0012.wav,/scratch1/parwatka/norm_audio/neurovoz_read/PD_PERRO_0012.wav,12,-40.93906325633794,-41.340476139577234,18.340476139577234,-22.999999999999996,0.49125130833175135,2.495,1.5626875
/project2/msoleyma_946/speech_health/spanish_neurovoz/zenodo_upload/audios/PD_TOMAS_0012.wav,/scratch1/parwatka/norm_audio/neurovoz_read/PD_TOMAS_0012.wav,12,-39.2051640716615,-39.212324753327,16.212324753327003,-22.99999999999999,0.5301653236016183,1.566,1.5626875
/project2/msoleyma_946/speech_health/spanish_neurovoz/zenodo_upload/audios/PD_PERRO_0013.wav,/scratch1/parwatka/norm_audio/neurovoz_read/PD_PERRO_0013.wav,13,-33.597190946663275,-33.55306404266805,10.553064042668048,-22.999999999999996,0.4776967416601493,2.05,1.5626875
/project2/msoleyma_946/speech_health/spanish_neurovoz/zenodo_upload/audios/PD_GANGA_0013.wav,/scratch1/parwatka/norm_audio/neurovoz_read/PD_GANGA_0013.wav,13,-36.5008825255566,-36.29216340411234,13.292163404112337,-23.0,0.4366013369287222,1.924,1.5626875
/project2/msoleyma_946/speech_health/spanish_neurovoz/zenodo_upload/audios/PD_CARMEN_0013.wav,/scratch1/parwatka/norm_audio/neurovoz_read/PD_CARMEN_0013.wav,13,-35.04424452641011,-35.07437526254425,12.074375262544251,-22.999999999999996,0.394847126583983,1.916,1.5626875
/project2/msoleyma_946/speech_health/spanish_neurovoz/zenodo_upload/audios/PD_CALLE_0013.wav,/scratch1/parwatka/norm_audio/neurovoz_read/PD_CALLE_0013.wav,13,-34.5681191280151,-35.47039112046751,12.47039112046751,-23.0,0.5215050067374328,2.758,1.5626875
/project2/msoleyma_946/speech_health/spanish_neurovoz/zenodo_upload/audios/PD_MANGA_0013.wav,/scratch1/parwatka/norm_audio/neurovoz_read/PD_MANGA_0013.wav,13,-35.42417944234454,-35.175872397899774,12.175872397899774,-23.0,0.44920691578474875,1.708,1.5626875
/project2/msoleyma_946/speech_health/spanish_neurovoz/zenodo_upload/audios/PD_BURRO_0013.wav,/scratch1/parwatka/norm_audio/neurovoz_read/PD_BURRO_0013.wav,13,-36.10163067316582,-35.78835080311294,12.788350803112941,-23.0,0.35557366902373183,1.947,1.5626875
/project2/msoleyma_946/speech_health/spanish_neurovoz/zenodo_upload/audios/PD_DIABLO_0013.wav,/scratch1/parwatka/norm_audio/neurovoz_read/PD_DIABLO_0013.wav,13,-34.250580719386704,-34.252411641230175,11.252411641230175,-23.0,0.48752138263300954,2.9433125,1.5626875
/project2/msoleyma_946/speech_health/spanish_neurovoz/zenodo_upload/audios/PD_PIDIO_0013.wav,/scratch1/parwatka/norm_audio/neurovoz_read/PD_PIDIO_0013.wav,13,-37.8041597655926,-38.00595426708084,15.005954267080838,-22.999999999999996,0.40363705372232145,3.078,1.5626875
/project2/msoleyma_946/speech_health/spanish_neurovoz/zenodo_upload/audios/PD_BARBAS_0013.wav,/scratch1/parwatka/norm_audio/neurovoz_read/PD_BARBAS_0013.wav,13,-37.43654567156598,-37.0352808136112,14.035280813611202,-22.999999999999996,0.43456013600773896,4.8298125,1.5626875
/project2/msoleyma_946/speech_health/spanish_neurovoz/zenodo_upload/audios/PD_ABLANDADA_0013.wav,/scratch1/parwatka/norm_audio/neurovoz_read/PD_ABLANDADA_0013.wav,13,-37.84868106380103,-37.989868288805944,14.989868288805944,-22.999999999999996,0.453494522504257,2.876,1.5626875
/project2/msoleyma_946/speech_health/spanish_neurovoz/zenodo_upload/audios/PD_TOMAS_0013.wav,/scratch1/parwatka/norm_audio/neurovoz_read/PD_TOMAS_0013.wav,13,-35.126499948568004,-35.09870038343623,12.098700383436231,-22.99999999999999,0.418297938538191,1.756,1.5626875
/project2/msoleyma_946/speech_health/spanish_neurovoz/zenodo_upload/audios/PD_SOMBRA_0013.wav,/scratch1/parwatka/norm_audio/neurovoz_read/PD_SOMBRA_0013.wav,13,-36.07621999792455,-37.33751741880037,14.337517418800367,-22.999999999999996,0.5269751665767173,5.021,1.5626875
/project2/msoleyma_946/speech_health/spanish_neurovoz/zenodo_upload/audios/PD_SOMBRA_0014.wav,/scratch1/parwatka/norm_audio/neurovoz_read/PD_SOMBRA_0014.wav,14,-42.15934261673242,-42.67871007990396,19.678710079903958,-23.0,0.7932451748857718,2.507,1.5626875
/project2/msoleyma_946/speech_health/spanish_neurovoz/zenodo_upload/audios/PD_BARBAS_0014.wav,/scratch1/parwatka/norm_audio/neurovoz_read/PD_BARBAS_0014.wav,14,-37.0095384153483,-36.733003783107954,13.733003783107954,-22.999999999999996,0.5083369756164877,4.509,1.5626875
/project2/msoleyma_946/speech_health/spanish_neurovoz/zenodo_upload/audios/PD_CARMEN_0014.wav,/scratch1/parwatka/norm_audio/neurovoz_read/PD_CARMEN_0014.wav,14,-37.2042326017754,-37.45612631733989,14.456126317339887,-22.999999999999996,0.3562098734193825,2.052,1.5626875
/project2/msoleyma_946/speech_health/spanish_neurovoz/zenodo_upload/audios/PD_CALLE_0014.wav,/scratch1/parwatka/norm_audio/neurovoz_read/PD_CALLE_0014.wav,14,-37.66401430013418,-37.022543114318246,14.022543114318246,-23.0,0.4872699776696074,2.466,1.5626875
/project2/msoleyma_946/speech_health/spanish_neurovoz/zenodo_upload/audios/PD_BURRO_0014.wav,/scratch1/parwatka/norm_audio/neurovoz_read/PD_BURRO_0014.wav,14,-36.19130227208118,-35.01501292601419,12.015012926014187,-22.999999999999996,0.3800406489739902,2.33,1.5626875
/project2/msoleyma_946/speech_health/spanish_neurovoz/zenodo_upload/audios/PD_PIDIO_0014.wav,/scratch1/parwatka/norm_audio/neurovoz_read/PD_PIDIO_0014.wav,14,-37.86309316290688,-37.221293911051134,14.221293911051134,-23.0,0.3975434770261986,3.064,1.5626875
/project2/msoleyma_946/speech_health/spanish_neurovoz/zenodo_upload/audios/PD_DIABLO_0014.wav,/scratch1/parwatka/norm_audio/neurovoz_read/PD_DIABLO_0014.wav,14,-36.5083381749594,-36.46515552385108,13.465155523851081,-22.999999999999996,0.45006910911083803,2.641,1.5626875
/project2/msoleyma_946/speech_health/spanish_neurovoz/zenodo_upload/audios/PD_ABLANDADA_0014.wav,/scratch1/parwatka/norm_audio/neurovoz_read/PD_ABLANDADA_0014.wav,14,-37.20954842483728,-37.130570192955126,14.130570192955126,-23.0,0.4881913121711236,2.6,1.5626875
/project2/msoleyma_946/speech_health/spanish_neurovoz/zenodo_upload/audios/PD_PERRO_0014.wav,/scratch1/parwatka/norm_audio/neurovoz_read/PD_PERRO_0014.wav,14,-41.072664718826154,-41.54750285530707,18.547502855307073,-22.999999999999996,0.5474397551539528,1.862,1.5626875
/project2/msoleyma_946/speech_health/spanish_neurovoz/zenodo_upload/audios/PD_BARBAS_0015.wav,/scratch1/parwatka/norm_audio/neurovoz_read/PD_BARBAS_0015.wav,15,-33.06997771047986,-32.065542121673005,9.065542121673005,-22.999999999999996,0.4742775710609933,5.767,1.5626875
/project2/msoleyma_946/speech_health/spanish_neurovoz/zenodo_upload/audios/PD_PERRO_0015.wav,/scratch1/parwatka/norm_audio/neurovoz_read/PD_PERRO_0015.wav,15,-34.822501470920436,-36.16525961212489,13.165259612124892,-23.0,0.48099941702400695,2.31,1.5626875
/project2/msoleyma_946/speech_health/spanish_neurovoz/zenodo_upload/audios/PD_BURRO_0015.wav,/scratch1/parwatka/norm_audio/neurovoz_read/PD_BURRO_0015.wav,15,-31.877687875472898,-32.8296534762232,9.8296534762232,-22.999999999999996,0.46888966769894336,2.771,1.5626875
/project2/msoleyma_946/speech_health/spanish_neurovoz/zenodo_upload/audios/PD_PIDIO_0015.wav,/scratch1/parwatka/norm_audio/neurovoz_read/PD_PIDIO_0015.wav,15,-34.459877769775495,-34.265433509070675,11.265433509070675,-22.999999999999986,0.5894326321462219,3.8449375,1.5626875
/project2/msoleyma_946/speech_health/spanish_neurovoz/zenodo_upload/audios/PD_DIABLO_0015.wav,/scratch1/parwatka/norm_audio/neurovoz_read/PD_DIABLO_0015.wav,15,-33.225861987594016,-33.93764182630811,10.93764182630811,-23.0,0.36523516464026307,4.818,1.5626875
/project2/msoleyma_946/speech_health/spanish_neurovoz/zenodo_upload/audios/PD_CARMEN_0015.wav,/scratch1/parwatka/norm_audio/neurovoz_read/PD_CARMEN_0015.wav,15,-29.657691290820026,-29.09825397904766,6.098253979047659,-23.00000000000001,0.4226136445270115,2.063,1.5626875
/project2/msoleyma_946/speech_health/spanish_neurovoz/zenodo_upload/audios/PD_SOMBRA_0015.wav,/scratch1/parwatka/norm_audio/neurovoz_read/PD_SOMBRA_0015.wav,15,-37.729934066405505,-39.96998985622629,16.96998985622629,-22.999999999999996,0.3432309139305996,4.093,1.5626875
/project2/msoleyma_946/speech_health/spanish_neurovoz/zenodo_upload/audios/PD_TOMAS_0015.wav,/scratch1/parwatka/norm_audio/neurovoz_read/PD_TOMAS_0015.wav,15,-31.585699915975887,-31.193690716886895,8.193690716886895,-23.0,0.47559106965714437,1.931,1.5626875
/project2/msoleyma_946/speech_health/spanish_neurovoz/zenodo_upload/audios/PD_GANGA_0015.wav,/scratch1/parwatka/norm_audio/neurovoz_read/PD_GANGA_0015.wav,15,-34.70038582234966,-34.8658590247306,11.865859024730597,-22.999999999999996,0.5003002220840017,1.76,1.5626875
/project2/msoleyma_946/speech_health/spanish_neurovoz/zenodo_upload/audios/PD_CALLE_0015.wav,/scratch1/parwatka/norm_audio/neurovoz_read/PD_CALLE_0015.wav,15,-30.82124193654777,-32.23172907417226,9.231729074172257,-23.0,0.45113647378339905,3.685,1.5626875
/project2/msoleyma_946/speech_health/spanish_neurovoz/zenodo_upload/audios/PD_MANGA_0015.wav,/scratch1/parwatka/norm_audio/neurovoz_read/PD_MANGA_0015.wav,15,-28.840394423159246,-28.576522264779417,5.576522264779417,-23.0,0.4151211529080162,1.7,1.5626875
/project2/msoleyma_946/speech_health/spanish_neurovoz/zenodo_upload/audios/PD_ABLANDADA_0015.wav,/scratch1/parwatka/norm_audio/neurovoz_read/PD_ABLANDADA_0015.wav,15,-33.959737744553706,-35.046684009160174,12.046684009160174,-23.0,0.44926873358541947,2.812,1.5626875
/project2/msoleyma_946/speech_health/spanish_neurovoz/zenodo_upload/audios/PD_BARBAS_0016.wav,/scratch1/parwatka/norm_audio/neurovoz_read/PD_BARBAS_0016.wav,16,-36.01353959659731,-36.01409641410878,13.014096414108778,-22.999999999999996,0.39144766136547543,5.277,1.5626875
/project2/msoleyma_946/speech_health/spanish_neurovoz/zenodo_upload/audios/PD_GANGA_0016.wav,/scratch1/parwatka/norm_audio/neurovoz_read/PD_GANGA_0016.wav,16,-35.864570864590625,-35.80456377084427,12.804563770844268,-22.999999999999996,0.3723119074321794,2.033,1.5626875
/project2/msoleyma_946/speech_health/spanish_neurovoz/zenodo_upload/audios/PD_DIABLO_0016.wav,/scratch1/parwatka/norm_audio/neurovoz_read/PD_DIABLO_0016.wav,16,-34.02256150459878,-35.10404480299073,12.104044802990728,-22.999999999999996,0.3883886107221176,4.8091875,1.5626875
/project2/msoleyma_946/speech_health/spanish_neurovoz/zenodo_upload/audios/PD_CARMEN_0016.wav,/scratch1/parwatka/norm_audio/neurovoz_read/PD_CARMEN_0016.wav,16,-33.11055093601304,-33.769959085671445,10.769959085671445,-23.0,0.3840825560499745,1.899,1.5626875
/project2/msoleyma_946/speech_health/spanish_neurovoz/zenodo_upload/audios/PD_MANGA_0016.wav,/scratch1/parwatka/norm_audio/neurovoz_read/PD_MANGA_0016.wav,16,-32.56832399512524,-32.645042140104685,9.645042140104685,-23.000000000000004,0.3611288431151216,1.597,1.5626875
/project2/msoleyma_946/speech_health/spanish_neurovoz/zenodo_upload/audios/PD_CALLE_0016.wav,/scratch1/parwatka/norm_audio/neurovoz_read/PD_CALLE_0016.wav,16,-35.45905639845872,-35.780238149770625,12.780238149770625,-23.0,0.367948960720252,4.029,1.5626875
/project2/msoleyma_946/speech_health/spanish_neurovoz/zenodo_upload/audios/PD_ABLANDADA_0016.wav,/scratch1/parwatka/norm_audio/neurovoz_read/PD_ABLANDADA_0016.wav,16,-36.53452792731502,-35.65567099963478,12.65567099963478,-22.999999999999996,0.32678474771020694,2.871,1.5626875
/project2/msoleyma_946/speech_health/spanish_neurovoz/zenodo_upload/audios/PD_BURRO_0016.wav,/scratch1/parwatka/norm_audio/neurovoz_read/PD_BURRO_0016.wav,16,-35.37859394769301,-35.247810296204584,12.247810296204584,-22.99999999999999,0.49683251359762637,2.591,1.5626875
/project2/msoleyma_946/speech_health/spanish_neurovoz/zenodo_upload/audios/PD_SOMBRA_0016.wav,/scratch1/parwatka/norm_audio/neurovoz_read/PD_SOMBRA_0016.wav,16,-36.69907428281381,-37.86818037097052,14.86818037097052,-22.999999999999996,0.3516057422163095,3.93,1.5626875
/project2/msoleyma_946/speech_health/spanish_neurovoz/zenodo_upload/audios/PD_PERRO_0016.wav,/scratch1/parwatka/norm_audio/neurovoz_read/PD_PERRO_0016.wav,16,-36.05474781632959,-36.65431264678345,13.654312646783453,-23.0,0.3576299369001595,2.145,1.5626875
/project2/msoleyma_946/speech_health/spanish_neurovoz/zenodo_upload/audios/PD_PIDIO_0016.wav,/scratch1/parwatka/norm_audio/neurovoz_read/PD_PIDIO_0016.wav,16,-37.500511857242174,-37.67551687658009,14.67551687658009,-23.0,0.3143290261384397,3.447,1.5626875
/project2/msoleyma_946/speech_health/spanish_neurovoz/zenodo_upload/audios/PD_BURRO_0017.wav,/scratch1/parwatka/norm_audio/neurovoz_read/PD_BURRO_0017.wav,17,-31.164245591621864,-30.945811498083234,7.945811498083234,-22.999999999999996,0.4347924831764351,2.153,1.5626875
/project2/msoleyma_946/speech_health/spanish_neurovoz/zenodo_upload/audios/PD_TOMAS_0017.wav,/scratch1/parwatka/norm_audio/neurovoz_read/PD_TOMAS_0017.wav,17,-32.00257917575711,-31.814816642113094,8.814816642113094,-22.999999999999996,0.37583023062523174,1.623,1.5626875
/project2/msoleyma_946/speech_health/spanish_neurovoz/zenodo_upload/audios/PD_PIDIO_0017.wav,/scratch1/parwatka/norm_audio/neurovoz_read/PD_PIDIO_0017.wav,17,-33.91851720313652,-33.737281385216825,10.737281385216825,-23.0,0.40440101167376136,3.333,1.5626875
/project2/msoleyma_946/speech_health/spanish_neurovoz/zenodo_upload/audios/PD_GANGA_0017.wav,/scratch1/parwatka/norm_audio/neurovoz_read/PD_GANGA_0017.wav,17,-33.9514694343753,-34.04839294220328,11.048392942203279,-23.0,0.4771271707740598,1.84,1.5626875
/project2/msoleyma_946/speech_health/spanish_neurovoz/zenodo_upload/audios/PD_MANGA_0017.wav,/scratch1/parwatka/norm_audio/neurovoz_read/PD_MANGA_0017.wav,17,-31.853529185043467,-31.567771257298112,8.567771257298112,-23.0,0.3727228277715567,1.738,1.5626875
/project2/msoleyma_946/speech_health/spanish_neurovoz/zenodo_upload/audios/PD_BARBAS_0017.wav,/scratch1/parwatka/norm_audio/neurovoz_read/PD_BARBAS_0017.wav,17,-34.06121924650573,-33.04169101772756,10.041691017727558,-22.999999999999996,0.4122975131690432,3.785,1.5626875
/project2/msoleyma_946/speech_health/spanish_neurovoz/zenodo_upload/audios/PD_SOMBRA_0017.wav,/scratch1/parwatka/norm_audio/neurovoz_read/PD_SOMBRA_0017.wav,17,-34.40160393984582,-35.242981637114866,12.242981637114866,-23.0,0.5412493465482272,3.407,1.5626875
/project2/msoleyma_946/speech_health/spanish_neurovoz/zenodo_upload/audios/PD_CARMEN_0017.wav,/scratch1/parwatka/norm_audio/neurovoz_read/PD_CARMEN_0017.wav,17,-31.062678795730246,-30.8849715258463,7.884971525846302,-23.000000000000004,0.3699220982977495,1.615,1.5626875
/project2/msoleyma_946/speech_health/spanish_neurovoz/zenodo_upload/audios/PD_PERRO_0017.wav,/scratch1/parwatka/norm_audio/neurovoz_read/PD_PERRO_0017.wav,17,-32.45496072548724,-32.60120380841193,9.601203808411931,-23.0,0.45239647942649136,1.937,1.5626875
/project2/msoleyma_946/speech_health/spanish_neurovoz/zenodo_upload/audios/PD_DIABLO_0017.wav,/scratch1/parwatka/norm_audio/neurovoz_read/PD_DIABLO_0017.wav,17,-33.300975897244406,-35.36481512869913,12.364815128699128,-23.0,0.46806339216288734,3.432,1.5626875
/project2/msoleyma_946/speech_health/spanish_neurovoz/zenodo_upload/audios/PD_ABLANDADA_0017.wav,/scratch1/parwatka/norm_audio/neurovoz_read/PD_ABLANDADA_0017.wav,17,-33.209899536724976,-33.802420967404345,10.802420967404345,-23.0,0.38154644465422183,2.536,1.5626875
/project2/msoleyma_946/speech_health/spanish_neurovoz/zenodo_upload/audios/PD_CALLE_0017.wav,/scratch1/parwatka/norm_audio/neurovoz_read/PD_CALLE_0017.wav,17,-32.36438225087836,-37.23595877935089,14.235958779350888,-22.999999999999986,0.3972586060169879,4.081,1.5626875
/project2/msoleyma_946/speech_health/spanish_neurovoz/zenodo_upload/audios/PD_CALLE_0018.wav,/scratch1/parwatka/norm_audio/neurovoz_read/PD_CALLE_0018.wav,18,-38.77456398857362,-39.816643813047946,16.816643813047946,-22.99999999999999,0.5228959015333183,4.025,1.5626875
/project2/msoleyma_946/speech_health/spanish_neurovoz/zenodo_upload/audios/PD_CARMEN_0018.wav,/scratch1/parwatka/norm_audio/neurovoz_read/PD_CARMEN_0018.wav,18,-39.21112872382944,-39.72809787631097,16.72809787631097,-22.99999999999999,0.4142342663817601,2.05,1.5626875
/project2/msoleyma_946/speech_health/spanish_neurovoz/zenodo_upload/audios/PD_GANGA_0018.wav,/scratch1/parwatka/norm_audio/neurovoz_read/PD_GANGA_0018.wav,18,-43.62689368093214,-44.29056984749619,21.290569847496187,-23.0,0.37883115426358427,2.295,1.5626875
/project2/msoleyma_946/speech_health/spanish_neurovoz/zenodo_upload/audios/PD_PERRO_0018.wav,/scratch1/parwatka/norm_audio/neurovoz_read/PD_PERRO_0018.wav,18,-41.24419612401686,-41.107825406698645,18.107825406698645,-22.999999999999986,0.47840907966901197,2.298,1.5626875
/project2/msoleyma_946/speech_health/spanish_neurovoz/zenodo_upload/audios/PD_PIDIO_0018.wav,/scratch1/parwatka/norm_audio/neurovoz_read/PD_PIDIO_0018.wav,18,-41.26421128479171,-41.12518442116212,18.125184421162118,-22.99999999999999,0.3182341021612614,3.701,1.5626875
/project2/msoleyma_946/speech_health/spanish_neurovoz/zenodo_upload/audios/PD_ABLANDADA_0018.wav,/scratch1/parwatka/norm_audio/neurovoz_read/PD_ABLANDADA_0018.wav,18,-42.16074128006918,-42.50324730621816,19.503247306218157,-22.999999999999996,0.37048702685177565,3.496,1.5626875
/project2/msoleyma_946/speech_health/spanish_neurovoz/zenodo_upload/audios/PD_TOMAS_0018.wav,/scratch1/parwatka/norm_audio/neurovoz_read/PD_TOMAS_0018.wav,18,-39.553463186739364,-39.25074152396988,16.25074152396988,-23.0,0.31415959062736276,1.832,1.5626875
/project2/msoleyma_946/speech_health/spanish_neurovoz/zenodo_upload/audios/PD_BURRO_0018.wav,/scratch1/parwatka/norm_audio/neurovoz_read/PD_BURRO_0018.wav,18,-39.59629363080527,-40.33125049420105,17.33125049420105,-22.99999999999999,0.5111275693666454,2.645,1.5626875
/project2/msoleyma_946/speech_health/spanish_neurovoz/zenodo_upload/audios/PD_DIABLO_0018.wav,/scratch1/parwatka/norm_audio/neurovoz_read/PD_DIABLO_0018.wav,18,-41.14000823724036,-42.996537002033605,19.996537002033605,-22.999999999999996,0.7317320708233455,4.035,1.5626875
/project2/msoleyma_946/speech_health/spanish_neurovoz/zenodo_upload/audios/PD_BARBAS_0018.wav,/scratch1/parwatka/norm_audio/neurovoz_read/PD_BARBAS_0018.wav,18,-39.57452969008746,-38.94993454574962,15.94993454574962,-23.0,0.28775436973151813,4.874,1.5626875
/project2/msoleyma_946/speech_health/spanish_neurovoz/zenodo_upload/audios/PD_SOMBRA_0018.wav,/scratch1/parwatka/norm_audio/neurovoz_read/PD_SOMBRA_0018.wav,18,-39.958644134071235,-39.02076579887913,16.020765798879133,-22.999999999999986,0.3618708528835511,4.081,1.5626875
/project2/msoleyma_946/speech_health/spanish_neurovoz/zenodo_upload/audios/PD_MANGA_0018.wav,/scratch1/parwatka/norm_audio/neurovoz_read/PD_MANGA_0018.wav,18,-39.37231997687076,-39.96799951864057,16.967999518640568,-22.999999999999996,0.4164460854358461,1.96,1.5626875
/project2/msoleyma_946/speech_health/spanish_neurovoz/zenodo_upload/audios/PD_ABLANDADA_0019.wav,/scratch1/parwatka/norm_audio/neurovoz_read/PD_ABLANDADA_0019.wav,19,-38.18792411396784,-37.41963393852818,14.419633938528179,-23.000000000000004,0.5230905230522795,2.436,1.5626875
/project2/msoleyma_946/speech_health/spanish_neurovoz/zenodo_upload/audios/PD_SOMBRA_0019.wav,/scratch1/parwatka/norm_audio/neurovoz_read/PD_SOMBRA_0019.wav,19,-39.32452916400755,-39.42100391581243,16.421003915812427,-22.999999999999996,0.3397504638219151,3.188,1.5626875
/project2/msoleyma_946/speech_health/spanish_neurovoz/zenodo_upload/audios/PD_CALLE_0019.wav,/scratch1/parwatka/norm_audio/neurovoz_read/PD_CALLE_0019.wav,19,-37.87212751895848,-39.97752071429539,16.977520714295387,-23.0,0.9070962896641727,3.363,1.5626875
/project2/msoleyma_946/speech_health/spanish_neurovoz/zenodo_upload/audios/PD_BARBAS_0019.wav,/scratch1/parwatka/norm_audio/neurovoz_read/PD_BARBAS_0019.wav,19,-38.08300011580609,-38.23390513388123,15.23390513388123,-22.999999999999996,0.3593244987625073,4.003,1.5626875
/project2/msoleyma_946/speech_health/spanish_neurovoz/zenodo_upload/audios/PD_PERRO_0019.wav,/scratch1/parwatka/norm_audio/neurovoz_read/PD_PERRO_0019.wav,19,-39.74706513743955,-39.676533051852,16.676533051851997,-23.0,0.5236323836123099,1.7528125,1.5626875
/project2/msoleyma_946/speech_health/spanish_neurovoz/zenodo_upload/audios/PD_MANGA_0019.wav,/scratch1/parwatka/norm_audio/neurovoz_read/PD_MANGA_0019.wav,19,-37.598850955885574,-37.39193539088102,14.391935390881017,-23.000000000000004,0.4072634220381318,1.618,1.5626875
/project2/msoleyma_946/speech_health/spanish_neurovoz/zenodo_upload/audios/PD_CARMEN_0019.wav,/scratch1/parwatka/norm_audio/neurovoz_read/PD_CARMEN_0019.wav,19,-36.24815328357409,-36.28552623611837,13.285526236118372,-22.999999999999996,0.4340604501481775,1.692,1.5626875
/project2/msoleyma_946/speech_health/spanish_neurovoz/zenodo_upload/audios/PD_BURRO_0019.wav,/scratch1/parwatka/norm_audio/neurovoz_read/PD_BURRO_0019.wav,19,-37.48639603041252,-37.10762253192558,14.107622531925578,-22.999999999999996,0.4230333325951737,1.907,1.5626875
/project2/msoleyma_946/speech_health/spanish_neurovoz/zenodo_upload/audios/PD_DIABLO_0019.wav,/scratch1/parwatka/norm_audio/neurovoz_read/PD_DIABLO_0019.wav,19,-38.92959061966325,-39.334713238119086,16.334713238119086,-22.999999999999986,0.4908848674872866,3.679,1.5626875
/project2/msoleyma_946/speech_health/spanish_neurovoz/zenodo_upload/audios/PD_GANGA_0019.wav,/scratch1/parwatka/norm_audio/neurovoz_read/PD_GANGA_0019.wav,19,-40.329192492054474,-39.745393433366246,16.745393433366246,-23.000000000000004,0.45723681686373024,1.926,1.5626875
/project2/msoleyma_946/speech_health/spanish_neurovoz/zenodo_upload/audios/PD_PIDIO_0019.wav,/scratch1/parwatka/norm_audio/neurovoz_read/PD_PIDIO_0019.wav,19,-38.914918883366525,-39.12135667344354,16.121356673443543,-23.000000000000004,0.46898465481610474,3.177,1.5626875
/project2/msoleyma_946/speech_health/spanish_neurovoz/zenodo_upload/audios/PD_TOMAS_0019.wav,/scratch1/parwatka/norm_audio/neurovoz_read/PD_TOMAS_0019.wav,19,-38.20007844676785,-37.904889874524656,14.904889874524656,-22.999999999999996,0.4073488774290127,1.739,1.5626875
/project2/msoleyma_946/speech_health/spanish_neurovoz/zenodo_upload/audios/PD_SOMBRA_0020.wav,/scratch1/parwatka/norm_audio/neurovoz_read/PD_SOMBRA_0020.wav,20,-38.489014910207814,-38.26615641734651,15.266156417346508,-22.999999999999996,0.570983380503819,3.116,1.5626875
/project2/msoleyma_946/speech_health/spanish_neurovoz/zenodo_upload/audios/PD_DIABLO_0020.wav,/scratch1/parwatka/norm_audio/neurovoz_read/PD_DIABLO_0020.wav,20,-42.719925716005804,-43.91266143054398,20.912661430543977,-22.999999999999996,0.4249517445320365,3.071,1.5626875
/project2/msoleyma_946/speech_health/spanish_neurovoz/zenodo_upload/audios/PD_PERRO_0020.wav,/scratch1/parwatka/norm_audio/neurovoz_read/PD_PERRO_0020.wav,20,-36.5390199757116,-36.18438376176185,13.18438376176185,-22.999999999999996,0.4639589193259908,1.875,1.5626875
/project2/msoleyma_946/speech_health/spanish_neurovoz/zenodo_upload/audios/PD_PIDIO_0020.wav,/scratch1/parwatka/norm_audio/neurovoz_read/PD_PIDIO_0020.wav,20,-37.37124257956315,-39.07107878722252,16.07107878722252,-22.99999999999999,0.436652105077032,3.115,1.5626875
/project2/msoleyma_946/speech_health/spanish_neurovoz/zenodo_upload/audios/PD_CALLE_0020.wav,/scratch1/parwatka/norm_audio/neurovoz_read/PD_CALLE_0020.wav,20,-36.320190516900695,-37.93641178750093,14.93641178750093,-22.99999999999999,0.5528228798822451,2.718,1.5626875
/project2/msoleyma_946/speech_health/spanish_neurovoz/zenodo_upload/audios/PD_ABLANDADA_0020.wav,/scratch1/parwatka/norm_audio/neurovoz_read/PD_ABLANDADA_0020.wav,20,-44.581322011591524,-44.79416798850502,21.794167988505023,-23.0,0.6781788167583178,2.445,1.5626875
/project2/msoleyma_946/speech_health/spanish_neurovoz/zenodo_upload/audios/PD_BURRO_0020.wav,/scratch1/parwatka/norm_audio/neurovoz_read/PD_BURRO_0020.wav,20,-38.8260420171884,-39.4558129170059,16.4558129170059,-23.0,0.4030544351817546,1.937,1.5626875
/project2/msoleyma_946/speech_health/spanish_neurovoz/zenodo_upload/audios/PD_BARBAS_0020.wav,/scratch1/parwatka/norm_audio/neurovoz_read/PD_BARBAS_0020.wav,20,-41.3223617415809,-43.96596113516696,20.965961135166957,-22.999999999999996,0.5156752826216724,3.463,1.5626875
/project2/msoleyma_946/speech_health/spanish_neurovoz/zenodo_upload/audios/PD_MANGA_0021.wav,/scratch1/parwatka/norm_audio/neurovoz_read/PD_MANGA_0021.wav,21,-36.86097260887429,-36.68711258315254,13.68711258315254,-22.99999999999999,0.3994757770899006,1.631,1.5626875
/project2/msoleyma_946/speech_health/spanish_neurovoz/zenodo_upload/audios/PD_CARMEN_0021.wav,/scratch1/parwatka/norm_audio/neurovoz_read/PD_CARMEN_0021.wav,21,-37.27074829718499,-37.386403226867884,14.386403226867884,-23.0,0.49726652532632853,1.83,1.5626875
/project2/msoleyma_946/speech_health/spanish_neurovoz/zenodo_upload/audios/PD_DIABLO_0021.wav,/scratch1/parwatka/norm_audio/neurovoz_read/PD_DIABLO_0021.wav,21,-42.038991029724976,-43.09260594233843,20.09260594233843,-23.00000000000001,0.5030938951729631,4.116,1.5626875
/project2/msoleyma_946/speech_health/spanish_neurovoz/zenodo_upload/audios/PD_BURRO_0021.wav,/scratch1/parwatka/norm_audio/neurovoz_read/PD_BURRO_0021.wav,21,-38.53671394918982,-38.49775243658367,15.497752436583667,-23.0,0.3841864716329232,1.895,1.5626875
/project2/msoleyma_946/speech_health/spanish_neurovoz/zenodo_upload/audios/PD_CALLE_0021.wav,/scratch1/parwatka/norm_audio/neurovoz_read/PD_CALLE_0021.wav,21,-40.61233504124824,-38.60654901385924,15.606549013859237,-22.99999999999999,0.5496916345279822,4.462,1.5626875
/project2/msoleyma_946/speech_health/spanish_neurovoz/zenodo_upload/audios/PD_BARBAS_0021.wav,/scratch1/parwatka/norm_audio/neurovoz_read/PD_BARBAS_0021.wav,21,-41.32372532068904,-45.06929314348033,22.06929314348033,-23.0,0.5415147840279755,5.675,1.5626875
/project2/msoleyma_946/speech_health/spanish_neurovoz/zenodo_upload/audios/PD_SOMBRA_0021.wav,/scratch1/parwatka/norm_audio/neurovoz_read/PD_SOMBRA_0021.wav,21,-42.112590785662746,-41.25874164609543,18.25874164609543,-23.0,0.3857853170537592,4.874,1.5626875
/project2/msoleyma_946/speech_health/spanish_neurovoz/zenodo_upload/audios/PD_PIDIO_0021.wav,/scratch1/parwatka/norm_audio/neurovoz_read/PD_PIDIO_0021.wav,21,-41.01442687241802,-43.46687884833829,20.46687884833829,-23.00000000000001,0.4906777709685605,3.9,1.5626875
/project2/msoleyma_946/speech_health/spanish_neurovoz/zenodo_upload/audios/PD_GANGA_0021.wav,/scratch1/parwatka/norm_audio/neurovoz_read/PD_GANGA_0021.wav,21,-39.50758897483122,-39.887980579013416,16.887980579013416,-22.999999999999996,0.5546781987799932,1.855,1.5626875
/project2/msoleyma_946/speech_health/spanish_neurovoz/zenodo_upload/audios/PD_PERRO_0021.wav,/scratch1/parwatka/norm_audio/neurovoz_read/PD_PERRO_0021.wav,21,-36.34713972849627,-36.11724686041351,13.117246860413509,-22.999999999999986,0.444185316107394,1.733,1.5626875
/project2/msoleyma_946/speech_health/spanish_neurovoz/zenodo_upload/audios/PD_SOMBRA_0022.wav,/scratch1/parwatka/norm_audio/neurovoz_read/PD_SOMBRA_0022.wav,22,-31.98157976114633,-32.555615794661044,9.555615794661044,-23.0,0.5427896653194253,3.8880625,1.5626875
/project2/msoleyma_946/speech_health/spanish_neurovoz/zenodo_upload/audios/PD_MANGA_0022.wav,/scratch1/parwatka/norm_audio/neurovoz_read/PD_MANGA_0022.wav,22,-32.43785862231627,-32.34852021426603,9.348520214266031,-23.0,0.4388568320947218,1.677,1.5626875
/project2/msoleyma_946/speech_health/spanish_neurovoz/zenodo_upload/audios/PD_TOMAS_0022.wav,/scratch1/parwatka/norm_audio/neurovoz_read/PD_TOMAS_0022.wav,22,-31.607204186410303,-31.311346707771914,8.311346707771914,-23.000000000000004,0.4197803005082493,1.65375,1.5626875
/project2/msoleyma_946/speech_health/spanish_neurovoz/zenodo_upload/audios/PD_CALLE_0022.wav,/scratch1/parwatka/norm_audio/neurovoz_read/PD_CALLE_0022.wav,22,-29.79566772299461,-30.580587595025914,7.580587595025914,-23.00000000000001,0.49172386220219044,3.321,1.5626875
/project2/msoleyma_946/speech_health/spanish_neurovoz/zenodo_upload/audios/PD_PIDIO_0022.wav,/scratch1/parwatka/norm_audio/neurovoz_read/PD_PIDIO_0022.wav,22,-34.50134979836204,-34.59207076632993,11.592070766329932,-22.999999999999996,0.4262572713923886,4.0360625,1.5626875
/project2/msoleyma_946/speech_health/spanish_neurovoz/zenodo_upload/audios/PD_BARBAS_0022.wav,/scratch1/parwatka/norm_audio/neurovoz_read/PD_BARBAS_0022.wav,22,-31.615695181474482,-31.544703395674595,8.544703395674595,-23.0,0.4451230375623187,6.261,1.5626875
/project2/msoleyma_946/speech_health/spanish_neurovoz/zenodo_upload/audios/PD_ABLANDADA_0022.wav,/scratch1/parwatka/norm_audio/neurovoz_read/PD_ABLANDADA_0022.wav,22,-34.309288071047085,-34.88487410836165,11.88487410836165,-23.0,0.41541396975740225,5.652,1.5626875
/project2/msoleyma_946/speech_health/spanish_neurovoz/zenodo_upload/audios/PD_GANGA_0022.wav,/scratch1/parwatka/norm_audio/neurovoz_read/PD_GANGA_0022.wav,22,-35.54282924842534,-35.32745156517697,12.327451565176972,-22.999999999999996,0.4111342366622108,1.821,1.5626875
/project2/msoleyma_946/speech_health/spanish_neurovoz/zenodo_upload/audios/PD_BURRO_0022.wav,/scratch1/parwatka/norm_audio/neurovoz_read/PD_BURRO_0022.wav,22,-31.91825549187212,-31.081683975420727,8.081683975420727,-22.999999999999996,0.5155073733840065,2.4368125,1.5626875
/project2/msoleyma_946/speech_health/spanish_neurovoz/zenodo_upload/audios/PD_DIABLO_0022.wav,/scratch1/parwatka/norm_audio/neurovoz_read/PD_DIABLO_0022.wav,22,-31.415554334615866,-30.22172952910002,7.2217295291000205,-23.000000000000004,0.4911094749195085,5.637,1.5626875
/project2/msoleyma_946/speech_health/spanish_neurovoz/zenodo_upload/audios/PD_PERRO_0022.wav,/scratch1/parwatka/norm_audio/neurovoz_read/PD_PERRO_0022.wav,22,-33.37509947625462,-32.868922786676876,9.868922786676876,-22.99999999999999,0.5544283914587512,2.0535,1.5626875
/project2/msoleyma_946/speech_health/spanish_neurovoz/zenodo_upload/audios/PD_CARMEN_0022.wav,/scratch1/parwatka/norm_audio/neurovoz_read/PD_CARMEN_0022.wav,22,-34.000042658206894,-34.32916202556208,11.329162025562077,-22.999999999999996,0.3719737412066525,2.122,1.5626875
/project2/msoleyma_946/speech_health/spanish_neurovoz/zenodo_upload/audios/PD_CARMEN_0023.wav,/scratch1/parwatka/norm_audio/neurovoz_read/PD_CARMEN_0023.wav,23,-29.752187805791454,-28.58316104421838,5.583161044218379,-23.0,0.305810401591137,2.9983125,1.5626875
/project2/msoleyma_946/speech_health/spanish_neurovoz/zenodo_upload/audios/PD_ABLANDADA_0023.wav,/scratch1/parwatka/norm_audio/neurovoz_read/PD_ABLANDADA_0023.wav,23,-31.690482428595413,-34.03618265966422,11.036182659664222,-23.0,0.3284256402349354,4.751,1.5626875
/project2/msoleyma_946/speech_health/spanish_neurovoz/zenodo_upload/audios/PD_BURRO_0023.wav,/scratch1/parwatka/norm_audio/neurovoz_read/PD_BURRO_0023.wav,23,-32.333569654684034,-33.66357993852887,10.66357993852887,-23.0,0.36318984224682166,3.19,1.5626875
/project2/msoleyma_946/speech_health/spanish_neurovoz/zenodo_upload/audios/PD_PIDIO_0023.wav,/scratch1/parwatka/norm_audio/neurovoz_read/PD_PIDIO_0023.wav,23,-33.52150036774465,-34.37467032988794,11.374670329887941,-22.999999999999996,0.4099014995586053,3.678,1.5626875
/project2/msoleyma_946/speech_health/spanish_neurovoz/zenodo_upload/audios/PD_CALLE_0023.wav,/scratch1/parwatka/norm_audio/neurovoz_read/PD_CALLE_0023.wav,23,-36.05637530085496,-37.61233361319358,14.612333613193577,-22.999999999999996,0.35344778133841576,2.561125,1.5626875
/project2/msoleyma_946/speech_health/spanish_neurovoz/zenodo_upload/audios/PD_SOMBRA_0023.wav,/scratch1/parwatka/norm_audio/neurovoz_read/PD_SOMBRA_0023.wav,23,-33.1354840391897,-32.6690695144026,9.6690695144026,-23.0,0.30473933887600196,5.375875,1.5626875
/project2/msoleyma_946/speech_health/spanish_neurovoz/zenodo_upload/audios/PD_BARBAS_0023.wav,/scratch1/parwatka/norm_audio/neurovoz_read/PD_BARBAS_0023.wav,23,-33.9387544809401,-34.0274887969248,11.0274887969248,-22.999999999999996,0.566199702932722,8.204,1.5626875
/project2/msoleyma_946/speech_health/spanish_neurovoz/zenodo_upload/audios/PD_PERRO_0023.wav,/scratch1/parwatka/norm_audio/neurovoz_read/PD_PERRO_0023.wav,23,-32.8311858009627,-32.96697294389306,9.966972943893062,-22.999999999999996,0.3297305821823506,3.141,1.5626875
/project2/msoleyma_946/speech_health/spanish_neurovoz/zenodo_upload/audios/PD_DIABLO_0023.wav,/scratch1/parwatka/norm_audio/neurovoz_read/PD_DIABLO_0023.wav,23,-34.27598459067654,-34.04749279525872,11.04749279525872,-22.999999999999996,0.27182213219354096,2.856,1.5626875
/project2/msoleyma_946/speech_health/spanish_neurovoz/zenodo_upload/audios/PD_SOMBRA_0024.wav,/scratch1/parwatka/norm_audio/neurovoz_read/PD_SOMBRA_0024.wav,24,-38.16572334878114,-39.22181431696178,16.221814316961783,-22.999999999999996,0.4660449672706176,3.738,1.5626875
/project2/msoleyma_946/speech_health/spanish_neurovoz/zenodo_upload/audios/PD_CARMEN_0024.wav,/scratch1/parwatka/norm_audio/neurovoz_read/PD_CARMEN_0024.wav,24,-32.369604988294086,-32.31205122916398,9.312051229163977,-22.999999999999996,0.2825848897583357,1.685,1.5626875
/project2/msoleyma_946/speech_health/spanish_neurovoz/zenodo_upload/audios/PD_PERRO_0024.wav,/scratch1/parwatka/norm_audio/neurovoz_read/PD_PERRO_0024.wav,24,-37.251871298630306,-38.2965485925655,15.2965485925655,-22.999999999999986,0.371897433735374,2.283,1.5626875
/project2/msoleyma_946/speech_health/spanish_neurovoz/zenodo_upload/audios/PD_CALLE_0024.wav,/scratch1/parwatka/norm_audio/neurovoz_read/PD_CALLE_0024.wav,24,-36.13658252837503,-37.699471281225,14.699471281225001,-23.000000000000004,0.32339826924177756,3.029,1.5626875
/project2/msoleyma_946/speech_health/spanish_neurovoz/zenodo_upload/audios/PD_BURRO_0024.wav,/scratch1/parwatka/norm_audio/neurovoz_read/PD_BURRO_0024.wav,24,-39.71421461499325,-39.66899340978581,16.668993409785813,-23.0,0.32977505864833995,1.935,1.5626875
/project2/msoleyma_946/speech_health/spanish_neurovoz/zenodo_upload/audios/PD_BARBAS_0024.wav,/scratch1/parwatka/norm_audio/neurovoz_read/PD_BARBAS_0024.wav,24,-39.82781799394296,-41.09019237445486,18.09019237445486,-23.0,0.3395697590728743,4.728,1.5626875
/project2/msoleyma_946/speech_health/spanish_neurovoz/zenodo_upload/audios/PD_GANGA_0024.wav,/scratch1/parwatka/norm_audio/neurovoz_read/PD_GANGA_0024.wav,24,-35.97244814441018,-35.87594492132721,12.87594492132721,-22.99999999999999,0.3646310865864066,1.903,1.5626875
/project2/msoleyma_946/speech_health/spanish_neurovoz/zenodo_upload/audios/PD_PIDIO_0024.wav,/scratch1/parwatka/norm_audio/neurovoz_read/PD_PIDIO_0024.wav,24,-37.644853886786954,-37.98217226605604,14.98217226605604,-23.000000000000004,0.43389613424218537,3.78,1.5626875
/project2/msoleyma_946/speech_health/spanish_neurovoz/zenodo_upload/audios/PD_ABLANDADA_0024.wav,/scratch1/parwatka/norm_audio/neurovoz_read/PD_ABLANDADA_0024.wav,24,-35.17024331120284,-35.78883118589043,12.78883118589043,-22.999999999999996,0.2825381145783392,2.745,1.5626875
/project2/msoleyma_946/speech_health/spanish_neurovoz/zenodo_upload/audios/PD_MANGA_0024.wav,/scratch1/parwatka/norm_audio/neurovoz_read/PD_MANGA_0024.wav,24,-35.73122047704429,-35.58765254442736,12.587652544427357,-22.999999999999996,0.27945959303206,1.728,1.5626875
/project2/msoleyma_946/speech_health/spanish_neurovoz/zenodo_upload/audios/PD_TOMAS_0024.wav,/scratch1/parwatka/norm_audio/neurovoz_read/PD_TOMAS_0024.wav,24,-35.50096860373756,-35.368689494135126,12.368689494135126,-23.0,0.3202758214412731,1.767,1.5626875
/project2/msoleyma_946/speech_health/spanish_neurovoz/zenodo_upload/audios/PD_DIABLO_0024.wav,/scratch1/parwatka/norm_audio/neurovoz_read/PD_DIABLO_0024.wav,24,-40.7398126406202,-41.95333800093676,18.95333800093676,-23.0,0.3313262480161436,3.367,1.5626875
/project2/msoleyma_946/speech_health/spanish_neurovoz/zenodo_upload/audios/PD_TOMAS_0025.wav,/scratch1/parwatka/norm_audio/neurovoz_read/PD_TOMAS_0025.wav,25,-42.0954080239746,-41.77128672354624,18.77128672354624,-22.999999999999996,0.3589292220588043,1.8111875,1.5626875
/project2/msoleyma_946/speech_health/spanish_neurovoz/zenodo_upload/audios/PD_PERRO_0025.wav,/scratch1/parwatka/norm_audio/neurovoz_read/PD_PERRO_0025.wav,25,-42.80731567198178,-43.6215087218327,20.621508721832697,-23.0,0.4901675531524176,2.628,1.5626875
/project2/msoleyma_946/speech_health/spanish_neurovoz/zenodo_upload/audios/PD_BURRO_0025.wav,/scratch1/parwatka/norm_audio/neurovoz_read/PD_BURRO_0025.wav,25,-40.79976653776676,-40.331772412136004,17.331772412136004,-22.99999999999999,0.32110911772838757,2.34,1.5626875
/project2/msoleyma_946/speech_health/spanish_neurovoz/zenodo_upload/audios/PD_GANGA_0025.wav,/scratch1/parwatka/norm_audio/neurovoz_read/PD_GANGA_0025.wav,25,-45.34499103602002,-45.568275347092964,22.568275347092964,-22.999999999999996,0.2922403764749339,1.972,1.5626875
/project2/msoleyma_946/speech_health/spanish_neurovoz/zenodo_upload/audios/PD_CALLE_0025.wav,/scratch1/parwatka/norm_audio/neurovoz_read/PD_CALLE_0025.wav,25,-42.47752850369356,-44.38619024053182,21.386190240531818,-22.99999999999999,0.42995069156422966,3.31,1.5626875
/project2/msoleyma_946/speech_health/spanish_neurovoz/zenodo_upload/audios/PD_MANGA_0025.wav,/scratch1/parwatka/norm_audio/neurovoz_read/PD_MANGA_0025.wav,25,-40.16360401487206,-39.00386044158081,16.003860441580812,-22.99999999999999,0.3970115339977493,2.085,1.5626875
/project2/msoleyma_946/speech_health/spanish_neurovoz/zenodo_upload/audios/PD_SOMBRA_0025.wav,/scratch1/parwatka/norm_audio/neurovoz_read/PD_SOMBRA_0025.wav,25,-44.47933794291716,-43.47318591825335,20.47318591825335,-22.999999999999986,0.26809569106587866,3.711,1.5626875
/project2/msoleyma_946/speech_health/spanish_neurovoz/zenodo_upload/audios/PD_BARBAS_0025.wav,/scratch1/parwatka/norm_audio/neurovoz_read/PD_BARBAS_0025.wav,25,-40.9433524018326,-39.41457290696971,16.41457290696971,-23.000000000000004,0.2697968245353641,5.03,1.5626875
/project2/msoleyma_946/speech_health/spanish_neurovoz/zenodo_upload/audios/PD_PIDIO_0025.wav,/scratch1/parwatka/norm_audio/neurovoz_read/PD_PIDIO_0025.wav,25,-42.81055520211221,-43.42788590294449,20.42788590294449,-23.0,0.37063935985616425,3.506,1.5626875
/project2/msoleyma_946/speech_health/spanish_neurovoz/zenodo_upload/audios/PD_CARMEN_0025.wav,/scratch1/parwatka/norm_audio/neurovoz_read/PD_CARMEN_0025.wav,25,-43.45358736083122,-43.58206392718484,20.58206392718484,-23.0,0.295886703052893,2.1453125,1.5626875
/project2/msoleyma_946/speech_health/spanish_neurovoz/zenodo_upload/audios/PD_ABLANDADA_0025.wav,/scratch1/parwatka/norm_audio/neurovoz_read/PD_ABLANDADA_0025.wav,25,-42.57664293503504,-41.79578314156446,18.795783141564463,-23.0,0.29400144987432236,2.77,1.5626875
/project2/msoleyma_946/speech_health/spanish_neurovoz/zenodo_upload/audios/PD_DIABLO_0025.wav,/scratch1/parwatka/norm_audio/neurovoz_read/PD_DIABLO_0025.wav,25,-41.3568818804202,-42.72751970735259,19.72751970735259,-22.999999999999996,0.3908238171746484,4.083,1.5626875
/project2/msoleyma_946/speech_health/spanish_neurovoz/zenodo_upload/audios/PD_DIABLO_0026.wav,/scratch1/parwatka/norm_audio/neurovoz_read/PD_DIABLO_0026.wav,26,-33.07568270126993,-32.03552711487853,9.035527114878532,-23.000000000000004,0.38051807702851664,5.809,1.5626875
/project2/msoleyma_946/speech_health/spanish_neurovoz/zenodo_upload/audios/PD_BURRO_0026.wav,/scratch1/parwatka/norm_audio/neurovoz_read/PD_BURRO_0026.wav,26,-34.19048458870956,-34.0486364619399,11.0486364619399,-23.0,0.45836249754495567,2.257,1.5626875
/project2/msoleyma_946/speech_health/spanish_neurovoz/zenodo_upload/audios/PD_CALLE_0026.wav,/scratch1/parwatka/norm_audio/neurovoz_read/PD_CALLE_0026.wav,26,-37.037173625878516,-38.59757796822303,15.597577968223028,-23.000000000000004,0.5809239306047612,3.667,1.5626875
/project2/msoleyma_946/speech_health/spanish_neurovoz/zenodo_upload/audios/PD_SOMBRA_0026.wav,/scratch1/parwatka/norm_audio/neurovoz_read/PD_SOMBRA_0026.wav,26,-38.16933897100182,-39.36204979693504,16.36204979693504,-23.000000000000004,0.30737028995322296,9.8549375,1.5626875
/project2/msoleyma_946/speech_health/spanish_neurovoz/zenodo_upload/audios/PD_ABLANDADA_0026.wav,/scratch1/parwatka/norm_audio/neurovoz_read/PD_ABLANDADA_0026.wav,26,-35.59156499590333,-35.34875776549277,12.34875776549277,-23.0,0.4807835966465274,3.528,1.5626875
/project2/msoleyma_946/speech_health/spanish_neurovoz/zenodo_upload/audios/PD_BARBAS_0026.wav,/scratch1/parwatka/norm_audio/neurovoz_read/PD_BARBAS_0026.wav,26,-36.702744343762305,-38.85190714338023,15.851907143380231,-23.000000000000004,0.3288069803761514,9.706,1.5626875
/project2/msoleyma_946/speech_health/spanish_neurovoz/zenodo_upload/audios/PD_PERRO_0026.wav,/scratch1/parwatka/norm_audio/neurovoz_read/PD_PERRO_0026.wav,26,-36.67207663214843,-37.40362019225082,14.40362019225082,-23.000000000000004,0.36640023510493663,2.311,1.5626875
/project2/msoleyma_946/speech_health/spanish_neurovoz/zenodo_upload/audios/PD_PIDIO_0026.wav,/scratch1/parwatka/norm_audio/neurovoz_read/PD_PIDIO_0026.wav,26,-37.12009825091121,-38.207933153355285,15.207933153355285,-22.999999999999996,0.3840854976488873,3.939,1.5626875
/project2/msoleyma_946/speech_health/spanish_neurovoz/zenodo_upload/audios/PD_BARBAS_0027.wav,/scratch1/parwatka/norm_audio/neurovoz_read/PD_BARBAS_0027.wav,27,-37.85273799556147,-38.42772938587654,15.427729385876539,-23.000000000000032,1.1332233972959622,3.691,1.5626875
/project2/msoleyma_946/speech_health/spanish_neurovoz/zenodo_upload/audios/PD_BURRO_0027.wav,/scratch1/parwatka/norm_audio/neurovoz_read/PD_BURRO_0027.wav,27,-40.16956514306793,-40.01586213970239,17.015862139702392,-22.999999999999996,0.3456377466582548,1.803,1.5626875
/project2/msoleyma_946/speech_health/spanish_neurovoz/zenodo_upload/audios/PD_ABLANDADA_0027.wav,/scratch1/parwatka/norm_audio/neurovoz_read/PD_ABLANDADA_0027.wav,27,-40.10246989303486,-40.53529635593773,17.53529635593773,-23.000000000000004,0.4141140024618236,2.349,1.5626875
/project2/msoleyma_946/speech_health/spanish_neurovoz/zenodo_upload/audios/PD_MANGA_0027.wav,/scratch1/parwatka/norm_audio/neurovoz_read/PD_MANGA_0027.wav,27,-36.97842577836606,-36.77443097195554,13.774430971955539,-22.99999999999999,0.3748813435882543,1.603,1.5626875
/project2/msoleyma_946/speech_health/spanish_neurovoz/zenodo_upload/audios/PD_PIDIO_0027.wav,/scratch1/parwatka/norm_audio/neurovoz_read/PD_PIDIO_0027.wav,27,-40.52192547876486,-40.76772537047913,17.767725370479127,-22.999999999999996,0.3746466450780191,2.535,1.5626875
/project2/msoleyma_946/speech_health/spanish_neurovoz/zenodo_upload/audios/PD_GANGA_0027.wav,/scratch1/parwatka/norm_audio/neurovoz_read/PD_GANGA_0027.wav,27,-39.66068238304859,-39.714274496173125,16.714274496173125,-23.000000000000004,0.35852668406181715,1.831,1.5626875
/project2/msoleyma_946/speech_health/spanish_neurovoz/zenodo_upload/audios/PD_DIABLO_0027.wav,/scratch1/parwatka/norm_audio/neurovoz_read/PD_DIABLO_0027.wav,27,-39.45860111846209,-40.11220476896944,17.11220476896944,-22.999999999999996,0.3283995259191752,2.856,1.5626875
/project2/msoleyma_946/speech_health/spanish_neurovoz/zenodo_upload/audios/PD_CALLE_0027.wav,/scratch1/parwatka/norm_audio/neurovoz_read/PD_CALLE_0027.wav,27,-38.573967934596105,-39.468616922120965,16.468616922120965,-22.999999999999996,0.41780655000217426,2.6175625,1.5626875
/project2/msoleyma_946/speech_health/spanish_neurovoz/zenodo_upload/audios/PD_SOMBRA_0027.wav,/scratch1/parwatka/norm_audio/neurovoz_read/PD_SOMBRA_0027.wav,27,-40.28478751129972,-39.66468280575575,16.664682805755753,-22.99999999999999,0.3636122299848291,2.7685625,1.5626875
/project2/msoleyma_946/speech_health/spanish_neurovoz/zenodo_upload/audios/PD_PERRO_0028.wav,/scratch1/parwatka/norm_audio/neurovoz_read/PD_PERRO_0028.wav,28,-40.563816796920335,-40.27933001989297,17.279330019892967,-22.999999999999986,0.6116877736023568,2.031,1.5626875
/project2/msoleyma_946/speech_health/spanish_neurovoz/zenodo_upload/audios/PD_PIDIO_0028.wav,/scratch1/parwatka/norm_audio/neurovoz_read/PD_PIDIO_0028.wav,28,-41.13211103086543,-40.61685575779042,17.616855757790418,-22.999999999999996,0.40993207563408585,2.75,1.5626875
/project2/msoleyma_946/speech_health/spanish_neurovoz/zenodo_upload/audios/PD_BURRO_0028.wav,/scratch1/parwatka/norm_audio/neurovoz_read/PD_BURRO_0028.wav,28,-39.567329805682995,-39.476457797684596,16.476457797684596,-22.999999999999996,0.40709354898841443,2.043,1.5626875
/project2/msoleyma_946/speech_health/spanish_neurovoz/zenodo_upload/audios/PD_DIABLO_0028.wav,/scratch1/parwatka/norm_audio/neurovoz_read/PD_DIABLO_0028.wav,28,-42.906345903866104,-43.247814691064,20.247814691064,-23.000000000000004,0.4509799360105858,2.94025,1.5626875
/project2/msoleyma_946/speech_health/spanish_neurovoz/zenodo_upload/audios/PD_CALLE_0028.wav,/scratch1/parwatka/norm_audio/neurovoz_read/PD_CALLE_0028.wav,28,-40.76149415551318,-42.30597569197005,19.305975691970048,-23.0,0.44424881831830554,2.859,1.5626875
/project2/msoleyma_946/speech_health/spanish_neurovoz/zenodo_upload/audios/PD_TOMAS_0028.wav,/scratch1/parwatka/norm_audio/neurovoz_read/PD_TOMAS_0028.wav,28,-42.820817179198414,-42.63140317799137,19.631403177991373,-22.999999999999996,0.38278115391594114,1.6564375,1.5626875
/project2/msoleyma_946/speech_health/spanish_neurovoz/zenodo_upload/audios/PD_ABLANDADA_0028.wav,/scratch1/parwatka/norm_audio/neurovoz_read/PD_ABLANDADA_0028.wav,28,-41.80257802025786,-40.989271542362744,17.989271542362744,-23.0,0.3446713530520419,2.064,1.5626875
/project2/msoleyma_946/speech_health/spanish_neurovoz/zenodo_upload/audios/PD_BARBAS_0028.wav,/scratch1/parwatka/norm_audio/neurovoz_read/PD_BARBAS_0028.wav,28,-40.575706546701255,-39.9595764915041,16.9595764915041,-23.0,0.4306604949870958,3.886,1.5626875
/project2/msoleyma_946/speech_health/spanish_neurovoz/zenodo_upload/audios/PD_GANGA_0028.wav,/scratch1/parwatka/norm_audio/neurovoz_read/PD_GANGA_0028.wav,28,-40.94415079775362,-40.68628604670641,17.686286046706407,-22.99999999999999,0.4045492945390676,1.722,1.5626875
/project2/msoleyma_946/speech_health/spanish_neurovoz/zenodo_upload/audios/PD_MANGA_0028.wav,/scratch1/parwatka/norm_audio/neurovoz_read/PD_MANGA_0028.wav,28,-37.47797485317406,-37.36022898832758,14.360228988327577,-23.0,0.36681331590969374,1.667,1.5626875
/project2/msoleyma_946/speech_health/spanish_neurovoz/zenodo_upload/audios/PD_CARMEN_0028.wav,/scratch1/parwatka/norm_audio/neurovoz_read/PD_CARMEN_0028.wav,28,-39.73058779010833,-39.69203911218118,16.692039112181178,-23.0,0.46611681854939657,1.733,1.5626875
/project2/msoleyma_946/speech_health/spanish_neurovoz/zenodo_upload/audios/PD_SOMBRA_0028.wav,/scratch1/parwatka/norm_audio/neurovoz_read/PD_SOMBRA_0028.wav,28,-41.987677499603485,-42.98020437333176,19.98020437333176,-23.0,0.36656806423527283,3.0856875,1.5626875
/project2/msoleyma_946/speech_health/spanish_neurovoz/zenodo_upload/audios/PD_BARBAS_0029.wav,/scratch1/parwatka/norm_audio/neurovoz_read/PD_BARBAS_0029.wav,29,-36.67412427552824,-36.77311892444276,13.773118924442763,-22.999999999999996,0.38745555433335105,4.751,1.5626875
/project2/msoleyma_946/speech_health/spanish_neurovoz/zenodo_upload/audios/PD_CALLE_0029.wav,/scratch1/parwatka/norm_audio/neurovoz_read/PD_CALLE_0029.wav,29,-37.28140115702081,-36.02197424187274,13.02197424187274,-22.999999999999996,0.5312691490747213,4.027,1.5626875
/project2/msoleyma_946/speech_health/spanish_neurovoz/zenodo_upload/audios/PD_CARMEN_0029.wav,/scratch1/parwatka/norm_audio/neurovoz_read/PD_CARMEN_0029.wav,29,-38.86235586914799,-38.79120186902621,15.79120186902621,-23.0,0.38088096339553745,1.794,1.5626875
/project2/msoleyma_946/speech_health/spanish_neurovoz/zenodo_upload/audios/PD_PIDIO_0029.wav,/scratch1/parwatka/norm_audio/neurovoz_read/PD_PIDIO_0029.wav,29,-40.23239647270317,-39.74426194988481,16.74426194988481,-22.999999999999996,0.3327356256565812,3.024,1.5626875
/project2/msoleyma_946/speech_health/spanish_neurovoz/zenodo_upload/audios/PD_BURRO_0029.wav,/scratch1/parwatka/norm_audio/neurovoz_read/PD_BURRO_0029.wav,29,-35.16319024535181,-33.48916181705882,10.489161817058822,-22.999999999999996,0.4948928590593232,2.701,1.5626875
/project2/msoleyma_946/speech_health/spanish_neurovoz/zenodo_upload/audios/PD_MANGA_0029.wav,/scratch1/parwatka/norm_audio/neurovoz_read/PD_MANGA_0029.wav,29,-38.92441539093803,-38.70385244138119,15.703852441381187,-22.99999999999999,0.43568666157075503,1.804,1.5626875
/project2/msoleyma_946/speech_health/spanish_neurovoz/zenodo_upload/audios/PD_TOMAS_0029.wav,/scratch1/parwatka/norm_audio/neurovoz_read/PD_TOMAS_0029.wav,29,-40.317142347140766,-40.1431859886046,17.1431859886046,-22.999999999999996,0.4122849969109752,1.79,1.5626875
/project2/msoleyma_946/speech_health/spanish_neurovoz/zenodo_upload/audios/PD_GANGA_0029.wav,/scratch1/parwatka/norm_audio/neurovoz_read/PD_GANGA_0029.wav,29,-40.07642893360485,-40.58657941171646,17.586579411716457,-22.999999999999996,0.5281581517064147,2.215,1.5626875
/project2/msoleyma_946/speech_health/spanish_neurovoz/zenodo_upload/audios/PD_SOMBRA_0029.wav,/scratch1/parwatka/norm_audio/neurovoz_read/PD_SOMBRA_0029.wav,29,-39.17956888689925,-37.46311945866137,14.463119458661367,-22.999999999999996,0.559007573545142,3.748,1.5626875
/project2/msoleyma_946/speech_health/spanish_neurovoz/zenodo_upload/audios/PD_PERRO_0029.wav,/scratch1/parwatka/norm_audio/neurovoz_read/PD_PERRO_0029.wav,29,-36.45411123634587,-36.43976675711985,13.439766757119848,-22.999999999999996,0.5543020621640158,2.0364375,1.5626875
/project2/msoleyma_946/speech_health/spanish_neurovoz/zenodo_upload/audios/PD_ABLANDADA_0029.wav,/scratch1/parwatka/norm_audio/neurovoz_read/PD_ABLANDADA_0029.wav,29,-40.04044680332835,-41.1606865018246,18.1606865018246,-22.999999999999996,0.45441590599716625,3.076,1.5626875
/project2/msoleyma_946/speech_health/spanish_neurovoz/zenodo_upload/audios/PD_DIABLO_0029.wav,/scratch1/parwatka/norm_audio/neurovoz_read/PD_DIABLO_0029.wav,29,-39.53110212914866,-39.986667540274,16.986667540274,-22.999999999999996,0.4411856388981354,3.6,1.5626875
/project2/msoleyma_946/speech_health/spanish_neurovoz/zenodo_upload/audios/PD_CARMEN_0030.wav,/scratch1/parwatka/norm_audio/neurovoz_read/PD_CARMEN_0030.wav,30,-36.80371469634103,-36.66083946723245,13.66083946723245,-23.0,0.39733075871291335,1.693,1.5626875
/project2/msoleyma_946/speech_health/spanish_neurovoz/zenodo_upload/audios/PD_PERRO_0030.wav,/scratch1/parwatka/norm_audio/neurovoz_read/PD_PERRO_0030.wav,30,-35.37375624750712,-36.25231658625344,13.252316586253443,-23.0,0.755165271218248,2.101,1.5626875
/project2/msoleyma_946/speech_health/spanish_neurovoz/zenodo_upload/audios/PD_BURRO_0030.wav,/scratch1/parwatka/norm_audio/neurovoz_read/PD_BURRO_0030.wav,30,-39.35750117763981,-38.691397025895,15.691397025895,-23.0,0.320004564356418,2.269,1.5626875
/project2/msoleyma_946/speech_health/spanish_neurovoz/zenodo_upload/audios/PD_DIABLO_0030.wav,/scratch1/parwatka/norm_audio/neurovoz_read/PD_DIABLO_0030.wav,30,-38.494952856378724,-38.78948728926675,15.789487289266752,-23.0,0.3554716653676892,2.968,1.5626875
/project2/msoleyma_946/speech_health/spanish_neurovoz/zenodo_upload/audios/PD_ABLANDADA_0030.wav,/scratch1/parwatka/norm_audio/neurovoz_read/PD_ABLANDADA_0030.wav,30,-38.841946420532146,-39.969530140453266,16.969530140453266,-22.999999999999996,0.5291636836572314,2.807,1.5626875
/project2/msoleyma_946/speech_health/spanish_neurovoz/zenodo_upload/audios/PD_PIDIO_0030.wav,/scratch1/parwatka/norm_audio/neurovoz_read/PD_PIDIO_0030.wav,30,-36.111344302775144,-36.894753066376396,13.894753066376396,-22.999999999999996,0.47603294818251085,3.036,1.5626875
/project2/msoleyma_946/speech_health/spanish_neurovoz/zenodo_upload/audios/PD_BARBAS_0030.wav,/scratch1/parwatka/norm_audio/neurovoz_read/PD_BARBAS_0030.wav,30,-39.575091019587255,-40.34528933196647,17.34528933196647,-22.999999999999996,0.3804094226456842,3.903,1.5626875
/project2/msoleyma_946/speech_health/spanish_neurovoz/zenodo_upload/audios/PD_GANGA_0030.wav,/scratch1/parwatka/norm_audio/neurovoz_read/PD_GANGA_0030.wav,30,-40.95925329942845,-40.64089653358483,17.64089653358483,-23.000000000000004,0.38699838440598,1.794,1.5626875
/project2/msoleyma_946/speech_health/spanish_neurovoz/zenodo_upload/audios/PD_CALLE_0030.wav,/scratch1/parwatka/norm_audio/neurovoz_read/PD_CALLE_0030.wav,30,-33.87207951895779,-34.33729356847537,11.337293568475367,-23.0,0.553348847306515,2.494,1.5626875
/project2/msoleyma_946/speech_health/spanish_neurovoz/zenodo_upload/audios/PD_SOMBRA_0030.wav,/scratch1/parwatka/norm_audio/neurovoz_read/PD_SOMBRA_0030.wav,30,-37.896769490108134,-38.69340156236439,15.693401562364393,-22.999999999999982,0.4121075861106212,3.173,1.5626875
/project2/msoleyma_946/speech_health/spanish_neurovoz/zenodo_upload/audios/PD_TOMAS_0031.wav,/scratch1/parwatka/norm_audio/neurovoz_read/PD_TOMAS_0031.wav,31,-40.17113843041605,-40.037764564885755,17.037764564885755,-22.999999999999996,0.3798532561884043,1.644,1.5626875
/project2/msoleyma_946/speech_health/spanish_neurovoz/zenodo_upload/audios/PD_GANGA_0031.wav,/scratch1/parwatka/norm_audio/neurovoz_read/PD_GANGA_0031.wav,31,-42.11142080006274,-42.35646439643586,19.35646439643586,-22.999999999999996,0.3841614250023183,2.355,1.5626875
/project2/msoleyma_946/speech_health/spanish_neurovoz/zenodo_upload/audios/PD_DIABLO_0031.wav,/scratch1/parwatka/norm_audio/neurovoz_read/PD_DIABLO_0031.wav,31,-36.63146841926642,-35.78590803917002,12.785908039170018,-22.99999999999984,1.1317640356292138,3.571,1.5626875
/project2/msoleyma_946/speech_health/spanish_neurovoz/zenodo_upload/audios/PD_MANGA_0031.wav,/scratch1/parwatka/norm_audio/neurovoz_read/PD_MANGA_0031.wav,31,-40.81257396106528,-40.782929227375206,17.782929227375206,-23.0,0.3207624921717503,1.793,1.5626875
/project2/msoleyma_946/speech_health/spanish_neurovoz/zenodo_upload/audios/PD_SOMBRA_0031.wav,/scratch1/parwatka/norm_audio/neurovoz_read/PD_SOMBRA_0031.wav,31,-37.103168881503414,-39.310994234914205,16.310994234914205,-22.999999999999996,0.34402011448825676,4.068,1.5626875
/project2/msoleyma_946/speech_health/spanish_neurovoz/zenodo_upload/audios/PD_CALLE_0031.wav,/scratch1/parwatka/norm_audio/neurovoz_read/PD_CALLE_0031.wav,31,-36.401520824935346,-38.21684572356797,15.216845723567971,-22.999999999999996,0.4684090268612911,3.162,1.5626875
/project2/msoleyma_946/speech_health/spanish_neurovoz/zenodo_upload/audios/PD_PIDIO_0031.wav,/scratch1/parwatka/norm_audio/neurovoz_read/PD_PIDIO_0031.wav,31,-37.96315411400933,-38.301663000078854,15.301663000078854,-23.0,0.36066623578157786,3.472,1.5626875
/project2/msoleyma_946/speech_health/spanish_neurovoz/zenodo_upload/audios/PD_CARMEN_0031.wav,/scratch1/parwatka/norm_audio/neurovoz_read/PD_CARMEN_0031.wav,31,-38.52574571714844,-38.13559517578144,15.13559517578144,-23.0,0.3104399107559702,1.843,1.5626875
/project2/msoleyma_946/speech_health/spanish_neurovoz/zenodo_upload/audios/PD_BURRO_0031.wav,/scratch1/parwatka/norm_audio/neurovoz_read/PD_BURRO_0031.wav,31,-37.70556541572002,-38.07927747567639,15.079277475676392,-23.0,0.5396017428068606,2.437,1.5626875
/project2/msoleyma_946/speech_health/spanish_neurovoz/zenodo_upload/audios/PD_BARBAS_0031.wav,/scratch1/parwatka/norm_audio/neurovoz_read/PD_BARBAS_0031.wav,31,-38.26256452109886,-39.46626256756879,16.46626256756879,-23.0,0.37790976018315037,4.083,1.5626875
/project2/msoleyma_946/speech_health/spanish_neurovoz/zenodo_upload/audios/PD_ABLANDADA_0031.wav,/scratch1/parwatka/norm_audio/neurovoz_read/PD_ABLANDADA_0031.wav,31,-40.82437335165051,-40.70488439564265,17.70488439564265,-22.999999999999996,0.38147999894030427,2.747,1.5626875
/project2/msoleyma_946/speech_health/spanish_neurovoz/zenodo_upload/audios/PD_PERRO_0031.wav,/scratch1/parwatka/norm_audio/neurovoz_read/PD_PERRO_0031.wav,31,-37.16672544535293,-36.98375008665532,13.98375008665532,-22.999999999999996,0.41934863231958946,2.164,1.5626875
/project2/msoleyma_946/speech_health/spanish_neurovoz/zenodo_upload/audios/PD_CARMEN_0032.wav,/scratch1/parwatka/norm_audio/neurovoz_read/PD_CARMEN_0032.wav,32,-31.409429413192267,-31.19383336039493,8.19383336039493,-23.0,0.48655516569306245,1.622,1.5626875
/project2/msoleyma_946/speech_health/spanish_neurovoz/zenodo_upload/audios/PD_BURRO_0032.wav,/scratch1/parwatka/norm_audio/neurovoz_read/PD_BURRO_0032.wav,32,-31.09976217416336,-31.42032354605072,8.42032354605072,-23.000000000000004,0.5223258893099727,1.979,1.5626875
/project2/msoleyma_946/speech_health/spanish_neurovoz/zenodo_upload/audios/PD_BARBAS_0032.wav,/scratch1/parwatka/norm_audio/neurovoz_read/PD_BARBAS_0032.wav,32,-31.821384604534902,-32.653160227286136,9.653160227286136,-23.0,0.35584537672735583,4.494,1.5626875
/project2/msoleyma_946/speech_health/spanish_neurovoz/zenodo_upload/audios/PD_GANGA_0032.wav,/scratch1/parwatka/norm_audio/neurovoz_read/PD_GANGA_0032.wav,32,-33.7405297100865,-33.67237447092651,10.672374470926513,-23.0,0.4817170704650737,1.709,1.5626875
/project2/msoleyma_946/speech_health/spanish_neurovoz/zenodo_upload/audios/PD_MANGA_0032.wav,/scratch1/parwatka/norm_audio/neurovoz_read/PD_MANGA_0032.wav,32,-29.340816278752325,-29.329600503962652,6.329600503962654,-23.0,0.4602741223855995,1.767,1.5626875
/project2/msoleyma_946/speech_health/spanish_neurovoz/zenodo_upload/audios/PD_PERRO_0032.wav,/scratch1/parwatka/norm_audio/neurovoz_read/PD_PERRO_0032.wav,32,-32.38407936407573,-32.22056984181024,9.220569841810239,-22.999999999999996,0.5428770542567889,1.752,1.5626875
/project2/msoleyma_946/speech_health/spanish_neurovoz/zenodo_upload/audios/PD_SOMBRA_0032.wav,/scratch1/parwatka/norm_audio/neurovoz_read/PD_SOMBRA_0032.wav,32,-33.09856134302879,-34.06833814748966,11.068338147489662,-22.99999999999999,0.4730384463154578,4.017,1.5626875
/project2/msoleyma_946/speech_health/spanish_neurovoz/zenodo_upload/audios/PD_PIDIO_0032.wav,/scratch1/parwatka/norm_audio/neurovoz_read/PD_PIDIO_0032.wav,32,-33.58903694419287,-33.69788214487356,10.69788214487356,-22.99999999999999,0.34566434214811886,2.728,1.5626875
/project2/msoleyma_946/speech_health/spanish_neurovoz/zenodo_upload/audios/PD_CALLE_0032.wav,/scratch1/parwatka/norm_audio/neurovoz_read/PD_CALLE_0032.wav,32,-31.436883590740454,-31.720483664566387,8.720483664566387,-23.0,0.45689138158954656,2.611,1.5626875
/project2/msoleyma_946/speech_health/spanish_neurovoz/zenodo_upload/audios/PD_ABLANDADA_0032.wav,/scratch1/parwatka/norm_audio/neurovoz_read/PD_ABLANDADA_0032.wav,32,-33.196906571665,-33.04848028491251,10.048480284912507,-22.999999999999996,0.36998052987040153,2.374,1.5626875
/project2/msoleyma_946/speech_health/spanish_neurovoz/zenodo_upload/audios/PD_DIABLO_0032.wav,/scratch1/parwatka/norm_audio/neurovoz_read/PD_DIABLO_0032.wav,32,-30.319152205071564,-31.342571745320452,8.342571745320452,-23.0,0.46047754986029604,4.172,1.5626875
/project2/msoleyma_946/speech_health/spanish_neurovoz/zenodo_upload/audios/PD_CALLE_0033.wav,/scratch1/parwatka/norm_audio/neurovoz_read/PD_CALLE_0033.wav,33,-32.17761543322811,-32.309359961475906,9.309359961475906,-22.99999999999999,0.5352758078732036,2.91,1.5626875
/project2/msoleyma_946/speech_health/spanish_neurovoz/zenodo_upload/audios/PD_BARBAS_0033.wav,/scratch1/parwatka/norm_audio/neurovoz_read/PD_BARBAS_0033.wav,33,-37.86209777818459,-39.238672001848286,16.238672001848286,-22.999999999999986,0.45907130225498655,4.15,1.5626875
/project2/msoleyma_946/speech_health/spanish_neurovoz/zenodo_upload/audios/PD_PERRO_0033.wav,/scratch1/parwatka/norm_audio/neurovoz_read/PD_PERRO_0033.wav,33,-26.855046565166635,-30.777959867915385,7.777959867915385,-23.0,0.5610144106679394,2.818,1.5626875
/project2/msoleyma_946/speech_health/spanish_neurovoz/zenodo_upload/audios/PD_DIABLO_0033.wav,/scratch1/parwatka/norm_audio/neurovoz_read/PD_DIABLO_0033.wav,33,-31.172512535717704,-31.58724057813662,8.587240578136619,-22.999999999999996,0.45201825295752435,2.72,1.5626875
/project2/msoleyma_946/speech_health/spanish_neurovoz/zenodo_upload/audios/PD_BURRO_0033.wav,/scratch1/parwatka/norm_audio/neurovoz_read/PD_BURRO_0033.wav,33,-33.35577469886524,-33.26654285792034,10.266542857920342,-22.999999999999986,0.4999812580102511,2.075,1.5626875
/project2/msoleyma_946/speech_health/spanish_neurovoz/zenodo_upload/audios/PD_PIDIO_0033.wav,/scratch1/parwatka/norm_audio/neurovoz_read/PD_PIDIO_0033.wav,33,-28.414505427440933,-29.96812275032762,6.96812275032762,-23.0,0.4324870838355955,3.821,1.5626875
/project2/msoleyma_946/speech_health/spanish_neurovoz/zenodo_upload/audios/PD_ABLANDADA_0033.wav,/scratch1/parwatka/norm_audio/neurovoz_read/PD_ABLANDADA_0033.wav,33,-35.520659692237615,-35.91594542948884,12.915945429488843,-22.999999999999996,0.5512760114939792,2.373,1.5626875
/project2/msoleyma_946/speech_health/spanish_neurovoz/zenodo_upload/audios/PD_GANGA_0033.wav,/scratch1/parwatka/norm_audio/neurovoz_read/PD_GANGA_0033.wav,33,-35.22290683262167,-35.05780516642516,12.057805166425162,-23.0,0.4645802510087548,1.783,1.5626875
/project2/msoleyma_946/speech_health/spanish_neurovoz/zenodo_upload/audios/PD_SOMBRA_0033.wav,/scratch1/parwatka/norm_audio/neurovoz_read/PD_SOMBRA_0033.wav,33,-26.6053507950749,-26.880344758658037,3.880344758658037,-23.0,0.4430207520989394,3.479,1.5626875
/project2/msoleyma_946/speech_health/spanish_neurovoz/zenodo_upload/audios/PD_CARMEN_0033.wav,/scratch1/parwatka/norm_audio/neurovoz_read/PD_CARMEN_0033.wav,33,-31.69978286643343,-31.611537781050377,8.611537781050377,-22.999999999999996,0.5634387169640498,1.635,1.5626875
/project2/msoleyma_946/speech_health/spanish_neurovoz/zenodo_upload/audios/PD_SOMBRA_0035.wav,/scratch1/parwatka/norm_audio/neurovoz_read/PD_SOMBRA_0035.wav,35,-34.14449785405786,-34.03628236074703,11.03628236074703,-23.0,0.3013418427976601,2.74925,1.5626875
/project2/msoleyma_946/speech_health/spanish_neurovoz/zenodo_upload/audios/PD_DIABLO_0035.wav,/scratch1/parwatka/norm_audio/neurovoz_read/PD_DIABLO_0035.wav,35,-35.430924728562154,-35.7748830438257,12.774883043825703,-22.999999999999996,0.2904090464225649,3.1515,1.5626875
/project2/msoleyma_946/speech_health/spanish_neurovoz/zenodo_upload/audios/PD_GANGA_0035.wav,/scratch1/parwatka/norm_audio/neurovoz_read/PD_GANGA_0035.wav,35,-36.688973422737185,-36.99003270108865,13.990032701088651,-23.000000000000004,0.3448913300468914,2.6935625,1.5626875
/project2/msoleyma_946/speech_health/spanish_neurovoz/zenodo_upload/audios/PD_BURRO_0035.wav,/scratch1/parwatka/norm_audio/neurovoz_read/PD_BURRO_0035.wav,35,-34.258376716452375,-33.24907949803332,10.249079498033318,-22.999999999999996,0.30030452653918993,3.0650625,1.5626875
/project2/msoleyma_946/speech_health/spanish_neurovoz/zenodo_upload/audios/PD_BARBAS_0035.wav,/scratch1/parwatka/norm_audio/neurovoz_read/PD_BARBAS_0035.wav,35,-34.73736902771388,-35.933682089697065,12.933682089697065,-23.0,0.38568362544550416,4.2725,1.5626875
/project2/msoleyma_946/speech_health/spanish_neurovoz/zenodo_upload/audios/PD_PIDIO_0035.wav,/scratch1/parwatka/norm_audio/neurovoz_read/PD_PIDIO_0035.wav,35,-33.25389800052362,-33.89521878120269,10.895218781202693,-23.0,0.2900347695873068,5.0155625,1.5626875
/project2/msoleyma_946/speech_health/spanish_neurovoz/zenodo_upload/audios/PD_CALLE_0035.wav,/scratch1/parwatka/norm_audio/neurovoz_read/PD_CALLE_0035.wav,35,-33.54119287452342,-33.9342030386146,10.934203038614598,-22.999999999999996,0.4219585208248686,2.87025,1.5626875
/project2/msoleyma_946/speech_health/spanish_neurovoz/zenodo_upload/audios/PD_ABLANDADA_0035.wav,/scratch1/parwatka/norm_audio/neurovoz_read/PD_ABLANDADA_0035.wav,35,-36.16836940477525,-35.8289210497145,12.828921049714502,-23.00000000000001,0.36047515245284656,2.31675,1.5626875
/project2/msoleyma_946/speech_health/spanish_neurovoz/zenodo_upload/audios/PD_PERRO_0035.wav,/scratch1/parwatka/norm_audio/neurovoz_read/PD_PERRO_0035.wav,35,-34.44389619566077,-34.74993291299365,11.74993291299365,-23.000000000000004,0.45317734665190934,3.1579375,1.5626875
/project2/msoleyma_946/speech_health/spanish_neurovoz/zenodo_upload/audios/PD_MANGA_0035.wav,/scratch1/parwatka/norm_audio/neurovoz_read/PD_MANGA_0035.wav,35,-33.9632773421529,-33.62706403144496,10.62706403144496,-23.0,0.34471720665877387,2.6006875,1.5626875
/project2/msoleyma_946/speech_health/spanish_neurovoz/zenodo_upload/audios/PD_CARMEN_0035.wav,/scratch1/parwatka/norm_audio/neurovoz_read/PD_CARMEN_0035.wav,35,-33.91208851826371,-33.78465790160512,10.784657901605122,-23.000000000000004,0.307433830780272,1.6298125,1.5626875
/project2/msoleyma_946/speech_health/spanish_neurovoz/zenodo_upload/audios/PD_DIABLO_0037.wav,/scratch1/parwatka/norm_audio/neurovoz_read/PD_DIABLO_0037.wav,37,-34.50338380145646,-33.9443815141347,10.944381514134697,-23.0,0.3833606381644114,5.850375,1.5626875
/project2/msoleyma_946/speech_health/spanish_neurovoz/zenodo_upload/audios/PD_ABLANDADA_0037.wav,/scratch1/parwatka/norm_audio/neurovoz_read/PD_ABLANDADA_0037.wav,37,-37.21663446956273,-36.828035553305696,13.828035553305696,-23.0,0.46954970575854754,2.431875,1.5626875
/project2/msoleyma_946/speech_health/spanish_neurovoz/zenodo_upload/audios/PD_BARBAS_0037.wav,/scratch1/parwatka/norm_audio/neurovoz_read/PD_BARBAS_0037.wav,37,-35.5707252444136,-33.690711506047016,10.690711506047016,-22.99999999999999,0.3406263658752318,5.153625,1.5626875
/project2/msoleyma_946/speech_health/spanish_neurovoz/zenodo_upload/audios/PD_PIDIO_0037.wav,/scratch1/parwatka/norm_audio/neurovoz_read/PD_PIDIO_0037.wav,37,-33.234758463335375,-34.106780980172935,11.106780980172935,-23.000000000000004,0.328395203785794,3.7093125,1.5626875
/project2/msoleyma_946/speech_health/spanish_neurovoz/zenodo_upload/audios/PD_BURRO_0037.wav,/scratch1/parwatka/norm_audio/neurovoz_read/PD_BURRO_0037.wav,37,-33.141328773573406,-30.92483172438981,7.924831724389811,-22.999999999999996,0.5244791895818931,4.8665,1.5626875
/project2/msoleyma_946/speech_health/spanish_neurovoz/zenodo_upload/audios/PD_MANGA_0037.wav,/scratch1/parwatka/norm_audio/neurovoz_read/PD_MANGA_0037.wav,37,-32.855443129636825,-32.63897765209282,9.63897765209282,-22.999999999999996,0.2971578675345671,1.6549375,1.5626875
/project2/msoleyma_946/speech_health/spanish_neurovoz/zenodo_upload/audios/PD_TOMAS_0037.wav,/scratch1/parwatka/norm_audio/neurovoz_read/PD_TOMAS_0037.wav,37,-33.929287258918244,-33.93684500608737,10.936845006087367,-22.999999999999996,0.4970460327620021,1.8663125,1.5626875
/project2/msoleyma_946/speech_health/spanish_neurovoz/zenodo_upload/audios/PD_PERRO_0037.wav,/scratch1/parwatka/norm_audio/neurovoz_read/PD_PERRO_0037.wav,37,-34.635712514375754,-34.911524692944695,11.911524692944692,-22.999999999999996,0.3516423142956865,3.675125,1.5626875
/project2/msoleyma_946/speech_health/spanish_neurovoz/zenodo_upload/audios/PD_GANGA_0037.wav,/scratch1/parwatka/norm_audio/neurovoz_read/PD_GANGA_0037.wav,37,-37.31337867575722,-37.04527229984534,14.045272299845337,-23.0,0.3321397351822773,2.2985625,1.5626875
/project2/msoleyma_946/speech_health/spanish_neurovoz/zenodo_upload/audios/PD_CALLE_0037.wav,/scratch1/parwatka/norm_audio/neurovoz_read/PD_CALLE_0037.wav,37,-34.85802043258216,-37.131435817042224,14.131435817042224,-22.999999999999996,0.4731098409884896,4.006625,1.5626875
/project2/msoleyma_946/speech_health/spanish_neurovoz/zenodo_upload/audios/PD_SOMBRA_0037.wav,/scratch1/parwatka/norm_audio/neurovoz_read/PD_SOMBRA_0037.wav,37,-34.37860084819549,-35.18445052545999,12.184450525459987,-22.99999999999999,0.340924544206219,4.1109375,1.5626875
/project2/msoleyma_946/speech_health/spanish_neurovoz/zenodo_upload/audios/PD_BURRO_0038.wav,/scratch1/parwatka/norm_audio/neurovoz_read/PD_BURRO_0038.wav,38,-33.193796373829606,-34.67985676716248,11.679856767162477,-22.99999999999999,0.36965700950624625,4.0609375,1.5626875
/project2/msoleyma_946/speech_health/spanish_neurovoz/zenodo_upload/audios/PD_TOMAS_0038.wav,/scratch1/parwatka/norm_audio/neurovoz_read/PD_TOMAS_0038.wav,38,-33.60362715743172,-33.47538112931713,10.475381129317128,-22.999999999999996,0.31392903633421404,1.7495,1.5626875
/project2/msoleyma_946/speech_health/spanish_neurovoz/zenodo_upload/audios/PD_ABLANDADA_0038.wav,/scratch1/parwatka/norm_audio/neurovoz_read/PD_ABLANDADA_0038.wav,38,-34.23623754250997,-33.81423181219415,10.814231812194151,-22.999999999999996,0.33383004389392856,3.702375,1.5626875
/project2/msoleyma_946/speech_health/spanish_neurovoz/zenodo_upload/audios/PD_CARMEN_0038.wav,/scratch1/parwatka/norm_audio/neurovoz_read/PD_CARMEN_0038.wav,38,-32.539569546135716,-32.17657300365082,9.176573003650823,-23.000000000000004,0.34893436899313074,1.86075,1.5626875
/project2/msoleyma_946/speech_health/spanish_neurovoz/zenodo_upload/audios/PD_PERRO_0038.wav,/scratch1/parwatka/norm_audio/neurovoz_read/PD_PERRO_0038.wav,38,-34.64256530696057,-37.20124820876441,14.201248208764412,-23.00000000000001,0.42590051666497436,3.6625625,1.5626875
/project2/msoleyma_946/speech_health/spanish_neurovoz/zenodo_upload/audios/PD_PIDIO_0038.wav,/scratch1/parwatka/norm_audio/neurovoz_read/PD_PIDIO_0038.wav,38,-34.41993084530538,-37.95682336355306,14.956823363553063,-23.000000000000004,0.6156974417905853,5.8615625,1.5626875
/project2/msoleyma_946/speech_health/spanish_neurovoz/zenodo_upload/audios/PD_MANGA_0038.wav,/scratch1/parwatka/norm_audio/neurovoz_read/PD_MANGA_0038.wav,38,-33.46111773860685,-33.336077235236516,10.336077235236516,-23.000000000000004,0.3041483268954236,2.437625,1.5626875
/project2/msoleyma_946/speech_health/spanish_neurovoz/zenodo_upload/audios/PD_GANGA_0038.wav,/scratch1/parwatka/norm_audio/neurovoz_read/PD_GANGA_0038.wav,38,-36.404404709072395,-37.092213186014135,14.092213186014135,-23.0,0.3828496503893886,2.76425,1.5626875
/project2/msoleyma_946/speech_health/spanish_neurovoz/zenodo_upload/audios/PD_DIABLO_0038.wav,/scratch1/parwatka/norm_audio/neurovoz_read/PD_DIABLO_0038.wav,38,-32.39222260412748,-31.868061575799555,8.868061575799555,-22.99999999999999,0.3461619040466181,5.71175,1.5626875
/project2/msoleyma_946/speech_health/spanish_neurovoz/zenodo_upload/audios/PD_SOMBRA_0038.wav,/scratch1/parwatka/norm_audio/neurovoz_read/PD_SOMBRA_0038.wav,38,-34.88061071446623,-33.882964904253896,10.882964904253893,-22.999999999999996,0.27090840106673586,6.8740625,1.5626875
/project2/msoleyma_946/speech_health/spanish_neurovoz/zenodo_upload/audios/PD_BARBAS_0038.wav,/scratch1/parwatka/norm_audio/neurovoz_read/PD_BARBAS_0038.wav,38,-33.24415572554107,-33.97963883975174,10.979638839751743,-23.0,0.27972152870066375,6.5435625,1.5626875
/project2/msoleyma_946/speech_health/spanish_neurovoz/zenodo_upload/audios/PD_CALLE_0038.wav,/scratch1/parwatka/norm_audio/neurovoz_read/PD_CALLE_0038.wav,38,-32.0081356692622,-32.04013662582217,9.040136625822171,-22.999999999999996,0.3038424375869622,6.2359375,1.5626875
/project2/msoleyma_946/speech_health/spanish_neurovoz/zenodo_upload/audios/PD_PIDIO_0039.wav,/scratch1/parwatka/norm_audio/neurovoz_read/PD_PIDIO_0039.wav,39,-32.077809946722496,-30.516330584651953,7.516330584651954,-23.0,0.3938355158974457,2.6523125,1.5626875
/project2/msoleyma_946/speech_health/spanish_neurovoz/zenodo_upload/audios/PD_CARMEN_0039.wav,/scratch1/parwatka/norm_audio/neurovoz_read/PD_CARMEN_0039.wav,39,-29.345735817532358,-29.29656976071404,6.296569760714039,-22.999999999999996,0.3531703897069719,1.64725,1.5626875
/project2/msoleyma_946/speech_health/spanish_neurovoz/zenodo_upload/audios/PD_SOMBRA_0039.wav,/scratch1/parwatka/norm_audio/neurovoz_read/PD_SOMBRA_0039.wav,39,-38.077762137029445,-40.97007507927648,17.970075079276477,-23.0,0.34957907682259065,3.0424375,1.5626875
/project2/msoleyma_946/speech_health/spanish_neurovoz/zenodo_upload/audios/PD_GANGA_0039.wav,/scratch1/parwatka/norm_audio/neurovoz_read/PD_GANGA_0039.wav,39,-30.413151642278283,-30.53726809330029,7.537268093300291,-23.0,0.3428230701679847,2.077375,1.5626875
/project2/msoleyma_946/speech_health/spanish_neurovoz/zenodo_upload/audios/PD_CALLE_0039.wav,/scratch1/parwatka/norm_audio/neurovoz_read/PD_CALLE_0039.wav,39,-27.471791755158552,-28.41952149774396,5.419521497743961,-22.999999999999996,0.3844854629079231,2.390375,1.5626875
/project2/msoleyma_946/speech_health/spanish_neurovoz/zenodo_upload/audios/PD_DIABLO_0039.wav,/scratch1/parwatka/norm_audio/neurovoz_read/PD_DIABLO_0039.wav,39,-30.23124863925424,-30.967450221608164,7.967450221608164,-23.0,0.3812336311173591,2.9905625,1.5626875
/project2/msoleyma_946/speech_health/spanish_neurovoz/zenodo_upload/audios/PD_ABLANDADA_0039.wav,/scratch1/parwatka/norm_audio/neurovoz_read/PD_ABLANDADA_0039.wav,39,-31.82796078522686,-30.991204218767542,7.9912042187675425,-22.999999999999996,0.36383247930001095,2.246875,1.5626875
/project2/msoleyma_946/speech_health/spanish_neurovoz/zenodo_upload/audios/PD_PERRO_0039.wav,/scratch1/parwatka/norm_audio/neurovoz_read/PD_PERRO_0039.wav,39,-35.647737130104396,-39.93076436603475,16.93076436603475,-23.000000000000004,0.7393322275687191,2.6935625,1.5626875
/project2/msoleyma_946/speech_health/spanish_neurovoz/zenodo_upload/audios/PD_MANGA_0039.wav,/scratch1/parwatka/norm_audio/neurovoz_read/PD_MANGA_0039.wav,39,-27.34711343428363,-28.59580499747391,5.595804997473909,-23.0,0.4654419726393351,2.09525,1.5626875
/project2/msoleyma_946/speech_health/spanish_neurovoz/zenodo_upload/audios/PD_BURRO_0039.wav,/scratch1/parwatka/norm_audio/neurovoz_read/PD_BURRO_0039.wav,39,-28.258186426883995,-27.67116754345442,4.671167543454419,-23.0,0.36034708123668924,2.6301875,1.5626875
/project2/msoleyma_946/speech_health/spanish_neurovoz/zenodo_upload/audios/PD_BARBAS_0039.wav,/scratch1/parwatka/norm_audio/neurovoz_read/PD_BARBAS_0039.wav,39,-30.49013016191,-29.961141747471707,6.961141747471706,-23.000000000000004,0.37028232456525906,3.410625,1.5626875
/project2/msoleyma_946/speech_health/spanish_neurovoz/zenodo_upload/audios/PD_PIDIO_0040.wav,/scratch1/parwatka/norm_audio/neurovoz_read/PD_PIDIO_0040.wav,40,-34.368516924606325,-33.61767796683202,10.61767796683202,-22.99999999999999,0.368258229518123,9.380875,1.5626875
/project2/msoleyma_946/speech_health/spanish_neurovoz/zenodo_upload/audios/PD_CALLE_0040.wav,/scratch1/parwatka/norm_audio/neurovoz_read/PD_CALLE_0040.wav,40,-33.77679262294195,-35.266322266423074,12.266322266423074,-23.0,0.4434613270234028,3.3278125,1.5626875
/project2/msoleyma_946/speech_health/spanish_neurovoz/zenodo_upload/audios/PD_GANGA_0040.wav,/scratch1/parwatka/norm_audio/neurovoz_read/PD_GANGA_0040.wav,40,-37.97978502531668,-37.601381313425954,14.601381313425954,-22.999999999999996,0.3784007156551876,2.4845625,1.5626875
/project2/msoleyma_946/speech_health/spanish_neurovoz/zenodo_upload/audios/PD_MANGA_0040.wav,/scratch1/parwatka/norm_audio/neurovoz_read/PD_MANGA_0040.wav,40,-35.09545716598737,-35.641044938851756,12.641044938851756,-23.0,0.35295293477305245,1.91425,1.5626875
/project2/msoleyma_946/speech_health/spanish_neurovoz/zenodo_upload/audios/PD_ABLANDADA_0040.wav,/scratch1/parwatka/norm_audio/neurovoz_read/PD_ABLANDADA_0040.wav,40,-35.86795102531213,-36.88401957640592,13.884019576405919,-22.99999999999999,0.5380802719923002,2.5850625,1.5626875
/project2/msoleyma_946/speech_health/spanish_neurovoz/zenodo_upload/audios/PD_BURRO_0040.wav,/scratch1/parwatka/norm_audio/neurovoz_read/PD_BURRO_0040.wav,40,-31.356573445107546,-30.212491523315638,7.21249152331564,-23.0,0.41178377667525207,3.1579375,1.5626875
/project2/msoleyma_946/speech_health/spanish_neurovoz/zenodo_upload/audios/PD_SOMBRA_0040.wav,/scratch1/parwatka/norm_audio/neurovoz_read/PD_SOMBRA_0040.wav,40,-37.638359086567355,-37.077549122110646,14.077549122110646,-23.0,0.4024972105175074,3.427875,1.5626875
/project2/msoleyma_946/speech_health/spanish_neurovoz/zenodo_upload/audios/PD_BARBAS_0040.wav,/scratch1/parwatka/norm_audio/neurovoz_read/PD_BARBAS_0040.wav,40,-31.675464255741066,-28.975481452989417,5.975481452989416,-22.999999999999996,0.40247133234772736,5.9135625,1.5626875
/project2/msoleyma_946/speech_health/spanish_neurovoz/zenodo_upload/audios/PD_PERRO_0040.wav,/scratch1/parwatka/norm_audio/neurovoz_read/PD_PERRO_0040.wav,40,-36.63089226405279,-36.58396869333703,13.583968693337027,-23.0,0.4609965656029849,2.1746875,1.5626875
/project2/msoleyma_946/speech_health/spanish_neurovoz/zenodo_upload/audios/PD_CARMEN_0040.wav,/scratch1/parwatka/norm_audio/neurovoz_read/PD_CARMEN_0040.wav,40,-33.0697196181337,-32.87896820296867,9.878968202968672,-22.999999999999996,0.30611053261320315,1.965875,1.5626875
/project2/msoleyma_946/speech_health/spanish_neurovoz/zenodo_upload/audios/PD_DIABLO_0040.wav,/scratch1/parwatka/norm_audio/neurovoz_read/PD_DIABLO_0040.wav,40,-34.31177366082169,-35.56668306937165,12.56668306937165,-23.0,0.4180207256743827,4.4235,1.5626875
/project2/msoleyma_946/speech_health/spanish_neurovoz/zenodo_upload/audios/PD_ABLANDADA_0041.wav,/scratch1/parwatka/norm_audio/neurovoz_read/PD_ABLANDADA_0041.wav,41,-24.135339254875877,-21.84032611950547,-1.1596738804945308,-23.0,0.2908916915106247,3.5369375,1.5626875
/project2/msoleyma_946/speech_health/spanish_neurovoz/zenodo_upload/audios/PD_CARMEN_0041.wav,/scratch1/parwatka/norm_audio/neurovoz_read/PD_CARMEN_0041.wav,41,-22.81009135193007,-22.579240163376568,-0.42075983662343197,-23.0,0.2908828118797995,2.5141875,1.5626875
/project2/msoleyma_946/speech_health/spanish_neurovoz/zenodo_upload/audios/PD_PIDIO_0041.wav,/scratch1/parwatka/norm_audio/neurovoz_read/PD_PIDIO_0041.wav,41,-26.842001373578473,-28.81725322226605,5.817253222266049,-23.00000000000001,0.32670945786985894,5.090125,1.5626875
/project2/msoleyma_946/speech_health/spanish_neurovoz/zenodo_upload/audios/PD_DIABLO_0041.wav,/scratch1/parwatka/norm_audio/neurovoz_read/PD_DIABLO_0041.wav,41,-26.894849009301257,-28.777994663821175,5.777994663821175,-23.0,0.2965279883086451,5.3870625,1.5626875
/project2/msoleyma_946/speech_health/spanish_neurovoz/zenodo_upload/audios/PD_GANGA_0041.wav,/scratch1/parwatka/norm_audio/neurovoz_read/PD_GANGA_0041.wav,41,-26.777832968074918,-26.592148708355193,3.5921487083551935,-23.0,0.40284044926506174,2.959125,1.5626875
/project2/msoleyma_946/speech_health/spanish_neurovoz/zenodo_upload/audios/PD_PERRO_0041.wav,/scratch1/parwatka/norm_audio/neurovoz_read/PD_PERRO_0041.wav,41,-25.992101462592437,-26.796887498384873,3.7968874983848733,-22.999999999999986,0.41398270625644434,3.4768125,1.5626875
/project2/msoleyma_946/speech_health/spanish_neurovoz/zenodo_upload/audios/PD_TOMAS_0041.wav,/scratch1/parwatka/norm_audio/neurovoz_read/PD_TOMAS_0041.wav,41,-23.692806358983397,-22.02006387350988,-0.9799361264901196,-23.0,0.26426867449114405,2.572625,1.5626875
/project2/msoleyma_946/speech_health/spanish_neurovoz/zenodo_upload/audios/PD_BARBAS_0041.wav,/scratch1/parwatka/norm_audio/neurovoz_read/PD_BARBAS_0041.wav,41,-24.775594167718243,-25.460427213469234,2.4604272134692335,-23.0,0.3525872288830501,6.337125,1.5626875
/project2/msoleyma_946/speech_health/spanish_neurovoz/zenodo_upload/audios/PD_CALLE_0041.wav,/scratch1/parwatka/norm_audio/neurovoz_read/PD_CALLE_0041.wav,41,-24.046546512809336,-35.94174957321666,12.941749573216661,-22.999999999999982,0.47925693557572874,4.3189375,1.5626875
/project2/msoleyma_946/speech_health/spanish_neurovoz/zenodo_upload/audios/PD_BURRO_0041.wav,/scratch1/parwatka/norm_audio/neurovoz_read/PD_BURRO_0041.wav,41,-24.582516153301672,-25.105433328664787,2.105433328664788,-23.0,0.34814555127942787,4.2725,1.5626875
/project2/msoleyma_946/speech_health/spanish_neurovoz/zenodo_upload/audios/PD_SOMBRA_0041.wav,/scratch1/parwatka/norm_audio/neurovoz_read/PD_SOMBRA_0041.wav,41,-27.79780715264354,-31.47180305770774,8.471803057707739,-22.99999999999999,0.5674126871676445,6.60175,1.5626875
/project2/msoleyma_946/speech_health/spanish_neurovoz/zenodo_upload/audios/PD_MANGA_0041.wav,/scratch1/parwatka/norm_audio/neurovoz_read/PD_MANGA_0041.wav,41,-23.175654872548172,-24.70980316405718,1.709803164057181,-23.0,0.33656894227414513,3.710375,1.5626875
/project2/msoleyma_946/speech_health/spanish_neurovoz/zenodo_upload/audios/PD_DIABLO_0042.wav,/scratch1/parwatka/norm_audio/neurovoz_read/PD_DIABLO_0042.wav,42,-38.1926528931185,-40.64590371777899,17.645903717778992,-22.999999999999996,0.42218069782673795,4.1644375,1.5626875
/project2/msoleyma_946/speech_health/spanish_neurovoz/zenodo_upload/audios/PD_BARBAS_0042.wav,/scratch1/parwatka/norm_audio/neurovoz_read/PD_BARBAS_0042.wav,42,-36.711004326926144,-35.36984202736407,12.369842027364072,-22.999999999999996,0.3284583902417078,5.702625,1.5626875
/project2/msoleyma_946/speech_health/spanish_neurovoz/zenodo_upload/audios/PD_TOMAS_0042.wav,/scratch1/parwatka/norm_audio/neurovoz_read/PD_TOMAS_0042.wav,42,-39.268301409918095,-39.22794438329469,16.22794438329469,-23.0,0.33902636979018086,1.88075,1.5626875
/project2/msoleyma_946/speech_health/spanish_neurovoz/zenodo_upload/audios/PD_GANGA_0042.wav,/scratch1/parwatka/norm_audio/neurovoz_read/PD_GANGA_0042.wav,42,-38.70739607952385,-38.04159558853073,15.041595588530733,-23.000000000000004,0.3389627121000752,2.39975,1.5626875
/project2/msoleyma_946/speech_health/spanish_neurovoz/zenodo_upload/audios/PD_BURRO_0042.wav,/scratch1/parwatka/norm_audio/neurovoz_read/PD_BURRO_0042.wav,42,-38.51780532347311,-37.886944982658825,14.886944982658825,-22.999999999999996,0.3399870983904059,3.808125,1.5626875
/project2/msoleyma_946/speech_health/spanish_neurovoz/zenodo_upload/audios/PD_ABLANDADA_0042.wav,/scratch1/parwatka/norm_audio/neurovoz_read/PD_ABLANDADA_0042.wav,42,-38.40739785392245,-37.682832815552956,14.682832815552956,-23.0,0.3106603088186352,3.4083125,1.5626875
/project2/msoleyma_946/speech_health/spanish_neurovoz/zenodo_upload/audios/PD_CARMEN_0042.wav,/scratch1/parwatka/norm_audio/neurovoz_read/PD_CARMEN_0042.wav,42,-37.61159143463711,-37.51669395163682,14.516693951636817,-23.0,0.33588222167798776,1.8509375,1.5626875
/project2/msoleyma_946/speech_health/spanish_neurovoz/zenodo_upload/audios/PD_PERRO_0042.wav,/scratch1/parwatka/norm_audio/neurovoz_read/PD_PERRO_0042.wav,42,-38.94174865352987,-39.7717374332229,16.771737433222903,-23.0,0.40697414192845943,2.8846875,1.5626875
/project2/msoleyma_946/speech_health/spanish_neurovoz/zenodo_upload/audios/PD_CALLE_0042.wav,/scratch1/parwatka/norm_audio/neurovoz_read/PD_CALLE_0042.wav,42,-34.698605716982726,-36.22591118347516,13.225911183475162,-22.99999999999999,0.45164036379742073,4.2730625,1.5626875
/project2/msoleyma_946/speech_health/spanish_neurovoz/zenodo_upload/audios/PD_MANGA_0042.wav,/scratch1/parwatka/norm_audio/neurovoz_read/PD_MANGA_0042.wav,42,-36.119091532329975,-36.367188238685934,13.367188238685934,-22.99999999999999,0.33370606848457696,2.6526875,1.5626875
/project2/msoleyma_946/speech_health/spanish_neurovoz/zenodo_upload/audios/PD_PIDIO_0042.wav,/scratch1/parwatka/norm_audio/neurovoz_read/PD_PIDIO_0042.wav,42,-37.90935882917788,-37.212249039421195,14.212249039421195,-23.0,0.4211950836676128,3.8319375,1.5626875
/project2/msoleyma_946/speech_health/spanish_neurovoz/zenodo_upload/audios/PD_SOMBRA_0042.wav,/scratch1/parwatka/norm_audio/neurovoz_read/PD_SOMBRA_0042.wav,42,-38.5259589617696,-38.13280144240899,15.13280144240899,-23.000000000000004,0.35069530460295173,4.0440625,1.5626875
/project2/msoleyma_946/speech_health/spanish_neurovoz/zenodo_upload/audios/PD_PIDIO_0043.wav,/scratch1/parwatka/norm_audio/neurovoz_read/PD_PIDIO_0043.wav,43,-36.2054375634956,-37.64691840334498,14.646918403344984,-22.99999999999999,0.41619775955725774,3.439875,1.5626875
/project2/msoleyma_946/speech_health/spanish_neurovoz/zenodo_upload/audios/PD_ABLANDADA_0043.wav,/scratch1/parwatka/norm_audio/neurovoz_read/PD_ABLANDADA_0043.wav,43,-36.622309335017846,-36.05762117495614,13.05762117495614,-22.99999999999999,0.4402253375720594,2.06075,1.5626875
/project2/msoleyma_946/speech_health/spanish_neurovoz/zenodo_upload/audios/PD_DIABLO_0043.wav,/scratch1/parwatka/norm_audio/neurovoz_read/PD_DIABLO_0043.wav,43,-36.13801640309813,-36.13917924013339,13.139179240133387,-23.0,0.3984111582182459,3.225875,1.5626875
/project2/msoleyma_946/speech_health/spanish_neurovoz/zenodo_upload/audios/PD_BARBAS_0043.wav,/scratch1/parwatka/norm_audio/neurovoz_read/PD_BARBAS_0043.wav,43,-34.63095689580602,-34.621726079951,11.621726079951003,-22.99999999999999,0.4689152751700196,3.8955,1.5626875
/project2/msoleyma_946/speech_health/spanish_neurovoz/zenodo_upload/audios/PD_GANGA_0043.wav,/scratch1/parwatka/norm_audio/neurovoz_read/PD_GANGA_0043.wav,43,-38.86544787669138,-38.888604784223396,15.888604784223396,-23.0,0.37278830339273117,1.57325,1.5626875
/project2/msoleyma_946/speech_health/spanish_neurovoz/zenodo_upload/audios/PD_MANGA_0043.wav,/scratch1/parwatka/norm_audio/neurovoz_read/PD_MANGA_0043.wav,43,-34.431268401432575,-34.23648011060238,11.236480110602379,-23.0,0.4045805514336642,1.6690625,1.5626875
/project2/msoleyma_946/speech_health/spanish_neurovoz/zenodo_upload/audios/PD_BURRO_0043.wav,/scratch1/parwatka/norm_audio/neurovoz_read/PD_BURRO_0043.wav,43,-35.49992388536619,-35.725755012372815,12.725755012372815,-22.999999999999996,0.4899181729550959,2.5078125,1.5626875
/project2/msoleyma_946/speech_health/spanish_neurovoz/zenodo_upload/audios/PD_SOMBRA_0043.wav,/scratch1/parwatka/norm_audio/neurovoz_read/PD_SOMBRA_0043.wav,43,-37.58326620581185,-35.68829036347705,12.688290363477051,-23.0,0.4667496773721532,3.787,1.5626875
/project2/msoleyma_946/speech_health/spanish_neurovoz/zenodo_upload/audios/PD_PERRO_0043.wav,/scratch1/parwatka/norm_audio/neurovoz_read/PD_PERRO_0043.wav,43,-38.38894997845573,-38.24695711461173,15.246957114611732,-23.0,0.5027224605156893,1.9913125,1.5626875
/project2/msoleyma_946/speech_health/spanish_neurovoz/zenodo_upload/audios/PD_CALLE_0043.wav,/scratch1/parwatka/norm_audio/neurovoz_read/PD_CALLE_0043.wav,43,-32.14223921960042,-33.20959751967386,10.209597519673864,-22.99999999999999,0.5472499410810355,2.48425,1.5626875
/project2/msoleyma_946/speech_health/spanish_neurovoz/zenodo_upload/audios/PD_TOMAS_0044.wav,/scratch1/parwatka/norm_audio/neurovoz_read/PD_TOMAS_0044.wav,44,-33.14470250915565,-33.00866779088825,10.008667790888254,-22.999999999999996,0.5092748379501639,1.654,1.5626875
/project2/msoleyma_946/speech_health/spanish_neurovoz/zenodo_upload/audios/PD_ABLANDADA_0044.wav,/scratch1/parwatka/norm_audio/neurovoz_read/PD_ABLANDADA_0044.wav,44,-35.06858208102389,-36.82685734055725,13.826857340557247,-23.000000000000004,0.6082381912428323,2.954625,1.5626875
/project2/msoleyma_946/speech_health/spanish_neurovoz/zenodo_upload/audios/PD_GANGA_0044.wav,/scratch1/parwatka/norm_audio/neurovoz_read/PD_GANGA_0044.wav,44,-36.70717397234921,-36.598281153065635,13.598281153065635,-23.000000000000004,0.6372093532148756,2.474375,1.5626875
/project2/msoleyma_946/speech_health/spanish_neurovoz/zenodo_upload/audios/PD_PERRO_0044.wav,/scratch1/parwatka/norm_audio/neurovoz_read/PD_PERRO_0044.wav,44,-34.6904569151827,-34.856326477640664,11.856326477640664,-22.999999999999982,0.8882281452817079,2.811,1.5626875
/project2/msoleyma_946/speech_health/spanish_neurovoz/zenodo_upload/audios/PD_CARMEN_0044.wav,/scratch1/parwatka/norm_audio/neurovoz_read/PD_CARMEN_0044.wav,44,-31.666373628717952,-31.69803864062424,8.69803864062424,-23.0,0.4464531985066716,1.994,1.5626875
/project2/msoleyma_946/speech_health/spanish_neurovoz/zenodo_upload/audios/PD_CALLE_0044.wav,/scratch1/parwatka/norm_audio/neurovoz_read/PD_CALLE_0044.wav,44,-32.006328348292605,-33.83942500003228,10.839425000032278,-23.000000000000004,0.5757889901786575,4.2465625,1.5626875
/project2/msoleyma_946/speech_health/spanish_neurovoz/zenodo_upload/audios/PD_DIABLO_0044.wav,/scratch1/parwatka/norm_audio/neurovoz_read/PD_DIABLO_0044.wav,44,-35.309913558974614,-35.45823218077637,12.45823218077637,-22.999999999999996,0.5777033480254806,3.2725625,1.5626875
/project2/msoleyma_946/speech_health/spanish_neurovoz/zenodo_upload/audios/PD_BARBAS_0044.wav,/scratch1/parwatka/norm_audio/neurovoz_read/PD_BARBAS_0044.wav,44,-35.874522976607516,-35.75041839727221,12.750418397272213,-22.99999999999999,0.596110349630089,4.2188125,1.5626875
/project2/msoleyma_946/speech_health/spanish_neurovoz/zenodo_upload/audios/PD_SOMBRA_0044.wav,/scratch1/parwatka/norm_audio/neurovoz_read/PD_SOMBRA_0044.wav,44,-35.891971673329934,-37.75639062020116,14.75639062020116,-23.00000000000001,0.5161791445877735,3.7976875,1.5626875
/project2/msoleyma_946/speech_health/spanish_neurovoz/zenodo_upload/audios/PD_BURRO_0044.wav,/scratch1/parwatka/norm_audio/neurovoz_read/PD_BURRO_0044.wav,44,-32.43088138692674,-31.094722515959596,8.094722515959596,-23.00000000000001,0.577650820351101,2.7864375,1.5626875
/project2/msoleyma_946/speech_health/spanish_neurovoz/zenodo_upload/audios/PD_MANGA_0044.wav,/scratch1/parwatka/norm_audio/neurovoz_read/PD_MANGA_0044.wav,44,-32.828240882066495,-31.758061989678453,8.758061989678454,-22.999999999999996,0.41601894879196466,2.53275,1.5626875
/project2/msoleyma_946/speech_health/spanish_neurovoz/zenodo_upload/audios/PD_PIDIO_0044.wav,/scratch1/parwatka/norm_audio/neurovoz_read/PD_PIDIO_0044.wav,44,-35.414070776566014,-35.413480423842174,12.413480423842174,-23.0,0.5361020961099662,3.28,1.5626875
/project2/msoleyma_946/speech_health/spanish_neurovoz/zenodo_upload/audios/PD_PIDIO_0046.wav,/scratch1/parwatka/norm_audio/neurovoz_read/PD_PIDIO_0046.wav,46,-36.99771162441033,-40.0784776245216,17.078477624521597,-22.999999999999996,0.44914733335901325,3.086375,1.5626875
/project2/msoleyma_946/speech_health/spanish_neurovoz/zenodo_upload/audios/PD_CALLE_0046.wav,/scratch1/parwatka/norm_audio/neurovoz_read/PD_CALLE_0046.wav,46,-29.16830795673907,-30.156381469217777,7.156381469217777,-23.0,0.3555009007598876,2.6926875,1.5626875
/project2/msoleyma_946/speech_health/spanish_neurovoz/zenodo_upload/audios/PD_DIABLO_0046.wav,/scratch1/parwatka/norm_audio/neurovoz_read/PD_DIABLO_0046.wav,46,-29.270957235065477,-29.798724131728672,6.798724131728672,-23.0,0.42075818149395205,3.1886875,1.5626875
/project2/msoleyma_946/speech_health/spanish_neurovoz/zenodo_upload/audios/PD_BURRO_0046.wav,/scratch1/parwatka/norm_audio/neurovoz_read/PD_BURRO_0046.wav,46,-31.058886198509025,-30.48472600784606,7.484726007846061,-23.0,0.3825830216377119,2.229125,1.5626875
/project2/msoleyma_946/speech_health/spanish_neurovoz/zenodo_upload/audios/PD_GANGA_0046.wav,/scratch1/parwatka/norm_audio/neurovoz_read/PD_GANGA_0046.wav,46,-31.23277402438571,-30.82660082494704,7.826600824947041,-23.000000000000004,0.45847560822169736,1.9424375,1.5626875
/project2/msoleyma_946/speech_health/spanish_neurovoz/zenodo_upload/audios/PD_PERRO_0046.wav,/scratch1/parwatka/norm_audio/neurovoz_read/PD_PERRO_0046.wav,46,-33.47884065108392,-34.90664665903459,11.906646659034593,-22.999999999999996,0.5280337166542318,2.416875,1.5626875
/project2/msoleyma_946/speech_health/spanish_neurovoz/zenodo_upload/audios/PD_SOMBRA_0046.wav,/scratch1/parwatka/norm_audio/neurovoz_read/PD_SOMBRA_0046.wav,46,-36.393557342792334,-36.399760296694566,13.399760296694566,-22.999999999999996,0.2704926813671153,2.9304375,1.5626875
/project2/msoleyma_946/speech_health/spanish_neurovoz/zenodo_upload/audios/PD_MANGA_0046.wav,/scratch1/parwatka/norm_audio/neurovoz_read/PD_MANGA_0046.wav,46,-23.542324054723135,-24.29301005705475,1.2930100570547507,-23.0,0.3559892189926941,2.043375,1.5626875
/project2/msoleyma_946/speech_health/spanish_neurovoz/zenodo_upload/audios/PD_BARBAS_0046.wav,/scratch1/parwatka/norm_audio/neurovoz_read/PD_BARBAS_0046.wav,46,-29.8418767222355,-28.943306275198204,5.9433062751982035,-23.0,0.3703398025663003,3.47375,1.5626875
/project2/msoleyma_946/speech_health/spanish_neurovoz/zenodo_upload/audios/PD_ABLANDADA_0046.wav,/scratch1/parwatka/norm_audio/neurovoz_read/PD_ABLANDADA_0046.wav,46,-29.579474423003486,-30.131206515405832,7.131206515405832,-23.0,0.4167090890692958,2.0988125,1.5626875
/project2/msoleyma_946/speech_health/spanish_neurovoz/zenodo_upload/audios/PD_SOMBRA_0047.wav,/scratch1/parwatka/norm_audio/neurovoz_read/PD_SOMBRA_0047.wav,47,-31.256456571874153,-31.260767502809788,8.260767502809788,-23.000000000000004,0.3395516651586516,3.4276875,1.5626875
/project2/msoleyma_946/speech_health/spanish_neurovoz/zenodo_upload/audios/PD_CALLE_0047.wav,/scratch1/parwatka/norm_audio/neurovoz_read/PD_CALLE_0047.wav,47,-26.5402018107285,-29.466826771114476,6.4668267711144765,-23.0,0.5471101988761752,3.229125,1.5626875
/project2/msoleyma_946/speech_health/spanish_neurovoz/zenodo_upload/audios/PD_PIDIO_0047.wav,/scratch1/parwatka/norm_audio/neurovoz_read/PD_PIDIO_0047.wav,47,-31.380905159317695,-30.516392419614522,7.516392419614522,-22.999999999999996,0.37082865297600215,3.153625,1.5626875
/project2/msoleyma_946/speech_health/spanish_neurovoz/zenodo_upload/audios/PD_GANGA_0047.wav,/scratch1/parwatka/norm_audio/neurovoz_read/PD_GANGA_0047.wav,47,-30.565383619301493,-30.329409650526785,7.329409650526784,-22.999999999999996,0.40542355006726233,2.4881875,1.5626875
/project2/msoleyma_946/speech_health/spanish_neurovoz/zenodo_upload/audios/PD_DIABLO_0047.wav,/scratch1/parwatka/norm_audio/neurovoz_read/PD_DIABLO_0047.wav,47,-29.686545614419884,-30.93814951023204,7.938149510232041,-23.0,0.396431144439648,4.72375,1.5626875
/project2/msoleyma_946/speech_health/spanish_neurovoz/zenodo_upload/audios/PD_MANGA_0047.wav,/scratch1/parwatka/norm_audio/neurovoz_read/PD_MANGA_0047.wav,47,-27.452217457560508,-27.286345888270873,4.286345888270873,-23.0,0.3560355681181363,2.313375,1.5626875
/project2/msoleyma_946/speech_health/spanish_neurovoz/zenodo_upload/audios/PD_ABLANDADA_0047.wav,/scratch1/parwatka/norm_audio/neurovoz_read/PD_ABLANDADA_0047.wav,47,-31.010026290620413,-30.843971963720207,7.8439719637202066,-23.000000000000004,0.45629309036446103,2.61225,1.5626875
/project2/msoleyma_946/speech_health/spanish_neurovoz/zenodo_upload/audios/PD_CARMEN_0047.wav,/scratch1/parwatka/norm_audio/neurovoz_read/PD_CARMEN_0047.wav,47,-26.724355066241888,-27.006918120194157,4.0069181201941575,-23.0,0.49925629609787925,1.8049375,1.5626875
/project2/msoleyma_946/speech_health/spanish_neurovoz/zenodo_upload/audios/PD_BARBAS_0047.wav,/scratch1/parwatka/norm_audio/neurovoz_read/PD_BARBAS_0047.wav,47,-24.349833108244397,-25.02686937939394,2.026869379393939,-23.0,0.344964253058309,4.3265,1.5626875
/project2/msoleyma_946/speech_health/spanish_neurovoz/zenodo_upload/audios/PD_BURRO_0047.wav,/scratch1/parwatka/norm_audio/neurovoz_read/PD_BURRO_0047.wav,47,-22.036770718701725,-22.113378703297798,-0.8866212967022026,-23.000000000000004,0.3440120406942513,3.4365625,1.5626875
/project2/msoleyma_946/speech_health/spanish_neurovoz/zenodo_upload/audios/PD_PERRO_0047.wav,/scratch1/parwatka/norm_audio/neurovoz_read/PD_PERRO_0047.wav,47,-26.66008783030152,-27.423053812001957,4.423053812001957,-23.0,0.44233330318653463,2.522875,1.5626875
/project2/msoleyma_946/speech_health/spanish_neurovoz/zenodo_upload/audios/PD_TOMAS_0047.wav,/scratch1/parwatka/norm_audio/neurovoz_read/PD_TOMAS_0047.wav,47,-29.537963904754914,-29.45058037537661,6.450580375376608,-23.000000000000004,0.4403373334488304,1.643875,1.5626875
/project2/msoleyma_946/speech_health/spanish_neurovoz/zenodo_upload/audios/PD_GANGA_0058.wav,/scratch1/parwatka/norm_audio/neurovoz_read/PD_GANGA_0058.wav,58,-23.04948631786375,-22.656327444323832,-0.3436725556761678,-22.999999999999996,0.3302964062758634,2.469375,1.5626875
/project2/msoleyma_946/speech_health/spanish_neurovoz/zenodo_upload/audios/PD_SOMBRA_0058.wav,/scratch1/parwatka/norm_audio/neurovoz_read/PD_SOMBRA_0058.wav,58,-20.039441070317253,-21.019854261427117,-1.9801457385728827,-23.000000000000004,0.2910636586936598,4.986125,1.5626875
/project2/msoleyma_946/speech_health/spanish_neurovoz/zenodo_upload/audios/PD_PERRO_0058.wav,/scratch1/parwatka/norm_audio/neurovoz_read/PD_PERRO_0058.wav,58,-19.8088952178299,-19.455318880928807,-3.5446811190711927,-22.999999999999996,0.2570679695818645,4.08675,1.5626875
/project2/msoleyma_946/speech_health/spanish_neurovoz/zenodo_upload/audios/PD_DIABLO_0058.wav,/scratch1/parwatka/norm_audio/neurovoz_read/PD_DIABLO_0058.wav,58,-21.30809420807922,-20.727808782054428,-2.272191217945572,-23.0,0.27058294478721356,4.2475,1.5626875
/project2/msoleyma_946/speech_health/spanish_neurovoz/zenodo_upload/audios/PD_CALLE_0058.wav,/scratch1/parwatka/norm_audio/neurovoz_read/PD_CALLE_0058.wav,58,-19.341669463040535,-20.732801131193813,-2.2671988688061875,-23.0,0.27233562970496034,3.7255625,1.5626875
/project2/msoleyma_946/speech_health/spanish_neurovoz/zenodo_upload/audios/PD_BURRO_0058.wav,/scratch1/parwatka/norm_audio/neurovoz_read/PD_BURRO_0058.wav,58,-22.777599801214823,-22.100541677887346,-0.899458322112654,-23.000000000000004,0.25836109303773025,3.622375,1.5626875
/project2/msoleyma_946/speech_health/spanish_neurovoz/zenodo_upload/audios/PD_TOMAS_0058.wav,/scratch1/parwatka/norm_audio/neurovoz_read/PD_TOMAS_0058.wav,58,-22.753375487442984,-22.5066418833664,-0.49335811663360096,-23.000000000000004,0.289610232591852,1.612875,1.5626875
/project2/msoleyma_946/speech_health/spanish_neurovoz/zenodo_upload/audios/PD_ABLANDADA_0058.wav,/scratch1/parwatka/norm_audio/neurovoz_read/PD_ABLANDADA_0058.wav,58,-26.05822062161129,-26.364540650499176,3.3645406504991766,-23.000000000000004,0.39345131120657867,4.180125,1.5626875
/project2/msoleyma_946/speech_health/spanish_neurovoz/zenodo_upload/audios/PD_MANGA_0058.wav,/scratch1/parwatka/norm_audio/neurovoz_read/PD_MANGA_0058.wav,58,-21.81439197663075,-20.59111094897145,-2.4088890510285488,-23.0,0.2759675094977316,2.5078125,1.5626875
/project2/msoleyma_946/speech_health/spanish_neurovoz/zenodo_upload/audios/PD_BARBAS_0058.wav,/scratch1/parwatka/norm_audio/neurovoz_read/PD_BARBAS_0058.wav,58,-23.308594378034737,-23.34429963359597,0.34429963359597,-23.0,0.33194176884304233,1.6739375,1.5626875
/project2/msoleyma_946/speech_health/spanish_neurovoz/zenodo_upload/audios/PD_PIDIO_0058.wav,/scratch1/parwatka/norm_audio/neurovoz_read/PD_PIDIO_0058.wav,58,-19.330045987185592,-20.623086240795708,-2.376913759204293,-23.0,0.26700292130645925,4.392375,1.5626875
/project2/msoleyma_946/speech_health/spanish_neurovoz/zenodo_upload/audios/PD_CARMEN_0058.wav,/scratch1/parwatka/norm_audio/neurovoz_read/PD_CARMEN_0058.wav,58,-20.243613336591512,-19.948530856138674,-3.051469143861325,-23.0,0.23798403916515784,1.9395625,1.5626875
/project2/msoleyma_946/speech_health/spanish_neurovoz/zenodo_upload/audios/PD_ABLANDADA_0066.wav,/scratch1/parwatka/norm_audio/neurovoz_read/PD_ABLANDADA_0066.wav,66,-31.535483754545066,-34.01382000600295,11.013820006002952,-23.000000000000004,0.4178752782197287,3.7844375,1.5626875
/project2/msoleyma_946/speech_health/spanish_neurovoz/zenodo_upload/audios/PD_MANGA_0066.wav,/scratch1/parwatka/norm_audio/neurovoz_read/PD_MANGA_0066.wav,66,-30.10880427010837,-28.450055131625515,5.450055131625517,-22.999999999999996,0.28336910641903845,2.8668125,1.5626875
/project2/msoleyma_946/speech_health/spanish_neurovoz/zenodo_upload/audios/PD_SOMBRA_0066.wav,/scratch1/parwatka/norm_audio/neurovoz_read/PD_SOMBRA_0066.wav,66,-32.506134707211764,-33.615039511219614,10.615039511219614,-22.99999999999999,0.31617239526315033,3.539125,1.5626875
/project2/msoleyma_946/speech_health/spanish_neurovoz/zenodo_upload/audios/PD_CALLE_0066.wav,/scratch1/parwatka/norm_audio/neurovoz_read/PD_CALLE_0066.wav,66,-31.294951525124215,-32.25902816041436,9.25902816041436,-23.000000000000004,0.3258235294851462,2.97125,1.5626875
/project2/msoleyma_946/speech_health/spanish_neurovoz/zenodo_upload/audios/PD_BURRO_0066.wav,/scratch1/parwatka/norm_audio/neurovoz_read/PD_BURRO_0066.wav,66,-32.743188663729825,-31.985398644036078,8.985398644036078,-23.0,0.39685240499726904,3.622375,1.5626875
/project2/msoleyma_946/speech_health/spanish_neurovoz/zenodo_upload/audios/PD_DIABLO_0066.wav,/scratch1/parwatka/norm_audio/neurovoz_read/PD_DIABLO_0066.wav,66,-30.438385191439576,-30.40530603797314,7.405306037973141,-23.000000000000004,0.3675178339257966,3.632375,1.5626875
/project2/msoleyma_946/speech_health/spanish_neurovoz/zenodo_upload/audios/PD_PERRO_0066.wav,/scratch1/parwatka/norm_audio/neurovoz_read/PD_PERRO_0066.wav,66,-32.19154780533068,-33.47584598203947,10.475845982039473,-22.999999999999996,0.5462933618627587,3.0213125,1.5626875
/project2/msoleyma_946/speech_health/spanish_neurovoz/zenodo_upload/audios/PD_BARBAS_0066.wav,/scratch1/parwatka/norm_audio/neurovoz_read/PD_BARBAS_0066.wav,66,-32.3407521365546,-31.575120896200588,8.575120896200588,-23.000000000000004,0.42425501627607015,3.9365,1.5626875
/project2/msoleyma_946/speech_health/spanish_neurovoz/zenodo_upload/audios/PD_PIDIO_0066.wav,/scratch1/parwatka/norm_audio/neurovoz_read/PD_PIDIO_0066.wav,66,-32.72408582660017,-32.904634178603104,9.904634178603104,-22.999999999999996,0.4206129333339708,3.265125,1.5626875
/project2/msoleyma_946/speech_health/spanish_neurovoz/zenodo_upload/audios/PD_TOMAS_0066.wav,/scratch1/parwatka/norm_audio/neurovoz_read/PD_TOMAS_0066.wav,66,-31.01320788123962,-30.95195017529648,7.951950175296483,-22.999999999999996,0.4264630495316448,1.906375,1.5626875
/project2/msoleyma_946/speech_health/spanish_neurovoz/zenodo_upload/audios/PD_GANGA_0066.wav,/scratch1/parwatka/norm_audio/neurovoz_read/PD_GANGA_0066.wav,66,-31.572771252259496,-32.070870472892324,9.070870472892324,-23.0,0.3589549858360669,2.8160625,1.5626875
/project2/msoleyma_946/speech_health/spanish_neurovoz/zenodo_upload/audios/PD_CARMEN_0066.wav,/scratch1/parwatka/norm_audio/neurovoz_read/PD_CARMEN_0066.wav,66,-30.91667904104742,-30.732521709043446,7.732521709043446,-23.000000000000004,0.39213020040870994,2.1324375,1.5626875
/project2/msoleyma_946/speech_health/spanish_neurovoz/zenodo_upload/audios/PD_CARMEN_0067.wav,/scratch1/parwatka/norm_audio/neurovoz_read/PD_CARMEN_0067.wav,67,-39.859666911841536,-39.59129901230364,16.591299012303637,-22.999999999999996,0.263081024925059,1.839375,1.5626875
/project2/msoleyma_946/speech_health/spanish_neurovoz/zenodo_upload/audios/PD_ABLANDADA_0067.wav,/scratch1/parwatka/norm_audio/neurovoz_read/PD_ABLANDADA_0067.wav,67,-40.43304102971435,-40.357853891899424,17.357853891899424,-23.00000000000001,0.3072064193174402,2.9314375,1.5626875
/project2/msoleyma_946/speech_health/spanish_neurovoz/zenodo_upload/audios/PD_MANGA_0067.wav,/scratch1/parwatka/norm_audio/neurovoz_read/PD_MANGA_0067.wav,67,-40.68444004881535,-40.34328777664801,17.343287776648012,-23.000000000000004,0.41136282632798243,2.0128125,1.5626875
/project2/msoleyma_946/speech_health/spanish_neurovoz/zenodo_upload/audios/PD_PIDIO_0067.wav,/scratch1/parwatka/norm_audio/neurovoz_read/PD_PIDIO_0067.wav,67,-39.69368379874489,-39.59663135662863,16.596631356628627,-22.999999999999996,0.3164907072626499,1.6689375,1.5626875
/project2/msoleyma_946/speech_health/spanish_neurovoz/zenodo_upload/audios/PD_PERRO_0067.wav,/scratch1/parwatka/norm_audio/neurovoz_read/PD_PERRO_0067.wav,67,-42.34667048075221,-42.21142796484878,19.21142796484878,-23.0,0.2591411947999862,2.088875,1.5626875
/project2/msoleyma_946/speech_health/spanish_neurovoz/zenodo_upload/audios/PD_TOMAS_0067.wav,/scratch1/parwatka/norm_audio/neurovoz_read/PD_TOMAS_0067.wav,67,-40.53721469702316,-40.45118408466039,17.45118408466039,-23.000000000000004,0.361293157113043,1.665375,1.5626875
/project2/msoleyma_946/speech_health/spanish_neurovoz/zenodo_upload/audios/PD_BARBAS_0067.wav,/scratch1/parwatka/norm_audio/neurovoz_read/PD_BARBAS_0067.wav,67,-40.04322092482426,-39.55092257903902,16.550922579039018,-22.999999999999996,0.3025955096642673,4.5594375,1.5626875
/project2/msoleyma_946/speech_health/spanish_neurovoz/zenodo_upload/audios/PD_SOMBRA_0067.wav,/scratch1/parwatka/norm_audio/neurovoz_read/PD_SOMBRA_0067.wav,67,-40.39548202271786,-40.29651858099057,17.296518580990572,-22.999999999999964,0.706935579680662,3.128875,1.5626875
/project2/msoleyma_946/speech_health/spanish_neurovoz/zenodo_upload/audios/PD_CALLE_0067.wav,/scratch1/parwatka/norm_audio/neurovoz_read/PD_CALLE_0067.wav,67,-41.39856746206999,-44.53429092606293,21.53429092606293,-22.999999999999996,0.42491874758758613,4.5516875,1.5626875
/project2/msoleyma_946/speech_health/spanish_neurovoz/zenodo_upload/audios/PD_GANGA_0067.wav,/scratch1/parwatka/norm_audio/neurovoz_read/PD_GANGA_0067.wav,67,-41.75037057629873,-41.98730011278002,18.98730011278002,-22.999999999999996,0.2913154906392152,2.5323125,1.5626875
/project2/msoleyma_946/speech_health/spanish_neurovoz/zenodo_upload/audios/PD_BURRO_0067.wav,/scratch1/parwatka/norm_audio/neurovoz_read/PD_BURRO_0067.wav,67,-28.323957611494748,-26.135118243316153,3.1351182433161533,-22.999999999999883,0.7965683101631102,4.08675,1.5626875
/project2/msoleyma_946/speech_health/spanish_neurovoz/zenodo_upload/audios/PD_BURRO_0070.wav,/scratch1/parwatka/norm_audio/neurovoz_read/PD_BURRO_0070.wav,70,-36.405021465607376,-36.361656201779525,13.361656201779525,-23.0,0.3354115652494783,1.702125,1.5626875
/project2/msoleyma_946/speech_health/spanish_neurovoz/zenodo_upload/audios/PD_MANGA_0070.wav,/scratch1/parwatka/norm_audio/neurovoz_read/PD_MANGA_0070.wav,70,-34.508017214129815,-33.829176610874214,10.829176610874214,-22.99999999999999,0.32159945921955213,2.024,1.5626875
/project2/msoleyma_946/speech_health/spanish_neurovoz/zenodo_upload/audios/PD_CARMEN_0070.wav,/scratch1/parwatka/norm_audio/neurovoz_read/PD_CARMEN_0070.wav,70,-33.35887164807953,-33.28263729102609,10.282637291026091,-22.999999999999996,0.4262110406457185,1.6293125,1.5626875
/project2/msoleyma_946/speech_health/spanish_neurovoz/zenodo_upload/audios/PD_ABLANDADA_0070.wav,/scratch1/parwatka/norm_audio/neurovoz_read/PD_ABLANDADA_0070.wav,70,-33.80014936574732,-34.82548615495449,11.82548615495449,-23.0,0.4432456346039887,3.5390625,1.5626875
/project2/msoleyma_946/speech_health/spanish_neurovoz/zenodo_upload/audios/PD_CALLE_0070.wav,/scratch1/parwatka/norm_audio/neurovoz_read/PD_CALLE_0070.wav,70,-32.90863606696169,-33.08862724686657,10.088627246866572,-23.0,0.41389896330682663,2.423375,1.5626875
/project2/msoleyma_946/speech_health/spanish_neurovoz/zenodo_upload/audios/PD_TOMAS_0070.wav,/scratch1/parwatka/norm_audio/neurovoz_read/PD_TOMAS_0070.wav,70,-33.93195567517507,-33.79313943335727,10.793139433357268,-23.0,0.3834474791569504,1.7064375,1.5626875
/project2/msoleyma_946/speech_health/spanish_neurovoz/zenodo_upload/audios/PD_DIABLO_0070.wav,/scratch1/parwatka/norm_audio/neurovoz_read/PD_DIABLO_0070.wav,70,-34.657204640569574,-35.01923993835183,12.01923993835183,-23.0,0.43352907368333427,3.7020625,1.5626875
/project2/msoleyma_946/speech_health/spanish_neurovoz/zenodo_upload/audios/PD_SOMBRA_0070.wav,/scratch1/parwatka/norm_audio/neurovoz_read/PD_SOMBRA_0070.wav,70,-32.87308829657425,-33.32580770427424,10.32580770427424,-23.0,0.3109287667824787,3.6840625,1.5626875
/project2/msoleyma_946/speech_health/spanish_neurovoz/zenodo_upload/audios/PD_BARBAS_0070.wav,/scratch1/parwatka/norm_audio/neurovoz_read/PD_BARBAS_0070.wav,70,-35.12385332157284,-35.75808736688143,12.758087366881433,-22.999999999999996,0.3412833018748914,3.9774375,1.5626875
/project2/msoleyma_946/speech_health/spanish_neurovoz/zenodo_upload/audios/PD_PIDIO_0070.wav,/scratch1/parwatka/norm_audio/neurovoz_read/PD_PIDIO_0070.wav,70,-32.627158736800006,-32.47186269801572,9.471862698015718,-23.0,0.36573407739017805,3.1878125,1.5626875
/project2/msoleyma_946/speech_health/spanish_neurovoz/zenodo_upload/audios/PD_PERRO_0070.wav,/scratch1/parwatka/norm_audio/neurovoz_read/PD_PERRO_0070.wav,70,-32.40984233972781,-32.1403216398701,9.140321639870102,-23.0,0.400968267609423,2.62375,1.5626875
/project2/msoleyma_946/speech_health/spanish_neurovoz/zenodo_upload/audios/PD_GANGA_0070.wav,/scratch1/parwatka/norm_audio/neurovoz_read/PD_GANGA_0070.wav,70,-36.27944858639704,-36.14981859969842,13.14981859969842,-22.999999999999996,0.38011348810961215,3.2508125,1.5626875
/project2/msoleyma_946/speech_health/spanish_neurovoz/zenodo_upload/audios/PD_MANGA_0077.wav,/scratch1/parwatka/norm_audio/neurovoz_read/PD_MANGA_0077.wav,77,-30.422566563576574,-30.32464448578931,7.3246444857893085,-23.000000000000004,0.30246409559219023,2.2714375,1.5626875
/project2/msoleyma_946/speech_health/spanish_neurovoz/zenodo_upload/audios/PD_BARBAS_0077.wav,/scratch1/parwatka/norm_audio/neurovoz_read/PD_BARBAS_0077.wav,77,-35.10694419760898,-33.850983655359975,10.850983655359975,-22.999999999999996,0.3348917169438505,3.5143125,1.5626875
/project2/msoleyma_946/speech_health/spanish_neurovoz/zenodo_upload/audios/PD_ABLANDADA_0077.wav,/scratch1/parwatka/norm_audio/neurovoz_read/PD_ABLANDADA_0077.wav,77,-30.982569802999997,-30.696431021593977,7.696431021593976,-23.000000000000004,0.41558538530272554,2.5544375,1.5626875
/project2/msoleyma_946/speech_health/spanish_neurovoz/zenodo_upload/audios/PD_GANGA_0077.wav,/scratch1/parwatka/norm_audio/neurovoz_read/PD_GANGA_0077.wav,77,-34.47398841049838,-33.938829103707704,10.938829103707704,-22.999999999999986,0.3517121701570938,2.596625,1.5626875
/project2/msoleyma_946/speech_health/spanish_neurovoz/zenodo_upload/audios/PD_SOMBRA_0077.wav,/scratch1/parwatka/norm_audio/neurovoz_read/PD_SOMBRA_0077.wav,77,-30.9594765028758,-31.08936558356733,8.089365583567329,-23.000000000000004,0.3847883867365883,3.2020625,1.5626875
/project2/msoleyma_946/speech_health/spanish_neurovoz/zenodo_upload/audios/PD_PERRO_0077.wav,/scratch1/parwatka/norm_audio/neurovoz_read/PD_PERRO_0077.wav,77,-34.09136848191885,-33.17832288811984,10.178322888119837,-22.99999999999999,0.36894209075558665,2.227125,1.5626875
/project2/msoleyma_946/speech_health/spanish_neurovoz/zenodo_upload/audios/PD_BURRO_0077.wav,/scratch1/parwatka/norm_audio/neurovoz_read/PD_BURRO_0077.wav,77,-32.15201022244171,-31.167598204386206,8.167598204386206,-22.999999999999996,0.3701910619233497,2.6935625,1.5626875
/project2/msoleyma_946/speech_health/spanish_neurovoz/zenodo_upload/audios/PD_PIDIO_0077.wav,/scratch1/parwatka/norm_audio/neurovoz_read/PD_PIDIO_0077.wav,77,-35.70726670105289,-35.540784953081705,12.540784953081705,-23.00000000000001,0.40891766521999384,2.6925625,1.5626875
/project2/msoleyma_946/speech_health/spanish_neurovoz/zenodo_upload/audios/PD_DIABLO_0077.wav,/scratch1/parwatka/norm_audio/neurovoz_read/PD_DIABLO_0077.wav,77,-30.01495231514555,-29.892902267937696,6.892902267937695,-22.99999999999999,0.488226265412095,3.5136875,1.5626875
/project2/msoleyma_946/speech_health/spanish_neurovoz/zenodo_upload/audios/PD_CARMEN_0077.wav,/scratch1/parwatka/norm_audio/neurovoz_read/PD_CARMEN_0077.wav,77,-29.500944899128864,-29.376626469239852,6.376626469239852,-23.0,0.3954769502282103,1.662375,1.5626875
/project2/msoleyma_946/speech_health/spanish_neurovoz/zenodo_upload/audios/PD_CALLE_0077.wav,/scratch1/parwatka/norm_audio/neurovoz_read/PD_CALLE_0077.wav,77,-31.99680555242568,-34.855548269343075,11.855548269343075,-22.999999999999986,0.5376843090432623,3.1491875,1.5626875
/project2/msoleyma_946/speech_health/spanish_neurovoz/zenodo_upload/audios/PD_DIABLO_0078.wav,/scratch1/parwatka/norm_audio/neurovoz_read/PD_DIABLO_0078.wav,78,-45.04602764646849,-46.54849315379188,23.54849315379188,-23.0,0.4154868449461691,4.8713125,1.5626875
/project2/msoleyma_946/speech_health/spanish_neurovoz/zenodo_upload/audios/PD_ABLANDADA_0078.wav,/scratch1/parwatka/norm_audio/neurovoz_read/PD_ABLANDADA_0078.wav,78,-41.95612846168895,-41.74990908195005,18.74990908195005,-22.999999999999996,0.4068843081092923,2.8576875,1.5626875
/project2/msoleyma_946/speech_health/spanish_neurovoz/zenodo_upload/audios/PD_CARMEN_0078.wav,/scratch1/parwatka/norm_audio/neurovoz_read/PD_CARMEN_0078.wav,78,-37.787469377660166,-37.775239687111636,14.775239687111636,-23.000000000000004,0.34862387950835927,1.886,1.5626875
/project2/msoleyma_946/speech_health/spanish_neurovoz/zenodo_upload/audios/PD_CALLE_0078.wav,/scratch1/parwatka/norm_audio/neurovoz_read/PD_CALLE_0078.wav,78,-43.32510869512373,-43.24584947648137,20.245849476481368,-22.999999999999996,0.3701678525644059,2.958125,1.5626875
/project2/msoleyma_946/speech_health/spanish_neurovoz/zenodo_upload/audios/PD_PIDIO_0078.wav,/scratch1/parwatka/norm_audio/neurovoz_read/PD_PIDIO_0078.wav,78,-43.71623683466134,-42.90821164557114,19.908211645571143,-23.0,0.3276716387697791,2.9793125,1.5626875
/project2/msoleyma_946/speech_health/spanish_neurovoz/zenodo_upload/audios/PD_PERRO_0078.wav,/scratch1/parwatka/norm_audio/neurovoz_read/PD_PERRO_0078.wav,78,-43.37910458884589,-43.10730322219926,20.107303222199263,-22.99999999999999,0.32996133236969016,2.484125,1.5626875
/project2/msoleyma_946/speech_health/spanish_neurovoz/zenodo_upload/audios/PD_BURRO_0078.wav,/scratch1/parwatka/norm_audio/neurovoz_read/PD_BURRO_0078.wav,78,-43.75164872534194,-42.52374077679114,19.523740776791144,-22.999999999999996,0.3319644651568206,3.3436875,1.5626875
/project2/msoleyma_946/speech_health/spanish_neurovoz/zenodo_upload/audios/PD_MANGA_0078.wav,/scratch1/parwatka/norm_audio/neurovoz_read/PD_MANGA_0078.wav,78,-40.4426890914685,-40.66881324739269,17.66881324739269,-22.99999999999999,0.3415071423952426,2.465375,1.5626875
/project2/msoleyma_946/speech_health/spanish_neurovoz/zenodo_upload/audios/PD_GANGA_0078.wav,/scratch1/parwatka/norm_audio/neurovoz_read/PD_GANGA_0078.wav,78,-42.02129840893446,-41.29564872221671,18.29564872221671,-22.99999999999999,0.33676445092938656,2.8793125,1.5626875
/project2/msoleyma_946/speech_health/spanish_neurovoz/zenodo_upload/audios/PD_SOMBRA_0078.wav,/scratch1/parwatka/norm_audio/neurovoz_read/PD_SOMBRA_0078.wav,78,-44.347681469218514,-44.9960910807796,21.9960910807796,-23.0,0.41140334850806515,3.4546875,1.5626875
/project2/msoleyma_946/speech_health/spanish_neurovoz/zenodo_upload/audios/PD_BARBAS_0078.wav,/scratch1/parwatka/norm_audio/neurovoz_read/PD_BARBAS_0078.wav,78,-44.46903186592374,-45.60756560093253,22.60756560093253,-22.999999999999986,0.38913241928000686,4.14975,1.5626875
/project2/msoleyma_946/speech_health/spanish_neurovoz/zenodo_upload/audios/PD_PIDIO_0079.wav,/scratch1/parwatka/norm_audio/neurovoz_read/PD_PIDIO_0079.wav,79,-29.065860319546655,-30.81919302760501,7.819193027605012,-22.999999999999996,0.2828913406292077,3.7565,1.5626875
/project2/msoleyma_946/speech_health/spanish_neurovoz/zenodo_upload/audios/PD_PERRO_0079.wav,/scratch1/parwatka/norm_audio/neurovoz_read/PD_PERRO_0079.wav,79,-26.185387388994236,-27.520831239624787,4.520831239624787,-23.0,0.41790916822147656,2.85675,1.5626875
/project2/msoleyma_946/speech_health/spanish_neurovoz/zenodo_upload/audios/PD_BARBAS_0079.wav,/scratch1/parwatka/norm_audio/neurovoz_read/PD_BARBAS_0079.wav,79,-26.73158778357546,-27.619455236540762,4.619455236540762,-23.0,0.2562592747904854,4.4975,1.5626875
/project2/msoleyma_946/speech_health/spanish_neurovoz/zenodo_upload/audios/PD_GANGA_0079.wav,/scratch1/parwatka/norm_audio/neurovoz_read/PD_GANGA_0079.wav,79,-31.659344767456062,-31.477922018019644,8.477922018019644,-23.0,0.23571920699759155,2.341125,1.5626875
/project2/msoleyma_946/speech_health/spanish_neurovoz/zenodo_upload/audios/PD_MANGA_0079.wav,/scratch1/parwatka/norm_audio/neurovoz_read/PD_MANGA_0079.wav,79,-30.737109919911585,-29.66317465460581,6.663174654605811,-22.999999999999996,0.2511117101443069,2.7864375,1.5626875
/project2/msoleyma_946/speech_health/spanish_neurovoz/zenodo_upload/audios/PD_CALLE_0079.wav,/scratch1/parwatka/norm_audio/neurovoz_read/PD_CALLE_0079.wav,79,-28.601300107703697,-28.390954762748446,5.390954762748446,-23.0,0.2858795313117524,2.5898125,1.5626875
/project2/msoleyma_946/speech_health/spanish_neurovoz/zenodo_upload/audios/PD_TOMAS_0079.wav,/scratch1/parwatka/norm_audio/neurovoz_read/PD_TOMAS_0079.wav,79,-30.60888122921173,-29.44084546981587,6.440845469815869,-23.000000000000004,0.30752773537278477,2.0625625,1.5626875
/project2/msoleyma_946/speech_health/spanish_neurovoz/zenodo_upload/audios/PD_ABLANDADA_0079.wav,/scratch1/parwatka/norm_audio/neurovoz_read/PD_ABLANDADA_0079.wav,79,-32.31354948226714,-31.854500845220304,8.854500845220306,-23.0,0.2561248854823514,2.4866875,1.5626875
/project2/msoleyma_946/speech_health/spanish_neurovoz/zenodo_upload/audios/PD_SOMBRA_0079.wav,/scratch1/parwatka/norm_audio/neurovoz_read/PD_SOMBRA_0079.wav,79,-29.909890805345253,-29.21739158266511,6.217391582665108,-23.0,0.22279336611373973,2.971125,1.5626875
/project2/msoleyma_946/speech_health/spanish_neurovoz/zenodo_upload/audios/PD_CARMEN_0079.wav,/scratch1/parwatka/norm_audio/neurovoz_read/PD_CARMEN_0079.wav,79,-26.853069141067337,-26.88590266892518,3.88590266892518,-23.000000000000004,0.3784366057883007,1.8424375,1.5626875
/project2/msoleyma_946/speech_health/spanish_neurovoz/zenodo_upload/audios/PD_DIABLO_0079.wav,/scratch1/parwatka/norm_audio/neurovoz_read/PD_DIABLO_0079.wav,79,-29.156701125683792,-28.578520836068904,5.578520836068904,-22.999999999999996,0.29984535517651884,3.2619375,1.5626875
/project2/msoleyma_946/speech_health/spanish_neurovoz/zenodo_upload/audios/PD_BURRO_0079.wav,/scratch1/parwatka/norm_audio/neurovoz_read/PD_BURRO_0079.wav,79,-28.01883753160198,-26.802979394436232,3.8029793944362322,-23.0,0.2912042700244717,2.9293125,1.5626875
/project2/msoleyma_946/speech_health/spanish_neurovoz/zenodo_upload/audios/PD_CARMEN_0109.wav,/scratch1/parwatka/norm_audio/neurovoz_read/PD_CARMEN_0109.wav,109,-36.91704915401621,-37.18885387589377,14.18885387589377,-23.00000000000001,0.34118009722929443,1.801375,1.5626875
/project2/msoleyma_946/speech_health/spanish_neurovoz/zenodo_upload/audios/PD_SOMBRA_0109.wav,/scratch1/parwatka/norm_audio/neurovoz_read/PD_SOMBRA_0109.wav,109,-37.777407125693216,-39.7124139753505,16.7124139753505,-23.000000000000004,0.6431127648859379,4.264125,1.5626875
/project2/msoleyma_946/speech_health/spanish_neurovoz/zenodo_upload/audios/PD_CALLE_0109.wav,/scratch1/parwatka/norm_audio/neurovoz_read/PD_CALLE_0109.wav,109,-37.094754107511854,-38.80547452537174,15.805474525371743,-22.99999999999999,0.7678720299783854,3.2549375,1.5626875
/project2/msoleyma_946/speech_health/spanish_neurovoz/zenodo_upload/audios/PD_DIABLO_0109.wav,/scratch1/parwatka/norm_audio/neurovoz_read/PD_DIABLO_0109.wav,109,-36.75326803763466,-37.5112031035713,14.511203103571297,-22.99999999999999,0.5989434789432156,3.055625,1.5626875
/project2/msoleyma_946/speech_health/spanish_neurovoz/zenodo_upload/audios/PD_TOMAS_0109.wav,/scratch1/parwatka/norm_audio/neurovoz_read/PD_TOMAS_0109.wav,109,-35.28099776257372,-34.392743863397996,11.392743863397996,-22.99999999999999,0.46076614963851864,2.6690625,1.5626875
/project2/msoleyma_946/speech_health/spanish_neurovoz/zenodo_upload/audios/PD_PIDIO_0109.wav,/scratch1/parwatka/norm_audio/neurovoz_read/PD_PIDIO_0109.wav,109,-37.94452374661306,-37.31700711528207,14.317007115282067,-22.99999999999999,0.4116973079266353,5.1364375,1.5626875
/project2/msoleyma_946/speech_health/spanish_neurovoz/zenodo_upload/audios/PD_BURRO_0109.wav,/scratch1/parwatka/norm_audio/neurovoz_read/PD_BURRO_0109.wav,109,-35.77684474029681,-37.54911542918636,14.549115429186358,-22.999999999999996,0.5295057328536378,2.7864375,1.5626875
/project2/msoleyma_946/speech_health/spanish_neurovoz/zenodo_upload/audios/PD_BARBAS_0109.wav,/scratch1/parwatka/norm_audio/neurovoz_read/PD_BARBAS_0109.wav,109,-37.31107804153902,-37.37589972921266,14.375899729212662,-22.99999999999999,0.5393018404487372,4.3325625,1.5626875
/project2/msoleyma_946/speech_health/spanish_neurovoz/zenodo_upload/audios/PD_MANGA_0109.wav,/scratch1/parwatka/norm_audio/neurovoz_read/PD_MANGA_0109.wav,109,-34.60792746458742,-35.67613741475133,12.67613741475133,-22.99999999999999,0.5425917836935968,3.04075,1.5626875
/project2/msoleyma_946/speech_health/spanish_neurovoz/zenodo_upload/audios/PD_ABLANDADA_0109.wav,/scratch1/parwatka/norm_audio/neurovoz_read/PD_ABLANDADA_0109.wav,109,-37.72052660956343,-38.94223322889789,15.94223322889789,-22.99999999999999,0.6989326336671848,4.644,1.5626875
/project2/msoleyma_946/speech_health/spanish_neurovoz/zenodo_upload/audios/PD_GANGA_0109.wav,/scratch1/parwatka/norm_audio/neurovoz_read/PD_GANGA_0109.wav,109,-39.70638485538941,-40.771114379770324,17.771114379770324,-22.99999999999999,0.5458653687400933,4.365375,1.5626875
/project2/msoleyma_946/speech_health/spanish_neurovoz/zenodo_upload/audios/PD_PERRO_0109.wav,/scratch1/parwatka/norm_audio/neurovoz_read/PD_PERRO_0109.wav,109,-38.492451659017725,-40.152619819435365,17.152619819435365,-23.000000000000004,0.7234742886952127,2.4411875,1.5626875
/project2/msoleyma_946/speech_health/spanish_neurovoz/zenodo_upload/audios/PD_TOMAS_0111.wav,/scratch1/parwatka/norm_audio/neurovoz_read/PD_TOMAS_0111.wav,111,-35.8587828168359,-35.38343786802833,12.38343786802833,-22.99999999999999,0.42161689239643907,2.493125,1.5626875
/project2/msoleyma_946/speech_health/spanish_neurovoz/zenodo_upload/audios/PD_SOMBRA_0111.wav,/scratch1/parwatka/norm_audio/neurovoz_read/PD_SOMBRA_0111.wav,111,-33.828241763778315,-35.14877190413516,12.14877190413516,-22.99999999999999,0.5242756946508461,4.705125,1.5626875
/project2/msoleyma_946/speech_health/spanish_neurovoz/zenodo_upload/audios/PD_CALLE_0111.wav,/scratch1/parwatka/norm_audio/neurovoz_read/PD_CALLE_0111.wav,111,-34.205378509652135,-35.70160200875769,12.701602008757689,-23.0,0.4939772229769531,3.7905625,1.5626875
/project2/msoleyma_946/speech_health/spanish_neurovoz/zenodo_upload/audios/PD_BARBAS_0111.wav,/scratch1/parwatka/norm_audio/neurovoz_read/PD_BARBAS_0111.wav,111,-35.91332933636092,-38.41770352948684,15.417703529486843,-22.99999999999999,0.3583720110324682,4.6115625,1.5626875
/project2/msoleyma_946/speech_health/spanish_neurovoz/zenodo_upload/audios/PD_PIDIO_0111.wav,/scratch1/parwatka/norm_audio/neurovoz_read/PD_PIDIO_0111.wav,111,-35.74519291642842,-34.37918671257569,11.379186712575688,-22.99999999999999,0.45505844846153026,4.5329375,1.5626875
/project2/msoleyma_946/speech_health/spanish_neurovoz/zenodo_upload/audios/PD_CARMEN_0111.wav,/scratch1/parwatka/norm_audio/neurovoz_read/PD_CARMEN_0111.wav,111,-34.96900334533781,-37.15022269825212,14.150222698252122,-23.0,0.4021055673358791,2.7954375,1.5626875
/project2/msoleyma_946/speech_health/spanish_neurovoz/zenodo_upload/audios/PD_DIABLO_0111.wav,/scratch1/parwatka/norm_audio/neurovoz_read/PD_DIABLO_0111.wav,111,-35.551016361338206,-39.32294917983234,16.322949179832342,-23.00000000000001,0.4069396199801717,4.0688125,1.5626875
/project2/msoleyma_946/speech_health/spanish_neurovoz/zenodo_upload/audios/PD_BURRO_0111.wav,/scratch1/parwatka/norm_audio/neurovoz_read/PD_BURRO_0111.wav,111,-33.69328330265798,-33.682361426091425,10.682361426091425,-23.000000000000004,0.30092568963601724,2.7199375,1.5626875
/project2/msoleyma_946/speech_health/spanish_neurovoz/zenodo_upload/audios/PD_ABLANDADA_0111.wav,/scratch1/parwatka/norm_audio/neurovoz_read/PD_ABLANDADA_0111.wav,111,-38.44034182593651,-36.72459771045757,13.724597710457573,-23.000000000000004,0.3377057578909476,4.8298125,1.5626875
/project2/msoleyma_946/speech_health/spanish_neurovoz/zenodo_upload/audios/PD_MANGA_0111.wav,/scratch1/parwatka/norm_audio/neurovoz_read/PD_MANGA_0111.wav,111,-35.02786175189242,-34.759459686562735,11.759459686562735,-22.99999999999999,0.3953474855460657,2.317375,1.5626875
/project2/msoleyma_946/speech_health/spanish_neurovoz/zenodo_upload/audios/PD_PERRO_0111.wav,/scratch1/parwatka/norm_audio/neurovoz_read/PD_PERRO_0111.wav,111,-32.8693049555259,-32.22366670312597,9.223666703125971,-22.99999999999999,0.4818958973833735,3.80175,1.5626875
/project2/msoleyma_946/speech_health/spanish_neurovoz/zenodo_upload/audios/PD_PIDIO_0113.wav,/scratch1/parwatka/norm_audio/neurovoz_read/PD_PIDIO_0113.wav,113,-35.38204740928426,-35.71022671314261,12.71022671314261,-23.0,0.6092287495986747,4.59375,1.5626875
/project2/msoleyma_946/speech_health/spanish_neurovoz/zenodo_upload/audios/PD_CALLE_0113.wav,/scratch1/parwatka/norm_audio/neurovoz_read/PD_CALLE_0113.wav,113,-33.456372941040534,-35.58317377600423,12.58317377600423,-22.999999999999996,0.8671296289016653,4.5173125,1.5626875
/project2/msoleyma_946/speech_health/spanish_neurovoz/zenodo_upload/audios/PD_PERRO_0113.wav,/scratch1/parwatka/norm_audio/neurovoz_read/PD_PERRO_0113.wav,113,-33.458519552334764,-32.15208231624961,9.15208231624961,-22.999999999999996,0.5286888391670309,3.8655,1.5626875
/project2/msoleyma_946/speech_health/spanish_neurovoz/zenodo_upload/audios/PD_CARMEN_0113.wav,/scratch1/parwatka/norm_audio/neurovoz_read/PD_CARMEN_0113.wav,113,-43.644448222754356,-43.83517466359267,20.835174663592667,-23.0,0.44185197372546253,2.18,1.5626875
/project2/msoleyma_946/speech_health/spanish_neurovoz/zenodo_upload/audios/PD_BARBAS_0113.wav,/scratch1/parwatka/norm_audio/neurovoz_read/PD_BARBAS_0113.wav,113,-35.95232925181361,-34.8779342491979,11.877934249197896,-23.0,0.4157012443728653,5.0199375,1.5626875
/project2/msoleyma_946/speech_health/spanish_neurovoz/zenodo_upload/audios/PD_GANGA_0113.wav,/scratch1/parwatka/norm_audio/neurovoz_read/PD_GANGA_0113.wav,113,-47.96641886836878,-47.341318771448385,24.341318771448385,-23.0,0.43299238115738004,2.245,1.5626875
/project2/msoleyma_946/speech_health/spanish_neurovoz/zenodo_upload/audios/PD_MANGA_0113.wav,/scratch1/parwatka/norm_audio/neurovoz_read/PD_MANGA_0113.wav,113,-43.919540026357076,-43.58668701559722,20.58668701559722,-22.999999999999986,0.46358021782683917,2.027875,1.5626875
/project2/msoleyma_946/speech_health/spanish_neurovoz/zenodo_upload/audios/PD_DIABLO_0113.wav,/scratch1/parwatka/norm_audio/neurovoz_read/PD_DIABLO_0113.wav,113,-35.16357791129821,-38.1064997854988,15.106499785498798,-23.0,0.6105027766963932,3.587625,1.5626875
/project2/msoleyma_946/speech_health/spanish_neurovoz/zenodo_upload/audios/PD_SOMBRA_0113.wav,/scratch1/parwatka/norm_audio/neurovoz_read/PD_SOMBRA_0113.wav,113,-34.2668290066666,-35.36818103439184,12.368181034391839,-23.0,0.5952334037936395,4.8425625,1.5626875
/project2/msoleyma_946/speech_health/spanish_neurovoz/zenodo_upload/audios/PD_BURRO_0113.wav,/scratch1/parwatka/norm_audio/neurovoz_read/PD_BURRO_0113.wav,113,-33.3730361846389,-34.67375666800221,11.673756668002211,-22.99999999999999,0.6646438025395722,3.373,1.5626875
/project2/msoleyma_946/speech_health/spanish_neurovoz/zenodo_upload/audios/PD_ABLANDADA_0113.wav,/scratch1/parwatka/norm_audio/neurovoz_read/PD_ABLANDADA_0113.wav,113,-46.43657930811419,-47.29299533632762,24.29299533632762,-22.99999999999999,0.5895371187151974,3.499375,1.5626875
/project2/msoleyma_946/speech_health/spanish_neurovoz/zenodo_upload/audios/PD_TOMAS_0113.wav,/scratch1/parwatka/norm_audio/neurovoz_read/PD_TOMAS_0113.wav,113,-43.7635162596312,-42.85864925339276,19.858649253392763,-22.999999999999996,0.3723474790603844,2.55975,1.5626875
/project2/msoleyma_946/speech_health/spanish_neurovoz/zenodo_upload/audios/PD_GANGA_0115.wav,/scratch1/parwatka/norm_audio/neurovoz_read/PD_GANGA_0115.wav,115,-33.04028134473811,-33.07834366056663,10.078343660566631,-22.999999999999986,0.31297514874180743,2.7878125,1.5626875
/project2/msoleyma_946/speech_health/spanish_neurovoz/zenodo_upload/audios/PD_PIDIO_0115.wav,/scratch1/parwatka/norm_audio/neurovoz_read/PD_PIDIO_0115.wav,115,-30.087433732165028,-30.75509236201572,7.75509236201572,-23.0,0.35235009395331685,3.2864375,1.5626875
/project2/msoleyma_946/speech_health/spanish_neurovoz/zenodo_upload/audios/PD_SOMBRA_0115.wav,/scratch1/parwatka/norm_audio/neurovoz_read/PD_SOMBRA_0115.wav,115,-32.31288188634393,-33.27733654326335,10.277336543263353,-23.000000000000004,0.3018372248909439,3.2385,1.5626875
/project2/msoleyma_946/speech_health/spanish_neurovoz/zenodo_upload/audios/PD_ABLANDADA_0115.wav,/scratch1/parwatka/norm_audio/neurovoz_read/PD_ABLANDADA_0115.wav,115,-30.906201652753104,-31.158056755058954,8.158056755058954,-23.000000000000018,0.7416794383814223,3.622375,1.5626875
/project2/msoleyma_946/speech_health/spanish_neurovoz/zenodo_upload/audios/PD_MANGA_0115.wav,/scratch1/parwatka/norm_audio/neurovoz_read/PD_MANGA_0115.wav,115,-31.34156206713784,-29.900543023194675,6.900543023194675,-23.0,0.30441295260906626,2.7329375,1.5626875
/project2/msoleyma_946/speech_health/spanish_neurovoz/zenodo_upload/audios/PD_BARBAS_0115.wav,/scratch1/parwatka/norm_audio/neurovoz_read/PD_BARBAS_0115.wav,115,-27.160781508365258,-28.23848515913559,5.238485159135589,-23.000000000000004,0.30440317844952436,4.128375,1.5626875
/project2/msoleyma_946/speech_health/spanish_neurovoz/zenodo_upload/audios/PD_PERRO_0115.wav,/scratch1/parwatka/norm_audio/neurovoz_read/PD_PERRO_0115.wav,115,-29.62171708571595,-30.067136699346417,7.067136699346417,-23.0,0.36715225054776207,2.383125,1.5626875
/project2/msoleyma_946/speech_health/spanish_neurovoz/zenodo_upload/audios/PD_DIABLO_0115.wav,/scratch1/parwatka/norm_audio/neurovoz_read/PD_DIABLO_0115.wav,115,-27.76583067937558,-28.17354290687575,5.173542906875749,-23.000000000000004,0.30309304449716584,3.7434375,1.5626875
/project2/msoleyma_946/speech_health/spanish_neurovoz/zenodo_upload/audios/PD_CALLE_0115.wav,/scratch1/parwatka/norm_audio/neurovoz_read/PD_CALLE_0115.wav,115,-28.85598544623263,-29.690928285542363,6.690928285542361,-23.000000000000004,0.3600411277756081,2.83875,1.5626875
/project2/msoleyma_946/speech_health/spanish_neurovoz/zenodo_upload/audios/PD_TOMAS_0115.wav,/scratch1/parwatka/norm_audio/neurovoz_read/PD_TOMAS_0115.wav,115,-33.37520944921014,-32.31739779356237,9.31739779356237,-23.0,0.35062822684858674,2.9385625,1.5626875
/project2/msoleyma_946/speech_health/spanish_neurovoz/zenodo_upload/audios/PD_CARMEN_0115.wav,/scratch1/parwatka/norm_audio/neurovoz_read/PD_CARMEN_0115.wav,115,-31.040043790231998,-31.26073111558685,8.260731115586852,-23.00000000000001,0.3540050855797952,2.4149375,1.5626875
/project2/msoleyma_946/speech_health/spanish_neurovoz/zenodo_upload/audios/PD_BURRO_0115.wav,/scratch1/parwatka/norm_audio/neurovoz_read/PD_BURRO_0115.wav,115,-26.18140939828231,-27.32422037008092,4.324220370080918,-23.0,0.36496180967990727,2.6935625,1.5626875
/project2/msoleyma_946/speech_health/spanish_neurovoz/zenodo_upload/audios/PD_GANGA_0117.wav,/scratch1/parwatka/norm_audio/neurovoz_read/PD_GANGA_0117.wav,117,-37.82968096839365,-37.520015876428346,14.520015876428346,-23.0,0.34001475365487444,2.043375,1.5626875
/project2/msoleyma_946/speech_health/spanish_neurovoz/zenodo_upload/audios/PD_TOMAS_0117.wav,/scratch1/parwatka/norm_audio/neurovoz_read/PD_TOMAS_0117.wav,117,-38.377785888349514,-38.20710681931464,15.207106819314639,-23.0,0.3421520796315102,2.229125,1.5626875
/project2/msoleyma_946/speech_health/spanish_neurovoz/zenodo_upload/audios/PD_BARBAS_0117.wav,/scratch1/parwatka/norm_audio/neurovoz_read/PD_BARBAS_0117.wav,117,-33.50233462542019,-36.84147048171896,13.841470481718957,-22.99999999999998,0.499660318271859,4.2465625,1.5626875
/project2/msoleyma_946/speech_health/spanish_neurovoz/zenodo_upload/audios/PD_PIDIO_0117.wav,/scratch1/parwatka/norm_audio/neurovoz_read/PD_PIDIO_0117.wav,117,-32.40634685568976,-31.225601280443772,8.225601280443772,-22.999999999999986,0.630754593805938,2.602,1.5626875
/project2/msoleyma_946/speech_health/spanish_neurovoz/zenodo_upload/audios/PD_CALLE_0117.wav,/scratch1/parwatka/norm_audio/neurovoz_read/PD_CALLE_0117.wav,117,-34.27710044331974,-33.95035740434103,10.950357404341027,-23.0,0.4131227174657794,2.4480625,1.5626875
/project2/msoleyma_946/speech_health/spanish_neurovoz/zenodo_upload/audios/PD_ABLANDADA_0117.wav,/scratch1/parwatka/norm_audio/neurovoz_read/PD_ABLANDADA_0117.wav,117,-36.51960090989861,-35.43791910641161,12.437919106411613,-22.99999999999999,0.28610019644440404,2.322,1.5626875
/project2/msoleyma_946/speech_health/spanish_neurovoz/zenodo_upload/audios/PD_CARMEN_0117.wav,/scratch1/parwatka/norm_audio/neurovoz_read/PD_CARMEN_0117.wav,117,-35.55946299821315,-34.43770577768142,11.437705777681423,-23.000000000000004,0.31314047565759767,2.322,1.5626875
/project2/msoleyma_946/speech_health/spanish_neurovoz/zenodo_upload/audios/PD_PERRO_0117.wav,/scratch1/parwatka/norm_audio/neurovoz_read/PD_PERRO_0117.wav,117,-33.86036701312476,-33.38164595700472,10.381645957004721,-23.00000000000001,0.7605182995949179,2.4125,1.5626875
/project2/msoleyma_946/speech_health/spanish_neurovoz/zenodo_upload/audios/PD_MANGA_0117.wav,/scratch1/parwatka/norm_audio/neurovoz_read/PD_MANGA_0117.wav,117,-35.666862192222546,-35.115676471200004,12.115676471200004,-22.999999999999996,0.3326607593420946,1.9430625,1.5626875
/project2/msoleyma_946/speech_health/spanish_neurovoz/zenodo_upload/audios/PD_BURRO_0117.wav,/scratch1/parwatka/norm_audio/neurovoz_read/PD_BURRO_0117.wav,117,-31.783453026559727,-36.93808447520251,13.938084475202508,-22.999999999999996,0.5057501599775919,2.322,1.5626875
/project2/msoleyma_946/speech_health/spanish_neurovoz/zenodo_upload/audios/PD_DIABLO_0117.wav,/scratch1/parwatka/norm_audio/neurovoz_read/PD_DIABLO_0117.wav,117,-34.8299801627487,-34.48888800659117,11.488888006591168,-22.999999999999996,0.4387473435284277,3.0664375,1.5626875
/project2/msoleyma_946/speech_health/spanish_neurovoz/zenodo_upload/audios/PD_SOMBRA_0117.wav,/scratch1/parwatka/norm_audio/neurovoz_read/PD_SOMBRA_0117.wav,117,-33.597919355607495,-34.056317684729585,11.056317684729585,-22.999999999999996,0.44919497357076177,2.8465625,1.5626875
