key,seg,speaker_id,arm,p_yes_text,mass_text,p_yes_audio,mass_audio
conflict_301_c000010,c000010,301,conflict,0.991149638204006,0.9760546637699008,0.9777128777452612,0.9984563998878002
conflict_301_c000015,c000015,301,conflict,0.9990375104530748,0.9937833851436152,0.9996229271082802,0.9998312095121946
conflict_302_c000036,c000036,302,conflict,0.0399383463489076,0.9933519177138804,0.999116880144822,0.9996974951354788
conflict_302_c000040,c000040,302,conflict,0.9872758075921818,0.97098418045789,0.9991895577572244,0.999784411978908
conflict_303_c000064,c000064,303,conflict,0.9724124551457152,0.9855699762701988,0.9873739139683908,0.9985779728740454
conflict_306_c000146,c000146,306,conflict,0.9930416384681396,0.994417801965028,0.9992444430337712,0.999718819744885
conflict_306_c000148,c000148,306,conflict,0.9989594639264994,0.9972477705450729,0.982556231895452,0.9977362975478172
conflict_306_c000149,c000149,306,conflict,0.9986004721734886,0.9974829602288082,0.9983254083558069,0.9996171133825557
conflict_307_c000157,c000157,307,conflict,0.9947795375127164,0.9879194949753582,0.980128740310934,0.9977057911455632
conflict_307_c000159,c000159,307,conflict,0.9704620831487888,0.9528459403663874,0.9629499190241486,0.9976592175662518
conflict_307_c000162,c000162,307,conflict,0.9453921623675172,0.8585561029613018,0.5311883275694134,0.98016819357872
conflict_307_c000176,c000176,307,conflict,0.972828693538532,0.9932411182671784,0.9918114414720136,0.998693329282105
conflict_308_c000181,c000181,308,conflict,0.5428745216700835,0.9713976383209229,0.9704640229840692,0.9969633035361768
conflict_308_c000182,c000182,308,conflict,0.4921994899931661,0.9282549023628236,0.7853091219209893,0.991792842745781
conflict_308_c000185,c000185,308,conflict,0.4687994746093065,0.9267368018627168,0.9980731537585856,0.9996447343146428
conflict_308_c000186,c000186,308,conflict,0.9755738223510928,0.9315226078033448,0.9851563218451634,0.9960038308054208
conflict_308_c000187,c000187,308,conflict,0.0141743006875279,0.9918838888406754,0.6548939423698623,0.9916687309741974
conflict_311_c000251,c000251,311,conflict,0.3812212662911746,0.994282990694046,0.9591513296091708,0.9985457248985768
conflict_312_c000260,c000260,312,conflict,0.9674102181014465,0.9736964665353298,0.9986540587408774,0.9995955236954616
conflict_314_c000291,c000291,314,conflict,0.2568415317650732,0.9597825706005096,0.6224584245915866,0.9902660846710204
conflict_314_c000293,c000293,314,conflict,0.9866744562207884,0.991337712854147,0.996777318018553,0.9995111944153904
conflict_314_c000296,c000296,314,conflict,0.0632513099721332,0.9863142892718316,0.0417766204107523,0.9967522658407688
conflict_314_c000312,c000312,314,conflict,0.961535530057238,0.9678517952561378,0.9986851773253852,0.999598754220642
conflict_314_c000325,c000325,314,conflict,0.839721003759847,0.9793816059827803,0.9759449861432238,0.9981360994279384
conflict_315_c000333,c000333,315,conflict,0.9746245777419,0.990344788879156,0.9951322351781424,0.99964257190004
conflict_315_c000335,c000335,315,conflict,0.5234219529198841,0.9033129811286926,0.9980880328989048,0.9996541375294328
conflict_315_c000337,c000337,315,conflict,0.9546473632384044,0.9929914623498916,0.9975464852124962,0.9998152579646558
conflict_315_c000344,c000344,315,conflict,0.997676664413298,0.9984760105144233,0.9991831995256608,0.9998414197470992
conflict_315_c000345,c000345,315,conflict,0.9763082134869636,0.9928124118596316,0.9979330642801628,0.9993390743620694
conflict_318_c000389,c000389,318,conflict,0.7772837502011263,0.9460435658693314,0.989590920799722,0.997987262904644
conflict_321_c000428,c000428,321,conflict,0.1540591208074198,0.9534777998924256,0.9262962344719656,0.9978998973965644
conflict_321_c000434,c000434,321,conflict,0.0002780691053783,0.9998036807519384,0.7799868341342071,0.9980915039777756
conflict_321_c000441,c000441,321,conflict,0.0010163833377533,0.9995894480962306,0.9407881945855548,0.9985440298914908
conflict_323_c000475,c000475,323,conflict,0.6039278988071008,0.9063310921192168,0.9813097797946022,0.9981000479310752
conflict_323_c000480,c000480,323,conflict,0.9967519864552662,0.9935005577281116,0.9972636666602794,0.9992936628405004
conflict_327_c000548,c000548,327,conflict,0.3702280878019753,0.9938815534114838,0.9976946507118144,0.9995738184079528
conflict_328_c000562,c000562,328,conflict,0.8976849635551847,0.9928632229566574,0.9946147640866289,0.9992269529029728
conflict_328_c000563,c000563,328,conflict,0.9702385831293528,0.9819542299956084,0.9960543788525184,0.9995311200618744
conflict_328_c000564,c000564,328,conflict,0.95915303780415,0.9824592880904676,0.9862571316314906,0.9989860225468874
conflict_329_c000589,c000589,329,conflict,0.9251960463234687,0.9395964443683624,0.8714656891338011,0.9814475476741792
conflict_332_c000642,c000642,332,conflict,0.1510352600595803,0.9804660081863404,0.9700110011685982,0.9965091068297623
conflict_332_c000644,c000644,332,conflict,0.5389861866295161,0.8988159596920013,0.9284045939158818,0.9967260360717772
conflict_332_c000649,c000649,332,conflict,0.9996873679432742,0.9995767399959732,0.9993279753391502,0.9998508704593404
conflict_332_c000654,c000654,332,conflict,0.9936114143029852,0.9884195001795888,0.9973059341785118,0.9991754684597254
conflict_332_c000656,c000656,332,conflict,0.9019222165028312,0.936080940067768,0.4960789683458186,0.9743061363697052
conflict_338_c000810,c000810,338,conflict,0.7310539103052551,0.9052328020334244,0.9403500139887632,0.994145940989256
conflict_338_c000820,c000820,338,conflict,0.1871214082005143,0.9816662520170212,0.8871996451998907,0.9960784614086152
conflict_338_c000821,c000821,338,conflict,0.99885740999971,0.9976798894349486,0.9952809477174852,0.9994972799904644
conflict_338_c000822,c000822,338,conflict,0.0076369792894004,0.9952427577227354,0.9461969643726752,0.994472797960043
conflict_338_c000824,c000824,338,conflict,0.0001700047487403,0.9996687925886364,0.0695435429204465,0.9987108036875724
conflict_338_c000825,c000825,338,conflict,0.0067980849504031,0.9994885688647628,0.566014314794203,0.9986159205436708
conflict_340_c000847,c000847,340,conflict,0.6926405795359447,0.9421936273574828,0.9966493506200912,0.999491033377126
conflict_345_c000931,c000931,345,conflict,0.6460124063786566,0.9563884437084198,0.8962463629160244,0.9963874071836472
conflict_345_c000932,c000932,345,conflict,0.7662865393631251,0.9169782251119614,0.5117105712178885,0.9912860691547394
conflict_345_c000935,c000935,345,conflict,0.9960542842965244,0.996979126241058,0.9964340400577688,0.9995014700107276
conflict_345_c000939,c000939,345,conflict,0.0081253556328583,0.9973753122612834,0.9546428849066576,0.9987768121063708
conflict_345_c000940,c000940,345,conflict,0.0002360093864673,0.9997118377359584,0.6859406720408012,0.9986336827278136
conflict_345_c000941,c000941,345,conflict,0.6723216131771274,0.9458484053611756,0.2689442994086001,0.9961922466754912
conflict_345_c000942,c000942,345,conflict,0.003247634610831,0.9976572764571756,0.4687851157719328,0.9980301558971404
conflict_345_c000947,c000947,345,conflict,0.9999469139122696,0.9999134874160518,0.9993227417446514,0.9997826241306028
conflict_345_c000948,c000948,345,conflict,0.960949239732345,0.9781885743141174,0.7217397945216637,0.9978324472904204
conflict_345_c000949,c000949,345,conflict,0.4339768680464212,0.9753825664520264,0.9343895844355314,0.994468718767166
conflict_345_c000952,c000952,345,conflict,0.999664592179812,0.9995048894488718,0.9976030080677272,0.999741043895483
conflict_345_c000953,c000953,345,conflict,0.0316223867677369,0.9928972944617273,0.8757806480843917,0.996420368552208
conflict_346_c000954,c000954,346,conflict,0.9485288947891064,0.952350340783596,0.2751295509303618,0.992631047964096
conflict_346_c000956,c000956,346,conflict,0.0051003072639708,0.9952978850342332,0.5273084643233885,0.9875894784927368
conflict_346_c000957,c000957,346,conflict,0.2568339527425886,0.9888888001441956,0.8976933752990297,0.9952145516872406
conflict_346_c000971,c000971,346,conflict,0.9390176035484435,0.9903623722493649,0.4648972830244453,0.9970333874225616
conflict_346_c000972,c000972,346,conflict,0.999425080030091,0.9997645190451294,0.9992082927700447,0.9997806387837044
conflict_346_c000974,c000974,346,conflict,0.4455077664636061,0.9838265478610992,0.8056255129614437,0.9960982799530028
conflict_346_c000982,c000982,346,conflict,0.9142908998917604,0.9770109504461288,0.9984631714362296,0.9995987629517912
conflict_346_c000983,c000983,346,conflict,0.9433422701846068,0.9974316731095314,0.8519465109760346,0.9985447973012924
conflict_346_c000984,c000984,346,conflict,0.989591115861437,0.9927700469270349,0.9161056015337404,0.9972615242004396
conflict_346_c000985,c000985,346,conflict,0.9039697160334784,0.8248159363865852,0.9984869111262938,0.9994733959902078
conflict_346_c000986,c000986,346,conflict,0.7461172067406725,0.9789774417877196,0.9871784139986312,0.9983777133747936
conflict_347_c000988,c000988,347,conflict,0.2450884694465355,0.9558656960725784,0.9046441918876114,0.9945589527487756
conflict_347_c000990,c000990,347,conflict,0.0446825723471311,0.9717674031853676,0.0467275112116782,0.997031345963478
conflict_347_c000993,c000993,347,conflict,0.2107496814628063,0.8630209863185883,0.9807281462611404,0.9986651819199324
conflict_347_c000995,c000995,347,conflict,0.0029814979372876,0.994506385177374,0.7310584667383008,0.9966280162334442
conflict_348_c001000,c001000,348,conflict,0.0153065882189736,0.9940638253465296,0.7826576609594093,0.9857347309589386
conflict_348_c001001,c001001,348,conflict,0.1023112911386499,0.980684295296669,0.5312052585198244,0.995945155620575
conflict_348_c001005,c001005,348,conflict,0.0071773994643287,0.9984364211559296,0.0875657451535103,0.9991724267601968
conflict_348_c001006,c001006,348,conflict,0.819877009298185,0.9687020182609558,0.8311338041095677,0.9958330541849136
conflict_348_c001007,c001007,348,conflict,0.9881286369529988,0.994517594575882,0.8976896080137041,0.9972487092018129
conflict_348_c001013,c001013,348,conflict,0.0014666004922739,0.9995630814228208,0.8962483983554969,0.9972834885120392
conflict_348_c001014,c001014,348,conflict,0.0006668626158234,0.998772106191609,0.9956003342458676,0.999484424944967
conflict_354_c001129,c001129,354,conflict,0.6654024326527256,0.9634614884853364,0.9927667756264784,0.999281536322087
conflict_354_c001131,c001131,354,conflict,0.8910379377994959,0.96052173525095,0.9989994275189518,0.9998482628725468
conflict_354_c001137,c001137,354,conflict,0.4224878343470473,0.992353081703186,0.9828220878859076,0.9989388417452574
conflict_362_c001260,c001260,362,conflict,0.0960248482054045,0.9664349779486656,0.9957680762492622,0.9989569690078496
conflict_362_c001263,c001263,362,conflict,0.0017008895377232,0.999038920737803,0.6893027932433841,0.99614280462265
conflict_362_c001265,c001265,362,conflict,0.0036787411653504,0.9989426000975072,0.994133901917078,0.9993393286131322
conflict_362_c001266,c001266,362,conflict,0.0012353120273352,0.9974695236887784,0.8933062421939574,0.997677631676197
conflict_362_c001268,c001268,362,conflict,0.0191243913888169,0.9982245191931725,0.9845730594358628,0.9996444033458828
conflict_362_c001271,c001271,362,conflict,0.0174435593256738,0.9957428872585296,0.9936603379021388,0.9995519653894008
conflict_363_c001278,c001278,363,conflict,0.7690704688670653,0.9223840087652206,0.961819546874648,0.9957456924021244
conflict_363_c001284,c001284,363,conflict,0.2658764117080683,0.9739424586296082,0.5698517015852772,0.982896327972412
conflict_363_c001285,c001285,363,conflict,0.8652243459365773,0.984004557132721,0.993758551826028,0.9995537037029862
conflict_363_c001288,c001288,363,conflict,0.9947796315313788,0.9944588504731656,0.99728489943984,0.9996244742069392
conflict_363_c001290,c001290,363,conflict,0.0008695562516006,0.9993126216577366,0.97871262075778,0.9989443384110928
conflict_363_c001295,c001295,363,conflict,0.9996539867608228,0.9994122819334734,0.999713127274356,0.9999124708410818
conflict_363_c001296,c001296,363,conflict,0.9793534578381888,0.9618157017976046,0.998544875656508,0.9996183883631602
conflict_364_c001302,c001302,364,conflict,0.937669444913709,0.9752179868519306,0.9761278821191928,0.9980627167969942
conflict_364_c001308,c001308,364,conflict,0.7931082989779313,0.9788956791162492,0.9732400722803872,0.9987311009317636
conflict_364_c001309,c001309,364,conflict,0.8596637598661014,0.960247039794922,0.9839703789757136,0.9988428484648466
conflict_364_c001310,c001310,364,conflict,0.9666621026927378,0.9801663644611835,0.9957682341389232,0.9993021311238408
conflict_366_c001416,c001416,366,conflict,0.4804880527152208,0.9361852407455444,0.9969244915441774,0.9991570098791271
conflict_366_c001417,c001417,366,conflict,0.994179060444645,0.9899010602384806,0.9996199861164656,0.9996946828614456
conflict_366_c001423,c001423,366,conflict,0.9785482432205886,0.95310571603477,0.6859540637754961,0.9952393472194672
conflict_366_c001429,c001429,366,conflict,0.8376169284715027,0.9834808856248856,0.965379846717314,0.9974173121154308
conflict_366_c001430,c001430,366,conflict,0.9099034112172788,0.9945196509361268,0.9954963967900222,0.9993300619535148
conflict_367_c001447,c001447,367,conflict,0.0058201509548135,0.9967451756820084,0.971127460848045,0.9983639307320118
conflict_367_c001473,c001473,367,conflict,0.6187850610123496,0.9476584196090698,0.9931491437806964,0.9988436931744218
conflict_367_c001474,c001474,367,conflict,0.9973267867620528,0.9932716677431016,0.9975843276382031,0.9994623940438032
conflict_367_c001475,c001475,367,conflict,0.9771967313872352,0.9963017404079436,0.7577922283533982,0.9976333379745485
conflict_367_c001477,c001477,367,conflict,0.6688801835410699,0.9745269417762756,0.8577661256145633,0.9976369440555573
conflict_367_c001478,c001478,367,conflict,0.9458012034047208,0.977854672819376,0.9314626444612384,0.9990892261266708
conflict_369_c001515,c001515,369,conflict,0.5544223793966846,0.903649926185608,0.6859434577098587,0.9959992468357086
conflict_369_c001522,c001522,369,conflict,0.1993014551457793,0.9946894347667694,0.9666604226159116,0.9955307506024836
conflict_370_c001551,c001551,370,conflict,0.0685387148396255,0.9878934398293496,0.9829540736616684,0.9988722000271082
conflict_370_c001553,c001553,370,conflict,0.997448726754044,0.9990535229444504,0.9991958593732296,0.9997659971704708
conflict_370_c001561,c001561,370,conflict,0.9469879924798764,0.991377666592598,0.9877581734502744,0.9993639066815376
conflict_374_c001666,c001666,374,conflict,0.0780768813484455,0.9647161960601808,0.8807890586101534,0.994748778641224
conflict_374_c001668,c001668,374,conflict,0.7154181414015637,0.9947003126144408,0.9963211616172664,0.999307329300791
conflict_374_c001669,c001669,374,conflict,0.985383730469298,0.9441174129024148,0.997800013064871,0.998212915379554
conflict_374_c001670,c001670,374,conflict,0.9609432011917473,0.9405717328190804,0.9908716468367106,0.9927942035719752
conflict_374_c001673,c001673,374,conflict,0.9996048360314176,0.9989164213766344,0.9999407798435384,0.9998632915921916
conflict_374_c001676,c001676,374,conflict,0.9998696532960936,0.9997058040753471,0.9958330759647614,0.9983095051720738
conflict_374_c001684,c001684,374,conflict,0.9996048456949432,0.9989935109915676,0.9996774412042138,0.9997611848230008
conflict_377_c001732,c001732,377,conflict,0.0198719378742033,0.9905299860984088,0.8740741719780563,0.9921212494373322
conflict_377_c001737,c001737,377,conflict,0.0550084848990447,0.9904319010674952,0.9252286063477756,0.9973389282822608
conflict_377_c001738,c001738,377,conflict,0.0881954797181074,0.9885951355099678,0.1732941506719106,0.9966392070055008
conflict_377_c001739,c001739,377,conflict,0.0715939104573699,0.9960699006915092,0.7310515443634777,0.9892134070396424
conflict_377_c001742,c001742,377,conflict,0.1824265630617373,0.9770265221595764,0.5888812797892775,0.9936589300632476
conflict_377_c001747,c001747,377,conflict,0.1812500475356225,0.9678458273410796,0.8558499754653959,0.9934819042682648
conflict_377_c001754,c001754,377,conflict,0.709022762663419,0.9896329045295716,0.4035723935321437,0.9905093908309937
conflict_377_c001763,c001763,377,conflict,0.7057799077468602,0.9697567522525788,0.9861503657350292,0.9979388946667314
conflict_377_c001766,c001766,377,conflict,0.9588403138968564,0.970128744840622,0.983969911138559,0.9975009057670832
conflict_378_c001777,c001777,378,conflict,0.8624543918384372,0.9767335653305054,0.9976583725250048,0.9992934006731956
conflict_379_c001803,c001803,379,conflict,0.9019152801266678,0.995033748447895,0.99742900766588,0.9996633871924132
conflict_379_c001811,c001811,379,conflict,0.9676555752275504,0.9906201623380184,0.9939493086933996,0.9988219239749014
conflict_379_c001815,c001815,379,conflict,0.152036881724845,0.9868309199810028,0.9804309303674656,0.9981493297964334
conflict_381_c001881,c001881,381,conflict,0.8354778321323727,0.9554455727338792,0.998245265854694,0.9995384792564436
conflict_381_c001894,c001894,381,conflict,0.1847626474493711,0.9792679250240326,0.9653800686888432,0.9991886503994464
conflict_381_c001895,c001895,381,conflict,0.1824317174435407,0.9722098112106324,0.9884917939880304,0.9995183143764734
conflict_381_c001896,c001896,381,conflict,0.0609757020457193,0.9879625551402568,0.8221884091409809,0.9975019246339798
conflict_381_c001897,c001897,381,conflict,0.062792656412149,0.9944725558161736,0.5506088148801851,0.9970561861991882
conflict_381_c001898,c001898,381,conflict,0.9842155227664764,0.9809062592685224,0.9948602994750664,0.9995114048942924
conflict_381_c001900,c001900,381,conflict,0.7520016279473113,0.9816773384809494,0.986571071241368,0.9992917459458112
conflict_381_c001901,c001901,381,conflict,0.1895296155874146,0.971171647310257,0.8791466566552485,0.9963346645236016
conflict_381_c001905,c001905,381,conflict,0.0002632745273221,0.999219451303361,0.3629673621698451,0.9943926632404329
conflict_382_c001924,c001924,382,conflict,0.083892737395134,0.9946954548358916,0.8757866023427329,0.9948771074414252
conflict_384_c001964,c001964,384,conflict,0.9273599219498136,0.9429925307631492,0.9252252659927304,0.9898332059383392
conflict_384_c001965,c001965,384,conflict,0.259803950856201,0.955215349793434,0.9207859487522376,0.9976970329880714
conflict_384_c001966,c001966,384,conflict,0.9339063164202566,0.9676210284233092,0.920785772284366,0.9979813992977142
conflict_384_c001984,c001984,384,conflict,0.9704625341431242,0.9911188073456288,0.9960543843220762,0.9995718062855304
conflict_384_c001985,c001985,384,conflict,0.9874708200523994,0.995746592991054,0.9934609859805236,0.999419496394694
conflict_387_c002031,c002031,387,conflict,0.9643217294770896,0.9810780100524426,0.99776556758995,0.9997254170011728
conflict_392_c002114,c002114,392,conflict,0.9738431688934888,0.9960678350180387,0.9852707806941712,0.9983505420386792
conflict_392_c002121,c002121,392,conflict,0.6959482346465643,0.9665823578834534,0.9053186102575164,0.992906391620636
conflict_392_c002122,c002122,392,conflict,0.9621024446658792,0.9712867215275764,0.9700120681074496,0.9951927307993174
conflict_403_c002308,c002308,403,conflict,0.3522217953262908,0.9625487625598907,0.9908738450298024,0.9989206921309232
conflict_403_c002310,c002310,403,conflict,0.8376236737352255,0.9820197522640228,0.975762058994375,0.9989933259785176
conflict_404_c002331,c002331,404,conflict,0.5467385357186417,0.976963996887207,0.9801282844745884,0.998888036236167
conflict_404_c002336,c002336,404,conflict,0.9993975561809392,0.998872454976663,0.9998088762527156,0.9998333448165796
conflict_405_c002350,c002350,405,conflict,0.0534044859055168,0.991383895277977,0.96955474825168,0.9983790274709464
conflict_405_c002351,c002351,405,conflict,0.4110730242817675,0.8367880582809448,0.9477661487466889,0.9949056021869184
conflict_405_c002353,c002353,405,conflict,0.1037501011676382,0.9826192408800124,0.661921133736956,0.9977203607559204
conflict_405_c002354,c002354,405,conflict,0.0221178845712437,0.9913781378418208,0.7853057762586492,0.9972004592418672
conflict_405_c002356,c002356,405,conflict,0.981165580599046,0.9864896535873412,0.9629488516368654,0.996485374867916
conflict_405_c002357,c002357,405,conflict,0.181270245168467,0.9619430899620056,0.9161084989462868,0.9949298352003098
conflict_405_c002358,c002358,405,conflict,0.996995458342589,0.9979918370954692,0.9933067437629768,0.9994114707224072
conflict_405_c002381,c002381,405,conflict,0.9991099630919784,0.998935129668098,0.997933026052783,0.9996691104024648
conflict_405_c002382,c002382,405,conflict,0.0005485116230847,0.9989549446618184,0.979353374613743,0.9981314931064844
conflict_405_c002385,c002385,405,conflict,0.9579123370180994,0.9911534264683723,0.9799762215268304,0.9991046469658612
conflict_405_c002386,c002386,405,conflict,0.3345858053830834,0.9935915470123292,0.91847771127421,0.99809779971838
conflict_405_c002387,c002387,405,conflict,0.8175744789392722,0.9783882945775986,0.9988120153185216,0.9998101169476286
conflict_405_c002388,c002388,405,conflict,0.1294065853724378,0.9811052829027176,0.6442191950678723,0.9945307672023772
conflict_406_c002391,c002391,406,conflict,0.9257650224855036,0.966874085366726,0.861533835391728,0.9873337149620056
conflict_406_c002394,c002394,406,conflict,0.5389836916858802,0.9368819892406464,0.9874717237268515,0.9986021388322116
conflict_407_c002426,c002426,407,conflict,0.99907455833781,0.9978730267612264,0.9989097346557128,0.999695900361985
conflict_408_c002443,c002443,408,conflict,0.0150756562430715,0.9916930487379432,0.8175740803630798,0.9889184087514876
conflict_411_c002509,c002509,411,conflict,0.9787093801796696,0.9577511642128228,0.9681393315449304,0.9978345520794392
conflict_411_c002520,c002520,411,conflict,0.0048679968249593,0.998447516001761,0.9922439954567664,0.9985124827362596
conflict_411_c002525,c002525,411,conflict,0.879972983717996,0.8806463778018951,0.9908737116656032,0.9984502447769046
conflict_414_c002579,c002579,414,conflict,0.2068921298690207,0.9695984721183776,0.925222232822652,0.9943765252828598
conflict_414_c002581,c002581,414,conflict,0.0605348082280613,0.9868168644607068,0.8128629489797149,0.997812494635582
conflict_414_c002582,c002582,414,conflict,0.0488594880076575,0.9978162720799446,0.9905856605819336,0.9996013306081296
conflict_414_c002583,c002583,414,conflict,0.6654026371275253,0.9659121930599212,0.9872754383226988,0.9985510343685746
conflict_414_c002584,c002584,414,conflict,0.1422308622990959,0.988664835691452,0.967893417384137,0.9950113222002984
conflict_414_c002594,c002594,414,conflict,0.9407899110688758,0.9763933457434176,0.9982314201819852,0.99933965515811
conflict_414_c002595,c002595,414,conflict,0.9998601539330656,0.9998412642016774,0.9994846755508946,0.999686598777771
conflict_414_c002598,c002598,414,conflict,0.9736397533443352,0.9839971829205753,0.9995270625425632,0.9997878605499864
conflict_414_c002599,c002599,414,conflict,0.0019268870932113,0.9979793117381632,0.9879444717497332,0.9987701447680593
conflict_414_c002601,c002601,414,conflict,0.9358152389905277,0.9835796654224396,0.9986327764706924,0.9996808101423084
conflict_414_c002603,c002603,414,conflict,0.907966111150907,0.968513421714306,0.9612401540853012,0.998205691576004
conflict_415_c002616,c002616,415,conflict,0.9998696522297884,0.9987446741724852,0.9999448036705963,0.9999353278180934
conflict_415_c002617,c002617,415,conflict,0.98942690717865,0.9920852836221457,0.9918746308516116,0.99762627389282
conflict_416_c002633,c002633,416,conflict,0.2450985389202933,0.984057515859604,0.9913556969782024,0.9994052099063993
conflict_416_c002642,c002642,416,conflict,0.8418262922468345,0.940853014588356,0.9902911343719252,0.9992921613156796
conflict_419_c002702,c002702,419,conflict,0.0004547975821754,0.9996151507366448,0.1044782489134056,0.9944068938493728
conflict_419_c002704,c002704,419,conflict,0.5467353861619004,0.9768745601177216,0.9334269785795092,0.9946280717849731
conflict_419_c002705,c002705,419,conflict,0.4765706984097232,0.9720292389392852,0.9961752077156678,0.9993529226630926
conflict_419_c002710,c002710,419,conflict,0.7662623541700988,0.7938747853040695,0.9643159219118824,0.9865782968699932
conflict_419_c002715,c002715,419,conflict,0.9966753787675928,0.9993261876516044,0.9940425015360068,0.9996054652146996
conflict_420_c002726,c002726,420,conflict,0.77998589100351,0.991636723279953,0.9984631874504766,0.9997661355882884
conflict_420_c002727,c002727,420,conflict,0.9993435415605556,0.9943049444118516,0.9994887018195128,0.9998613578500226
conflict_420_c002728,c002728,420,conflict,0.9986434655350078,0.9966144454665482,0.9993120987712452,0.9997922581387684
conflict_423_c002809,c002809,423,conflict,0.9948198516514918,0.9968502358533442,0.9996824615693368,0.9996785341645592
conflict_423_c002817,c002817,423,conflict,0.989345846757361,0.9966807197779416,0.996263549919528,0.9994376287795604
conflict_423_c002818,c002818,423,conflict,0.9879452640652028,0.993664538487792,0.9991767699159032,0.9994530054391362
conflict_424_c002834,c002834,424,conflict,0.9969482769264424,0.9973017734009773,0.9994022510573848,0.9996431460604072
conflict_424_c002844,c002844,424,conflict,0.9989993887188974,0.9992060150252656,0.9996139951404922,0.9997839145362376
conflict_424_c002845,c002845,424,conflict,0.9999768067176148,0.9999412355318782,0.9999692767178732,0.9999571102271148
conflict_426_c002892,c002892,426,conflict,0.5428918004927217,0.904940903186798,0.7279805046186109,0.98951256275177
conflict_426_c002897,c002897,426,conflict,0.0034566444608992,0.9987858210224658,0.9872766821959356,0.9991924446076156
conflict_426_c002898,c002898,426,conflict,0.9978507899390598,0.998749952763319,0.9465948235269852,0.9983888007700444
conflict_426_c002900,c002900,426,conflict,0.9481527062336554,0.986562967300415,0.9597615570368796,0.999157816171646
conflict_429_c002943,c002943,429,conflict,0.9896704771135776,0.9758314015343784,0.99887516021419,0.9997478676959872
conflict_429_c002946,c002946,429,conflict,0.9111739710314708,0.9811563268303872,0.9960850236067108,0.9997094464488328
conflict_430_c002959,c002959,430,conflict,0.4016775659685643,0.8934980034828186,0.8824268001746315,0.994510106742382
conflict_430_c002965,c002965,430,conflict,0.9704645714277104,0.990998987108469,0.9921231011036216,0.999519282951951
conflict_430_c002967,c002967,430,conflict,0.9981468162470796,0.9980353821301832,0.9995196719948832,0.999902414099779
conflict_430_c002972,c002972,430,conflict,0.999713125810265,0.9995246924518142,0.9998840720255884,0.999898240013863
conflict_430_c002975,c002975,430,conflict,0.7577983652311909,0.9503550082445144,0.98571754285364,0.9993139794096352
conflict_431_c002992,c002992,431,conflict,0.9968516929882438,0.9955330421216786,0.9983384574406452,0.9996236901497468
conflict_431_c002993,c002993,431,conflict,0.9967009204416224,0.9978542688768356,0.9979965052070994,0.9995962078683078
conflict_432_c003002,c003002,432,conflict,0.3208232374523848,0.9808644950389862,0.997488443639608,0.9998107522260398
conflict_434_c003045,c003045,434,conflict,0.9643218810544694,0.9868619032204152,0.9957018482682732,0.9990986599586904
conflict_434_c003046,c003046,434,conflict,0.999232656973762,0.9993311923462898,0.998959619972345,0.9996611336246132
conflict_434_c003050,c003050,434,conflict,0.9982588776329744,0.9978109145304188,0.9993280277485688,0.9998077545315028
conflict_434_c003060,c003060,434,conflict,0.9996170129939912,0.9996737455949188,0.9996048555999476,0.9998498813947664
conflict_436_c003105,c003105,436,conflict,0.2658886865687969,0.9726582765579224,0.9753893847774304,0.9974904917180538
conflict_437_c003113,c003113,437,conflict,0.8354756139722475,0.7700649052858353,0.2018127077773607,0.9912932962179184
conflict_437_c003122,c003122,437,conflict,0.9978169778873456,0.9981569368392228,0.9997016970903444,0.999807222338859
conflict_438_c003148,c003148,438,conflict,0.9802788724619844,0.9922108929604292,0.999576055044776,0.9995767239015548
conflict_438_c003149,c003149,438,conflict,0.9995660364123456,0.9992630681663286,0.9964060748993298,0.9990413340274245
conflict_439_c003170,c003170,439,conflict,0.9921219865048418,0.9980858648195864,0.99563416995986,0.9993245601654052
conflict_439_c003174,c003174,439,conflict,0.9945729323791512,0.9945659823715688,0.9984986871470304,0.99959932314232
conflict_440_c003182,c003182,440,conflict,0.018264269469322,0.9851946160197258,0.6791555690542356,0.99178946018219
conflict_440_c003184,c003184,440,conflict,0.0059114933016488,0.9987225355580448,0.7662891243446207,0.9955898970365524
conflict_440_c003187,c003187,440,conflict,0.0393446892179307,0.9913490973412992,0.7852948877348535,0.989179864525795
conflict_440_c003207,c003207,440,conflict,0.7690904538106671,0.9564809650182724,0.6334008224021914,0.982473075389862
conflict_440_c003208,c003208,440,conflict,0.973643892311022,0.9859851598739624,0.9976029841571606,0.9996219903696328
conflict_441_c003216,c003216,441,conflict,0.0031483759475817,0.9974307580851018,0.6959557270852734,0.9985241293907166
conflict_441_c003217,c003217,441,conflict,0.8723394220433468,0.9879571050405502,0.9807283266838784,0.9990856889635324
conflict_441_c003232,c003232,441,conflict,0.9161053117811866,0.9957225769758224,0.999368671718964,0.9998498762142844
conflict_443_c003268,c003268,443,conflict,0.9988751138117864,0.9981235292507336,0.9966754013261993,0.9996937769465148
conflict_445_c003308,c003308,445,conflict,0.99993289056624,0.999678405962186,0.9998858660301588,0.9998816027364228
conflict_445_c003314,c003314,445,conflict,0.9845730937902784,0.9832617845386268,0.9959612185142857,0.9992701443843544
conflict_445_c003318,c003318,445,conflict,0.8757856801422886,0.9795112982392312,0.9643196566648088,0.998536080121994
conflict_446_c003330,c003330,446,conflict,0.9937573517928558,0.9939418891444802,0.999628762326286,0.9997643152892124
conflict_447_c003345,c003345,447,conflict,0.3242348149984826,0.9609898924827576,0.8705955301692077,0.9952940940856934
conflict_447_c003355,c003355,447,conflict,0.9863626982400884,0.9978416040539742,0.9968023625262522,0.9994935563299804
conflict_447_c003356,c003356,447,conflict,0.9964339107174645,0.9862947510555388,0.9987054722627636,0.9994637921918184
conflict_447_c003357,c003357,447,conflict,0.999848802088187,0.9992719789297552,0.9998696554166956,0.999842195160454
conflict_447_c003363,c003363,447,conflict,0.9958971730565664,0.9901256156153976,0.9960542246615824,0.9994950112886728
conflict_448_c003365,c003365,448,conflict,0.0065905338224049,0.9950940222479404,0.7371472815936858,0.9937070906162262
conflict_448_c003366,c003366,448,conflict,0.0393445907910195,0.9960256367921828,0.9724138496557714,0.9992131981998682
conflict_448_c003369,c003369,448,conflict,0.0109877135325501,0.9973565302789212,0.8333181228603054,0.9928900748491288
conflict_448_c003374,c003374,448,conflict,0.9688550891301266,0.9881387408822776,0.9566328158351908,0.9991086162626744
conflict_448_c003378,c003378,448,conflict,0.2658872908500148,0.9949201345443726,0.9867761544006232,0.9995473558083176
conflict_448_c003388,c003388,448,conflict,0.0169156642895712,0.99718383140862,0.0541998120848943,0.9985396899282932
conflict_448_c003395,c003395,448,conflict,0.3208149466216382,0.9626232087612152,0.9683796857172892,0.9982890598475932
conflict_448_c003397,c003397,448,conflict,0.7279832614672854,0.9765906035900116,0.9032934797995228,0.9983952343463898
conflict_449_c003413,c003413,449,conflict,0.9752016398870464,0.9977417532354592,0.994179698688852,0.9990143300965428
conflict_451_c003457,c003457,451,conflict,0.9896709742921018,0.9890888016670942,0.9791951334019484,0.9982834812253714
conflict_451_c003469,c003469,451,conflict,0.0111583785490006,0.9979402981698512,0.9742376046470084,0.9989096522331238
conflict_451_c003471,c003471,451,conflict,0.9629466760211192,0.969487641006708,0.9882211106398768,0.9989537727087736
conflict_451_c003474,c003474,451,conflict,0.9995760953145162,0.9982180158549454,0.9982315436232804,0.9995158559177072
conflict_451_c003475,c003475,451,conflict,0.9903649782081028,0.9644904593005776,0.9895900804956091,0.998223857022822
conflict_451_c003477,c003477,451,conflict,0.6975986463081912,0.8608276546001434,0.9972417425452188,0.9978626354131848
conflict_452_c003490,c003490,452,conflict,0.815233825033796,0.9855600744485856,0.9939491786226416,0.99931060988456
conflict_452_c003491,c003491,452,conflict,0.9658969067473172,0.9450411796569824,0.9975078696841893,0.9995519085787236
conflict_452_c003495,c003495,452,conflict,0.9597621545462984,0.9818502366542816,0.9981029860335062,0.9992302724858746
conflict_452_c003496,c003496,452,conflict,0.984575138594994,0.9928900161758064,0.997546469947704,0.9995587014127524
conflict_454_c003532,c003532,454,conflict,0.98187485201072,0.9806879721581936,0.9828221763735028,0.9975839108228683
conflict_454_c003533,c003533,454,conflict,0.9975464371438302,0.9982044722419232,0.998909745757288,0.9997587214456872
conflict_454_c003538,c003538,454,conflict,0.6859530453733883,0.9753189980983734,0.9773693533517622,0.9981291852891444
conflict_457_c003585,c003585,457,conflict,0.9790340601628836,0.9663551766425372,0.9362818380578708,0.9957305341959
conflict_457_c003590,c003590,457,conflict,0.9190590701798088,0.9601824060082436,0.9988838670386476,0.9996909389737992
conflict_457_c003591,c003591,457,conflict,0.9637763653633952,0.98988401517272,0.998643514045234,0.9997533825226128
conflict_457_c003593,c003593,457,conflict,0.9173025687801624,0.9822073951363564,0.9875680494844088,0.9991231942549348
conflict_461_c003654,c003654,461,conflict,0.9207765933550606,0.9528021365404128,0.991874211312924,0.9989686915650964
conflict_461_c003661,c003661,461,conflict,0.0002960101794594,0.9998487517586908,0.1919412374782918,0.9983491599559784
conflict_461_c003668,c003668,461,conflict,0.948916106713378,0.859559953212738,0.9991572930038763,0.999551172950305
conflict_461_c003670,c003670,461,conflict,0.0534055550266792,0.9955050386488438,0.9984511561405658,0.9999033078784124
conflict_463_c003708,c003708,463,conflict,0.9996199238926274,0.9989743279584218,0.999565994457595,0.9996513048245106
conflict_463_c003710,c003710,463,conflict,0.8670318419948727,0.9817775636911392,0.9975272397746766,0.9996695711743088
conflict_464_c003726,c003726,464,conflict,0.1968276570034317,0.987011581659317,0.8438942643972766,0.9950922876596452
conflict_464_c003731,c003731,464,conflict,0.9877582263844796,0.9827679824084044,0.9933068716918768,0.999401560984552
conflict_464_c003741,c003741,464,conflict,0.5964339342201768,0.971068114042282,0.9965701085135462,0.9994039374869316
conflict_465_c003755,c003755,465,conflict,0.816397803209126,0.950316920876503,0.9653807253810164,0.9982401058077812
conflict_465_c003761,c003761,465,conflict,0.998715581757358,0.9983693852555008,0.9972205037775675,0.9995640444103628
conflict_465_c003766,c003766,465,conflict,0.9998633830083768,0.999484769810806,0.9996922241510874,0.9998136555950624
conflict_465_c003767,c003767,465,conflict,0.9834694184933392,0.9908650927245616,0.9960544084350116,0.9994991952553391
conflict_465_c003768,c003768,465,conflict,0.9924219886963082,0.9963213945738972,0.9995158951741672,0.9997714206401724
conflict_465_c003771,c003771,465,conflict,0.9948201209406574,0.9957537013106048,0.9813104371838448,0.9990099910646676
conflict_467_c003828,c003828,467,conflict,0.9511421205390044,0.9550352469086648,0.9981468748321723,0.9995437321485952
conflict_467_c003830,c003830,467,conflict,0.808057592840198,0.8795820623636246,0.9763101926268494,0.9983554109930992
conflict_468_c003835,c003835,468,conflict,0.9059746402868808,0.9466246366500854,0.9962343338841212,0.9995361021719872
conflict_468_c003844,c003844,468,conflict,0.3593742887908493,0.9925953149795532,0.9970188822360349,0.9996200115419924
conflict_468_c003845,c003845,468,conflict,0.9837219498172703,0.9831760972738266,0.9921839651008042,0.9994633756577967
conflict_469_c003865,c003865,469,conflict,0.29746442089524,0.990504026412964,0.2877683603812287,0.9944800734519958
conflict_469_c003873,c003873,469,conflict,0.2658741631444759,0.9746412932872772,0.9314599710051882,0.9974990487098694
conflict_469_c003874,c003874,469,conflict,0.8962452707167915,0.9434823617339134,0.9362832448590924,0.9969583302736282
conflict_469_c003878,c003878,469,conflict,0.968380764070883,0.9962416291236876,0.9609501381633528,0.9985952153801918
conflict_469_c003882,c003882,469,conflict,0.9988838621216836,0.998488210258074,0.9990149024212264,0.9997136868769304
conflict_469_c003883,c003883,469,conflict,0.9986643800297992,0.9970579182263464,0.9853818506146568,0.9928673841059208
conflict_470_c003896,c003896,470,conflict,0.8766286506259354,0.9248593151569366,0.9485339402418588,0.995123729109764
conflict_470_c003901,c003901,470,conflict,0.9844551227518538,0.9733383907005192,0.9950560485251172,0.9995657037943602
conflict_470_c003907,c003907,470,conflict,0.9999046334542778,0.9998637298995164,0.9996873851794672,0.9999225974315776
conflict_470_c003911,c003911,470,conflict,0.9990816869537322,0.9983007643604652,0.9995986145518588,0.9997764602303504
conflict_470_c003914,c003914,470,conflict,0.4571511131808739,0.9508109390735626,0.986150779223085,0.9986078077927232
conflict_471_c003927,c003927,471,conflict,0.9997783062354288,0.9998224821028998,0.9999559960250336,0.9999464884203916
conflict_471_c003929,c003929,471,conflict,0.999631629278214,0.9983985625440256,0.9982177033420528,0.999447432346642
conflict_471_c003932,c003932,471,conflict,0.9750102590844922,0.992704974487424,0.988841836084264,0.9983851686120032
conflict_472_c003942,c003942,472,conflict,0.7956636823818463,0.9495440572500228,0.9972422239634816,0.9995842915959656
conflict_472_c003944,c003944,472,conflict,0.754916099846779,0.9895915985107422,0.841826070364603,0.9954551756381989
conflict_472_c003946,c003946,472,conflict,0.9184797879053164,0.966514639556408,0.9981467241778048,0.999485720298253
conflict_474_c003970,c003970,474,conflict,0.2173384776844867,0.9830734580755234,0.9695550756790756,0.9984806794673204
conflict_474_c003971,c003971,474,conflict,0.9992019621745792,0.9983875909238122,0.999651257000786,0.999823564547114
conflict_474_c003972,c003972,474,conflict,0.6926516244189709,0.9621278047561646,0.9962925179964016,0.9995239146519452
conflict_474_c003974,c003974,474,conflict,0.9995986249088183,0.9994629824359436,0.9975844569513524,0.9994906452484428
conflict_474_c003978,c003978,474,conflict,0.433973948587906,0.9498818218708038,0.964320284908881,0.99669998139143
conflict_476_c003996,c003996,476,conflict,0.9854941717064872,0.9729832662269472,0.99875511744171,0.9997818534029648
conflict_476_c004000,c004000,476,conflict,0.9945305201042418,0.9926036559045316,0.9974290033058322,0.999667216092348
conflict_476_c004005,c004005,476,conflict,0.968379484790729,0.9915014319121838,0.9980580339321126,0.9996092948131264
conflict_477_c004026,c004026,477,conflict,0.228148052766453,0.9556464999914168,0.1980551331089349,0.9827195405960084
conflict_477_c004028,c004028,477,conflict,0.8267058915117105,0.9893067628145218,0.9722028620713844,0.995517009869218
conflict_477_c004033,c004033,477,conflict,0.4882816609447156,0.9260642230510712,0.9921227256698212,0.9991648411378264
conflict_477_c004034,c004034,477,conflict,0.4882820149564761,0.9887488782405852,0.7662879686706218,0.9934422373771667
conflict_477_c004035,c004035,477,conflict,0.8962470949578731,0.98868827521801,0.9988303929520098,0.999673327198252
conflict_478_c004044,c004044,478,conflict,0.4416683715878653,0.9666534662246704,0.9912879808257332,0.9981008674949408
conflict_478_c004055,c004055,478,conflict,0.9996671742562084,0.9987069171038456,0.998217580893048,0.999695475329645
conflict_478_c004058,c004058,478,conflict,0.9998910760167604,0.999895051085332,0.9987742494321812,0.999684285488911
conflict_480_c004083,c004083,480,conflict,0.9948200324879468,0.9492362611927092,0.9945304259527906,0.9989912305027246
conflict_480_c004093,c004093,480,conflict,0.939019498315622,0.9838997200131416,0.9965433926895008,0.9994280384853482
conflict_482_c004143,c004143,482,conflict,0.8774786367369025,0.9754236340522766,0.9833426904747752,0.9990091547369956
conflict_485_c004226,c004226,485,conflict,0.9865710637024276,0.9962834613397716,0.9997949579936372,0.9998380229953908
conflict_486_c004237,c004237,486,conflict,0.8962513210766625,0.980094239115715,0.9948998765657602,0.9992942502722144
conflict_487_c004262,c004262,487,conflict,0.9943138854878328,0.9950239341706038,0.998338514339113,0.9996900835540146
conflict_488_c004281,c004281,488,conflict,0.9329357676004888,0.9617074877023696,0.9978840056717626,0.9992134314961733
conflict_488_c004282,c004282,488,conflict,0.960944676002527,0.9753793589770794,0.9964613502576756,0.998954631621018
conflict_488_c004283,c004283,488,conflict,0.1623869179141602,0.9923311024904252,0.8969710850228678,0.995454043149948
conflict_488_c004284,c004284,488,conflict,0.9362822243762772,0.9324629493057728,0.9898289969330032,0.998132192529738
conflict_488_c004293,c004293,488,conflict,0.7341184681844053,0.9755946099758148,0.9742384179447414,0.9964733347296716
conflict_488_c004294,c004294,488,conflict,0.8962437159303056,0.9747405275702477,0.9986435225914968,0.9996272582793608
conflict_488_c004295,c004295,488,conflict,0.8558444407587432,0.9903094172477722,0.9977828036582812,0.9996504413429648
conflict_489_c004304,c004304,489,conflict,0.0009401145958637,0.9992124488344416,0.9903660613587848,0.9992078924551606
conflict_492_c004351,c004351,492,conflict,0.2689459096022742,0.9706824421882628,0.99135503377782,0.9994137547910212
conflict_603_c004422,c004422,603,conflict,0.9999617637418808,0.9999243288875732,0.999948950847932,0.9998714537941852
conflict_603_c004430,c004430,603,conflict,0.9996922029401905,0.998850169184152,0.9997712615284536,0.9997502348560374
conflict_603_c004434,c004434,603,conflict,0.0267593954487809,0.9973557610064744,0.1329608109281613,0.9958310425281524
conflict_603_c004435,c004435,603,conflict,0.7461310048527674,0.9818439036607742,0.8633870304278854,0.994432970881462
conflict_603_c004438,c004438,603,conflict,0.3593537028111947,0.9006159901618958,0.9648526502251004,0.9928307011723518
conflict_605_c004454,c004454,605,conflict,0.0030757558632981,0.9946700681466608,0.6926464945389144,0.9944642782211304
conflict_608_c004488,c004488,608,conflict,0.3311245477854866,0.8915209174156189,0.8418252392002913,0.994225725531578
conflict_608_c004498,c004498,608,conflict,0.9178947393508992,0.8999481499195099,0.994859912396915,0.9987160945311188
conflict_608_c004506,c004506,608,conflict,0.9142908357004124,0.9500189647078514,0.9957019213729352,0.9988376484252512
conflict_608_c004508,c004508,608,conflict,0.9884011242606572,0.9962501004338264,0.9994206723620688,0.999756046163384
conflict_608_c004509,c004509,608,conflict,0.9791944977469764,0.9452699068933724,0.9907313107214554,0.997899723239243
conflict_608_c004510,c004510,608,conflict,0.9947794561397556,0.9960325178690256,0.9994161255865196,0.999793634749949
conflict_608_c004511,c004511,608,conflict,0.9978170913662712,0.9967810655944048,0.9994428414632374,0.999700293992646
conflict_609_c004531,c004531,609,conflict,0.8333205555080925,0.9937742501497268,0.998285855295619,0.999710216652602
conflict_609_c004532,c004532,609,conflict,0.9981612897406568,0.9988479554885998,0.9993384348131228,0.9997777196695096
conflict_609_c004533,c004533,609,conflict,0.9983513888427904,0.997852128581144,0.9990377502407828,0.9998556698556058
conflict_609_c004534,c004534,609,conflict,0.5964368053742951,0.98043030500412,0.9965701010790524,0.9994049617089332
conflict_612_c004554,c004554,612,conflict,0.8019390496925869,0.9104306995868684,0.8221860483579284,0.9920780062675476
conflict_612_c004562,c004562,612,conflict,0.9575943028263624,0.980100516229868,0.9994514853277952,0.9998378191376104
conflict_615_c004587,c004587,615,conflict,0.9955658564391878,0.994084089063108,0.9955314778216312,0.9995060162618756
conflict_615_c004594,c004594,615,conflict,0.6791670877124312,0.8325677812099457,0.994697727600564,0.9987363792024552
conflict_615_c004598,c004598,615,conflict,0.983719754035674,0.9578846050426364,0.9994428301341352,0.9992174771032296
conflict_615_c004599,c004599,615,conflict,0.9932534919815382,0.9553505694493653,0.9990599618017224,0.9993485182058066
conflict_620_c004678,c004678,620,conflict,0.7549087584259976,0.966697797179222,0.9944011950713826,0.999109729193151
conflict_622_c004706,c004706,622,conflict,0.546734589026138,0.8109998404979706,0.9993174521127464,0.9998769070953132
conflict_624_c004751,c004751,624,conflict,0.9963495761018548,0.996235453756526,0.9863627692976732,0.9992683148011564
conflict_624_c004757,c004757,624,conflict,0.8757785251466264,0.9818358942866324,0.9995592092249354,0.9998823626083322
conflict_624_c004762,c004762,624,conflict,0.7718443406949459,0.9859895259141922,0.9984144904298956,0.9997540649492294
conflict_625_c004777,c004777,625,conflict,0.9815940518204772,0.9952088631689548,0.997527261162474,0.9997166346292944
conflict_625_c004778,c004778,625,conflict,0.0705651144671099,0.9936342760920523,0.9982859093261848,0.9998446226818488
conflict_625_c004779,c004779,625,conflict,0.9950943794207032,0.9981688228435814,0.989347048853898,0.9970397222787142
conflict_627_c004811,c004811,627,conflict,0.8418227785213579,0.9704841375350952,0.9566339503679934,0.9976675249636172
conflict_627_c004815,c004815,627,conflict,0.9946561885098684,0.9802456628531218,0.9988926006025224,0.9997450317023322
conflict_627_c004824,c004824,627,conflict,0.998272255049791,0.9992647431790828,0.9999439357184116,0.9999287447644748
conflict_627_c004825,c004825,627,conflict,0.9983383331073272,0.989705273299478,0.9996723804379062,0.9997303522832226
conflict_628_c004846,c004846,628,conflict,0.9674093471357442,0.9961043819785118,0.9815949437485724,0.9988025333732368
conflict_628_c004849,c004849,628,conflict,0.989346336283314,0.9923288635909556,0.8670314818574799,0.9970536679029464
conflict_629_c004877,c004877,629,conflict,0.9975653650720469,0.996942968806252,0.999328012085081,0.9997572511201724
conflict_632_c004906,c004906,632,conflict,0.2107468453024921,0.914790004491806,0.6113723605796135,0.9847683310508728
conflict_632_c004919,c004919,632,conflict,0.6224555823942067,0.976546674966812,0.9967266821804376,0.9993272551801056
conflict_632_c004920,c004920,632,conflict,0.798181998426443,0.9937115162611008,0.9952072588640426,0.9987619700841606
conflict_632_c004923,c004923,632,conflict,0.992653427637032,0.9977340544573964,0.9979168688405378,0.9996244320645928
conflict_634_c004970,c004970,634,conflict,0.9025849207904292,0.908233717083931,0.9939487914093575,0.998845891095698
conflict_634_c004977,c004977,634,conflict,0.8198890270396878,0.9919609129428864,0.9907317695522568,0.9993032673373818
conflict_636_c004995,c004995,636,conflict,0.0012162371078978,0.997339891968295,0.5273094967368556,0.988640695810318
conflict_636_c004997,c004997,636,conflict,0.8267064413549905,0.979087308049202,0.3886128184386012,0.9958140552043916
conflict_636_c004999,c004999,636,conflict,0.5234231488720112,0.9715656936168672,0.8175677337236906,0.9961889386177064
conflict_636_c005031,c005031,636,conflict,0.937207506164846,0.9862738847732544,0.995055734311492,0.9988270830363036
conflict_636_c005034,c005034,636,conflict,0.7759379551694839,0.9288359135389328,0.9954257636895548,0.999337919987738
conflict_637_c005040,c005040,637,conflict,0.975385254229649,0.9898015428334476,0.9955657397084756,0.9996385965496302
conflict_637_c005044,c005044,637,conflict,0.5698506393636019,0.9862818717956544,0.9273618485452496,0.997399240732193
conflict_637_c005045,c005045,637,conflict,0.993041671185756,0.987517725676298,0.9932541458871004,0.999460854101926
conflict_637_c005057,c005057,637,conflict,0.3849178303277518,0.9011656939983368,0.9967011091554222,0.9994675358757376
conflict_637_c005058,c005058,637,conflict,0.9969476109931276,0.9990093025844544,0.9962048809013,0.9997435931582004
conflict_638_c005059,c005059,638,conflict,0.7401651073587808,0.8721005469560623,0.9889266374180704,0.9958519078791142
conflict_640_c005068,c005068,640,conflict,0.0104091217821008,0.9974723858758808,0.977369574429133,0.9991609435528516
conflict_640_c005069,c005069,640,conflict,0.0194214208757536,0.9972056671977044,0.5273160216324716,0.99368616938591
conflict_640_c005070,c005070,640,conflict,0.8558421672961064,0.9840024709701538,0.93244932897006,0.9988898038864136
conflict_640_c005072,c005072,640,conflict,0.0381804717547582,0.985684022307396,0.3738752268140162,0.9927400052547456
conflict_640_c005081,c005081,640,conflict,3.945064670746186e-05,0.9996456883854988,0.5660151729226283,0.9973192512989044
conflict_640_c005082,c005082,640,conflict,0.0089862276184565,0.9979471797123552,0.937211003734312,0.9980394393205644
conflict_640_c005083,c005083,640,conflict,0.0014666229164924,0.999368328251876,0.1801101122796915,0.9935056567192078
conflict_640_c005084,c005084,640,conflict,0.0325917881072051,0.9975792653858662,0.9294360123952808,0.998579539358616
conflict_641_c005085,c005085,641,conflict,0.2364956209212357,0.9499226361513138,0.899112439061419,0.988544836640358
conflict_641_c005086,c005086,641,conflict,0.0021659141619739,0.9986144101712852,0.0900959148916444,0.9978235214948654
conflict_641_c005093,c005093,641,conflict,0.0953523351738278,0.9704170525074004,0.3557807061688174,0.9961230158805848
conflict_641_c005094,c005094,641,conflict,5.065186510021075e-05,0.9997727038935408,0.9962634400848484,0.9997473498806356
conflict_649_c005115,c005115,649,conflict,0.9284121381621794,0.924429439008236,0.9936109688926332,0.999303309712559
conflict_649_c005116,c005116,649,conflict,0.8479670676045562,0.9912148863077164,0.8031710589985793,0.9973658323287964
conflict_649_c005118,c005118,649,conflict,0.9353463680233988,0.9545217342674732,0.9896711662521588,0.9989864490926266
conflict_650_c005125,c005125,650,conflict,0.9992790609571904,0.9972685761749744,0.9995082894244552,0.9998236942337826
conflict_650_c005129,c005129,650,conflict,0.994444275076874,0.9902372728101908,0.99899945620944,0.999811659916304
conflict_650_c005131,c005131,650,conflict,0.9937577175584918,0.9668800551444292,0.9958977865371916,0.999223068356514
conflict_659_c005270,c005270,659,conflict,0.0045389982913112,0.9957727696746588,0.3775522000659995,0.9909487962722778
conflict_659_c005279,c005279,659,conflict,0.874076102258918,0.9965851306915284,0.9693229858592382,0.999171955510974
conflict_659_c005280,c005280,659,conflict,0.5117108060500261,0.9876753985881804,0.9736435340645352,0.9993826225399972
conflict_659_c005281,c005281,659,conflict,0.0185466780811849,0.9956028703600168,0.9429267558342808,0.9965434297919272
conflict_659_c005284,c005284,659,conflict,0.1329632500462138,0.9936220347881316,0.8499666872733285,0.997772753238678
conflict_659_c005285,c005285,659,conflict,0.0004272702106304,0.9995945989212488,7.783991247285644e-05,0.9999287631508196
conflict_659_c005297,c005297,659,conflict,0.987177109094224,0.9941808898001908,0.9935107353064764,0.9994008280336856
conflict_659_c005299,c005299,659,conflict,0.0742339160773542,0.9657141268253326,0.9930959530855162,0.9996150191873312
conflict_660_c005309,c005309,660,conflict,0.3521721139132259,0.9773263335227966,0.9899857430461732,0.9992973385378718
conflict_660_c005310,c005310,660,conflict,0.9859360287043842,0.9962515123188496,0.9993784881450206,0.9996879091486336
conflict_660_c005315,c005315,660,conflict,0.9994598831460956,0.9966402180143632,0.999548720552829,0.9996952954388688
conflict_660_c005317,c005317,660,conflict,0.9998568386860622,0.9998273511882872,0.992766983410902,0.9994592824950814
conflict_661_c005327,c005327,661,conflict,0.8449215124358131,0.9720988571643828,0.7853006050470901,0.9911492615938188
conflict_661_c005333,c005333,661,conflict,0.04272544727775,0.9960578233003616,0.989510443661248,0.9996060263365508
conflict_661_c005337,c005337,661,conflict,0.051082690443855,0.981287870556116,0.9700111035539885,0.9960233215242624
conflict_661_c005359,c005359,661,conflict,0.0271706080470039,0.9865119867026806,0.9559786540845944,0.9985751695930958
conflict_662_c005369,c005369,662,conflict,0.8816018478199495,0.957263395190239,0.9997507519077624,0.9998533174803016
conflict_667_c005464,c005464,667,conflict,0.9828227080361678,0.9909501727670432,0.9711290571224606,0.9982739686965942
conflict_667_c005468,c005468,667,conflict,0.9994069390035794,0.9989913032040932,0.999902367969308,0.9998915681862854
conflict_667_c005469,c005469,667,conflict,0.990586788150517,0.9901672378182412,0.9949786712940843,0.9993502604775132
conflict_667_c005472,c005472,667,conflict,0.368380235697364,0.8488139808177948,0.9915537635247982,0.9994163289666176
conflict_670_c005526,c005526,670,conflict,0.9381192262551616,0.9850661121308804,0.997782800775656,0.99974638200365
conflict_670_c005527,c005527,670,conflict,0.9983255482319704,0.989772040164098,0.999150684910704,0.999823309481144
conflict_680_c005600,c005600,680,conflict,0.0288711868670619,0.9974979888647796,0.6370296503773984,0.9969981014728546
conflict_680_c005616,c005616,680,conflict,0.8596527932905211,0.9773968607187272,0.996263489131324,0.9995110989548266
conflict_680_c005624,c005624,680,conflict,0.0042982174488197,0.9969466291368008,0.9748200274759302,0.9989118669182062
conflict_680_c005627,c005627,680,conflict,0.9965698574353395,0.9934617266990244,0.9489151482942908,0.9965662136673928
conflict_684_c005694,c005694,684,conflict,0.3040317908360982,0.9967494308948516,0.6406292272936537,0.9958090782165528
conflict_688_c005735,c005735,688,conflict,0.0132237243246379,0.996447753161192,0.9852703273664108,0.9993033856153488
conflict_688_c005750,c005750,688,conflict,0.9997747686559534,0.998923938794178,0.998027481444614,0.999555627349764
conflict_688_c005751,c005751,688,conflict,0.9688537295348544,0.9876250755041838,0.9736425360003688,0.998887412250042
conflict_688_c005752,c005752,688,conflict,0.9273604764611184,0.9818323403596878,0.2720220272211137,0.99404838681221
conflict_698_c005894,c005894,698,conflict,0.7089729344497552,0.8566036522388458,0.9910834641048136,0.9987789383158088
conflict_698_c005895,c005895,698,conflict,0.9711268476302451,0.9891565088182688,0.9324521087076147,0.9981221854686736
conflict_698_c005898,c005898,698,conflict,0.6926283399897997,0.9657396376132964,0.9353454287607984,0.9981991201639177
conflict_698_c005900,c005900,698,conflict,0.233709877184118,0.9860412329435349,0.9870789627189654,0.9991201339289546
conflict_698_c005901,c005901,698,conflict,0.8311413849855153,0.9835224747657776,0.9976585148209112,0.99962251028046
conflict_698_c005904,c005904,698,conflict,0.0083159694373423,0.9991208408027888,0.7217370223490427,0.9973454773426056
conflict_698_c005909,c005909,698,conflict,0.2200151798591856,0.9747098833322524,0.994357917092378,0.9994770851917564
conflict_698_c005911,c005911,698,conflict,0.0815231106597483,0.9952651783823968,0.995017317203548,0.9994252622127532
conflict_698_c005923,c005923,698,conflict,0.4882907683461217,0.8794552683830261,0.97283011405064,0.9988196492195128
conflict_698_c005927,c005927,698,conflict,0.0002824560109896,0.9996822667017112,0.3106883192453568,0.9980602264404296
conflict_698_c005929,c005929,698,conflict,0.0004619625149442,0.9996749714482576,0.37754478492064,0.9971534609794616
conflict_705_c005963,c005963,705,conflict,0.8221872040035447,0.9851399064064026,0.6619244328465516,0.9915811717510224
conflict_707_c005979,c005979,707,conflict,0.9801289359347504,0.9942883234471084,0.9934609974700942,0.9994881213642656
conflict_708_c006005,c006005,708,conflict,0.9945725566449956,0.9940727753564716,0.9790353332682604,0.9986024610698224
conflict_712_c006056,c006056,712,conflict,0.6926487193324421,0.9226963222026824,0.9952814493861228,0.9994204798713326
conflict_712_c006059,c006059,712,conflict,0.9996922348120052,0.9997333923820406,0.9997730490704254,0.9998731685773236
conflict_712_c006061,c006061,712,conflict,0.999798117454618,0.999693452642532,0.9995891136410482,0.9998677741095888
conflict_712_c006071,c006071,712,conflict,0.9092585527807407,0.9844194799661636,0.9990817304664652,0.9997164987726136
conflict_713_c006084,c006084,713,conflict,0.6113826672738538,0.9422951340675354,0.9986644897833306,0.9995955873746424
conflict_713_c006086,c006086,713,conflict,0.979194352336582,0.9941673818975688,0.9987256099988956,0.9996358114294708
conflict_713_c006092,c006092,713,conflict,0.9996873530883138,0.9993345054390376,0.9999075652101076,0.999950988436467
conflict_716_c006146,c006146,716,conflict,0.9967772379388692,0.9924579372163862,0.9883123356873074,0.998789676465094
conflict_716_c006158,c006158,716,conflict,0.0085113647742787,0.9978926228359342,0.9873738439376883,0.999611584469676
conflict_716_c006160,c006160,716,conflict,0.977021510246916,0.9945368748158216,0.8947878851833082,0.9979346841573716
conflict_717_c006173,c006173,717,conflict,0.997694584233862,0.9975861366838216,0.9993174457574056,0.9997392519726418
conflict_717_c006179,c006179,717,conflict,0.9940421080018492,0.9983072662726044,0.9994886997094168,0.9998081654193812
conflict_718_c006191,c006191,718,conflict,0.9837177178542048,0.9761179368942976,0.9939021256669384,0.998865802306682
agreement_301_a000030,a000030,301,agreement,0.001432862313757,0.993321233196184,0.9399119520086736,0.997815866023302
agreement_301_a000018,a000018,301,agreement,0.0128219969891345,0.9910308113321662,0.9539638941145676,0.9971903339028358
agreement_302_a000045,a000045,302,agreement,0.7401542196991354,0.9148008972406388,0.9504074868497042,0.998370248824358
agreement_302_a000033,a000033,302,agreement,0.0161538712292211,0.9946904182434082,0.9184787232827336,0.998966097831726
agreement_303_a000049,a000049,303,agreement,0.2227083910070636,0.9841704964637756,0.4882750412954775,0.9932430982589722
agreement_306_a000143,a000143,306,agreement,0.7090128804900188,0.981067568063736,0.1755384704442499,0.9946330785751344
agreement_306_a000141,a000141,306,agreement,0.6893094262621626,0.9607471525669098,0.9954965086459936,0.99914032779634
agreement_306_a000152,a000152,306,agreement,0.4187021404842279,0.9741468131542206,0.908613964472764,0.9985590577125548
agreement_307_a000160,a000160,307,agreement,0.9507768091884148,0.953130479902029,0.9473787392556028,0.997688129544258
agreement_307_a000160,a000160,307,agreement,0.9507768091884148,0.953130479902029,0.9473787392556028,0.997688129544258
agreement_307_a000167,a000167,307,agreement,0.9329345228938288,0.972607858479023,0.1895244698547533,0.9934928566217422
agreement_307_a000160,a000160,307,agreement,0.9507768091884148,0.953130479902029,0.9473787392556028,0.997688129544258
agreement_308_a000193,a000193,308,agreement,0.9998232320852308,0.9990365395642584,0.9998803899996396,0.9999133079545572
agreement_308_a000193,a000193,308,agreement,0.9998232320852308,0.9990365395642584,0.9998803899996396,0.9999133079545572
agreement_308_a000189,a000189,308,agreement,0.9999426013863364,0.9997882118805136,0.9995043900292389,0.9997622357914224
agreement_308_a000193,a000193,308,agreement,0.9998232320852308,0.9990365395642584,0.9998803899996396,0.9999133079545572
agreement_308_a000193,a000193,308,agreement,0.9998232320852308,0.9990365395642584,0.9998803899996396,0.9999133079545572
agreement_311_a000243,a000243,311,agreement,0.99242242544298,0.994294840376824,0.9988394669394745,0.9996312459697948
agreement_312_a000262,a000262,312,agreement,0.9906589141137402,0.9908419363200665,0.988667613604618,0.9991824300959706
agreement_314_a000301,a000301,314,agreement,0.0136381588055053,0.997701732441783,0.7931019148933134,0.9935655444860458
agreement_314_a000310,a000310,314,agreement,0.9818750890417408,0.9788182061165572,0.8289346344111014,0.9936882108449936
agreement_314_a000319,a000319,314,agreement,0.782668585150198,0.9786923378705978,0.9678978851402386,0.9986338205635548
agreement_314_a000305,a000305,314,agreement,0.611394211343746,0.9929011166095734,0.9962924309044008,0.999487687367946
agreement_314_a000305,a000305,314,agreement,0.611394211343746,0.9929011166095734,0.9962924309044008,0.999487687367946
agreement_315_a000349,a000349,315,agreement,0.1623797316597096,0.9905685782432556,0.9895104981240762,0.9994512237608432
agreement_315_a000351,a000351,315,agreement,0.0627902335264954,0.9955705478787422,0.3007468678302384,0.997824251651764
agreement_315_a000342,a000342,315,agreement,0.0450187252553957,0.9858316592872144,0.8740757122713297,0.9982765913009644
agreement_315_a000342,a000342,315,agreement,0.0450187252553957,0.9858316592872144,0.8740757122713297,0.9982765913009644
agreement_315_a000351,a000351,315,agreement,0.0627902335264954,0.9955705478787422,0.3007468678302384,0.997824251651764
agreement_318_a000394,a000394,318,agreement,0.0035110597948043,0.9993169051595032,0.550612585024685,0.994624525308609
agreement_321_a000435,a000435,321,agreement,0.9999812143325354,0.9998827060589974,0.9999570103896948,0.9999373078790086
agreement_321_a000439,a000439,321,agreement,0.9979005939034226,0.9981519638095052,0.9974087442046924,0.999443284003064
agreement_321_a000436,a000436,321,agreement,0.9998756004422128,0.998029349168064,0.9998910897738672,0.9998929509383744
agreement_323_a000472,a000472,323,agreement,0.2226997796896336,0.979034960269928,0.5926601172630735,0.9954670667648317
agreement_323_a000484,a000484,323,agreement,0.2094633176613105,0.9943608045578004,0.6076559029151749,0.9950793087482452
agreement_327_a000550,a000550,327,agreement,0.6076633131361275,0.9017488360404968,0.9461976062362808,0.9976310767233372
agreement_328_a000566,a000566,328,agreement,0.0013887462453429,0.9995408414397388,0.0151899900724071,0.999686167575419
agreement_328_a000576,a000576,328,agreement,0.0005659746754139,0.9994982311036438,0.2628403232577803,0.9986926913261414
agreement_328_a000572,a000572,328,agreement,0.006389048624481,0.998080413788557,0.3960713522639236,0.9932717382907869
agreement_329_a000594,a000594,329,agreement,0.0042317671540549,0.998499197885394,0.2393483771936337,0.9982358366250992
agreement_332_a000647,a000647,332,agreement,0.9999790458517382,0.9998249704076444,0.999971805104764,0.9999412896668218
agreement_332_a000650,a000650,332,agreement,0.999464188938616,0.9989115973585284,0.9986113548983548,0.9995907583506778
agreement_332_a000650,a000650,332,agreement,0.999464188938616,0.9989115973585284,0.9986113548983548,0.9995907583506778
agreement_332_a000650,a000650,332,agreement,0.999464188938616,0.9989115973585284,0.9986113548983548,0.9995907583506778
agreement_332_a000650,a000650,332,agreement,0.999464188938616,0.9989115973585284,0.9986113548983548,0.9995907583506778
agreement_338_a000814,a000814,338,agreement,0.9982723781707054,0.9972198070026934,0.998567344857142,0.9997589093400164
agreement_338_a000814,a000814,338,agreement,0.9982723781707054,0.9972198070026934,0.998567344857142,0.9997589093400164
agreement_338_a000814,a000814,338,agreement,0.9982723781707054,0.9972198070026934,0.998567344857142,0.9997589093400164
agreement_338_a000814,a000814,338,agreement,0.9982723781707054,0.9972198070026934,0.998567344857142,0.9997589093400164
agreement_338_a000814,a000814,338,agreement,0.9982723781707054,0.9972198070026934,0.998567344857142,0.9997589093400164
agreement_338_a000814,a000814,338,agreement,0.9982723781707054,0.9972198070026934,0.998567344857142,0.9997589093400164
agreement_340_a000855,a000855,340,agreement,0.0061937347757432,0.9991631307639182,0.5156198235187455,0.9971746504306792
agreement_345_a000951,a000951,345,agreement,0.9997197497553936,0.9994111687119585,0.9998403118307227,0.9999288876279024
agreement_345_a000943,a000943,345,agreement,0.9942686816701668,0.954345921985805,0.9980120421329008,0.9991386933252216
agreement_345_a000937,a000937,345,agreement,0.0323460889544239,0.9928173087537288,0.9891801412853448,0.998531311750412
agreement_345_a000951,a000951,345,agreement,0.9997197497553936,0.9994111687119585,0.9998403118307227,0.9999288876279024
agreement_345_a000937,a000937,345,agreement,0.0323460889544239,0.9928173087537288,0.9891801412853448,0.998531311750412
agreement_345_a000938,a000938,345,agreement,0.0100139256723501,0.997678203508258,0.9949391885356108,0.9993738629855216
agreement_345_a000938,a000938,345,agreement,0.0100139256723501,0.997678203508258,0.9949391885356108,0.9993738629855216
agreement_345_a000937,a000937,345,agreement,0.0323460889544239,0.9928173087537288,0.9891801412853448,0.998531311750412
agreement_345_a000938,a000938,345,agreement,0.0100139256723501,0.997678203508258,0.9949391885356108,0.9993738629855216
agreement_345_a000943,a000943,345,agreement,0.9942686816701668,0.954345921985805,0.9980120421329008,0.9991386933252216
agreement_345_a000943,a000943,345,agreement,0.9942686816701668,0.954345921985805,0.9980120421329008,0.9991386933252216
agreement_345_a000937,a000937,345,agreement,0.0323460889544239,0.9928173087537288,0.9891801412853448,0.998531311750412
agreement_346_a000977,a000977,346,agreement,0.9956000587550006,0.995422713458538,0.9970418565287203,0.9990167387295514
agreement_346_a000969,a000969,346,agreement,0.999913833632586,0.9997111090488032,0.9994428299668666,0.9997587506077252
agreement_346_a000977,a000977,346,agreement,0.9956000587550006,0.995422713458538,0.9970418565287203,0.9990167387295514
agreement_346_a000962,a000962,346,agreement,0.9984386149710563,0.9825276728952304,0.998764717702314,0.9994092795532196
agreement_346_a000969,a000969,346,agreement,0.999913833632586,0.9997111090488032,0.9994428299668666,0.9997587506077252
agreement_346_a000979,a000979,346,agreement,0.0261552385557925,0.992747338488698,0.99346057899963,0.9993826476857066
agreement_346_a000977,a000977,346,agreement,0.9956000587550006,0.995422713458538,0.9970418565287203,0.9990167387295514
agreement_346_a000973,a000973,346,agreement,0.999862318811745,0.9997708426526516,0.9993537190149342,0.999798274540808
agreement_346_a000969,a000969,346,agreement,0.999913833632586,0.9997111090488032,0.9994428299668666,0.9997587506077252
agreement_346_a000973,a000973,346,agreement,0.999862318811745,0.9997708426526516,0.9993537190149342,0.999798274540808
agreement_346_a000980,a000980,346,agreement,0.8558201860731095,0.9927243292331696,0.923034887495485,0.99480589479208
agreement_347_a000994,a000994,347,agreement,0.971774458830238,0.933840110898018,0.9770222353911716,0.9980174079537392
agreement_347_a000994,a000994,347,agreement,0.971774458830238,0.933840110898018,0.9770222353911716,0.9980174079537392
agreement_347_a000994,a000994,347,agreement,0.971774458830238,0.933840110898018,0.9770222353911716,0.9980174079537392
agreement_347_a000994,a000994,347,agreement,0.971774458830238,0.933840110898018,0.9770222353911716,0.9980174079537392
agreement_348_a001012,a001012,348,agreement,0.998943014112466,0.9976028663804756,0.9997965434808084,0.9998474069288932
agreement_348_a001010,a001010,348,agreement,0.9993975748315996,0.999255567381624,0.9997304968263916,0.9998280248255468
agreement_348_a001011,a001011,348,agreement,0.9998259634725236,0.9997816807590424,0.9997565130551388,0.9999365075636888
agreement_348_a001011,a001011,348,agreement,0.9998259634725236,0.9997816807590424,0.9997565130551388,0.9999365075636888
agreement_348_a001011,a001011,348,agreement,0.9998259634725236,0.9997816807590424,0.9997565130551388,0.9999365075636888
agreement_348_a001011,a001011,348,agreement,0.9998259634725236,0.9997816807590424,0.9997565130551388,0.9999365075636888
agreement_348_a001012,a001012,348,agreement,0.998943014112466,0.9976028663804756,0.9997965434808084,0.9998474069288932
agreement_354_a001133,a001133,354,agreement,0.9826824234892356,0.9838761743158102,0.9996199741047804,0.9997948091186116
agreement_354_a001133,a001133,354,agreement,0.9826824234892356,0.9838761743158102,0.9996199741047804,0.9997948091186116
agreement_354_a001133,a001133,354,agreement,0.9826824234892356,0.9838761743158102,0.9996199741047804,0.9997948091186116
agreement_362_a001267,a001267,362,agreement,0.9992676379284764,0.9989540067035704,0.9987933444720228,0.9998287471244112
agreement_362_a001267,a001267,362,agreement,0.9992676379284764,0.9989540067035704,0.9987933444720228,0.9998287471244112
agreement_362_a001270,a001270,362,agreement,0.999728358487377,0.9994558041216806,0.9996539654975052,0.9998110174201428
agreement_362_a001270,a001270,362,agreement,0.999728358487377,0.9994558041216806,0.9996539654975052,0.9998110174201428
agreement_362_a001267,a001267,362,agreement,0.9992676379284764,0.9989540067035704,0.9987933444720228,0.9998287471244112
agreement_362_a001267,a001267,362,agreement,0.9992676379284764,0.9989540067035704,0.9987933444720228,0.9998287471244112
agreement_363_a001277,a001277,363,agreement,0.1151678674754872,0.951622374355793,0.4765871711602291,0.993244469165802
agreement_363_a001280,a001280,363,agreement,0.0002050613129772,0.9997306127042976,0.1755416451646795,0.9978605657815932
agreement_363_a001280,a001280,363,agreement,0.0002050613129772,0.9997306127042976,0.1755416451646795,0.9978605657815932
agreement_363_a001277,a001277,363,agreement,0.1151678674754872,0.951622374355793,0.4765871711602291,0.993244469165802
agreement_363_a001277,a001277,363,agreement,0.1151678674754872,0.951622374355793,0.4765871711602291,0.993244469165802
agreement_363_a001277,a001277,363,agreement,0.1151678674754872,0.951622374355793,0.4765871711602291,0.993244469165802
agreement_363_a001277,a001277,363,agreement,0.1151678674754872,0.951622374355793,0.4765871711602291,0.993244469165802
agreement_364_a001342,a001342,364,agreement,0.0010485738543095,0.9990971843944862,0.0004619725850748,0.999682852969272
agreement_364_a001307,a001307,364,agreement,0.0064890550019072,0.9969474645331502,0.0797845834218639,0.9970406219363211
agreement_364_a001349,a001349,364,agreement,0.3073585948288086,0.9364689588546752,0.94966871493466,0.9984110035002232
agreement_364_a001315,a001315,364,agreement,0.3775342752501666,0.969259649515152,0.8489664653806629,0.9949547648429872
agreement_366_a001434,a001434,366,agreement,0.9437620017301696,0.9856511130928992,0.9909443346464338,0.9991274047642946
agreement_366_a001403,a001403,366,agreement,0.5195089796071616,0.9154359102249146,0.7431633217375483,0.9948382675647736
agreement_366_a001432,a001432,366,agreement,0.4224928972572827,0.9583621621131896,0.9746267246927603,0.9981414526700974
agreement_366_a001410,a001410,366,agreement,0.0685372944015169,0.982633076608181,0.6187725154076453,0.9964205622673036
agreement_366_a001402,a001402,366,agreement,0.5660180984225591,0.9091455340385436,0.8459364112844979,0.9936925023794174
agreement_367_a001465,a001465,367,agreement,0.9961456716362416,0.9890749712940304,0.998918252651862,0.9996276468737052
agreement_367_a001453,a001453,367,agreement,0.9998043439092406,0.9996661227050936,0.9993537421450324,0.9998843165230936
agreement_367_a001465,a001465,367,agreement,0.9961456716362416,0.9890749712940304,0.998918252651862,0.9996276468737052
agreement_367_a001465,a001465,367,agreement,0.9961456716362416,0.9890749712940304,0.998918252651862,0.9996276468737052
agreement_367_a001463,a001463,367,agreement,0.9993383593497378,0.9948187454720028,0.9950942527698118,0.9982414869591594
agreement_367_a001468,a001468,367,agreement,0.9999369664004724,0.999917950721283,0.9998655200754072,0.9998687447659904
agreement_369_a001513,a001513,369,agreement,0.0550073821646638,0.9848131686449052,0.4416699731737782,0.9861978888511658
agreement_369_a001529,a001529,369,agreement,0.0002737668049193,0.9998173836502248,2.627902755064321e-05,0.999926200889604
agreement_370_a001564,a001564,370,agreement,0.0016876915525605,0.998946066130884,0.9929332650252752,0.9994389186613262
agreement_370_a001544,a001544,370,agreement,0.9752008349094416,0.9572461694478988,0.9934098319405984,0.9993019397370516
agreement_370_a001542,a001542,370,agreement,0.7772979484925296,0.960976868867874,0.978050901960546,0.9991271700710058
agreement_374_a001662,a001662,374,agreement,0.041154379260077,0.995653998106718,0.8807943322119054,0.9978431910276412
agreement_374_a001662,a001662,374,agreement,0.041154379260077,0.995653998106718,0.8807943322119054,0.9978431910276412
agreement_374_a001656,a001656,374,agreement,0.7248684326907731,0.891650065779686,0.2393528104227807,0.9843121469020844
agreement_374_a001664,a001664,374,agreement,0.4610135317759655,0.9307036697864532,0.9866728611855844,0.9968474749475718
agreement_374_a001662,a001662,374,agreement,0.041154379260077,0.995653998106718,0.8807943322119054,0.9978431910276412
agreement_374_a001656,a001656,374,agreement,0.7248684326907731,0.891650065779686,0.2393528104227807,0.9843121469020844
agreement_374_a001662,a001662,374,agreement,0.041154379260077,0.995653998106718,0.8807943322119054,0.9978431910276412
agreement_377_a001749,a001749,377,agreement,0.8688024492092149,0.991187185049057,0.8092726199514267,0.9909406751394272
agreement_377_a001759,a001759,377,agreement,0.90665481496639,0.9686587229371072,0.9988394540431992,0.9997347930911928
agreement_377_a001759,a001759,377,agreement,0.90665481496639,0.9686587229371072,0.9988394540431992,0.9997347930911928
agreement_377_a001749,a001749,377,agreement,0.8688024492092149,0.991187185049057,0.8092726199514267,0.9909406751394272
agreement_377_a001759,a001759,377,agreement,0.90665481496639,0.9686587229371072,0.9988394540431992,0.9997347930911928
agreement_377_a001761,a001761,377,agreement,0.0618799628567004,0.944195620715618,0.9629509770758788,0.998241137713194
agreement_377_a001749,a001749,377,agreement,0.8688024492092149,0.991187185049057,0.8092726199514267,0.9909406751394272
agreement_377_a001749,a001749,377,agreement,0.8688024492092149,0.991187185049057,0.8092726199514267,0.9909406751394272
agreement_377_a001758,a001758,377,agreement,0.9999384120462348,0.9997919833331252,0.9999239644689268,0.9998911336442688
agreement_378_a001773,a001773,378,agreement,0.0715922787236623,0.994841270148754,0.5156132574420892,0.9937363564968108
agreement_379_a001810,a001810,379,agreement,0.9005245642447613,0.9854284599423409,0.9951700248989264,0.9993494641967118
agreement_379_a001818,a001818,379,agreement,0.592668157805871,0.9848700761795044,0.9173008971569102,0.9983840361237526
agreement_379_a001816,a001816,379,agreement,0.0109024747785319,0.99490356259048,0.6859441704852314,0.9964076578617096
agreement_381_a001879,a001879,381,agreement,0.8479686024561569,0.988413468003273,0.9943579608206724,0.999256211798638
agreement_381_a001879,a001879,381,agreement,0.8479686024561569,0.988413468003273,0.9943579608206724,0.999256211798638
agreement_381_a001892,a001892,381,agreement,0.7606505317212247,0.902013897895813,0.9996316838720404,0.9997531648841688
agreement_381_a001879,a001879,381,agreement,0.8479686024561569,0.988413468003273,0.9943579608206724,0.999256211798638
agreement_381_a001882,a001882,381,agreement,0.9674104662651144,0.9823911674320698,0.9988751755431764,0.9997570418054238
agreement_381_a001887,a001887,381,agreement,0.993202256388082,0.9948688158765436,0.9964062911066328,0.9996549263596536
agreement_381_a001879,a001879,381,agreement,0.8479686024561569,0.988413468003273,0.9943579608206724,0.999256211798638
agreement_381_a001879,a001879,381,agreement,0.8479686024561569,0.988413468003273,0.9943579608206724,0.999256211798638
agreement_381_a001879,a001879,381,agreement,0.8479686024561569,0.988413468003273,0.9943579608206724,0.999256211798638
agreement_382_a001916,a001916,382,agreement,0.0004995239180267,0.9994660106603988,0.2254149659074774,0.9893460273742676
agreement_384_a001974,a001974,384,agreement,0.7201703755803865,0.8191635608673096,0.974238990558188,0.9968845564872026
agreement_384_a001974,a001974,384,agreement,0.7201703755803865,0.8191635608673096,0.974238990558188,0.9968845564872026
agreement_384_a001974,a001974,384,agreement,0.7201703755803865,0.8191635608673096,0.974238990558188,0.9968845564872026
agreement_384_a001978,a001978,384,agreement,0.993995822980241,0.99366187537089,0.9992902948655352,0.9996735447202808
agreement_384_a001978,a001978,384,agreement,0.993995822980241,0.99366187537089,0.9992902948655352,0.9996735447202808
agreement_387_a002035,a002035,387,agreement,0.94815238494929,0.9880121909081936,0.8198908598769811,0.998442217707634
agreement_392_a002117,a002117,392,agreement,0.0037365246689249,0.9982315672095864,0.6654004266612631,0.996172308921814
agreement_392_a002117,a002117,392,agreement,0.0037365246689249,0.9982315672095864,0.6654004266612631,0.996172308921814
agreement_392_a002117,a002117,392,agreement,0.0037365246689249,0.9982315672095864,0.6654004266612631,0.996172308921814
agreement_403_a002307,a002307,403,agreement,0.0267598947785038,0.9857939258217812,0.4225002099041791,0.9949270784854888
agreement_403_a002318,a002318,403,agreement,0.0007734538642057,0.99945392110385,0.592655442715768,0.9921618700027466
agreement_404_a002325,a002325,404,agreement,0.7865987967446418,0.9311491101980208,0.3174326475100431,0.9933441579341888
agreement_404_a002325,a002325,404,agreement,0.7865987967446418,0.9311491101980208,0.3174326475100431,0.9933441579341888
agreement_405_a002361,a002361,405,agreement,0.9795110961050172,0.9818902369588614,0.9968271801532466,0.999528406886384
agreement_405_a002365,a002365,405,agreement,0.511726980155131,0.9312625229358672,0.9908029459161553,0.9989806218072772
agreement_405_a002369,a002369,405,agreement,0.7549017247496737,0.955636978149414,0.998338465428643,0.999484512489289
agreement_405_a002361,a002361,405,agreement,0.9795110961050172,0.9818902369588614,0.9968271801532466,0.999528406886384
agreement_405_a002365,a002365,405,agreement,0.511726980155131,0.9312625229358672,0.9908029459161553,0.9989806218072772
agreement_405_a002370,a002370,405,agreement,0.979818623187984,0.9462397564202548,0.986361634436528,0.997239600867033
agreement_405_a002376,a002376,405,agreement,0.9994384618115296,0.9988528633257374,0.9997782952304328,0.9998720951698488
agreement_405_a002370,a002370,405,agreement,0.979818623187984,0.9462397564202548,0.986361634436528,0.997239600867033
agreement_405_a002370,a002370,405,agreement,0.979818623187984,0.9462397564202548,0.986361634436528,0.997239600867033
agreement_405_a002361,a002361,405,agreement,0.9795110961050172,0.9818902369588614,0.9968271801532466,0.999528406886384
agreement_405_a002361,a002361,405,agreement,0.9795110961050172,0.9818902369588614,0.9968271801532466,0.999528406886384
agreement_405_a002370,a002370,405,agreement,0.979818623187984,0.9462397564202548,0.986361634436528,0.997239600867033
agreement_405_a002361,a002361,405,agreement,0.9795110961050172,0.9818902369588614,0.9968271801532466,0.999528406886384
agreement_406_a002403,a002403,406,agreement,0.6959444342387513,0.9466888010501862,0.8887551314797224,0.996153213083744
agreement_406_a002396,a002396,406,agreement,0.0587797955325236,0.9756718166172504,0.9207871179323852,0.9955543577671052
agreement_407_a002414,a002414,407,agreement,0.6150941546773073,0.9650265872478484,0.945398821282172,0.9973685890436172
agreement_408_a002449,a002449,408,agreement,0.0012257344177625,0.9992936184862627,0.4378202979754909,0.9937736988067628
agreement_411_a002524,a002524,411,agreement,0.0009111753379848,0.9987564668408596,0.2628261187588009,0.979885756969452
agreement_411_a002530,a002530,411,agreement,0.9906594169137226,0.9898667940869929,0.9546442750344138,0.9985583908855916
agreement_411_a002503,a002503,411,agreement,0.6370033733435759,0.958047330379486,0.9817341298338657,0.9989932738244534
agreement_414_a002591,a002591,414,agreement,0.5774902418930073,0.994051456451416,0.999774795652977,0.9998328489309642
agreement_414_a002596,a002596,414,agreement,0.9437591815397792,0.6956106051802635,0.9992790579275066,0.999653351784218
agreement_414_a002591,a002591,414,agreement,0.5774902418930073,0.994051456451416,0.999774795652977,0.9998328489309642
agreement_414_a002596,a002596,414,agreement,0.9437591815397792,0.6956106051802635,0.9992790579275066,0.999653351784218
agreement_414_a002593,a002593,414,agreement,0.999907553736161,0.9999527286054216,0.9999646364942228,0.9999622272698616
agreement_414_a002596,a002596,414,agreement,0.9437591815397792,0.6956106051802635,0.9992790579275066,0.999653351784218
agreement_414_a002596,a002596,414,agreement,0.9437591815397792,0.6956106051802635,0.9992790579275066,0.999653351784218
agreement_414_a002591,a002591,414,agreement,0.5774902418930073,0.994051456451416,0.999774795652977,0.9998328489309642
agreement_414_a002590,a002590,414,agreement,0.9999215507619514,0.9997739709797316,0.999930222302832,0.9998349834859256
agreement_414_a002596,a002596,414,agreement,0.9437591815397792,0.6956106051802635,0.9992790579275066,0.999653351784218
agreement_414_a002588,a002588,414,agreement,0.9949394070998266,0.9970445474609732,0.9999023641483638,0.9998519906584988
agreement_415_a002605,a002605,415,agreement,0.0797867234851244,0.9819248765707016,0.9787107873111424,0.998911678791046
agreement_415_a002605,a002605,415,agreement,0.0797867234851244,0.9819248765707016,0.9787107873111424,0.998911678791046
agreement_416_a002627,a002627,416,agreement,0.640630662842573,0.8338223695755005,0.7431649797545518,0.9958862364292144
agreement_416_a002638,a002638,416,agreement,0.0013149886387421,0.9983889046125114,0.8688272862169246,0.9972013831138612
agreement_419_a002698,a002698,419,agreement,0.0427239908534331,0.9970905892550944,0.3775407577287972,0.996322065591812
agreement_419_a002697,a002697,419,agreement,0.0038547126599128,0.9986479226499796,0.1441511891712442,0.9979801625013353
agreement_419_a002701,a002701,419,agreement,0.0039456982500039,0.9972465969622136,0.685932572396313,0.9943633377552032
agreement_419_a002701,a002701,419,agreement,0.0039456982500039,0.9972465969622136,0.685932572396313,0.9943633377552032
agreement_419_a002712,a002712,419,agreement,5.3496822066730536e-05,0.9998619201069232,0.0054696634138569,0.999168420676142
agreement_420_a002738,a002738,420,agreement,0.0177139316667817,0.9885185528546572,0.993148777599256,0.9988552844151856
agreement_420_a002740,a002740,420,agreement,0.147063142501264,0.9771067053079604,0.9802798624053696,0.9993270859122276
agreement_420_a002738,a002738,420,agreement,0.0177139316667817,0.9885185528546572,0.993148777599256,0.9988552844151856
agreement_423_a002821,a002821,423,agreement,0.9284033985933332,0.9849576279520988,0.9987255731189288,0.999718327075243
agreement_423_a002821,a002821,423,agreement,0.9284033985933332,0.9849576279520988,0.9987255731189288,0.999718327075243
agreement_423_a002821,a002821,423,agreement,0.9284033985933332,0.9849576279520988,0.9987255731189288,0.999718327075243
agreement_424_a002846,a002846,424,agreement,0.0008104101774309,0.9997910013771616,0.0018823431039521,0.9996055376250296
agreement_424_a002826,a002826,424,agreement,0.0179873971372982,0.990807069465518,0.5195254798306294,0.9958363473415376
agreement_424_a002827,a002827,424,agreement,0.6261257596081294,0.9878329932689668,0.307358385788,0.9953571259975432
agreement_426_a002894,a002894,426,agreement,0.9553162410326504,0.9372768066823484,0.9984869632780564,0.9992023883387446
agreement_426_a002895,a002895,426,agreement,0.9996345191477016,0.9992552509647794,0.9998736684285644,0.9999228911765384
agreement_426_a002895,a002895,426,agreement,0.9996345191477016,0.9992552509647794,0.9998736684285644,0.9999228911765384
agreement_426_a002895,a002895,426,agreement,0.9996345191477016,0.9992552509647794,0.9998736684285644,0.9999228911765384
agreement_429_a002951,a002951,429,agreement,0.6619130606871512,0.9510951340198516,0.9539651464283938,0.99819727987051
agreement_429_a002951,a002951,429,agreement,0.6619130606871512,0.9510951340198516,0.9539651464283938,0.99819727987051
agreement_430_a002960,a002960,430,agreement,0.0538018371522337,0.993723675608635,0.6478012916754952,0.9961639642715454
agreement_430_a002978,a002978,430,agreement,0.9449902608812308,0.9952035285532476,0.8031702689777136,0.997862547636032
agreement_430_a002968,a002968,430,agreement,0.0376145000446994,0.991748347878456,0.168868006238989,0.998187690973282
agreement_430_a002968,a002968,430,agreement,0.0376145000446994,0.991748347878456,0.168868006238989,0.998187690973282
agreement_430_a002978,a002978,430,agreement,0.9449902608812308,0.9952035285532476,0.8031702689777136,0.997862547636032
agreement_431_a002994,a002994,431,agreement,0.4301478926933736,0.976667732000351,0.8652199931315431,0.997925341129303
agreement_431_a002994,a002994,431,agreement,0.4301478926933736,0.976667732000351,0.8652199931315431,0.997925341129303
agreement_432_a003009,a003009,432,agreement,0.0665737864080432,0.9897607788443564,0.1097093911970786,0.9985324069857596
agreement_434_a003064,a003064,434,agreement,0.0780807639814983,0.996516950428486,0.9458007943008834,0.9984223991632462
agreement_434_a003036,a003036,434,agreement,0.5350968681789049,0.962900459766388,0.9161091736867962,0.9967209324240685
agreement_434_a003058,a003058,434,agreement,0.9536169283523072,0.9811970442533492,0.7634826300542978,0.9971507787704468
agreement_434_a003058,a003058,434,agreement,0.9536169283523072,0.9811970442533492,0.7634826300542978,0.9971507787704468
agreement_436_a003091,a003091,436,agreement,0.7606523848199096,0.96188822388649,0.9746279974289462,0.998915672302246
agreement_437_a003112,a003112,437,agreement,0.1778187349884423,0.8631732910871506,0.9985560587615055,0.9992457056650892
agreement_437_a003120,a003120,437,agreement,0.2845790195479616,0.9692915678024292,0.9449935745640208,0.9975709952414036
agreement_438_a003142,a003142,438,agreement,0.3738447724145554,0.9590587615966796,0.915501888853426,0.992461122572422
agreement_438_a003133,a003133,438,agreement,0.0913837656736381,0.9958198890089988,0.9046480893407118,0.9965617209672928
agreement_439_a003161,a003161,439,agreement,0.0271707607510053,0.9924827814102172,0.2658829212814848,0.9902655482292176
agreement_439_a003181,a003181,439,agreement,0.3040556112822253,0.9927218854427338,0.966912871665028,0.998749416321516
agreement_440_a003202,a003202,440,agreement,0.9873742046159388,0.9934886349365116,0.998325390999504,0.9990839087404312
agreement_440_a003196,a003196,440,agreement,0.9099054699721414,0.9795315638184549,0.999170311489668,0.9997202139347792
agreement_440_a003196,a003196,440,agreement,0.9099054699721414,0.9795315638184549,0.999170311489668,0.9997202139347792
agreement_440_a003206,a003206,440,agreement,0.9999221538541648,0.99978832990746,0.9998952597956818,0.9999303297154256
agreement_440_a003205,a003205,440,agreement,0.9738401698876824,0.9858867507427932,0.9991439791606388,0.9993249148828908
agreement_441_a003229,a003229,441,agreement,0.9996139725391832,0.9993618329172024,0.9996199886016448,0.9998860243940726
agreement_441_a003225,a003225,441,agreement,0.9999268730024198,0.9997880820883438,0.9994115358987528,0.9998391390545294
agreement_441_a003223,a003223,441,agreement,0.5350605701401225,0.927163988351822,0.9988211327261202,0.999535198090598
agreement_443_a003259,a003259,443,agreement,0.7839777831063761,0.8978863209486008,0.8902897637753276,0.9942086040973664
agreement_445_a003309,a003309,445,agreement,0.0006513078455819,0.9992403883952647,0.993149174764566,0.9996277084574104
agreement_445_a003309,a003309,445,agreement,0.0006513078455819,0.9992403883952647,0.993149174764566,0.9996277084574104
agreement_445_a003302,a003302,445,agreement,0.031857630385075,0.9844889007508756,0.9148988684200968,0.9986399561166764
agreement_446_a003323,a003323,446,agreement,0.0008762611135613,0.9995343909831718,0.1329657858077049,0.9962337613105774
agreement_447_a003344,a003344,447,agreement,0.0015370174917342,0.997691055177711,0.0618789979560352,0.997340839356184
agreement_447_a003346,a003346,447,agreement,0.0005615421464553,0.9994802008150144,0.5312115591094878,0.9924751818180084
agreement_447_a003353,a003353,447,agreement,0.0015857963878781,0.9978091693483292,0.3960759372905362,0.9946434497833252
agreement_447_a003353,a003353,447,agreement,0.0015857963878781,0.9978091693483292,0.3960759372905362,0.9946434497833252
agreement_447_a003353,a003353,447,agreement,0.0015857963878781,0.9978091693483292,0.3960759372905362,0.9946434497833252
agreement_448_a003392,a003392,448,agreement,0.998474997650078,0.9974388340488076,0.9991572772555766,0.9997890925151296
agreement_448_a003392,a003392,448,agreement,0.998474997650078,0.9974388340488076,0.9991572772555766,0.9997890925151296
agreement_448_a003370,a003370,448,agreement,0.2813977184701864,0.989411234855652,0.8558422882239765,0.9948704838752748
agreement_448_a003385,a003385,448,agreement,0.9999505203563472,0.999923710067378,0.9998803907340656,0.999910505466687
agreement_448_a003392,a003392,448,agreement,0.998474997650078,0.9974388340488076,0.9991572772555766,0.9997890925151296
agreement_448_a003370,a003370,448,agreement,0.2813977184701864,0.989411234855652,0.8558422882239765,0.9948704838752748
agreement_448_a003392,a003392,448,agreement,0.998474997650078,0.9974388340488076,0.9991572772555766,0.9997890925151296
agreement_448_a003392,a003392,448,agreement,0.998474997650078,0.9974388340488076,0.9991572772555766,0.9997890925151296
agreement_449_a003417,a003417,449,agreement,0.0106531588012097,0.9991171089932324,0.3106916781449083,0.9943147897720336
agreement_451_a003483,a003483,451,agreement,0.1871295815026984,0.9802158325910568,0.9987354316634732,0.9997260047821328
agreement_451_a003462,a003462,451,agreement,0.0006024424997346,0.9993711681454442,0.5736705315746949,0.9976264536380768
agreement_451_a003462,a003462,451,agreement,0.0006024424997346,0.9993711681454442,0.5736705315746949,0.9976264536380768
agreement_451_a003483,a003483,451,agreement,0.1871295815026984,0.9802158325910568,0.9987354316634732,0.9997260047821328
agreement_451_a003461,a003461,451,agreement,0.0004583663654787,0.9990732064470648,0.4999819901158537,0.997002512216568
agreement_451_a003462,a003462,451,agreement,0.0006024424997346,0.9993711681454442,0.5736705315746949,0.9976264536380768
agreement_452_a003493,a003493,452,agreement,0.5194798832651124,0.9386885166168212,0.9958331938059548,0.9981734585016966
agreement_452_a003493,a003493,452,agreement,0.5194798832651124,0.9386885166168212,0.9958331938059548,0.9981734585016966
agreement_452_a003493,a003493,452,agreement,0.5194798832651124,0.9386885166168212,0.9958331938059548,0.9981734585016966
agreement_452_a003493,a003493,452,agreement,0.5194798832651124,0.9386885166168212,0.9958331938059548,0.9981734585016966
agreement_454_a003525,a003525,454,agreement,0.8670383178828712,0.9405870288610458,0.4263222268758831,0.9964512288570404
agreement_454_a003525,a003525,454,agreement,0.8670383178828712,0.9405870288610458,0.4263222268758831,0.9964512288570404
agreement_454_a003534,a003534,454,agreement,0.9092550780527984,0.9600201845169068,0.2509147102257376,0.9957943558692932
agreement_457_a003596,a003596,457,agreement,0.7248700447109123,0.9295159876346588,0.2509113486958386,0.9956004321575164
agreement_457_a003598,a003598,457,agreement,0.939472801943668,0.9257083758711816,0.9994965787031572,0.9995497587369756
agreement_457_a003595,a003595,457,agreement,0.9955310906126024,0.9956166273914278,0.9780511615933044,0.9991830326616764
agreement_457_a003602,a003602,457,agreement,0.4301335922513245,0.9901325106620787,0.7279702001871566,0.9955158531665802
agreement_461_a003662,a003662,461,agreement,0.9951700289946384,0.9979157191701232,0.9924809004912016,0.9995947740972042
agreement_461_a003672,a003672,461,agreement,0.957590859291242,0.9811821132898332,0.998943244810944,0.9996522214496508
agreement_461_a003660,a003660,461,agreement,0.9994068782252092,0.9987894228543156,0.99865406159231,0.9998461380600928
agreement_461_a003662,a003662,461,agreement,0.9951700289946384,0.9979157191701232,0.9924809004912016,0.9995947740972042
agreement_463_a003717,a003717,463,agreement,0.9719898410953036,0.9848075546324252,0.9522180893743836,0.9965903833508492
agreement_463_a003717,a003717,463,agreement,0.9719898410953036,0.9848075546324252,0.9522180893743836,0.9965903833508492
agreement_464_a003727,a003727,464,agreement,0.5888931045897836,0.9608834683895112,0.8652238173569569,0.997566357254982
agreement_464_a003724,a003724,464,agreement,0.9853833962140096,0.9697058806195856,0.9881300700583376,0.998366117477417
agreement_464_a003727,a003727,464,agreement,0.5888931045897836,0.9608834683895112,0.8652238173569569,0.997566357254982
agreement_465_a003762,a003762,465,agreement,0.727962296987237,0.968578726053238,0.8807906611140429,0.9981702119112016
agreement_465_a003774,a003774,465,agreement,0.0177126609571227,0.9965113047510386,0.2782564256213731,0.9982441067695618
agreement_465_a003773,a003773,465,agreement,0.2068910005324242,0.9892173260450364,0.5389818690185618,0.9968888163566588
agreement_465_a003774,a003774,465,agreement,0.0177126609571227,0.9965113047510386,0.2782564256213731,0.9982441067695618
agreement_465_a003758,a003758,465,agreement,0.9990599695974915,0.998724220553413,0.9903662321650788,0.9990557543933392
agreement_465_a003748,a003748,465,agreement,0.3415812902265352,0.9640663266181946,0.7025319097473486,0.994596153497696
agreement_467_a003810,a003810,467,agreement,0.0097079773394637,0.9953331789001822,0.901917495215498,0.9980278685688972
agreement_467_a003811,a003811,467,agreement,0.111241806307558,0.9733300134539604,0.9579105449876149,0.9979575648903848
agreement_468_a003837,a003837,468,agreement,0.00475548016423,0.9981062188744544,0.9111793932482452,0.9987359568476676
agreement_468_a003858,a003858,468,agreement,0.0518481073408898,0.9963408671319484,0.566007615557155,0.996612161397934
agreement_468_a003847,a003847,468,agreement,0.8577662304337482,0.9721377044916152,0.925229494808956,0.9986057206988336
agreement_469_a003864,a003864,469,agreement,0.2227083575369859,0.9772188812494278,0.8757851843745418,0.9974471107125282
agreement_469_a003884,a003884,469,agreement,0.994737504325772,0.986865783110261,0.9980426641166302,0.999422531342134
agreement_469_a003884,a003884,469,agreement,0.994737504325772,0.986865783110261,0.9980426641166302,0.999422531342134
agreement_469_a003892,a003892,469,agreement,0.9235894063815336,0.9611534103751184,0.9833418697285248,0.998677821829915
agreement_469_a003889,a003889,469,agreement,0.5467258810020723,0.9719714224338531,0.7520076484748913,0.9949491322040558
agreement_469_a003892,a003892,469,agreement,0.9235894063815336,0.9611534103751184,0.9833418697285248,0.998677821829915
agreement_470_a003904,a003904,470,agreement,0.9142871429568696,0.983407348394394,0.5621667810032605,0.9965198338031768
agreement_470_a003909,a003909,470,agreement,0.998764647679748,0.9992255999241024,0.6757648429223706,0.9945314228534698
agreement_470_a003909,a003909,470,agreement,0.998764647679748,0.9992255999241024,0.6757648429223706,0.9945314228534698
agreement_470_a003905,a003905,470,agreement,0.7981771873597348,0.9834894388914108,0.6548891348227571,0.9983069896697998
agreement_470_a003916,a003916,470,agreement,0.5660165703733301,0.9881414175033568,0.96485308198224,0.9985482320189476
agreement_471_a003928,a003928,471,agreement,0.6334168058783235,0.9508818089962006,0.945800807519156,0.9992285408079624
agreement_471_a003934,a003934,471,agreement,0.9817351113484444,0.9995431900024414,0.9933585438378736,0.9997680964879692
agreement_471_a003919,a003919,471,agreement,0.2365160929165103,0.974421814084053,0.911178175687252,0.9982755929231644
agreement_472_a003938,a003938,472,agreement,0.3242330584064792,0.8816330432891846,0.9958658083825294,0.9996747174300252
agreement_472_a003948,a003948,472,agreement,0.0373279708570253,0.9896359965205191,0.9343939121735038,0.9979247003793716
agreement_472_a003950,a003950,472,agreement,0.0006362436971817,0.9990830785245636,0.7057816808472355,0.9927922189235688
agreement_474_a003975,a003975,474,agreement,0.0157871035481992,0.98781328368932,0.3380972612899753,0.995419293642044
agreement_474_a003975,a003975,474,agreement,0.0157871035481992,0.98781328368932,0.3380972612899753,0.995419293642044
agreement_474_a003964,a003964,474,agreement,0.0064887926523545,0.9856637823395432,0.8354749724572218,0.9964923113584518
agreement_474_a003965,a003965,474,agreement,0.9755750543219582,0.9824816510081292,0.91243515961873,0.996951699256897
agreement_474_a003965,a003965,474,agreement,0.9755750543219582,0.9824816510081292,0.91243515961873,0.996951699256897
agreement_476_a004001,a004001,476,agreement,0.6513609956633831,0.9822567999362946,0.9854960485963564,0.9996201088652016
agreement_476_a004003,a004003,476,agreement,0.975007935429946,0.9901880100369452,0.6224537913768914,0.9967919588088988
agreement_476_a004001,a004001,476,agreement,0.6513609956633831,0.9822567999362946,0.9854960485963564,0.9996201088652016
agreement_477_a004036,a004036,477,agreement,0.124219172153471,0.9969054237008096,0.7879296299794278,0.994097962975502
agreement_477_a004011,a004011,477,agreement,0.0004803665256148,0.9996110247448088,0.0070672279010725,0.999063874129206
agreement_477_a004024,a004024,477,agreement,0.1581578340621212,0.9336359202861786,0.9130475596318266,0.987441562116146
agreement_477_a004036,a004036,477,agreement,0.124219172153471,0.9969054237008096,0.7879296299794278,0.994097962975502
agreement_477_a004037,a004037,477,agreement,0.7154158308238628,0.987462729215622,0.972202206610599,0.9982893336564302
agreement_478_a004059,a004059,478,agreement,0.0530123471960377,0.984773464500904,0.7217354425815955,0.9925135374069214
agreement_478_a004057,a004057,478,agreement,0.0758661654444273,0.975642003118992,0.7690818559452013,0.996272787451744
agreement_478_a004040,a004040,478,agreement,0.1744180277931387,0.9788974970579148,0.3557708923533222,0.985967367887497
agreement_480_a004079,a004079,480,agreement,0.4882879847718109,0.9590803384780884,0.9207879777829252,0.9981858283281326
agreement_480_a004082,a004082,480,agreement,0.0351433497715301,0.9782740958034992,0.6757569772124591,0.9920544922351836
agreement_482_a004140,a004140,482,agreement,0.0503342693037605,0.9963091053068638,0.8887572597126386,0.9982722327113152
agreement_485_a004229,a004229,485,agreement,0.9989993695471172,0.9958350582746788,0.999541660090944,0.9996454680804164
agreement_486_a004239,a004239,486,agreement,0.1993029222395126,0.9492755085229874,0.9821505096539082,0.999091487377882
agreement_487_a004270,a004270,487,agreement,0.0051801468874174,0.9979533297009766,0.0021999743009614,0.9992904218379408
agreement_488_a004279,a004279,488,agreement,0.010818953707052,0.9905706876888872,0.1347737250904926,0.9864147901535034
agreement_488_a004291,a004291,488,agreement,0.3521960943403039,0.9381743967533112,0.9273622344790572,0.9972334504127502
agreement_488_a004291,a004291,488,agreement,0.3521960943403039,0.9381743967533112,0.9273622344790572,0.9972334504127502
agreement_488_a004291,a004291,488,agreement,0.3521960943403039,0.9381743967533112,0.9273622344790572,0.9972334504127502
agreement_488_a004290,a004290,488,agreement,0.0012549117722939,0.9991205579135568,0.5428569463535158,0.9966450929641724
agreement_488_a004290,a004290,488,agreement,0.0012549117722939,0.9991205579135568,0.5428569463535158,0.9966450929641724
agreement_488_a004291,a004291,488,agreement,0.3521960943403039,0.9381743967533112,0.9273622344790572,0.9972334504127502
agreement_489_a004310,a004310,489,agreement,0.0001560126877692,0.99952716952248,0.2146967139948725,0.9944188445806504
agreement_492_a004360,a004360,492,agreement,0.5195242258454387,0.975188970565796,0.9686181878517116,0.9981473088264464
agreement_603_a004419,a004419,603,agreement,0.7341296800436149,0.9647781550884248,0.9937095412801632,0.9987254664301872
agreement_603_a004412,a004412,603,agreement,0.2365181226156755,0.988795593380928,0.837620186799973,0.9958558976650238
agreement_603_a004415,a004415,603,agreement,0.0010404663866984,0.9957442188169808,0.0346216996363011,0.996967326849699
agreement_603_a004419,a004419,603,agreement,0.7341296800436149,0.9647781550884248,0.9937095412801632,0.9987254664301872
agreement_603_a004419,a004419,603,agreement,0.7341296800436149,0.9647781550884248,0.9937095412801632,0.9987254664301872
agreement_605_a004458,a004458,605,agreement,0.0075775810246789,0.9912338415160776,0.9909444300858232,0.9994667312130332
agreement_608_a004494,a004494,608,agreement,0.9372087861174616,0.9889505878090858,0.8757828897116329,0.9955432638525964
agreement_608_a004514,a004514,608,agreement,0.1801134941758663,0.9947002679109572,0.9343947902413312,0.9988418221473694
agreement_608_a004514,a004514,608,agreement,0.1801134941758663,0.9947002679109572,0.9343947902413312,0.9988418221473694
agreement_608_a004514,a004514,608,agreement,0.1801134941758663,0.9947002679109572,0.9343947902413312,0.9988418221473694
agreement_608_a004505,a004505,608,agreement,0.988489512990003,0.982017713598907,0.9963497539669486,0.99956687935628
agreement_608_a004505,a004505,608,agreement,0.988489512990003,0.982017713598907,0.9963497539669486,0.99956687935628
agreement_608_a004514,a004514,608,agreement,0.1801134941758663,0.9947002679109572,0.9343947902413312,0.9988418221473694
agreement_609_a004547,a004547,609,agreement,0.020965597971693,0.9800659827888012,0.9615320724254748,0.9991328157484533
agreement_609_a004521,a004521,609,agreement,0.8774786871786003,0.974989727139473,0.9353447004881148,0.9955487549304962
agreement_609_a004524,a004524,609,agreement,0.1441483422489594,0.9865363389253616,0.9489152462455498,0.998691152781248
agreement_609_a004543,a004543,609,agreement,0.0004109013685629,0.9996147230267524,0.2226976035507921,0.9973923563957214
agreement_612_a004563,a004563,612,agreement,0.9073136204689544,0.949454627931118,0.9905871217643186,0.9996102657169104
agreement_612_a004570,a004570,612,agreement,0.9329376194216932,0.9462475851178168,0.9549823867487937,0.997503001242876
agreement_615_a004600,a004600,615,agreement,0.2450834036146078,0.9720987230539322,0.8670350036976919,0.99761800467968
agreement_615_a004580,a004580,615,agreement,0.2393451677456848,0.9384365528821944,0.9546459305419774,0.9980230778455734
agreement_615_a004604,a004604,615,agreement,0.6333964705571351,0.985398530960083,0.9525723524809832,0.997999869287014
agreement_615_a004603,a004603,615,agreement,0.0214509073192868,0.996718741953373,0.9814520353365064,0.9994704984128476
agreement_620_a004684,a004684,620,agreement,0.3812195987676851,0.9494448900222778,0.8856287158585082,0.9943635687232018
agreement_622_a004702,a004702,622,agreement,0.9407889421310108,0.9915856048464776,0.9032940307620388,0.9987308233976364
agreement_624_a004759,a004759,624,agreement,0.9992384938337966,0.9908943545888178,0.9986851965103096,0.9994423652533442
agreement_624_a004759,a004759,624,agreement,0.9992384938337966,0.9908943545888178,0.9986851965103096,0.9994423652533442
agreement_624_a004752,a004752,624,agreement,0.9994022188249342,0.9957046523923054,0.9988663591156512,0.9998184373835102
agreement_625_a004772,a004772,625,agreement,0.1755491687894353,0.9682648926973344,0.4035763555144335,0.9915786981582642
agreement_625_a004791,a004791,625,agreement,0.0330877935085435,0.9940562583506108,0.9802803407275928,0.9994269851595164
agreement_625_a004772,a004772,625,agreement,0.1755491687894353,0.9682648926973344,0.4035763555144335,0.9915786981582642
agreement_627_a004818,a004818,627,agreement,0.9927666997212848,0.9904938954859972,0.8080616381069061,0.9897846579551696
agreement_627_a004832,a004832,627,agreement,0.3208005855837122,0.9802869856357574,0.9849265807571616,0.9995158053934574
agreement_627_a004827,a004827,627,agreement,0.4804664705641337,0.9895199835300446,0.9032919300951132,0.9978630542755128
agreement_627_a004803,a004803,627,agreement,0.0112450144531336,0.9857979221269488,0.0705626263727302,0.996821753680706
agreement_628_a004838,a004838,628,agreement,0.024801027512728,0.992412269115448,0.5544672329613423,0.994804948568344
agreement_628_a004860,a004860,628,agreement,0.7461242022786653,0.956527814269066,0.3702230129926574,0.9956081807613372
agreement_629_a004870,a004870,629,agreement,0.0244248835008104,0.9978429451584816,0.8887551119538143,0.9983840957283974
agreement_632_a004929,a004929,632,agreement,0.0618755227038511,0.9846965372562408,0.7853034586772348,0.9974690526723862
agreement_632_a004931,a004931,632,agreement,0.4339672328268582,0.9913742542266846,0.9669104432250348,0.9983301535248756
agreement_632_a004931,a004931,632,agreement,0.4339672328268582,0.9913742542266846,0.9669104432250348,0.9983301535248756
agreement_632_a004911,a004911,632,agreement,0.9449921334799636,0.9901510141789912,0.8840360255432761,0.9963810294866562
agreement_634_a004972,a004972,634,agreement,0.8723411267422782,0.9698412865400314,0.9372082696267292,0.9971185252070428
agreement_634_a004982,a004982,634,agreement,0.0004141076101613,0.99972329440061,0.3702251652394892,0.9970548152923584
agreement_636_a005013,a005013,636,agreement,0.9986005133441784,0.9984069517813624,0.9980731120956506,0.9994606004329398
agreement_636_a005013,a005013,636,agreement,0.9986005133441784,0.9984069517813624,0.9980731120956506,0.9994606004329398
agreement_636_a005017,a005017,636,agreement,0.7401573221975053,0.960224911570549,0.9986748747406292,0.9995789857348428
agreement_636_a005024,a005024,636,agreement,0.996948257109144,0.9894996962975712,0.9987932613884458,0.9993364978581668
agreement_636_a005017,a005017,636,agreement,0.7401573221975053,0.960224911570549,0.9986748747406292,0.9995789857348428
agreement_637_a005047,a005047,637,agreement,0.9849254319872895,0.9903979804366828,0.9997131278744796,0.9998958953947296
agreement_637_a005053,a005053,637,agreement,0.9999389024195526,0.9998457365727518,0.999656669229449,0.9998676402610728
agreement_637_a005041,a005041,637,agreement,0.9995727237786232,0.999475165794138,0.9996672251093632,0.9998293568787632
agreement_637_a005041,a005041,637,agreement,0.9995727237786232,0.999475165794138,0.9996672251093632,0.9998293568787632
agreement_637_a005047,a005047,637,agreement,0.9849254319872895,0.9903979804366828,0.9997131278744796,0.9998958953947296
agreement_638_a005062,a005062,638,agreement,0.9996969834910296,0.9995676025864668,0.9989011731029088,0.9997042897157372
agreement_640_a005078,a005078,640,agreement,0.9996229255824104,0.9991038793232292,0.9997304963903852,0.9998755429696756
agreement_640_a005077,a005077,640,agreement,0.9997468127715676,0.9993233026470988,0.9998968854314892,0.9998844728179392
agreement_640_a005078,a005078,640,agreement,0.9996229255824104,0.9991038793232292,0.9997304963903852,0.9998755429696756
agreement_640_a005078,a005078,640,agreement,0.9996229255824104,0.9991038793232292,0.9997304963903852,0.9998755429696756
agreement_640_a005078,a005078,640,agreement,0.9996229255824104,0.9991038793232292,0.9997304963903852,0.9998755429696756
agreement_640_a005077,a005077,640,agreement,0.9997468127715676,0.9993233026470988,0.9998968854314892,0.9998844728179392
agreement_640_a005078,a005078,640,agreement,0.9996229255824104,0.9991038793232292,0.9997304963903852,0.9998755429696756
agreement_640_a005078,a005078,640,agreement,0.9996229255824104,0.9991038793232292,0.9997304963903852,0.9998755429696756
agreement_641_a005092,a005092,641,agreement,0.9998696370360824,0.9996100231801393,0.9995158977498164,0.9999225890205709
agreement_641_a005089,a005089,641,agreement,0.996174900758346,0.997463329229504,0.998901219290284,0.9998279995052144
agreement_641_a005092,a005092,641,agreement,0.9998696370360824,0.9996100231801393,0.9995158977498164,0.9999225890205709
agreement_641_a005089,a005089,641,agreement,0.996174900758346,0.997463329229504,0.998901219290284,0.9998279995052144
agreement_649_a005100,a005100,649,agreement,0.985717510556158,0.95669125020504,0.9706868118946116,0.9984411634504796
agreement_649_a005110,a005110,649,agreement,0.9983768407876654,0.9987647804664448,0.999373600477672,0.9997950247488916
agreement_649_a005100,a005100,649,agreement,0.985717510556158,0.95669125020504,0.9706868118946116,0.9984411634504796
agreement_650_a005139,a005139,650,agreement,0.974818978410676,0.9864670764654876,0.9643201493119662,0.9987044967710972
agreement_650_a005139,a005139,650,agreement,0.974818978410676,0.9864670764654876,0.9643201493119662,0.9987044967710972
agreement_650_a005139,a005139,650,agreement,0.974818978410676,0.9864670764654876,0.9643201493119662,0.9987044967710972
agreement_659_a005276,a005276,659,agreement,0.9969483538528984,0.9989452436566352,0.9988484834809914,0.9995168988825752
agreement_659_a005289,a005289,659,agreement,0.9995693558690666,0.9971825273823924,0.999732575796177,0.999722086591646
agreement_659_a005288,a005288,659,agreement,0.9979963903462448,0.9878682603593916,0.9995380345391288,0.9995792647241616
agreement_659_a005276,a005276,659,agreement,0.9969483538528984,0.9989452436566352,0.9988484834809914,0.9995168988825752
agreement_659_a005289,a005289,659,agreement,0.9995693558690666,0.9971825273823924,0.999732575796177,0.999722086591646
agreement_659_a005275,a005275,659,agreement,0.9992791086346816,0.9995714644901454,0.9998058699231864,0.9998652054782724
agreement_659_a005275,a005275,659,agreement,0.9992791086346816,0.9995714644901454,0.9998058699231864,0.9998652054782724
agreement_659_a005289,a005289,659,agreement,0.9995693558690666,0.9971825273823924,0.999732575796177,0.999722086591646
agreement_660_a005306,a005306,660,agreement,0.0011696560354808,0.9978842170676216,0.9334301725327816,0.9985994175076484
agreement_660_a005306,a005306,660,agreement,0.0011696560354808,0.9978842170676216,0.9334301725327816,0.9985994175076484
agreement_660_a005306,a005306,660,agreement,0.0011696560354808,0.9978842170676216,0.9334301725327816,0.9985994175076484
agreement_660_a005326,a005326,660,agreement,0.9579119464678704,0.9473327361047268,0.8872019434700564,0.9964383319020272
agreement_661_a005352,a005352,661,agreement,0.9999398429697534,0.9997693320910912,0.9998655236688762,0.9998950303561288
agreement_661_a005351,a005351,661,agreement,0.9996345355668697,0.999507275497308,0.9999469154686784,0.9999442434891536
agreement_661_a005340,a005340,661,agreement,0.9763001042906656,0.9851770028471948,0.9992019624013462,0.9996235256548972
agreement_661_a005354,a005354,661,agreement,0.9959922016533674,0.9975455799140036,0.9986748552838792,0.999674737919122
agreement_662_a005373,a005373,662,agreement,0.0179869120772247,0.9984921384602784,0.8354774953296984,0.9977823048830032
agreement_667_a005473,a005473,667,agreement,0.7634813417471119,0.9527042657136916,0.9895911374506884,0.9996216092258692
agreement_667_a005473,a005473,667,agreement,0.7634813417471119,0.9527042657136916,0.9895911374506884,0.9996216092258692
agreement_667_a005466,a005466,667,agreement,0.8311405787431286,0.9820599555969238,0.9905869116226208,0.9993060724809766
agreement_667_a005466,a005466,667,agreement,0.8311405787431286,0.9820599555969238,0.9905869116226208,0.9993060724809766
agreement_670_a005529,a005529,670,agreement,0.0826932201246118,0.9926259219646454,0.9473750323105398,0.994388084858656
agreement_670_a005529,a005529,670,agreement,0.0826932201246118,0.9926259219646454,0.9473750323105398,0.994388084858656
agreement_680_a005622,a005622,680,agreement,0.999201921789885,0.9972121239989064,0.9990959455338956,0.9997204110841268
agreement_680_a005631,a005631,680,agreement,0.9996799472336918,0.9984771858144086,0.999786782091974,0.9997846742044204
agreement_680_a005602,a005602,680,agreement,0.6859579101767461,0.8956156075000763,0.9932547778257358,0.999095540959388
agreement_680_a005631,a005631,680,agreement,0.9996799472336918,0.9984771858144086,0.999786782091974,0.9997846742044204
agreement_684_a005687,a005687,684,agreement,0.6791792984037254,0.938813090324402,0.9878524479787788,0.9989421674981712
agreement_688_a005741,a005741,688,agreement,0.9919367002405438,0.9835604298859836,0.9998259780420572,0.999880269431742
agreement_688_a005732,a005732,688,agreement,0.9998696530838932,0.9998635983502028,0.9997933456077126,0.9999213703122224
agreement_688_a005732,a005732,688,agreement,0.9998696530838932,0.9998635983502028,0.9997933456077126,0.9999213703122224
agreement_688_a005732,a005732,688,agreement,0.9998696530838932,0.9998635983502028,0.9997933456077126,0.9999213703122224
agreement_698_a005907,a005907,698,agreement,0.9997730282678552,0.9995055837061956,0.9986748900221316,0.9997657805215568
agreement_698_a005919,a005919,698,agreement,0.9989349397456204,0.9982833905378355,0.9996824525441216,0.9998810844845138
agreement_698_a005914,a005914,698,agreement,0.9999524160817638,0.999871207644901,0.9999753138687072,0.9999347411103372
agreement_698_a005907,a005907,698,agreement,0.9997730282678552,0.9995055837061956,0.9986748900221316,0.9997657805215568
agreement_698_a005917,a005917,698,agreement,0.999884942096263,0.9997942420304752,0.9999412448297198,0.9999595706649416
agreement_698_a005917,a005917,698,agreement,0.999884942096263,0.9997942420304752,0.9999412448297198,0.9999595706649416
agreement_698_a005921,a005921,698,agreement,0.9998927613864872,0.999843292440346,0.9999916001547215,0.9999682260468036
agreement_698_a005896,a005896,698,agreement,0.9927663907829088,0.9836560082621872,0.9968022444574332,0.9989408620167524
agreement_698_a005914,a005914,698,agreement,0.9999524160817638,0.999871207644901,0.9999753138687072,0.9999347411103372
agreement_698_a005921,a005921,698,agreement,0.9998927613864872,0.999843292440346,0.9999916001547215,0.9999682260468036
agreement_698_a005928,a005928,698,agreement,0.9976584679153768,0.9901632044930012,0.998439033079076,0.9996548676863312
agreement_705_a005969,a005969,705,agreement,0.9998259542494196,0.9996439196693244,0.9993486750451333,0.9995515059563332
agreement_707_a005988,a005988,707,agreement,0.0039765965357969,0.998887658584863,0.998175508008074,0.99969354365021
agreement_708_a006009,a006009,708,agreement,0.3040228643325783,0.9681651294231416,0.9553166768113504,0.998439610004425
agreement_712_a006073,a006073,712,agreement,0.8723253817872257,0.8643886297941208,0.9367457225916526,0.991154208779335
agreement_712_a006066,a006066,712,agreement,0.8418153524065216,0.9891681969165802,0.7745820661341277,0.9975570738315582
agreement_712_a006066,a006066,712,agreement,0.8418153524065216,0.9891681969165802,0.7745820661341277,0.9975570738315582
agreement_712_a006073,a006073,712,agreement,0.8723253817872257,0.8643886297941208,0.9367457225916526,0.991154208779335
agreement_713_a006094,a006094,713,agreement,0.9681410657182852,0.9395937826484442,0.9811642952080052,0.9961937591433524
agreement_713_a006094,a006094,713,agreement,0.9681410657182852,0.9395937826484442,0.9811642952080052,0.9961937591433524
agreement_713_a006094,a006094,713,agreement,0.9681410657182852,0.9395937826484442,0.9811642952080052,0.9961937591433524
agreement_716_a006150,a006150,716,agreement,0.9998365115401576,0.9997249321168056,0.9996401886067564,0.9997865167097189
agreement_716_a006150,a006150,716,agreement,0.9998365115401576,0.9997249321168056,0.9996401886067564,0.9997865167097189
agreement_716_a006145,a006145,716,agreement,0.9983642713801,0.9985323366709054,0.9996170124381032,0.9998086235136724
agreement_717_a006167,a006167,717,agreement,0.019124537532027,0.9971777778118848,0.9851564858154164,0.9988812347874044
agreement_717_a006167,a006167,717,agreement,0.019124537532027,0.9971777778118848,0.9851564858154164,0.9988812347874044
agreement_718_a006210,a006210,718,agreement,0.9722024558206248,0.9857127256691456,0.9796669936914678,0.999461017549038
