key,seg,speaker_id,arm,p_yes_text,mass_text,p_yes_audio,mass_audio
conflict_301_c000010,c000010,301,conflict,0.2451135600961688,0.9986630082130432,0.1646132290669454,0.9973873645067216
conflict_301_c000015,c000015,301,conflict,0.5312295420677513,0.9984277486801147,0.2228549089532157,0.9951561242341996
conflict_302_c000036,c000036,302,conflict,0.1128201805840918,0.998799316585064,0.5624690980370193,0.9956984221935272
conflict_302_c000040,c000040,302,conflict,0.484434611061824,0.9971504509449004,0.5470325237990288,0.9951584935188292
conflict_303_c000064,c000064,303,conflict,0.6654552730556557,0.9979262948036194,0.4690106590047143,0.9954177737236024
conflict_306_c000146,c000146,306,conflict,0.5775598887904018,0.998093158006668,0.7433886070276707,0.9965164959430696
conflict_306_c000148,c000148,306,conflict,0.4225347259500517,0.998095154762268,0.2569745565558849,0.9963720738887788
conflict_306_c000149,c000149,306,conflict,0.6077167300299177,0.9977086782455444,0.5314132401650804,0.9940620362758636
conflict_307_c000157,c000157,307,conflict,0.7773229486603649,0.9982978701591492,0.6793482797866038,0.9963754713535308
conflict_307_c000159,c000159,307,conflict,0.4378887903159464,0.9974167048931122,0.321039829752489,0.9934201538562776
conflict_307_c000162,c000162,307,conflict,0.2121123568194191,0.9976092576980592,0.1260125029635332,0.994844600558281
conflict_307_c000176,c000176,307,conflict,0.4688717888819614,0.9987472891807556,0.5314899409612931,0.9968185722827912
conflict_308_c000181,c000181,308,conflict,0.0066945294845747,0.9994381344877185,0.1260322364525337,0.997091680765152
conflict_308_c000182,c000182,308,conflict,0.0229820335974848,0.9990483894944192,0.156214311702266,0.9951065331697464
conflict_308_c000185,c000185,308,conflict,0.1561349245465419,0.997917413711548,0.3209795348015029,0.9959165453910828
conflict_308_c000186,c000186,308,conflict,0.2942493433762239,0.9977248311042786,0.1825097996394437,0.9973272979259492
conflict_308_c000187,c000187,308,conflict,0.0293184583178062,0.9991865139454604,0.2228210300763977,0.9977497756481172
conflict_311_c000251,c000251,311,conflict,0.0851099797988181,0.9987403675913812,0.2691000030916254,0.9976212680339812
conflict_312_c000260,c000260,312,conflict,0.3346304522328624,0.9978076219558716,0.40753583255791,0.9953477084636688
conflict_314_c000291,c000291,314,conflict,0.1067152660846023,0.998397931456566,0.1646350717239168,0.9944400787353516
conflict_314_c000293,c000293,314,conflict,0.2568639373107563,0.9982327818870544,0.3075942886943605,0.9958922564983368
conflict_314_c000296,c000296,314,conflict,0.0566606303634087,0.9981581419706343,0.1404163944027208,0.99550399184227
conflict_314_c000312,c000312,314,conflict,0.4688403306331291,0.9979608654975892,0.7775323345319627,0.9969728291034698
conflict_314_c000325,c000325,314,conflict,0.1733134710241166,0.99879689514637,0.1330827369687064,0.99641415476799
conflict_315_c000333,c000333,315,conflict,0.2451109011742276,0.997780054807663,0.2338562831053796,0.99517023563385
conflict_315_c000335,c000335,315,conflict,0.1824509278269593,0.9979350417852402,0.1825850440277012,0.9944236129522324
conflict_315_c000337,c000337,315,conflict,0.2568571984003618,0.9984586536884308,0.3347761291714604,0.995823472738266
conflict_315_c000344,c000344,315,conflict,0.7982226153383376,0.9983377903699876,0.5625022315886767,0.9940944015979768
conflict_315_c000345,c000345,315,conflict,0.3346309425735966,0.9971855878829956,0.3632267315437957,0.9947108328342438
conflict_318_c000389,c000389,318,conflict,0.5467935203247858,0.9970094859600068,0.334924726158363,0.9927285611629486
conflict_321_c000428,c000428,321,conflict,0.2451235365075518,0.9980712980031968,0.0804309329206933,0.9976887926459312
conflict_321_c000434,c000434,321,conflict,0.0259635566629403,0.9992872308939696,0.0901496489153515,0.9977129101753236
conflict_321_c000441,c000441,321,conflict,0.1403651376728208,0.9982903003692628,0.2815888126916551,0.9956147074699402
conflict_323_c000475,c000475,323,conflict,0.3487042950469439,0.9971733391284944,0.1825888200984487,0.996740534901619
conflict_323_c000480,c000480,323,conflict,0.8176249849256522,0.998450517654419,0.4690856884436228,0.997148722410202
conflict_327_c000548,c000548,327,conflict,0.4688417405147979,0.9973541796207428,0.2570368088988444,0.9962936639785768
conflict_328_c000562,c000562,328,conflict,0.2018307052757224,0.9985629469156264,0.1128983396703313,0.996926300227642
conflict_328_c000563,c000563,328,conflict,0.5000495652969114,0.9981147646903992,0.531341778335258,0.996567726135254
conflict_328_c000564,c000564,328,conflict,0.4073724127760381,0.9982944130897522,0.1404087545964041,0.9953433573246002
conflict_329_c000589,c000589,329,conflict,0.0803672958735102,0.998866118490696,0.0901684959231127,0.995735600590706
conflict_332_c000642,c000642,332,conflict,0.0420979339667556,0.999061543494463,0.3211562279576441,0.99714994430542
conflict_332_c000644,c000644,332,conflict,0.0637273167686207,0.9990538582205772,0.0804199016063847,0.997958779335022
conflict_332_c000649,c000649,332,conflict,0.9875716825781612,0.9995495462790132,0.978427005323695,0.9988666530698538
conflict_332_c000654,c000654,332,conflict,0.1259480527331459,0.9981434792280196,0.1404228334071924,0.9960279762744904
conflict_332_c000656,c000656,332,conflict,0.1561337350262553,0.9980129152536392,0.0534569245083168,0.9963833540678024
conflict_338_c000810,c000810,338,conflict,0.0566677328695273,0.9989518076181412,0.1562888906371046,0.995282307267189
conflict_338_c000820,c000820,338,conflict,0.0420965733494647,0.9990884363651276,0.0567151312862712,0.9982990324497224
conflict_338_c000821,c000821,338,conflict,0.8439164123888242,0.9988138675689696,0.7059161724470875,0.9969155490398408
conflict_338_c000822,c000822,338,conflict,0.0420980926155601,0.9984433874487876,0.0954333248465167,0.9966039061546326
conflict_338_c000824,c000824,338,conflict,0.0169179282407205,0.9992561098188162,0.0675910112242705,0.997358664870262
conflict_338_c000825,c000825,338,conflict,0.0216184994151434,0.9992678575217724,0.0566743823014733,0.9982103519141674
conflict_340_c000847,c000847,340,conflict,0.4844253550534177,0.9978485107421876,0.192138205432671,0.9960407167673112
conflict_345_c000931,c000931,345,conflict,0.0474386439750234,0.9986376836895944,0.0601479692891768,0.9970084838569164
conflict_345_c000932,c000932,345,conflict,0.0851262733900749,0.9984032139182092,0.1009626521737716,0.9956635758280754
conflict_345_c000935,c000935,345,conflict,0.1192275367373514,0.99853678047657,0.3347742412740395,0.9955287277698516
conflict_345_c000939,c000939,345,conflict,0.0675607325243871,0.9981231465935708,0.1404323205338872,0.9968944489955902
conflict_345_c000940,c000940,345,conflict,0.0097106892315171,0.9994426686316727,0.0675818528288641,0.9982322454452516
conflict_345_c000941,c000941,345,conflict,0.090107117719493,0.9983976632356644,0.1192791775147346,0.9962380677461624
conflict_345_c000942,c000942,345,conflict,0.0191282336959795,0.998897474259138,0.0716233630975096,0.9978473111987114
conflict_345_c000947,c000947,345,conflict,0.9964058006435444,0.9997057267464696,0.893397009457397,0.9967130869627
conflict_345_c000948,c000948,345,conflict,0.0758718019509014,0.99840996414423,0.112850863728982,0.996924750506878
conflict_345_c000949,c000949,345,conflict,0.1645496220765776,0.9979062974452972,0.2943882133327656,0.994480550289154
conflict_345_c000952,c000952,345,conflict,0.9902916382125893,0.9995561232790352,0.8873477782761074,0.9973188191652298
conflict_345_c000953,c000953,345,conflict,0.0244278563869059,0.9990494158118964,0.0804013526106693,0.9969949945807456
conflict_346_c000954,c000954,346,conflict,0.0534151581080961,0.9989860653877258,0.1009702647765904,0.99550911039114
conflict_346_c000956,c000956,346,conflict,0.0675583980127159,0.9982975870370864,0.2121938549352138,0.9952246397733688
conflict_346_c000957,c000957,346,conflict,0.0503432989405093,0.9987699054181576,0.1825620934001594,0.9961747080087662
conflict_346_c000971,c000971,346,conflict,0.053410153615596,0.9987892359495164,0.1920644458253897,0.9976512342691422
conflict_346_c000972,c000972,346,conflict,0.8519772496751179,0.9987709820270538,0.4380723363908854,0.9949108064174652
conflict_346_c000974,c000974,346,conflict,0.1067177446970169,0.9980642721056938,0.2691197287770109,0.9967030882835388
conflict_346_c000982,c000982,346,conflict,0.0311505787795416,0.9991419650614262,0.2453061589112245,0.995822697877884
conflict_346_c000983,c000983,346,conflict,0.4225307086326409,0.9981432259082794,0.4533899740355193,0.996857076883316
conflict_346_c000984,c000984,346,conflict,0.2451230256791578,0.9979071766138076,0.1646190156145016,0.9956249296665192
conflict_346_c000985,c000985,346,conflict,0.100895545446985,0.9984552562236786,0.2569751378942908,0.99735826253891
conflict_346_c000986,c000986,346,conflict,0.0396449381947463,0.9989376105368136,0.1193222869624689,0.9975762814283372
conflict_347_c000988,c000988,347,conflict,0.0229823345671525,0.9993337206542492,0.1193429322767457,0.9967019334435464
conflict_347_c000990,c000990,347,conflict,0.1329813849226171,0.997767686843872,0.1562105629526211,0.9960041046142578
conflict_347_c000993,c000993,347,conflict,0.2227319448376742,0.997842699289322,0.2019734168274151,0.9967911392450332
conflict_347_c000995,c000995,347,conflict,0.0330961405834024,0.9989166595041752,0.1733969019109447,0.99647718667984
conflict_348_c001000,c001000,348,conflict,0.0149603468556947,0.9992177868261932,0.1129369206752083,0.9957886710762978
conflict_348_c001001,c001001,348,conflict,0.033092136968545,0.9990255795419216,0.1404531726541853,0.9968741834163666
conflict_348_c001005,c001005,348,conflict,0.0191266167450857,0.9992303494364024,0.0637557903779793,0.9982659742236136
conflict_348_c001006,c001006,348,conflict,0.1128234580175444,0.9984037280082704,0.1825704482317019,0.9964251518249512
conflict_348_c001007,c001007,348,conflict,0.1561203917554131,0.9985823184251784,0.0851595620578964,0.9982649981975557
conflict_348_c001013,c001013,348,conflict,0.0191275636310182,0.999130440875888,0.0503553990744322,0.9984170868992804
conflict_348_c001014,c001014,348,conflict,0.0503434086475517,0.998796883970499,0.2691569504787625,0.9967297911643982
conflict_354_c001129,c001129,354,conflict,0.0851139919514225,0.9984963312745094,0.2338278826849872,0.9964793622493744
conflict_354_c001131,c001131,354,conflict,0.1067140998816533,0.9984012320637704,0.2019897749302045,0.997349426150322
conflict_354_c001137,c001137,354,conflict,0.0229808991578736,0.9991955365985632,0.1404462958347414,0.9979016482830048
conflict_362_c001260,c001260,362,conflict,0.0311491370165838,0.9990513343364,0.1482180669151693,0.9956778734922408
conflict_362_c001263,c001263,362,conflict,0.025961993143603,0.9986693486571312,0.2570178784216394,0.9916631281375884
conflict_362_c001265,c001265,362,conflict,0.0503377561383814,0.9990170150995256,0.2228264806112007,0.9971480518579484
conflict_362_c001266,c001266,362,conflict,0.039647222655974,0.9985399134457112,0.2019770953104077,0.9959796667099
conflict_362_c001268,c001268,362,conflict,0.2568467012735801,0.996029496192932,0.3631180524924427,0.9933981001377106
conflict_362_c001271,c001271,362,conflict,0.0534157682636644,0.9988543502986432,0.4076014403190357,0.9975770115852356
conflict_363_c001278,c001278,363,conflict,0.1480824229435167,0.9988657087087632,0.1562104171475501,0.997264489531517
conflict_363_c001284,c001284,363,conflict,0.0803706857240393,0.9985529258847236,0.1128800059433222,0.9960456788539886
conflict_363_c001285,c001285,363,conflict,0.5000423667526269,0.9981764554977416,0.3209803265877673,0.996379256248474
conflict_363_c001288,c001288,363,conflict,0.8596732786191502,0.9985395967960358,0.5158570497071481,0.9948789179325104
conflict_363_c001290,c001290,363,conflict,0.8670405556573291,0.9986529648303986,0.5624633953093782,0.9958277344703674
conflict_363_c001295,c001295,363,conflict,0.8991421022411387,0.9987712204456328,0.8873090510780476,0.9979688674211502
conflict_363_c001296,c001296,363,conflict,0.3486820443840361,0.9972921013832092,0.4534352414579436,0.9970514178276062
conflict_364_c001302,c001302,364,conflict,0.3346341720978498,0.9979020655155182,0.1921059834947992,0.9953411221504213
conflict_364_c001308,c001308,364,conflict,0.1192267283637047,0.9988826885819436,0.2019453721129395,0.9962642192840576
conflict_364_c001309,c001309,364,conflict,0.0293176607930047,0.9991458412259816,0.1259962205658226,0.9969975352287292
conflict_364_c001310,c001310,364,conflict,0.2018616846229007,0.9984348714351654,0.3777144603624121,0.9968402087688446
conflict_366_c001416,c001416,366,conflict,0.0330921785210848,0.9990916438400744,0.2691046215737282,0.9950011670589448
conflict_366_c001417,c001417,366,conflict,0.1403591680512836,0.9978799670934676,0.1826164756153086,0.9940039068460464
conflict_366_c001423,c001423,366,conflict,0.7773251144827551,0.9980267882347108,0.269057223937389,0.9974336326122284
conflict_366_c001429,c001429,366,conflict,0.1009136389131442,0.9983051046729088,0.2122109008313155,0.9955496490001678
conflict_366_c001430,c001430,366,conflict,0.6792393990662614,0.9980952441692352,0.2815738921875036,0.9956248104572296
conflict_367_c001447,c001447,367,conflict,0.0503396077903392,0.9989395663142204,0.0804115555032039,0.9982677772641182
conflict_367_c001473,c001473,367,conflict,0.2018477815737201,0.9974377751350404,0.320979787147601,0.9965737760066986
conflict_367_c001474,c001474,367,conflict,0.3487169996943817,0.9986203014850616,0.2569747936269595,0.9973722398281096
conflict_367_c001475,c001475,367,conflict,0.1824564742702561,0.9985039979219436,0.1330467304818467,0.9975186586380004
conflict_367_c001477,c001477,367,conflict,0.0293189499404631,0.9991479050368072,0.1192717978812569,0.997332103550434
conflict_367_c001478,c001478,367,conflict,0.0637326091834707,0.9985745921730996,0.2338881783603741,0.996598556637764
conflict_369_c001515,c001515,369,conflict,0.1403634637923094,0.998747020959854,0.0447030861999541,0.9977137856185436
conflict_369_c001522,c001522,369,conflict,0.5927158172264981,0.9982283711433412,0.4075407755249688,0.9971242547035216
conflict_370_c001551,c001551,370,conflict,0.2942443561227578,0.9983665645122528,0.2018861948831416,0.9950987994670868
conflict_370_c001553,c001553,370,conflict,0.7058178427938936,0.9987438917160034,0.3777621850103554,0.995825320482254
conflict_370_c001561,c001561,370,conflict,0.1128154157518105,0.9982848316431046,0.2228484344581381,0.9965984672307968
conflict_374_c001666,c001666,374,conflict,0.1259478063925851,0.9986662417650224,0.1404564418342927,0.9956726282835008
conflict_374_c001668,c001668,374,conflict,0.6792043990958432,0.998138427734375,0.4534586568061178,0.9961417317390442
conflict_374_c001669,c001669,374,conflict,0.4844418804249891,0.9960896670818328,0.4076605635489634,0.9922050535678864
conflict_374_c001670,c001670,374,conflict,0.3923831290047528,0.9951601028442384,0.4848105513331204,0.9941995739936828
conflict_374_c001673,c001673,374,conflict,0.9603686111056275,0.9988732449710368,0.9242385453966752,0.996878869831562
conflict_374_c001676,c001676,374,conflict,0.9830884938018384,0.9995618872344494,0.4076568337412227,0.996102660894394
conflict_374_c001684,c001684,374,conflict,0.5622133039845262,0.998033046722412,0.1481701864338274,0.9962176531553268
conflict_377_c001732,c001732,377,conflict,0.0351560709014877,0.9986550025641918,0.1647267832701202,0.9954612404108047
conflict_377_c001737,c001737,377,conflict,0.0396525450569245,0.998948998749256,0.201926096970905,0.9968266636133194
conflict_377_c001738,c001738,377,conflict,0.010988702154308,0.9993904503062369,0.1067671812739191,0.9973876923322678
conflict_377_c001739,c001739,377,conflict,0.0075789881149099,0.999469330534339,0.1734267827122446,0.9975972473621368
conflict_377_c001742,c001742,377,conflict,0.0179904047371996,0.9992736987769604,0.1192680484125002,0.9977223426103592
conflict_377_c001747,c001747,377,conflict,0.0311502977076629,0.9990108199417592,0.1192757962682258,0.9970846027135848
conflict_377_c001754,c001754,377,conflict,0.0675681955466656,0.9985314905643464,0.1330628911322136,0.9961612969636916
conflict_377_c001763,c001763,377,conflict,0.0474347740870732,0.9989482425153255,0.7188567568029235,0.998096078634262
conflict_377_c001766,c001766,377,conflict,0.0803693167237351,0.9982171952724456,0.1825821961268257,0.997288167476654
conflict_378_c001777,c001777,378,conflict,0.2689709430594271,0.998229593038559,0.2944267192154269,0.9949485063552856
conflict_379_c001803,c001803,379,conflict,0.5156629272795591,0.9977259933948516,0.2690616878459575,0.9938839375972748
conflict_379_c001811,c001811,379,conflict,0.2451338413235271,0.9983222782611848,0.1733976689062064,0.9962832033634186
conflict_379_c001815,c001815,379,conflict,0.2121104426374612,0.9983221143484116,0.1920678234300017,0.995707541704178
conflict_381_c001881,c001881,381,conflict,0.6225298309907358,0.9980199337005616,0.5315004361875566,0.9965124726295472
conflict_381_c001894,c001894,381,conflict,0.0420979831132248,0.998765967786312,0.1920741233693928,0.9978451132774352
conflict_381_c001895,c001895,381,conflict,0.0474348128715983,0.9989621117711068,0.1009510785267468,0.9975754395127296
conflict_381_c001896,c001896,381,conflict,0.0503405846002267,0.9987330324947834,0.1192697890530869,0.9975922778248788
conflict_381_c001897,c001897,381,conflict,0.0080635245725504,0.9994562827050686,0.0474500008649763,0.9984794519841672
conflict_381_c001898,c001898,381,conflict,0.1480757933483089,0.9984858632087708,0.2020273897855222,0.9969025552272796
conflict_381_c001900,c001900,381,conflict,0.1008968865876965,0.9983561784029008,0.2569954338704722,0.9973509311676024
conflict_381_c001901,c001901,381,conflict,0.1008976701633678,0.9981785863637924,0.245276928330395,0.9956312328577042
conflict_381_c001905,c001905,381,conflict,0.0116896417019513,0.999249485321343,0.1193202264078078,0.997909776866436
conflict_382_c001924,c001924,382,conflict,0.1259431273119894,0.9983101785182952,0.1192880272188243,0.9975143298506736
conflict_384_c001964,c001964,384,conflict,0.2121204304108924,0.998169243335724,0.0759349736804038,0.9962573274970056
conflict_384_c001965,c001965,384,conflict,0.0446905813950547,0.9988767094910144,0.2019751749847127,0.9958495497703552
conflict_384_c001966,c001966,384,conflict,0.0503409446350088,0.9988027028739452,0.1009483472653861,0.99755497276783
conflict_384_c001984,c001984,384,conflict,0.8670491384079626,0.9984762370586396,0.8082049664373814,0.997298389673233
conflict_384_c001985,c001985,384,conflict,0.1128115113814925,0.9985790029168128,0.1330510076811348,0.9967793375253676
conflict_387_c002031,c002031,387,conflict,0.2568815580427542,0.9973180890083312,0.3347945938089188,0.9954771101474762
conflict_392_c002114,c002114,392,conflict,0.5312458113311679,0.9976546466350557,0.4380223484951139,0.9965313971042632
conflict_392_c002121,c002121,392,conflict,0.2942563705544606,0.9969494044780732,0.3075637726746785,0.9952387511730194
conflict_392_c002122,c002122,392,conflict,0.4073632780251769,0.9972015619277954,0.4689776647132541,0.9954955577850342
conflict_403_c002308,c002308,403,conflict,0.0600988606957399,0.999088242650032,0.085168325136031,0.9943964183330536
conflict_403_c002310,c002310,403,conflict,0.4533247524555112,0.9977547526359558,0.3075379176717015,0.9955290257930756
conflict_404_c002331,c002331,404,conflict,0.0566606563180104,0.9983922056853772,0.1562508292199329,0.9956554025411606
conflict_404_c002336,c002336,404,conflict,0.8670465448288655,0.9980180859565736,0.8440618843134232,0.9968952387571336
conflict_405_c002350,c002350,405,conflict,0.0275914935480015,0.9990106504410504,0.1128820212866011,0.9970961585640908
conflict_405_c002351,c002351,405,conflict,0.056668087755438,0.9986526854336262,0.1404975544710562,0.9973484724760056
conflict_405_c002353,c002353,405,conflict,0.0132254901101154,0.9993246225640178,0.0954159897135705,0.9973226636648178
conflict_405_c002354,c002354,405,conflict,0.0116896791492854,0.9994100071489812,0.1067550185677893,0.9975158423185349
conflict_405_c002356,c002356,405,conflict,0.3775736639201718,0.9971200525760652,0.2019694430096813,0.995763823390007
conflict_405_c002357,c002357,405,conflict,0.1330005617373943,0.9983137547969818,0.182577292843335,0.9959654361009598
conflict_405_c002358,c002358,405,conflict,0.7186318509343241,0.9984345734119416,0.2943703300610287,0.996747612953186
conflict_405_c002381,c002381,405,conflict,0.8267480326427705,0.9984412044286728,0.3631625336229052,0.9965345859527588
conflict_405_c002382,c002382,405,conflict,0.0103305992445839,0.9994118064641953,0.2944496047444707,0.9974277317523956
conflict_405_c002385,c002385,405,conflict,0.1067195885137481,0.998404897749424,0.3076422924138964,0.9969727694988252
conflict_405_c002386,c002386,405,conflict,0.0675566809363262,0.9989712238311768,0.0804044067254462,0.998225599527359
conflict_405_c002387,c002387,405,conflict,0.5622232912397122,0.998721808195114,0.3925524805837532,0.9960852563381196
conflict_405_c002388,c002388,405,conflict,0.0293200608510739,0.9990331158041954,0.1192843791022521,0.9967619553208352
conflict_406_c002391,c002391,406,conflict,0.2337523163263132,0.9978623241186142,0.1260436406698279,0.9963656663894652
conflict_406_c002394,c002394,406,conflict,0.2569246963523379,0.9968184232711792,0.321099530428026,0.9962801933288574
conflict_407_c002426,c002426,407,conflict,0.6926781622250306,0.9984109103679656,0.6793889085702943,0.9968385100364684
conflict_408_c002443,c002443,408,conflict,0.0675586699344625,0.9990122839808464,0.1404706072294071,0.99549563229084
conflict_411_c002509,c002509,411,conflict,0.531279446864766,0.9968900680541992,0.5314535738804913,0.995252251625061
conflict_411_c002520,c002520,411,conflict,0.0675555624941459,0.9983752220869064,0.3210736556538043,0.9940413534641266
conflict_411_c002525,c002525,411,conflict,0.705819598795825,0.9977496564388276,0.4689703314832242,0.9960219264030457
conflict_414_c002579,c002579,414,conflict,0.0275916008284833,0.9991461019963026,0.0804200176416061,0.9955118596553802
conflict_414_c002581,c002581,414,conflict,0.0159092145772194,0.9992371629923582,0.1646277244592034,0.9977179020643234
conflict_414_c002582,c002582,414,conflict,0.0275904536768036,0.9992768932133912,0.037352444634899,0.99851980432868
conflict_414_c002583,c002583,414,conflict,0.0600991594374003,0.9987223334610462,0.1259941192894809,0.9971169382333755
conflict_414_c002584,c002584,414,conflict,0.0600963826005952,0.9986368790268898,0.1192900926394982,0.9965433925390244
conflict_414_c002594,c002594,414,conflict,0.48443332053369,0.9963479340076448,0.5780545394028881,0.9955920577049256
conflict_414_c002595,c002595,414,conflict,0.990294291176524,0.999569877050817,0.6794494197256657,0.99520805478096
conflict_414_c002598,c002598,414,conflict,0.53128122527926,0.997885674238205,0.5001420628391609,0.9976215064525604
conflict_414_c002599,c002599,414,conflict,0.025963167626278,0.9990378357470036,0.1259808233773015,0.9975947588682176
conflict_414_c002601,c002601,414,conflict,0.0758722836679757,0.9983593374490738,0.2815886095224908,0.997004210948944
conflict_414_c002603,c002603,414,conflict,0.1128168036660281,0.9983344972133636,0.0901726757785751,0.9975629821419716
conflict_415_c002616,c002616,415,conflict,0.9362965110022612,0.9989824071526529,0.7776221553161216,0.9971080869436264
conflict_415_c002617,c002617,415,conflict,0.5775400462533604,0.9977418780326844,0.3778440172911969,0.996337503194809
conflict_416_c002633,c002633,416,conflict,0.2227380733493845,0.9986338317394255,0.3488227687722855,0.9947501718997956
conflict_416_c002642,c002642,416,conflict,0.5000720128319407,0.9977860450744628,0.3076253760271806,0.9961946308612823
conflict_419_c002702,c002702,419,conflict,0.022979891954076,0.9990280196070672,0.1192791455627477,0.9960798025131226
conflict_419_c002704,c002704,419,conflict,0.0566632245615354,0.9988747499883176,0.156259290747549,0.9928462952375412
conflict_419_c002705,c002705,419,conflict,0.0637245426430641,0.9989826530218124,0.2121838237323815,0.9965440034866332
conflict_419_c002710,c002710,419,conflict,0.2568562523430099,0.9962383210659028,0.3925105277495203,0.9924482703208924
conflict_419_c002715,c002715,419,conflict,0.6654540052296001,0.9980134665966034,0.5315373167366065,0.9966937303543092
conflict_420_c002726,c002726,420,conflict,0.5622260590228656,0.9979673624038696,0.6227654989628074,0.9976004362106324
conflict_420_c002727,c002727,420,conflict,0.9669190159347432,0.9992718510329724,0.5470455686142494,0.9957757592201232
conflict_420_c002728,c002728,420,conflict,0.9324579802237464,0.9989101961255074,0.7060995545381757,0.9959862232208252
conflict_423_c002809,c002809,423,conflict,0.3074145321682474,0.9984170794487,0.5316230058392794,0.996889054775238
conflict_423_c002817,c002817,423,conflict,0.6926775518882534,0.998583287000656,0.2570158915353512,0.9927096366882324
conflict_423_c002818,c002818,423,conflict,0.9433528178340428,0.99856648594141,0.8441209769912842,0.995615452528
conflict_424_c002834,c002834,424,conflict,0.7663140212821536,0.9982239603996276,0.5469759865626408,0.9966984689235688
conflict_424_c002844,c002844,424,conflict,0.8808149886550058,0.9987317770719528,0.7664518257189669,0.996164545416832
conflict_424_c002845,c002845,424,conflict,0.995094697913064,0.9996306248940529,0.9830894777314944,0.9988993536680936
conflict_426_c002892,c002892,426,conflict,0.1128209567748896,0.9981599897146224,0.2019800373016902,0.9971127361059188
conflict_426_c002897,c002897,426,conflict,0.0259639550290216,0.9990430492907764,0.2019828488926557,0.9945565909147264
conflict_426_c002898,c002898,426,conflict,0.1480765973223189,0.9985286444425584,0.1920714882037979,0.9962655156850816
conflict_426_c002900,c002900,426,conflict,0.0901152559321196,0.998493194580078,0.1260045280512846,0.9965828210115432
conflict_429_c002943,c002943,429,conflict,0.5312425303445417,0.9978204667568208,0.5623435702211771,0.9972780346870422
conflict_429_c002946,c002946,429,conflict,0.3630334494740538,0.997960478067398,0.2020054312265881,0.9970767945051192
conflict_430_c002959,c002959,430,conflict,0.1824671336762925,0.9980802983045578,0.2019795090360028,0.9954758286476136
conflict_430_c002965,c002965,430,conflict,0.651401515380472,0.9980500042438508,0.4380916778894972,0.9964626729488372
conflict_430_c002967,c002967,430,conflict,0.6792265138106721,0.9976369738578796,0.6077923461529768,0.995851308107376
conflict_430_c002972,c002972,430,conflict,0.9740455897194203,0.9992509838193656,0.924214358688719,0.9971761479973792
conflict_430_c002975,c002975,430,conflict,0.5000758013614623,0.9978487491607666,0.392557755734262,0.9974672496318816
conflict_431_c002992,c002992,431,conflict,0.5000293652131977,0.9976322054862976,0.348830720813351,0.9942474365234376
conflict_431_c002993,c002993,431,conflict,0.5156502695075567,0.9979940354824066,0.2946109131158106,0.99622043967247
conflict_432_c003002,c003002,432,conflict,0.1067162133541234,0.99853777885437,0.4848142020804693,0.996544361114502
conflict_434_c003045,c003045,434,conflict,0.3346345335728976,0.9978844225406648,0.2122445688057552,0.9948577284812928
conflict_434_c003046,c003046,434,conflict,0.8670647594387267,0.9986167699098588,0.3210148027081656,0.9948792159557344
conflict_434_c003050,c003050,434,conflict,0.8933242749390724,0.9988400116562844,0.6079253809554575,0.9953128695487976
conflict_434_c003060,c003060,434,conflict,0.8176079066523858,0.9983593970537186,0.6793468924631787,0.9963215291500092
conflict_436_c003105,c003105,436,conflict,0.1733264630961641,0.9982349127531052,0.1129326815618295,0.9950593039393424
conflict_437_c003113,c003113,437,conflict,0.2568864167875561,0.9972278773784636,0.3488484412910733,0.996546357870102
conflict_437_c003122,c003122,437,conflict,0.5312524050490794,0.998295247554779,0.743310974926101,0.9973381757736206
conflict_438_c003148,c003148,438,conflict,0.1645371423126101,0.9982660859823228,0.2019995212295073,0.9914804697036744
conflict_438_c003149,c003149,438,conflict,0.880823902190087,0.9983812943100928,0.4690421227794559,0.9935043752193452
conflict_439_c003170,c003170,439,conflict,0.4225601429874581,0.9982414841651917,0.4534691554904919,0.997169017791748
conflict_439_c003174,c003174,439,conflict,0.8596839010237975,0.998505488038063,0.5778197363303368,0.995781034231186
conflict_440_c003182,c003182,440,conflict,0.0229838493537981,0.9991091787815094,0.1404955906824308,0.9973393976688384
conflict_440_c003184,c003184,440,conflict,0.0149596357461213,0.9993604738265276,0.0901644455561238,0.9979054927825928
conflict_440_c003187,c003187,440,conflict,0.0311519721431957,0.9988850131630898,0.1330553818579747,0.9964040964841844
conflict_440_c003207,c003207,440,conflict,0.377604557873911,0.9935183525085448,0.6657471718238287,0.9956419169902802
conflict_440_c003208,c003208,440,conflict,0.4378539823930573,0.9967225790023804,0.4229503011366319,0.9942072331905364
conflict_441_c003216,c003216,441,conflict,0.0097102017378585,0.9993099411949516,0.056687305354544,0.9982336945831776
conflict_441_c003217,c003217,441,conflict,0.173324240326814,0.9984574019908904,0.2228189472636165,0.997389480471611
conflict_441_c003232,c003232,441,conflict,0.4073889151047021,0.9984800219535828,0.4380042624307248,0.9969273805618286
conflict_443_c003268,c003268,443,conflict,0.28146251019934,0.9966250956058502,0.2945505537079944,0.9940839111804962
conflict_445_c003308,c003308,445,conflict,0.985043329094149,0.9993837270885706,0.8934359409315358,0.9979698434472084
conflict_445_c003314,c003314,445,conflict,0.5622355307607332,0.9966697990894318,0.3347230120650653,0.9965426921844482
conflict_445_c003318,c003318,445,conflict,0.4688333296446292,0.997926503419876,0.2451901561973483,0.9952068328857422
conflict_446_c003330,c003330,446,conflict,0.5312541839273416,0.9976720213890076,0.349019388705965,0.9962571263313292
conflict_447_c003345,c003345,447,conflict,0.1919702715589434,0.99881611764431,0.1562331811737502,0.9963687509298323
conflict_447_c003355,c003355,447,conflict,0.5000436598818379,0.9965988993644714,0.6656024788718242,0.9970814287662506
conflict_447_c003356,c003356,447,conflict,0.5312520744030226,0.9966894388198853,0.5001846145220997,0.9957002401351928
conflict_447_c003357,c003357,447,conflict,0.9688589357592272,0.9990108963102102,0.8934411812537135,0.9967744871973993
conflict_447_c003363,c003363,447,conflict,0.4533210561678742,0.9977830052375792,0.5003156912108516,0.997324675321579
conflict_448_c003365,c003365,448,conflict,0.0169193060147628,0.9990879874676466,0.0954364905585161,0.9946913495659828
conflict_448_c003366,c003366,448,conflict,0.0953679605544668,0.998350478708744,0.2569917105427237,0.9964658319950104
conflict_448_c003369,c003369,448,conflict,0.0311483913368544,0.9989433344453572,0.1646220652429546,0.996293693780899
conflict_448_c003374,c003374,448,conflict,0.4378825418951339,0.9974358379840852,0.2815911358671374,0.997486025094986
conflict_448_c003378,c003378,448,conflict,0.212093782987091,0.9981832951307296,0.5929351605599015,0.9967515170574188
conflict_448_c003388,c003388,448,conflict,0.0330920813357692,0.998844102025032,0.0804069381372834,0.9978279769420624
conflict_448_c003395,c003395,448,conflict,0.363022084147363,0.9979014992713928,0.2816402526000581,0.9965335726737976
conflict_448_c003397,c003397,448,conflict,0.0637321449025733,0.998547613620758,0.1259917563520511,0.9972708225250244
conflict_449_c003413,c003413,449,conflict,0.7310944723265932,0.9980169236660004,0.2453003892693476,0.9952977001667024
conflict_451_c003457,c003457,451,conflict,0.484437041792036,0.9977428019046783,0.1646306568052807,0.9953307807445526
conflict_451_c003469,c003469,451,conflict,0.0474318918556652,0.999010358005762,0.0901606757770502,0.9966837018728256
conflict_451_c003471,c003471,451,conflict,0.5156812117799543,0.9973998069763184,0.37782852234284,0.9955922663211824
conflict_451_c003474,c003474,451,conflict,0.8355083521688608,0.9978347718715668,0.4691643801289653,0.9952301681041718
conflict_451_c003475,c003475,451,conflict,0.1733107053065443,0.9970622062683104,0.3781009557632504,0.9964170455932616
conflict_451_c003477,c003477,451,conflict,0.4688260895700831,0.995843917131424,0.6656507579566491,0.9947321116924286
conflict_452_c003490,c003490,452,conflict,0.1645441815427045,0.998332142829895,0.257107457821054,0.9966530203819276
conflict_452_c003491,c003491,452,conflict,0.6225191373917109,0.9971161782741548,0.3213333521138556,0.9944239258766174
conflict_452_c003495,c003495,452,conflict,0.0716037668620411,0.9986857175827026,0.2691555812387677,0.9959577918052672
conflict_452_c003496,c003496,452,conflict,0.6514228097799358,0.997974008321762,0.4691035669137631,0.9961500763893129
conflict_454_c003532,c003532,454,conflict,0.8267296899897858,0.9988311231136322,0.5316173368538358,0.996052622795105
conflict_454_c003533,c003533,454,conflict,0.2942466168790829,0.9978026449680328,0.2944813264196723,0.995835542678833
conflict_454_c003538,c003538,454,conflict,0.4533009533278308,0.9977057576179504,0.1331212858942334,0.9968754798173904
conflict_457_c003585,c003585,457,conflict,0.6077341916184614,0.9975430965423584,0.2570563883683387,0.9956536293029784
conflict_457_c003590,c003590,457,conflict,0.5927066251927767,0.9982182085514067,0.3926184909599288,0.9971045851707458
conflict_457_c003591,c003591,457,conflict,0.5156651378558791,0.9982320368289948,0.3927008657015638,0.9965527057647704
conflict_457_c003593,c003593,457,conflict,0.3775904827931272,0.9974683821201324,0.4227591848718878,0.9968050122261048
conflict_461_c003654,c003654,461,conflict,0.182457969464364,0.9982941746711732,0.0716493071499961,0.997072957456112
conflict_461_c003661,c003661,461,conflict,0.0179883472280269,0.999272333458066,0.0276019401872484,0.9982403423637152
conflict_461_c003668,c003668,461,conflict,0.2942710756409828,0.996440201997757,0.3926309208413945,0.9928859174251556
conflict_461_c003670,c003670,461,conflict,0.1645412609545813,0.998188391327858,0.1646180923744089,0.9975911676883698
conflict_463_c003708,c003708,463,conflict,0.5156711682905265,0.9977946579456328,0.7984640016359661,0.997509628534317
conflict_463_c003710,c003710,463,conflict,0.5312478552278541,0.9978588223457336,0.5314986705749656,0.9960862696170808
conflict_464_c003726,c003726,464,conflict,0.1259516036731247,0.9986820369958878,0.1009635412121055,0.9964700192213058
conflict_464_c003731,c003731,464,conflict,0.3074241638899926,0.997466206550598,0.2452222738801624,0.9967789053916932
conflict_464_c003741,c003741,464,conflict,0.6225308806403064,0.9973895847797394,0.3075249255762904,0.9963519871234894
conflict_465_c003755,c003755,465,conflict,0.4844340504206896,0.997754007577896,0.1330885010516986,0.9950447827577592
conflict_465_c003761,c003761,465,conflict,0.1733254689840284,0.9984193742275238,0.1192917707868765,0.995900183916092
conflict_465_c003766,c003766,465,conflict,0.904667122623154,0.9989395216107368,0.8176756030043772,0.9974128603935242
conflict_465_c003767,c003767,465,conflict,0.3924057957077757,0.9982018172740936,0.4076547254807683,0.995855301618576
conflict_465_c003768,c003768,465,conflict,0.8176252543996578,0.9987903386354446,0.6079248855136443,0.9970703721046448
conflict_465_c003771,c003771,465,conflict,0.2451165438149191,0.9981533288955688,0.1825587236802077,0.9948045909404756
conflict_467_c003828,c003828,467,conflict,0.4533351126721573,0.9964594841003418,0.5625039916879839,0.9957903027534484
conflict_467_c003830,c003830,467,conflict,0.3074057366957621,0.997612476348877,0.5929132825809195,0.9950663447380066
conflict_468_c003835,c003835,468,conflict,0.1824534783067086,0.998383104801178,0.3777820398766681,0.9969615042209624
conflict_468_c003844,c003844,468,conflict,0.1329895944108211,0.9985002875328064,0.3347700780338108,0.9954126477241516
conflict_468_c003845,c003845,468,conflict,0.363011794005973,0.9969293475151062,0.3075796250083886,0.9940584599971772
conflict_469_c003865,c003865,469,conflict,0.027591545330354,0.999383443966508,0.0758982965549332,0.996718242764473
conflict_469_c003873,c003873,469,conflict,0.0351515451418125,0.999151322990656,0.3347798408465673,0.9968668818473816
conflict_469_c003874,c003874,469,conflict,0.2121105150192931,0.9984076917171478,0.377722641322029,0.9945796728134156
conflict_469_c003878,c003878,469,conflict,0.3073953329369487,0.9980342388153076,0.3924989612296817,0.9952565431594848
conflict_469_c003882,c003882,469,conflict,0.7773442780453016,0.9983726888895036,0.5929472326293062,0.9959628283977509
conflict_469_c003883,c003883,469,conflict,0.7982109623331715,0.9982318431138992,0.2452876563409014,0.995972901582718
conflict_470_c003896,c003896,470,conflict,0.2018467446656217,0.9980752766132356,0.2570425420544914,0.9954286515712738
conflict_470_c003901,c003901,470,conflict,0.4378904955381819,0.9959851503372192,0.4847117903053871,0.9961525499820708
conflict_470_c003907,c003907,470,conflict,0.9324665383059904,0.99879153072834,0.4381383936668959,0.9958014488220216
conflict_470_c003911,c003911,470,conflict,0.7663223101320735,0.9982816874980928,0.7313174933208628,0.9965972006320952
conflict_470_c003914,c003914,470,conflict,0.1192229677038788,0.9984321892261504,0.2019866006471813,0.9947005659341812
conflict_471_c003927,c003927,471,conflict,0.8175822576398319,0.9984136819839478,0.8872722420678729,0.996380679309368
conflict_471_c003929,c003929,471,conflict,0.9399180329235018,0.998915173113346,0.7433366003953661,0.9955505430698396
conflict_471_c003932,c003932,471,conflict,0.281446099930666,0.9975413382053376,0.2569934828572141,0.9943798184394836
conflict_472_c003942,c003942,472,conflict,0.5312690792738858,0.9984762966632844,0.2453537068402276,0.9947942048311234
conflict_472_c003944,c003944,472,conflict,0.4533128426840868,0.9980140924453736,0.3210054997416209,0.9972324967384338
conflict_472_c003946,c003946,472,conflict,0.1561348363190015,0.9979939460754396,0.3925702946262249,0.9972437024116516
conflict_474_c003970,c003970,474,conflict,0.0534125904668397,0.9988450780510902,0.2122450032830454,0.9967062175273896
conflict_474_c003971,c003971,474,conflict,0.3923605571702027,0.997178852558136,0.4535024976173818,0.9953446388244628
conflict_474_c003972,c003972,474,conflict,0.1259479994821754,0.998441219329834,0.1920547557998745,0.9965755343437196
conflict_474_c003974,c003974,474,conflict,0.7773283392424246,0.9986561685800552,0.5159203006283644,0.996527224779129
conflict_474_c003978,c003978,474,conflict,0.3486819346546717,0.9971943795681,0.3925790837819393,0.9952794909477234
conflict_476_c003996,c003996,476,conflict,0.692692572900788,0.9981306195259094,0.5624186246922176,0.9976186752319336
conflict_476_c004000,c004000,476,conflict,0.7549281520032002,0.99765382707119,0.6226307912229827,0.9969517290592194
conflict_476_c004005,c004005,476,conflict,0.422554594244925,0.9982605874538422,0.5777807954779519,0.9976790547370912
conflict_477_c004026,c004026,477,conflict,0.0851184658780191,0.9985339194536208,0.0901530936078511,0.9961486905813216
conflict_477_c004028,c004028,477,conflict,0.3346312779979695,0.9973871111869812,0.3778135160517923,0.994199961423874
conflict_477_c004033,c004033,477,conflict,0.1128167666339328,0.9986240863800048,0.2228842277537233,0.9959934949874878
conflict_477_c004034,c004034,477,conflict,0.0675573409913628,0.9987841248512268,0.1404305904604152,0.9963872134685516
conflict_477_c004035,c004035,477,conflict,0.1733115743640129,0.99835205078125,0.2944719198250665,0.9953674972057344
conflict_478_c004044,c004044,478,conflict,0.1645468904427078,0.99821138381958,0.2122286242126718,0.9957708120346068
conflict_478_c004055,c004055,478,conflict,0.8267355989719346,0.9982139766216278,0.4227120959408734,0.9952188432216644
conflict_478_c004058,c004058,478,conflict,0.9914234190249824,0.9996041171252728,0.8671379359082149,0.9973921477794648
conflict_480_c004083,c004083,480,conflict,0.622502197597103,0.9957737028598784,0.281546615660806,0.9963871836662292
conflict_480_c004093,c004093,480,conflict,0.2121026449308428,0.9986196011304856,0.0901754426121019,0.9973386228084564
conflict_482_c004143,c004143,482,conflict,0.1259483621997683,0.9984855502843856,0.2020017006523324,0.9958918392658234
conflict_485_c004226,c004226,485,conflict,0.7058314553096701,0.998370885848999,0.6373049371151779,0.9973493218421936
conflict_486_c004237,c004237,486,conflict,0.5156660632874782,0.9976442158222198,0.5778986284444702,0.99615079164505
conflict_487_c004262,c004262,487,conflict,0.808105535504111,0.9981769025325776,0.4846731269126958,0.9946430027484894
conflict_488_c004281,c004281,488,conflict,0.2337400276634219,0.9974378645420074,0.2816906014935453,0.9950490593910216
conflict_488_c004282,c004282,488,conflict,0.3074008293167579,0.998229682445526,0.3488417230286157,0.9949961602687836
conflict_488_c004283,c004283,488,conflict,0.0675580703914909,0.9985686540603638,0.2122435685225538,0.9947316199541092
conflict_488_c004284,c004284,488,conflict,0.2337429014812562,0.99781996011734,0.5160213172911869,0.995093435049057
conflict_488_c004293,c004293,488,conflict,0.3923773167489455,0.9978989064693452,0.2452631695619484,0.9934927076101304
conflict_488_c004294,c004294,488,conflict,0.6077278590866007,0.9971827566623688,0.2945353578863043,0.9952707886695862
conflict_488_c004295,c004295,488,conflict,0.268987242278849,0.9981566965579988,0.5928994001812781,0.9968471229076384
conflict_489_c004304,c004304,489,conflict,0.2942549270596924,0.997190684080124,0.2815633078084583,0.9955866634845734
conflict_492_c004351,c004351,492,conflict,0.0373346228953982,0.9991867318749428,0.1646537244636646,0.9969789832830428
conflict_603_c004422,c004422,603,conflict,0.9919404159587644,0.999633059836924,0.7983766648133418,0.9955702275037766
conflict_603_c004430,c004430,603,conflict,0.928426642143454,0.9989573135972024,0.8873069660240366,0.9970721453428268
conflict_603_c004434,c004434,603,conflict,0.2018410747162799,0.9980993270874025,0.0803928996716605,0.997599631547928
conflict_603_c004435,c004435,603,conflict,0.5775752820142318,0.9976701736450196,0.4689758708366479,0.9952295422554016
conflict_603_c004438,c004438,603,conflict,0.5000481733645059,0.9963314831256866,0.5928705064439425,0.995140552520752
conflict_605_c004454,c004454,605,conflict,0.0330930362303116,0.9990822970867156,0.0953897899866315,0.9975895583629608
conflict_608_c004488,c004488,608,conflict,0.2942475194434866,0.9962676763534546,0.212238488297298,0.9938743710517884
conflict_608_c004498,c004498,608,conflict,0.1192258885309516,0.9973293170332908,0.2228525700779201,0.9944332540035248
conflict_608_c004506,c004506,608,conflict,0.8080967020237463,0.997312143445015,0.8177043715843528,0.9964593946933746
conflict_608_c004508,c004508,608,conflict,0.3775677344424712,0.9972101449966432,0.3488135826380804,0.995672881603241
conflict_608_c004509,c004509,608,conflict,0.0758735033752382,0.9984470829367638,0.2019703063467103,0.9944260120391846
conflict_608_c004510,c004510,608,conflict,0.851969832563129,0.9985644072294236,0.8520720841261196,0.997349888086319
conflict_608_c004511,c004511,608,conflict,0.7879619028356468,0.9976651668548584,0.7188225143673046,0.996741533279419
conflict_609_c004531,c004531,609,conflict,0.4073717946321553,0.9981994330883026,0.3631418334695677,0.9959268867969512
conflict_609_c004532,c004532,609,conflict,0.8808204505704428,0.9982726722955704,0.6079216894970444,0.9950189888477324
conflict_609_c004533,c004533,609,conflict,0.8439200048165456,0.9987329840660096,0.4534688176942201,0.995396614074707
conflict_609_c004534,c004534,609,conflict,0.7663374213716617,0.998297780752182,0.4689874911524594,0.9956346452236176
conflict_612_c004554,c004554,612,conflict,0.125949163328456,0.998005837202072,0.1068079015418957,0.9955231547355652
conflict_612_c004562,c004562,612,conflict,0.5927072720667161,0.9979005455970764,0.4689996492704104,0.995027720928192
conflict_615_c004587,c004587,615,conflict,0.8596940671200908,0.998404935002327,0.4846911127176275,0.9961288869380952
conflict_615_c004594,c004594,615,conflict,0.4844134734999964,0.9970199763774872,0.2338978187176721,0.9953617453575134
conflict_615_c004598,c004598,615,conflict,0.6791993627419634,0.996351808309555,0.6656115404372192,0.9954197108745576
conflict_615_c004599,c004599,615,conflict,0.637070786117119,0.9971989691257476,0.5624306278894194,0.9960565865039824
conflict_620_c004678,c004678,620,conflict,0.1192306813504878,0.9987870827317238,0.1646359973468246,0.9972562193870544
conflict_622_c004706,c004706,622,conflict,0.3776092637527274,0.9973131716251372,0.6080187194222655,0.9965235888957976
conflict_624_c004751,c004751,624,conflict,0.2337537394805137,0.9983620196580888,0.3074777914437616,0.996466726064682
conflict_624_c004757,c004757,624,conflict,0.1480928172364758,0.998032495379448,0.7882187620043886,0.9968997985124588
conflict_624_c004762,c004762,624,conflict,0.1561355454951358,0.9982660859823228,0.43809368778358,0.9968729317188264
conflict_625_c004777,c004777,625,conflict,0.8933159047936594,0.9986296519637108,0.6655865028998902,0.9962950944900512
conflict_625_c004778,c004778,625,conflict,0.0716065435850684,0.9987403228878976,0.592817962698673,0.9956289231777192
conflict_625_c004779,c004779,625,conflict,0.4378793091187914,0.9982369244098664,0.363290907390128,0.997416079044342
conflict_627_c004811,c004811,627,conflict,0.5927281989470462,0.9981665909290314,0.2339028360274615,0.9956789314746856
conflict_627_c004815,c004815,627,conflict,0.3346513414999079,0.9967058897018432,0.4690311110069735,0.996602028608322
conflict_627_c004824,c004824,627,conflict,0.9755800236821786,0.9993930794298648,0.8355880398726223,0.997910737991333
conflict_627_c004825,c004825,627,conflict,0.943355688645263,0.9990948215126992,0.8934297706461246,0.9982758164405824
conflict_628_c004846,c004846,628,conflict,0.8596770775272201,0.9985547363758088,0.307627404919824,0.9955111742019652
conflict_628_c004849,c004849,628,conflict,0.754944812811368,0.9983206689357758,0.1646520604958777,0.996969148516655
conflict_629_c004877,c004877,629,conflict,0.7549577226026355,0.998222514986992,0.7187805743391454,0.9973210394382476
conflict_632_c004906,c004906,632,conflict,0.1403768780402916,0.9983553141355516,0.1330718579831033,0.9971972703933716
conflict_632_c004919,c004919,632,conflict,0.1561379618774127,0.9978427439928056,0.2122703295870103,0.995426207780838
conflict_632_c004920,c004920,632,conflict,0.3629977441973187,0.998478502035141,0.2338030241622657,0.9972223937511444
conflict_632_c004923,c004923,632,conflict,0.7879565064243218,0.9981703460216522,0.3925953733192301,0.995215117931366
conflict_634_c004970,c004970,634,conflict,0.3073871277069531,0.9979429841041564,0.469013430632628,0.9973255395889282
conflict_634_c004977,c004977,634,conflict,0.3208472183926921,0.9980479776859283,0.422746122758027,0.9961806833744048
conflict_636_c004995,c004995,636,conflict,0.0132248896337102,0.999348659068346,0.1009738275429121,0.997409276664257
conflict_636_c004997,c004997,636,conflict,0.1561353305658197,0.9983117431402206,0.1128666216963916,0.9964114725589752
conflict_636_c004999,c004999,636,conflict,0.0601019070626746,0.9988796077668668,0.0396758394721739,0.9983393996953964
conflict_636_c005031,c005031,636,conflict,0.1259543792779756,0.9987402409315108,0.156233018827712,0.997757151722908
conflict_636_c005034,c005034,636,conflict,0.201855631724925,0.9976637065410614,0.1260361170198044,0.9976861774921416
conflict_637_c005040,c005040,637,conflict,0.1067226421970975,0.9986136928200722,0.2019603064530331,0.9975527971982956
conflict_637_c005044,c005044,637,conflict,0.1067085375549838,0.9985523521900176,0.3209931344587556,0.9966083765029908
conflict_637_c005045,c005045,637,conflict,0.1824606673013064,0.998445689678192,0.1733809505617221,0.9982168525457382
conflict_637_c005057,c005057,637,conflict,0.0851131229494111,0.9985345378518105,0.3777557326933478,0.9966064095497132
conflict_637_c005058,c005058,637,conflict,0.7773303966808963,0.9985080659389496,0.2339028564723194,0.9975767284631728
conflict_638_c005059,c005059,638,conflict,0.0675663310830897,0.9984609037637712,0.2340589483525465,0.994193822145462
conflict_640_c005068,c005068,640,conflict,0.0124337742757371,0.9993342300876976,0.0851434153620375,0.9975432828068732
conflict_640_c005069,c005069,640,conflict,0.0049064023878537,0.9995188214816152,0.0474405691852758,0.997943826019764
conflict_640_c005070,c005070,640,conflict,0.0675587620330866,0.9989303052425385,0.1404410109853315,0.9967885166406631
conflict_640_c005072,c005072,640,conflict,0.1645449661954778,0.9963977336883544,0.0954322254015491,0.9951168745756148
conflict_640_c005081,c005081,640,conflict,0.0244275929129081,0.9992951229214668,0.1825904389462827,0.9960930198431016
conflict_640_c005082,c005082,640,conflict,0.0503400601586752,0.9987828806042672,0.1067325305139564,0.9969605207443236
conflict_640_c005083,c005083,640,conflict,0.0758727001532585,0.9986678957939148,0.1128660054983828,0.9973500669002532
conflict_640_c005084,c005084,640,conflict,0.0637279770056214,0.9986505657434464,0.0675764541935274,0.9974851980805396
conflict_641_c005085,c005085,641,conflict,0.3776047395472357,0.9983045756816864,0.1482777151307894,0.9949673116207124
conflict_641_c005086,c005086,641,conflict,0.0059122094206578,0.9995136363431812,0.1259803767245767,0.9973044842481612
conflict_641_c005093,c005093,641,conflict,0.1733308431400113,0.9985995590686798,0.2229476890017653,0.9950811862945556
conflict_641_c005094,c005094,641,conflict,0.0071229427017523,0.9995578713715076,0.0953986837098063,0.9977592825889589
conflict_649_c005115,c005115,649,conflict,0.1067147873844412,0.9968084022402764,0.5469411648309578,0.994694173336029
conflict_649_c005116,c005116,649,conflict,0.0803695134885266,0.998784139752388,0.0566928319322402,0.9982509166002274
conflict_649_c005118,c005118,649,conflict,0.0601017614161397,0.9986560381948948,0.2816381143751884,0.9969581663608552
conflict_650_c005125,c005125,650,conflict,0.7432165132798225,0.9976910948753356,0.6373580065891545,0.9963331520557404
conflict_650_c005129,c005129,650,conflict,0.63708993419691,0.9981549084186554,0.6226700579016455,0.995919555425644
conflict_650_c005131,c005131,650,conflict,0.5927172068293033,0.9979032278060912,0.5315178035354696,0.9946901500225068
conflict_659_c005270,c005270,659,conflict,0.0293179143723831,0.9986641351133584,0.1561984867175656,0.995977982878685
conflict_659_c005279,c005279,659,conflict,0.1645435718146894,0.9982033520936966,0.1825279271086763,0.996835082769394
conflict_659_c005280,c005280,659,conflict,0.0351535106801903,0.9990670569241048,0.0675874135437118,0.9983285889029504
conflict_659_c005281,c005281,659,conflict,0.0091272348887331,0.999321261420846,0.2018985970104578,0.997727945446968
conflict_659_c005284,c005284,659,conflict,0.0758742490470603,0.9985930100083352,0.2019327536275768,0.9972483664751052
conflict_659_c005285,c005285,659,conflict,0.0244292183666858,0.999181130900979,0.0373418025296474,0.9983646236360072
conflict_659_c005297,c005297,659,conflict,0.7310893689531927,0.997996985912323,0.5158083635216211,0.99733304977417
conflict_659_c005299,c005299,659,conflict,0.0637305467945844,0.9985498562455176,0.2451977920865571,0.9965030401945114
conflict_660_c005309,c005309,660,conflict,0.2942535354270319,0.9970306158065796,0.2228390520188053,0.9957275241613388
conflict_660_c005310,c005310,660,conflict,0.8175894212456174,0.9985709339380264,0.8177436062125248,0.997369349002838
conflict_660_c005315,c005315,660,conflict,0.985936513291126,0.9995037354528904,0.9433880062033086,0.9981736540794371
conflict_660_c005317,c005317,660,conflict,0.985937724183352,0.99944628495723,0.5778632826516373,0.9921148419380188
conflict_661_c005327,c005327,661,conflict,0.0420961605705431,0.999041773378849,0.0804345035105828,0.9960795342922212
conflict_661_c005333,c005333,661,conflict,0.1645495269995319,0.9983881860971452,0.4075614455871796,0.9959734678268432
conflict_661_c005337,c005337,661,conflict,0.0446890051997992,0.9986033402383327,0.2121785554149614,0.9966452270746232
conflict_661_c005359,c005359,661,conflict,0.0293185808417635,0.9990246538072824,0.321042837566403,0.9967460334300996
conflict_662_c005369,c005369,662,conflict,0.4378809292263088,0.9978885054588318,0.7061075856874307,0.9952640533447266
conflict_667_c005464,c005464,667,conflict,0.6792385620791219,0.9987938404083252,0.363348138882231,0.9961986839771272
conflict_667_c005468,c005468,667,conflict,0.8597048644842206,0.9985444396734238,0.6226728379513107,0.9948457777500151
conflict_667_c005469,c005469,667,conflict,0.334637087626212,0.9969505965709686,0.5002879944397878,0.994206041097641
conflict_667_c005472,c005472,667,conflict,0.1480805304913217,0.998383179306984,0.269144377185012,0.9962884783744812
conflict_670_c005526,c005526,670,conflict,0.705814335457669,0.998327374458313,0.5929339126773261,0.996599107980728
conflict_670_c005527,c005527,670,conflict,0.9284174443277818,0.9988843277096748,0.5778614672380187,0.9957516193389891
conflict_680_c005600,c005600,680,conflict,0.0203360861322643,0.9993177130818368,0.0901630933868825,0.997120887041092
conflict_680_c005616,c005616,680,conflict,0.0420947353317175,0.998964622616768,0.1192665191291793,0.998023934662342
conflict_680_c005624,c005624,680,conflict,0.0179900296996927,0.9992429688572884,0.2691878946956422,0.997155487537384
conflict_680_c005627,c005627,680,conflict,0.0953682408420852,0.997751533985138,0.3924677454087741,0.9953552186489104
conflict_684_c005694,c005694,684,conflict,0.173340076531908,0.9983019679784776,0.2944020222746997,0.9975906610488892
conflict_688_c005735,c005735,688,conflict,0.0244294336190768,0.999257417395711,0.2122034876838803,0.9973061084747314
conflict_688_c005750,c005750,688,conflict,0.9399223274577048,0.9988775067031384,0.5158921575379658,0.9949183166027068
conflict_688_c005751,c005751,688,conflict,0.2942701236216793,0.9984076619148254,0.6079223017527151,0.9966612458229064
conflict_688_c005752,c005752,688,conflict,0.1645556266548284,0.9977965354919434,0.1192860072054779,0.997455395758152
conflict_698_c005894,c005894,698,conflict,0.0446900425277676,0.998741876333952,0.1260922398311529,0.9946523904800416
conflict_698_c005895,c005895,698,conflict,0.0637315322739084,0.9989687204360962,0.0759072465652784,0.9978810399770736
conflict_698_c005898,c005898,698,conflict,0.0534127783197521,0.9988428205251694,0.1192993673465845,0.9979356825351716
conflict_698_c005900,c005900,698,conflict,0.1008985265117141,0.9982629343867302,0.4226976577588445,0.996473491191864
conflict_698_c005901,c005901,698,conflict,0.0503404356033137,0.9988659359514712,0.2227985064379259,0.9974774420261384
conflict_698_c005904,c005904,698,conflict,0.0716000985303108,0.99790358543396,0.1330438538209323,0.9940335601568222
conflict_698_c005909,c005909,698,conflict,0.0330977543200527,0.998976457864046,0.1733821532306283,0.9976860135793686
conflict_698_c005911,c005911,698,conflict,0.0203363444253569,0.999295586720109,0.0601286747375103,0.998100746423006
conflict_698_c005923,c005923,698,conflict,0.0534152674381153,0.9986775740981102,0.2228557552043281,0.9955412298440932
conflict_698_c005927,c005927,698,conflict,0.0637251154564836,0.9987793564796448,0.1128726869273409,0.9968982115387915
conflict_698_c005929,c005929,698,conflict,0.0179893795438585,0.9991244953125716,0.0851569347725138,0.9979256168007852
conflict_705_c005963,c005963,705,conflict,0.4688427507022425,0.9981292486190796,0.1734360674348156,0.9966974705457688
conflict_707_c005979,c005979,707,conflict,0.6792485871478042,0.9979553818702698,0.515893420922815,0.9965727925300598
conflict_708_c006005,c006005,708,conflict,0.4378777081615729,0.9973097741603852,0.4075643736637465,0.9947353601455688
conflict_712_c006056,c006056,712,conflict,0.2227377795971024,0.9978797137737274,0.1920829708733613,0.9949941337108612
conflict_712_c006059,c006059,712,conflict,0.8596844523663926,0.998684212565422,0.3924988706844264,0.9964102208614348
conflict_712_c006061,c006061,712,conflict,0.8808112546588509,0.99861691147089,0.6515232277551082,0.9961096048355104
conflict_712_c006071,c006071,712,conflict,0.4073887259621531,0.9981788694858552,0.4076204597676792,0.9971247613430024
conflict_713_c006084,c006084,713,conflict,0.5312633491887062,0.9972384572029114,0.4689905767082117,0.996545821428299
conflict_713_c006086,c006086,713,conflict,0.2942598856937369,0.9982187747955322,0.4380424839556717,0.9967008531093596
conflict_713_c006092,c006092,713,conflict,0.9850423010163276,0.9995157131925224,0.943412770323826,0.9978692717850208
conflict_716_c006146,c006146,716,conflict,0.4073859475694104,0.9974302053451538,0.7188227333039888,0.997710645198822
conflict_716_c006158,c006158,716,conflict,0.031148571863489,0.9991316515952348,0.0954285888108171,0.9983388483524324
conflict_716_c006160,c006160,716,conflict,0.2018398949219621,0.998415380716324,0.2452290174480075,0.9967167377471924
conflict_717_c006173,c006173,717,conflict,0.1561321335023708,0.9984142631292344,0.5159091831445034,0.9942966103553772
conflict_717_c006179,c006179,717,conflict,0.8355054985646587,0.998021736741066,0.8176762108186383,0.9974089115858078
conflict_718_c006191,c006191,718,conflict,0.3346258330853036,0.9981454908847808,0.3210207454255612,0.9970133900642396
agreement_301_a000030,a000030,301,agreement,0.0901181792008244,0.9983385279774666,0.1404418248255309,0.9970239102840424
agreement_301_a000018,a000018,301,agreement,0.0351526535526271,0.9986931644380092,0.0901705393587027,0.997180998325348
agreement_302_a000045,a000045,302,agreement,0.1008966947130715,0.9987634047865868,0.1481494361363966,0.9962477535009384
agreement_302_a000033,a000033,302,agreement,0.0179894088381343,0.9993903152644634,0.2691749578713486,0.9973161220550536
agreement_303_a000049,a000049,303,agreement,0.0169182572124062,0.9993670340627432,0.0637490312793992,0.9978890120983124
agreement_306_a000143,a000143,306,agreement,0.1067120743889459,0.9986521229147912,0.1259813188149384,0.9969696253538132
agreement_306_a000141,a000141,306,agreement,0.047437700369502,0.9985281303524972,0.156257440950741,0.9947231560945512
agreement_306_a000152,a000152,306,agreement,0.050340967388032,0.9990599974989892,0.1128438643247187,0.9975960031151772
agreement_307_a000160,a000160,307,agreement,0.1008986151305926,0.9977333471179008,0.2339286976104544,0.9955619126558304
agreement_307_a000160,a000160,307,agreement,0.1008986151305926,0.9977333471179008,0.2339286976104544,0.9955619126558304
agreement_307_a000167,a000167,307,agreement,0.1824545659122359,0.998347833752632,0.2121720034126358,0.996959388256073
agreement_307_a000160,a000160,307,agreement,0.1008986151305926,0.9977333471179008,0.2339286976104544,0.9955619126558304
agreement_308_a000193,a000193,308,agreement,0.943363117082807,0.9989829547703266,0.9466937096278772,0.997728444635868
agreement_308_a000193,a000193,308,agreement,0.943363117082807,0.9989829547703266,0.9466937096278772,0.997728444635868
agreement_308_a000189,a000189,308,agreement,0.9840972652880636,0.9995221570134164,0.8742143171040679,0.9973796457052232
agreement_308_a000193,a000193,308,agreement,0.943363117082807,0.9989829547703266,0.9466937096278772,0.997728444635868
agreement_308_a000193,a000193,308,agreement,0.943363117082807,0.9989829547703266,0.9466937096278772,0.997728444635868
agreement_311_a000243,a000243,311,agreement,0.377596557505916,0.998028576374054,0.3926643672207421,0.9965361952781676
agreement_312_a000262,a000262,312,agreement,0.1403581516548146,0.9980482459068298,0.1646332656307878,0.9978364706039428
agreement_314_a000301,a000301,314,agreement,0.0637261047933676,0.9985184445977212,0.1128807826347464,0.9962260127067566
agreement_314_a000310,a000310,314,agreement,0.2337424684867541,0.9978804588317872,0.1734798189861958,0.9953390806913376
agreement_314_a000319,a000319,314,agreement,0.0396490096415171,0.9986922182142736,0.2122545751723199,0.9964014440774918
agreement_314_a000305,a000305,314,agreement,0.1259452137904654,0.9985796064138412,0.1646368351602374,0.9977106600999832
agreement_314_a000305,a000305,314,agreement,0.1259452137904654,0.9985796064138412,0.1646368351602374,0.9977106600999832
agreement_315_a000349,a000349,315,agreement,0.0351532446582593,0.9990097619593143,0.1481562707200263,0.9958819597959518
agreement_315_a000351,a000351,315,agreement,0.0275898626794588,0.9993354976177216,0.1734039166738954,0.996043473482132
agreement_315_a000342,a000342,315,agreement,0.0803748190970953,0.9981933534145356,0.1734562125220838,0.994112566113472
agreement_315_a000342,a000342,315,agreement,0.0803748190970953,0.9981933534145356,0.1734562125220838,0.994112566113472
agreement_315_a000351,a000351,315,agreement,0.0275898626794588,0.9993354976177216,0.1734039166738954,0.996043473482132
agreement_318_a000394,a000394,318,agreement,0.0066942988389372,0.9994185203686357,0.212204912873737,0.9952684193849564
agreement_321_a000435,a000435,321,agreement,0.9914229321518664,0.9994185958057642,0.9604169516538096,0.9981090165674686
agreement_321_a000439,a000439,321,agreement,0.7982137512045043,0.9983889013528824,0.3210789452713433,0.9968180954456328
agreement_321_a000436,a000436,321,agreement,0.9919372096777156,0.9995042150840164,0.9604289385201152,0.9982276931405069
agreement_323_a000472,a000472,323,agreement,0.0351536427149064,0.998776227235794,0.0851620572518893,0.9980942830443382
agreement_323_a000484,a000484,323,agreement,0.0109885107383069,0.999350480735302,0.0396530755840838,0.9984905123710632
agreement_327_a000550,a000550,327,agreement,0.132986012668839,0.997936561703682,0.2570092091359756,0.9966430068016052
agreement_328_a000566,a000566,328,agreement,0.0446876672654444,0.9990676417946815,0.0675838340842951,0.9966336861252784
agreement_328_a000576,a000576,328,agreement,0.014959932017192,0.9994206791743636,0.0759012249942615,0.9969610199332236
agreement_328_a000572,a000572,328,agreement,0.0103317017849439,0.9994335174560548,0.0675796083984279,0.9969572946429252
agreement_329_a000594,a000594,329,agreement,0.0124346775194642,0.9994136057794094,0.0567016153866729,0.9981745295226574
agreement_332_a000647,a000647,332,agreement,0.9973683274401896,0.9996657001320272,0.96888487136522,0.9984370674937963
agreement_332_a000650,a000650,332,agreement,0.9284166786749916,0.9990043714642524,0.6227374479025722,0.996579885482788
agreement_332_a000650,a000650,332,agreement,0.9284166786749916,0.9990043714642524,0.6227374479025722,0.996579885482788
agreement_332_a000650,a000650,332,agreement,0.9284166786749916,0.9990043714642524,0.6227374479025722,0.996579885482788
agreement_332_a000650,a000650,332,agreement,0.9284166786749916,0.9990043714642524,0.6227374479025722,0.996579885482788
agreement_338_a000814,a000814,338,agreement,0.957915661250436,0.9989241622388364,0.8178452471817252,0.9973360598087312
agreement_338_a000814,a000814,338,agreement,0.957915661250436,0.9989241622388364,0.8178452471817252,0.9973360598087312
agreement_338_a000814,a000814,338,agreement,0.957915661250436,0.9989241622388364,0.8178452471817252,0.9973360598087312
agreement_338_a000814,a000814,338,agreement,0.957915661250436,0.9989241622388364,0.8178452471817252,0.9973360598087312
agreement_338_a000814,a000814,338,agreement,0.957915661250436,0.9989241622388364,0.8178452471817252,0.9973360598087312
agreement_338_a000814,a000814,338,agreement,0.957915661250436,0.9989241622388364,0.8178452471817252,0.9973360598087312
agreement_340_a000855,a000855,340,agreement,0.0103300376139377,0.9994696592912078,0.0637556811385089,0.9977613240480424
agreement_345_a000951,a000951,345,agreement,0.960366031967679,0.99900384247303,0.6795804214568947,0.9947665929794312
agreement_345_a000943,a000943,345,agreement,0.6926689767704001,0.9966684579849244,0.5314980088215091,0.9916805624961852
agreement_345_a000937,a000937,345,agreement,0.1067091558083044,0.9981419518589972,0.1646048719175996,0.99570432305336
agreement_345_a000951,a000951,345,agreement,0.960366031967679,0.99900384247303,0.6795804214568947,0.9947665929794312
agreement_345_a000937,a000937,345,agreement,0.1067091558083044,0.9981419518589972,0.1646048719175996,0.99570432305336
agreement_345_a000938,a000938,345,agreement,0.0600955235571608,0.9991073347628115,0.1128515201660437,0.9964802414178848
agreement_345_a000938,a000938,345,agreement,0.0600955235571608,0.9991073347628115,0.1128515201660437,0.9964802414178848
agreement_345_a000937,a000937,345,agreement,0.1067091558083044,0.9981419518589972,0.1646048719175996,0.99570432305336
agreement_345_a000938,a000938,345,agreement,0.0600955235571608,0.9991073347628115,0.1128515201660437,0.9964802414178848
agreement_345_a000943,a000943,345,agreement,0.6926689767704001,0.9966684579849244,0.5314980088215091,0.9916805624961852
agreement_345_a000943,a000943,345,agreement,0.6926689767704001,0.9966684579849244,0.5314980088215091,0.9916805624961852
agreement_345_a000937,a000937,345,agreement,0.1067091558083044,0.9981419518589972,0.1646048719175996,0.99570432305336
agreement_346_a000977,a000977,346,agreement,0.5622111973557619,0.9982345104217528,0.4845614381357363,0.9938311278820038
agreement_346_a000969,a000969,346,agreement,0.9867819972092914,0.999467020854354,0.6793854660838556,0.993937224149704
agreement_346_a000977,a000977,346,agreement,0.5622111973557619,0.9982345104217528,0.4845614381357363,0.9938311278820038
agreement_346_a000962,a000962,346,agreement,0.8080926618482757,0.9978439211845398,0.6228888908948623,0.9934435188770294
agreement_346_a000969,a000969,346,agreement,0.9867819972092914,0.999467020854354,0.6793854660838556,0.993937224149704
agreement_346_a000979,a000979,346,agreement,0.2018448769977837,0.99692103266716,0.2570168986083596,0.9957387745380402
agreement_346_a000977,a000977,346,agreement,0.5622111973557619,0.9982345104217528,0.4845614381357363,0.9938311278820038
agreement_346_a000973,a000973,346,agreement,0.9959291770269852,0.9997399039566516,0.9797003434274556,0.99914719350636
agreement_346_a000969,a000969,346,agreement,0.9867819972092914,0.999467020854354,0.6793854660838556,0.993937224149704
agreement_346_a000973,a000973,346,agreement,0.9959291770269852,0.9997399039566516,0.9797003434274556,0.99914719350636
agreement_346_a000980,a000980,346,agreement,0.3486876822647587,0.998203068971634,0.2020264928397044,0.9956260919570924
agreement_347_a000994,a000994,347,agreement,0.6654630867169351,0.9979668855667114,0.0851763675226166,0.9947068244218826
agreement_347_a000994,a000994,347,agreement,0.6654630867169351,0.9979668855667114,0.0851763675226166,0.9947068244218826
agreement_347_a000994,a000994,347,agreement,0.6654630867169351,0.9979668855667114,0.0851763675226166,0.9947068244218826
agreement_347_a000994,a000994,347,agreement,0.6654630867169351,0.9979668855667114,0.0851763675226166,0.9947068244218826
agreement_348_a001012,a001012,348,agreement,0.9669132455340308,0.9991683959960938,0.8269264182237566,0.996311381459236
agreement_348_a001010,a001010,348,agreement,0.9820204110210196,0.999257169663906,0.8993097657770057,0.9967685267329216
agreement_348_a001011,a001011,348,agreement,0.99087431722346,0.9995586862787604,0.8742241934047074,0.9966915547847748
agreement_348_a001011,a001011,348,agreement,0.99087431722346,0.9995586862787604,0.8742241934047074,0.9966915547847748
agreement_348_a001011,a001011,348,agreement,0.99087431722346,0.9995586862787604,0.8742241934047074,0.9966915547847748
agreement_348_a001011,a001011,348,agreement,0.99087431722346,0.9995586862787604,0.8742241934047074,0.9966915547847748
agreement_348_a001012,a001012,348,agreement,0.9669132455340308,0.9991683959960938,0.8269264182237566,0.996311381459236
agreement_354_a001133,a001133,354,agreement,0.5775509059018297,0.9980527460575104,0.5317319974809771,0.9958054423332214
agreement_354_a001133,a001133,354,agreement,0.5775509059018297,0.9980527460575104,0.5317319974809771,0.9958054423332214
agreement_354_a001133,a001133,354,agreement,0.5775509059018297,0.9980527460575104,0.5317319974809771,0.9958054423332214
agreement_362_a001267,a001267,362,agreement,0.1403551094168568,0.998633310198784,0.4692959046205192,0.9936593770980836
agreement_362_a001267,a001267,362,agreement,0.1403551094168568,0.998633310198784,0.4692959046205192,0.9936593770980836
agreement_362_a001270,a001270,362,agreement,0.9914212535598614,0.9994930336251856,0.9326199009277032,0.997075080871582
agreement_362_a001270,a001270,362,agreement,0.9914212535598614,0.9994930336251856,0.9326199009277032,0.997075080871582
agreement_362_a001267,a001267,362,agreement,0.1403551094168568,0.998633310198784,0.4692959046205192,0.9936593770980836
agreement_362_a001267,a001267,362,agreement,0.1403551094168568,0.998633310198784,0.4692959046205192,0.9936593770980836
agreement_363_a001277,a001277,363,agreement,0.0179892952762776,0.999202586710453,0.0503742073897285,0.9978717751801014
agreement_363_a001280,a001280,363,agreement,0.0149598842812712,0.999338579364121,0.0637520973855538,0.9974908828735352
agreement_363_a001280,a001280,363,agreement,0.0149598842812712,0.999338579364121,0.0637520973855538,0.9974908828735352
agreement_363_a001277,a001277,363,agreement,0.0179892952762776,0.999202586710453,0.0503742073897285,0.9978717751801014
agreement_363_a001277,a001277,363,agreement,0.0179892952762776,0.999202586710453,0.0503742073897285,0.9978717751801014
agreement_363_a001277,a001277,363,agreement,0.0179892952762776,0.999202586710453,0.0503742073897285,0.9978717751801014
agreement_363_a001277,a001277,363,agreement,0.0179892952762776,0.999202586710453,0.0503742073897285,0.9978717751801014
agreement_364_a001342,a001342,364,agreement,0.01691868974802,0.9993028417229652,0.1067737050248976,0.9981091171503068
agreement_364_a001307,a001307,364,agreement,0.0179879645658995,0.9991208706051112,0.0534224301649957,0.9973066858947276
agreement_364_a001349,a001349,364,agreement,0.0758734680933264,0.9984812289476396,0.1192863331542515,0.9970899671316148
agreement_364_a001315,a001315,364,agreement,0.02596400310158,0.9987760502845048,0.1481271765170289,0.9972282946109772
agreement_366_a001434,a001434,366,agreement,0.1919542811203496,0.9976800084114076,0.1330729234362516,0.9962493479251862
agreement_366_a001403,a001403,366,agreement,0.0330920038639922,0.9988841526210308,0.0716489704049874,0.9980603232979774
agreement_366_a001432,a001432,366,agreement,0.0373336234515933,0.9992034025490284,0.0534524004891287,0.9978046864271164
agreement_366_a001410,a001410,366,agreement,0.0259626010545053,0.9991500340402126,0.0901558854126697,0.997601829469204
agreement_366_a001402,a001402,366,agreement,0.0293225210625862,0.9990327004343272,0.0954371334716123,0.9936762452125548
agreement_367_a001465,a001465,367,agreement,0.6927114918176225,0.9972781836986542,0.5004590282501838,0.9961413741111756
agreement_367_a001453,a001453,367,agreement,0.98087973021332,0.9994039349257946,0.4380761871130573,0.9951473772525788
agreement_367_a001465,a001465,367,agreement,0.6927114918176225,0.9972781836986542,0.5004590282501838,0.9961413741111756
agreement_367_a001465,a001465,367,agreement,0.6927114918176225,0.9972781836986542,0.5004590282501838,0.9961413741111756
agreement_367_a001463,a001463,367,agreement,0.766334091674722,0.997075855731964,0.4381715737671173,0.9924519956111908
agreement_367_a001468,a001468,367,agreement,0.9724194598804168,0.9992505852133036,0.8177127046230167,0.995265766978264
agreement_369_a001513,a001513,369,agreement,0.0191295456872008,0.999342592433095,0.1404878054770951,0.9947577267885208
agreement_369_a001529,a001529,369,agreement,0.0124339251107351,0.999341806396842,0.0140724050491231,0.998788702301681
agreement_370_a001564,a001564,370,agreement,0.0169183088165529,0.9992580730468036,0.0637416770975032,0.9974320977926254
agreement_370_a001544,a001544,370,agreement,0.1329926747071547,0.9984538555145264,0.1067658596525508,0.997992716729641
agreement_370_a001542,a001542,370,agreement,0.0716069406715106,0.9986144006252288,0.1009267948588162,0.9968615397810936
agreement_374_a001662,a001662,374,agreement,0.0244278232216473,0.999186422675848,0.0566789193646763,0.9979319535195827
agreement_374_a001662,a001662,374,agreement,0.0244278232216473,0.999186422675848,0.0566789193646763,0.9979319535195827
agreement_374_a001656,a001656,374,agreement,0.2814530353592159,0.9981947541236876,0.1009818150720577,0.9967142343521118
agreement_374_a001664,a001664,374,agreement,0.1329951249482909,0.998605653643608,0.1067603184409738,0.9978587403893472
agreement_374_a001662,a001662,374,agreement,0.0244278232216473,0.999186422675848,0.0566789193646763,0.9979319535195827
agreement_374_a001656,a001656,374,agreement,0.2814530353592159,0.9981947541236876,0.1009818150720577,0.9967142343521118
agreement_374_a001662,a001662,374,agreement,0.0244278232216473,0.999186422675848,0.0566789193646763,0.9979319535195827
agreement_377_a001749,a001749,377,agreement,0.1009004026228753,0.998918540775776,0.3632394786043887,0.9955644011497498
agreement_377_a001759,a001759,377,agreement,0.7879782084211777,0.9975656270980836,0.955424536915524,0.9978743493556976
agreement_377_a001759,a001759,377,agreement,0.7879782084211777,0.9975656270980836,0.955424536915524,0.9978743493556976
agreement_377_a001749,a001749,377,agreement,0.1009004026228753,0.998918540775776,0.3632394786043887,0.9955644011497498
agreement_377_a001759,a001759,377,agreement,0.7879782084211777,0.9975656270980836,0.955424536915524,0.9978743493556976
agreement_377_a001761,a001761,377,agreement,0.0330927599343985,0.9988918378949164,0.1330876983375054,0.9957766532897948
agreement_377_a001749,a001749,377,agreement,0.1009004026228753,0.998918540775776,0.3632394786043887,0.9955644011497498
agreement_377_a001749,a001749,377,agreement,0.1009004026228753,0.998918540775776,0.3632394786043887,0.9955644011497498
agreement_377_a001758,a001758,377,agreement,0.9850429786747876,0.9994092546403408,0.943367793931614,0.9977276772260666
agreement_378_a001773,a001773,378,agreement,0.0293164203916644,0.9990869667381048,0.0803995986197853,0.9971946701407431
agreement_379_a001810,a001810,379,agreement,0.245120950747843,0.998343288898468,0.0637448079007565,0.9982288628816604
agreement_379_a001818,a001818,379,agreement,0.0534128082731954,0.9989857263863088,0.1009453475693613,0.9967505112290382
agreement_379_a001816,a001816,379,agreement,0.0132263013673173,0.9990850379690528,0.0566862203110793,0.9970740228891372
agreement_381_a001879,a001879,381,agreement,0.3346485859736807,0.9980538487434388,0.3632545371180889,0.9960215389728546
agreement_381_a001879,a001879,381,agreement,0.3346485859736807,0.9980538487434388,0.3632545371180889,0.9960215389728546
agreement_381_a001892,a001892,381,agreement,0.3346215492939798,0.9956193566322328,0.4691002583302413,0.9937194883823396
agreement_381_a001879,a001879,381,agreement,0.3346485859736807,0.9980538487434388,0.3632545371180889,0.9960215389728546
agreement_381_a001882,a001882,381,agreement,0.5775608061604819,0.9969288110733032,0.4380134976455494,0.9948602020740508
agreement_381_a001887,a001887,381,agreement,0.7981995456307467,0.998112604022026,0.7664485766338268,0.99509596824646
agreement_381_a001879,a001879,381,agreement,0.3346485859736807,0.9980538487434388,0.3632545371180889,0.9960215389728546
agreement_381_a001879,a001879,381,agreement,0.3346485859736807,0.9980538487434388,0.3632545371180889,0.9960215389728546
agreement_381_a001879,a001879,381,agreement,0.3346485859736807,0.9980538487434388,0.3632545371180889,0.9960215389728546
agreement_382_a001916,a001916,382,agreement,0.033094738079187,0.9991085901856422,0.0351667632606499,0.9982673600316048
agreement_384_a001974,a001974,384,agreement,0.3775761767496681,0.9978668093681335,0.3211472004688412,0.9932825267314912
agreement_384_a001974,a001974,384,agreement,0.3775761767496681,0.9978668093681335,0.3211472004688412,0.9932825267314912
agreement_384_a001974,a001974,384,agreement,0.3775761767496681,0.9978668093681335,0.3211472004688412,0.9932825267314912
agreement_384_a001978,a001978,384,agreement,0.4378834243271016,0.997005730867386,0.5003593973194969,0.9945790767669678
agreement_384_a001978,a001978,384,agreement,0.4378834243271016,0.997005730867386,0.5003593973194969,0.9945790767669678
agreement_387_a002035,a002035,387,agreement,0.3630402483544673,0.9981801807880402,0.1067541588779104,0.9963173121213912
agreement_392_a002117,a002117,392,agreement,0.0396470416337857,0.999138966202736,0.133045409245714,0.9975162446498872
agreement_392_a002117,a002117,392,agreement,0.0396470416337857,0.999138966202736,0.133045409245714,0.9975162446498872
agreement_392_a002117,a002117,392,agreement,0.0396470416337857,0.999138966202736,0.133045409245714,0.9975162446498872
agreement_403_a002307,a002307,403,agreement,0.0179898791648587,0.9992215111851692,0.0759294019011914,0.9974308088421822
agreement_403_a002318,a002318,403,agreement,0.0373346834887677,0.998939748853445,0.1825618835833467,0.9961606711149216
agreement_404_a002325,a002325,404,agreement,0.2227558646007147,0.9985194206237792,0.1404273255937259,0.9968408793210984
agreement_404_a002325,a002325,404,agreement,0.2227558646007147,0.9985194206237792,0.1404273255937259,0.9968408793210984
agreement_405_a002361,a002361,405,agreement,0.4844430320499581,0.9970723986625672,0.6928887700003736,0.996242105960846
agreement_405_a002365,a002365,405,agreement,0.5467765457963871,0.9977401793003082,0.5625253482671421,0.9967118501663208
agreement_405_a002369,a002369,405,agreement,0.546781131061575,0.9974898099899292,0.7551307404603695,0.997032791376114
agreement_405_a002361,a002361,405,agreement,0.4844430320499581,0.9970723986625672,0.6928887700003736,0.996242105960846
agreement_405_a002365,a002365,405,agreement,0.5467765457963871,0.9977401793003082,0.5625253482671421,0.9967118501663208
agreement_405_a002370,a002370,405,agreement,0.6792057479336826,0.9971469044685364,0.2229478431845882,0.9919513911008836
agreement_405_a002376,a002376,405,agreement,0.928423120181773,0.9989571869373322,0.7665665475686282,0.9976416379213332
agreement_405_a002370,a002370,405,agreement,0.6792057479336826,0.9971469044685364,0.2229478431845882,0.9919513911008836
agreement_405_a002370,a002370,405,agreement,0.6792057479336826,0.9971469044685364,0.2229478431845882,0.9919513911008836
agreement_405_a002361,a002361,405,agreement,0.4844430320499581,0.9970723986625672,0.6928887700003736,0.996242105960846
agreement_405_a002361,a002361,405,agreement,0.4844430320499581,0.9970723986625672,0.6928887700003736,0.996242105960846
agreement_405_a002370,a002370,405,agreement,0.6792057479336826,0.9971469044685364,0.2229478431845882,0.9919513911008836
agreement_405_a002361,a002361,405,agreement,0.4844430320499581,0.9970723986625672,0.6928887700003736,0.996242105960846
agreement_406_a002403,a002403,406,agreement,0.0351514619959886,0.9989996999502182,0.0901412182333575,0.9981322959065436
agreement_406_a002396,a002396,406,agreement,0.0132251765872707,0.99937317147851,0.1330465009540129,0.996069312095642
agreement_407_a002414,a002414,407,agreement,0.1128149551865737,0.9984536170959472,0.1128461158087709,0.9973091632127762
agreement_408_a002449,a002449,408,agreement,0.0132247523592764,0.999332694336772,0.1067524207404096,0.9964426904916764
agreement_411_a002524,a002524,411,agreement,0.0275907265259234,0.9989871829748154,0.173452379386041,0.9922186732292176
agreement_411_a002530,a002530,411,agreement,0.042098622732963,0.999073337763548,0.1128492118863234,0.9974530637264252
agreement_411_a002503,a002503,411,agreement,0.0229830810806603,0.999297209084034,0.0351657971607354,0.9988051801919936
agreement_414_a002591,a002591,414,agreement,0.59270837841638,0.9977650344371796,0.852078686014451,0.9967963248491288
agreement_414_a002596,a002596,414,agreement,0.6792210699376051,0.9963730573654176,0.6516785767114779,0.995158553123474
agreement_414_a002591,a002591,414,agreement,0.59270837841638,0.9977650344371796,0.852078686014451,0.9967963248491288
agreement_414_a002596,a002596,414,agreement,0.6792210699376051,0.9963730573654176,0.6516785767114779,0.995158553123474
agreement_414_a002593,a002593,414,agreement,0.9940893421198892,0.9997293679043652,0.887337248967269,0.9969448819756508
agreement_414_a002596,a002596,414,agreement,0.6792210699376051,0.9963730573654176,0.6516785767114779,0.995158553123474
agreement_414_a002596,a002596,414,agreement,0.6792210699376051,0.9963730573654176,0.6516785767114779,0.995158553123474
agreement_414_a002591,a002591,414,agreement,0.59270837841638,0.9977650344371796,0.852078686014451,0.9967963248491288
agreement_414_a002590,a002590,414,agreement,0.9603671921554148,0.9991133585572244,0.8935284515908354,0.9975726082921028
agreement_414_a002596,a002596,414,agreement,0.6792210699376051,0.9963730573654176,0.6516785767114779,0.995158553123474
agreement_414_a002588,a002588,414,agreement,0.5622315797463393,0.998174786567688,0.743455838487987,0.9972021281719208
agreement_415_a002605,a002605,415,agreement,0.0373362421668938,0.9988498538732528,0.1561969800747586,0.9950867295265198
agreement_415_a002605,a002605,415,agreement,0.0373362421668938,0.9988498538732528,0.1561969800747586,0.9950867295265198
agreement_416_a002627,a002627,416,agreement,0.0566666600147577,0.9987345151603222,0.0851670949287407,0.9973520115017892
agreement_416_a002638,a002638,416,agreement,0.0311519049525512,0.9990066327154636,0.056699437972735,0.9978363215923308
agreement_419_a002698,a002698,419,agreement,0.010329773973316,0.9994792100042104,0.0601194903928487,0.9983402229845524
agreement_419_a002697,a002697,419,agreement,0.0293164294852476,0.9990943446755408,0.0447033974044,0.9978852570056916
agreement_419_a002701,a002701,419,agreement,0.0420946749014306,0.9985370188951492,0.0851392732222126,0.9971692264080048
agreement_419_a002701,a002701,419,agreement,0.0420946749014306,0.9985370188951492,0.0851392732222126,0.9971692264080048
agreement_419_a002712,a002712,419,agreement,0.0043323966801724,0.9995262096635996,0.0396768781356837,0.9983093217015266
agreement_420_a002738,a002738,420,agreement,0.0275913243028917,0.999096168205142,0.2228907660941639,0.9974244385957718
agreement_420_a002740,a002740,420,agreement,0.0600983134952359,0.9987469911575316,0.2122177777340489,0.9953356683254242
agreement_420_a002738,a002738,420,agreement,0.0275913243028917,0.999096168205142,0.2228907660941639,0.9974244385957718
agreement_423_a002821,a002821,423,agreement,0.2337518396636615,0.997770458459854,0.2943891020644428,0.9949057698249816
agreement_423_a002821,a002821,423,agreement,0.2337518396636615,0.997770458459854,0.2943891020644428,0.9949057698249816
agreement_423_a002821,a002821,423,agreement,0.2337518396636615,0.997770458459854,0.2943891020644428,0.9949057698249816
agreement_424_a002846,a002846,424,agreement,0.0275891725471561,0.9991732127964496,0.025969317154273,0.9985503703355788
agreement_424_a002826,a002826,424,agreement,0.0446938484829311,0.9984260275959967,0.1260621522907126,0.9972227960824966
agreement_424_a002827,a002827,424,agreement,0.0293188425289897,0.9991361275315284,0.0954035088908893,0.9969020932912828
agreement_426_a002894,a002894,426,agreement,0.3073989205820294,0.997580111026764,0.5159531103598681,0.9953454732894896
agreement_426_a002895,a002895,426,agreement,0.975580472969791,0.9991752374917268,0.8597738836883126,0.9964315742254256
agreement_426_a002895,a002895,426,agreement,0.975580472969791,0.9991752374917268,0.8597738836883126,0.9964315742254256
agreement_426_a002895,a002895,426,agreement,0.975580472969791,0.9991752374917268,0.8597738836883126,0.9964315742254256
agreement_429_a002951,a002951,429,agreement,0.2227459927398416,0.9970608204603196,0.2338303648024916,0.9969594776630402
agreement_429_a002951,a002951,429,agreement,0.2227459927398416,0.9970608204603196,0.2338303648024916,0.9969594776630402
agreement_430_a002960,a002960,430,agreement,0.0169184040496068,0.999204996973276,0.1330471321623415,0.9968950599431992
agreement_430_a002978,a002978,430,agreement,0.0330919742512925,0.9990553706884384,0.1481248682722949,0.9972328692674636
agreement_430_a002968,a002968,430,agreement,0.1824591474635223,0.997755005955696,0.1825088194070608,0.9970383197069168
agreement_430_a002968,a002968,430,agreement,0.1824591474635223,0.997755005955696,0.1825088194070608,0.9970383197069168
agreement_430_a002978,a002978,430,agreement,0.0330919742512925,0.9990553706884384,0.1481248682722949,0.9972328692674636
agreement_431_a002994,a002994,431,agreement,0.1480710118112974,0.9979439824819564,0.2122334836523572,0.997057169675827
agreement_431_a002994,a002994,431,agreement,0.1480710118112974,0.9979439824819564,0.2122334836523572,0.997057169675827
agreement_432_a003009,a003009,432,agreement,0.022982514570643,0.9991870615631342,0.1481649341531748,0.9978884607553482
agreement_434_a003064,a003064,434,agreement,0.0275882420954569,0.9992951545864344,0.1645844817119134,0.9965703636407852
agreement_434_a003036,a003036,434,agreement,0.0275901667921789,0.9991365987807512,0.0447016015727955,0.9983105286955832
agreement_434_a003058,a003058,434,agreement,0.5312679422469294,0.9986326992511748,0.1733968406828047,0.997281476855278
agreement_434_a003058,a003058,434,agreement,0.5312679422469294,0.9986326992511748,0.1733968406828047,0.997281476855278
agreement_436_a003091,a003091,436,agreement,0.0637358675903097,0.998583860695362,0.1404442023299463,0.997482255101204
agreement_437_a003112,a003112,437,agreement,0.035154787264116,0.9986426159739494,0.1563341748542957,0.995103433728218
agreement_437_a003120,a003120,437,agreement,0.0179934265583424,0.9992174729704856,0.0601251985835021,0.9979998990893364
agreement_438_a003142,a003142,438,agreement,0.1192273576406817,0.9979427456855774,0.173415056037307,0.9942385107278824
agreement_438_a003133,a003133,438,agreement,0.0420966572379849,0.9991263560950756,0.0503684276915144,0.9979215636849404
agreement_439_a003161,a003161,439,agreement,0.0169177440402142,0.9991734046489,0.0804003752939494,0.9972461983561516
agreement_439_a003181,a003181,439,agreement,0.0566605602960103,0.9989589974284172,0.2570333821351033,0.9970131814479828
agreement_440_a003202,a003202,440,agreement,0.6513999539394992,0.9981158077716829,0.334905686785766,0.9954240024089812
agreement_440_a003196,a003196,440,agreement,0.1919585120133945,0.998277559876442,0.2452705712534802,0.9960857182741164
agreement_440_a003196,a003196,440,agreement,0.1919585120133945,0.998277559876442,0.2452705712534802,0.9960857182741164
agreement_440_a003206,a003206,440,agreement,0.985043186898474,0.9994008140638472,0.7189564427084141,0.99685937166214
agreement_440_a003205,a003205,440,agreement,0.5312454274190032,0.9973988831043245,0.5777814417365467,0.9952293038368224
agreement_441_a003229,a003229,441,agreement,0.9362924188914912,0.9987900629639626,0.8084605683743384,0.996008425951004
agreement_441_a003225,a003225,441,agreement,0.8080807181973967,0.9980574548244476,0.7059342803858093,0.996059149503708
agreement_441_a003223,a003223,441,agreement,0.0275882595390797,0.999207764863968,0.3210322631454705,0.9959360361099244
agreement_443_a003259,a003259,443,agreement,0.0637288961960466,0.9986735731363297,0.0601637765519064,0.9964017048478128
agreement_445_a003309,a003309,445,agreement,0.067560090611127,0.9987346529960632,0.307506737192035,0.9974889159202576
agreement_445_a003309,a003309,445,agreement,0.067560090611127,0.9987346529960632,0.307506737192035,0.9974889159202576
agreement_445_a003302,a003302,445,agreement,0.0191285809579439,0.9988168254494668,0.1733661177592146,0.9974460899829865
agreement_446_a003323,a003323,446,agreement,0.0071227487881262,0.9994811350479722,0.0503535077319372,0.99731532856822
agreement_447_a003344,a003344,447,agreement,0.0140686812806587,0.9993058117106556,0.0276095047606244,0.9983568489551544
agreement_447_a003346,a003346,447,agreement,0.0049062958402047,0.9994875672273338,0.0331088003665792,0.9979945123195648
agreement_447_a003353,a003353,447,agreement,0.033091250807276,0.9988099560141565,0.106731049917002,0.9963755458593369
agreement_447_a003353,a003353,447,agreement,0.033091250807276,0.9988099560141565,0.106731049917002,0.9963755458593369
agreement_447_a003353,a003353,447,agreement,0.033091250807276,0.9988099560141565,0.106731049917002,0.9963755458593369
agreement_448_a003392,a003392,448,agreement,0.7186500444491185,0.9973589479923248,0.4690617021863,0.9965499937534332
agreement_448_a003392,a003392,448,agreement,0.7186500444491185,0.9973589479923248,0.4690617021863,0.9965499937534332
agreement_448_a003370,a003370,448,agreement,0.1008949602265588,0.998368889093399,0.2944423269208903,0.9964492321014404
agreement_448_a003385,a003385,448,agreement,0.9944451568392224,0.9996605017222464,0.8933993785654907,0.9960530176758766
agreement_448_a003392,a003392,448,agreement,0.7186500444491185,0.9973589479923248,0.4690617021863,0.9965499937534332
agreement_448_a003370,a003370,448,agreement,0.1008949602265588,0.998368889093399,0.2944423269208903,0.9964492321014404
agreement_448_a003392,a003392,448,agreement,0.7186500444491185,0.9973589479923248,0.4690617021863,0.9965499937534332
agreement_448_a003392,a003392,448,agreement,0.7186500444491185,0.9973589479923248,0.4690617021863,0.9965499937534332
agreement_449_a003417,a003417,449,agreement,0.039645164066024,0.999119944870472,0.2452426116637672,0.995469480752945
agreement_451_a003483,a003483,451,agreement,0.1192253554373458,0.9986289143562316,0.3210747788697212,0.9970498085021972
agreement_451_a003462,a003462,451,agreement,0.0169175718673933,0.9993562120944262,0.0716331017739448,0.9979954957962036
agreement_451_a003462,a003462,451,agreement,0.0169175718673933,0.9993562120944262,0.0716331017739448,0.9979954957962036
agreement_451_a003483,a003483,451,agreement,0.1192253554373458,0.9986289143562316,0.3210747788697212,0.9970498085021972
agreement_451_a003461,a003461,451,agreement,0.0191275813147177,0.999187458306551,0.1193055415569191,0.997359961271286
agreement_451_a003462,a003462,451,agreement,0.0169175718673933,0.9993562120944262,0.0716331017739448,0.9979954957962036
agreement_452_a003493,a003493,452,agreement,0.0373361397625249,0.998922437429428,0.5003133788055439,0.9976464807987212
agreement_452_a003493,a003493,452,agreement,0.0373361397625249,0.998922437429428,0.5003133788055439,0.9976464807987212
agreement_452_a003493,a003493,452,agreement,0.0373361397625249,0.998922437429428,0.5003133788055439,0.9976464807987212
agreement_452_a003493,a003493,452,agreement,0.0373361397625249,0.998922437429428,0.5003133788055439,0.9976464807987212
agreement_454_a003525,a003525,454,agreement,0.016918815323467,0.9994057379662992,0.156231695474237,0.9969556480646132
agreement_454_a003525,a003525,454,agreement,0.016918815323467,0.9994057379662992,0.156231695474237,0.9969556480646132
agreement_454_a003534,a003534,454,agreement,0.1403607989136586,0.9985608756542206,0.0851823275021835,0.995065987110138
agreement_457_a003596,a003596,457,agreement,0.0566658770607684,0.9985930994153024,0.1734094447902977,0.9966338574886322
agreement_457_a003598,a003598,457,agreement,0.1259458714856966,0.99812550842762,0.126024513944321,0.9977478832006454
agreement_457_a003595,a003595,457,agreement,0.3208699686407688,0.9981274008750916,0.1330459436950731,0.9972177892923356
agreement_457_a003602,a003602,457,agreement,0.0216212104887775,0.9990651980042458,0.0474659314034176,0.9982595555484296
agreement_461_a003662,a003662,461,agreement,0.7058115866226006,0.997054487466812,0.2229145261688759,0.9961529821157457
agreement_461_a003672,a003672,461,agreement,0.4844337992845925,0.9977072775363922,0.6515581576387722,0.9972066581249236
agreement_461_a003660,a003660,461,agreement,0.8670503388519769,0.9982572793960572,0.3925412055777504,0.9958269596099854
agreement_461_a003662,a003662,461,agreement,0.7058115866226006,0.997054487466812,0.2229145261688759,0.9961529821157457
agreement_463_a003717,a003717,463,agreement,0.1192282083897028,0.998716875910759,0.1330578077823549,0.9972233921289444
agreement_463_a003717,a003717,463,agreement,0.1192282083897028,0.998716875910759,0.1330578077823549,0.9972233921289444
agreement_464_a003727,a003727,464,agreement,0.0675596342988791,0.998462937772274,0.1260048354734433,0.9958979189395905
agreement_464_a003724,a003724,464,agreement,0.1561374650374362,0.9974427968263626,0.1067727031743195,0.9971581026911736
agreement_464_a003727,a003727,464,agreement,0.0675596342988791,0.998462937772274,0.1260048354734433,0.9958979189395905
agreement_465_a003762,a003762,465,agreement,0.0169189537472854,0.99927612952888,0.0351685072728827,0.9979254975914956
agreement_465_a003774,a003774,465,agreement,0.0203362361669447,0.99927132204175,0.0293243160808838,0.9985101465135812
agreement_465_a003773,a003773,465,agreement,0.0259620884884139,0.9990811552852392,0.0276016028746961,0.997971946373582
agreement_465_a003774,a003774,465,agreement,0.0203362361669447,0.99927132204175,0.0293243160808838,0.9985101465135812
agreement_465_a003758,a003758,465,agreement,0.4688539027819676,0.9981287717819214,0.1331205839578293,0.9969063699245452
agreement_465_a003748,a003748,465,agreement,0.0216210057040955,0.998960081487894,0.067599876072577,0.9969189390540124
agreement_467_a003810,a003810,467,agreement,0.0293194716785737,0.9993565436452628,0.0396734084727914,0.9985989816486835
agreement_467_a003811,a003811,467,agreement,0.0259636643328952,0.9989365804940462,0.1646119965979438,0.9967189878225328
agreement_468_a003837,a003837,468,agreement,0.015909309727552,0.9994002487510444,0.133027545964793,0.9972982406616212
agreement_468_a003858,a003858,468,agreement,0.0534144609049252,0.998930547386408,0.0503608617755736,0.9979379661381244
agreement_468_a003847,a003847,468,agreement,0.1192299027102922,0.9985573962330818,0.0954019156243022,0.997360847890377
agreement_469_a003864,a003864,469,agreement,0.0446887759883135,0.9988753832876682,0.1733824571457645,0.99735389649868
agreement_469_a003884,a003884,469,agreement,0.6077193048297296,0.997303307056427,0.8083548275244296,0.9971281737089156
agreement_469_a003884,a003884,469,agreement,0.6077193048297296,0.997303307056427,0.8083548275244296,0.9971281737089156
agreement_469_a003892,a003892,469,agreement,0.0293190629383525,0.9990845900028944,0.1920578085339802,0.9977045655250548
agreement_469_a003889,a003889,469,agreement,0.0446903984673487,0.9989141412079334,0.0534403194600244,0.9972216971218586
agreement_469_a003892,a003892,469,agreement,0.0293190629383525,0.9990845900028944,0.1920578085339802,0.9977045655250548
agreement_470_a003904,a003904,470,agreement,0.0637277721100739,0.9987394735217094,0.2019533297999712,0.995952695608139
agreement_470_a003909,a003909,470,agreement,0.7982109412201893,0.9986531734466552,0.2019562922364639,0.9955596476793288
agreement_470_a003909,a003909,470,agreement,0.7982109412201893,0.9986531734466552,0.2019562922364639,0.9955596476793288
agreement_470_a003905,a003905,470,agreement,0.1067097388884686,0.9986157491803168,0.075893110724217,0.997918665409088
agreement_470_a003916,a003916,470,agreement,0.090106147699514,0.9983657449483871,0.1192575996419791,0.997637078166008
agreement_471_a003928,a003928,471,agreement,0.0330930754032969,0.9987665936350822,0.1128785353746764,0.9969268888235092
agreement_471_a003934,a003934,471,agreement,0.1329888895048548,0.9986256957054138,0.1009344447497066,0.9979759752750396
agreement_471_a003919,a003919,471,agreement,0.0091273128770745,0.9994124127551912,0.1260336034276662,0.996800184249878
agreement_472_a003938,a003938,472,agreement,0.0600973051323911,0.9986375421285628,0.2019668451990642,0.9962062537670135
agreement_472_a003948,a003948,472,agreement,0.0159106046059937,0.9992411788553,0.1481412601451662,0.9969037473201752
agreement_472_a003950,a003950,472,agreement,0.029317695631163,0.999128008261323,0.2452750898323908,0.9966756254434586
agreement_474_a003975,a003975,474,agreement,0.0534121737072767,0.9987428821623324,0.1330108609500763,0.9970446825027466
agreement_474_a003975,a003975,474,agreement,0.0534121737072767,0.9987428821623324,0.1330108609500763,0.9970446825027466
agreement_474_a003964,a003964,474,agreement,0.0216210665961445,0.9991882350295782,0.0638084870164962,0.9966752231121064
agreement_474_a003965,a003965,474,agreement,0.0446904433212512,0.9991671293973924,0.071637272756634,0.9975855425000192
agreement_474_a003965,a003965,474,agreement,0.0446904433212512,0.9991671293973924,0.071637272756634,0.9975855425000192
agreement_476_a004001,a004001,476,agreement,0.4533150606764654,0.9976156055927276,0.2452899239168884,0.996593177318573
agreement_476_a004003,a004003,476,agreement,0.1403564183264166,0.998444363474846,0.08041776714766,0.998136006295681
agreement_476_a004001,a004001,476,agreement,0.4533150606764654,0.9976156055927276,0.2452899239168884,0.996593177318573
agreement_477_a004036,a004036,477,agreement,0.0396448947526469,0.9992048181593418,0.1192772104024577,0.9970595389604568
agreement_477_a004011,a004011,477,agreement,0.0071230009781601,0.9995057620108128,0.0351637385576362,0.997897893190384
agreement_477_a004024,a004024,477,agreement,0.0396450352762288,0.9984686225652696,0.0804109718207516,0.9974186941981316
agreement_477_a004036,a004036,477,agreement,0.0396448947526469,0.9992048181593418,0.1192772104024577,0.9970595389604568
agreement_477_a004037,a004037,477,agreement,0.0901072234572648,0.9988334029912947,0.148154089372809,0.9972003251314164
agreement_478_a004059,a004059,478,agreement,0.0311494296881134,0.998827515169978,0.1260068575175574,0.995914340019226
agreement_478_a004057,a004057,478,agreement,0.0803700026015753,0.9983723908662796,0.1009387886079943,0.9974867552518843
agreement_478_a004040,a004040,478,agreement,0.0637332042775459,0.998339295387268,0.0804143127962419,0.9976290836930276
agreement_480_a004079,a004079,480,agreement,0.0132255765074266,0.9993701335042716,0.1404172666687583,0.996718406677246
agreement_480_a004082,a004082,480,agreement,0.1480725536451607,0.9978269189596176,0.1330495951384939,0.9963475316762924
agreement_482_a004140,a004140,482,agreement,0.0191268062253191,0.9992157761007548,0.1009538930415755,0.997857078909874
agreement_485_a004229,a004229,485,agreement,0.983084483758938,0.9994060825556516,0.9497141952132347,0.9981297217309476
agreement_486_a004239,a004239,486,agreement,0.1329896474335065,0.9982756823301316,0.1330459211512104,0.9977375268936156
agreement_487_a004270,a004270,487,agreement,0.0566621882009764,0.998669944703579,0.1067470790593049,0.996585801243782
agreement_488_a004279,a004279,488,agreement,0.0351512302188732,0.9987803399562836,0.1128608407801946,0.996558167040348
agreement_488_a004291,a004291,488,agreement,0.0373351062302283,0.9988588914275168,0.1481516577258587,0.9965180605649948
agreement_488_a004291,a004291,488,agreement,0.0373351062302283,0.9988588914275168,0.1481516577258587,0.9965180605649948
agreement_488_a004291,a004291,488,agreement,0.0373351062302283,0.9988588914275168,0.1481516577258587,0.9965180605649948
agreement_488_a004290,a004290,488,agreement,0.0216204017232443,0.9991938918828964,0.3488390434969661,0.9960509538650512
agreement_488_a004290,a004290,488,agreement,0.0216204017232443,0.9991938918828964,0.3488390434969661,0.9960509538650512
agreement_488_a004291,a004291,488,agreement,0.0373351062302283,0.9988588914275168,0.1481516577258587,0.9965180605649948
agreement_489_a004310,a004310,489,agreement,0.0116894960530651,0.999371404759586,0.0474445829387865,0.9981223605573176
agreement_492_a004360,a004360,492,agreement,0.0474337650210684,0.9989422410726548,0.2338595685002641,0.9967027008533478
agreement_603_a004419,a004419,603,agreement,0.1008980551731413,0.9986383616924286,0.1260311716824224,0.9975179433822632
agreement_603_a004412,a004412,603,agreement,0.0159098476975651,0.9990994073450564,0.0758889751693288,0.9971755519509315
agreement_603_a004415,a004415,603,agreement,0.0259617506756364,0.9986002575606108,0.0566890308203625,0.9959541670978068
agreement_603_a004419,a004419,603,agreement,0.1008980551731413,0.9986383616924286,0.1260311716824224,0.9975179433822632
agreement_603_a004419,a004419,603,agreement,0.1008980551731413,0.9986383616924286,0.1260311716824224,0.9975179433822632
agreement_605_a004458,a004458,605,agreement,0.0169181790136598,0.999104667454958,0.1330617391136495,0.9975797235965728
agreement_608_a004494,a004494,608,agreement,0.5622470067703907,0.9979554116725922,0.1260230466163448,0.9966700226068496
agreement_608_a004514,a004514,608,agreement,0.0396445171258034,0.9990957491099834,0.0601176428794308,0.9982184655964376
agreement_608_a004514,a004514,608,agreement,0.0396445171258034,0.9990957491099834,0.0601176428794308,0.9982184655964376
agreement_608_a004514,a004514,608,agreement,0.0396445171258034,0.9990957491099834,0.0601176428794308,0.9982184655964376
agreement_608_a004505,a004505,608,agreement,0.212098446276798,0.9980350285768508,0.3631341131047139,0.9969196021556854
agreement_608_a004505,a004505,608,agreement,0.212098446276798,0.9980350285768508,0.3631341131047139,0.9969196021556854
agreement_608_a004514,a004514,608,agreement,0.0396445171258034,0.9990957491099834,0.0601176428794308,0.9982184655964376
agreement_609_a004547,a004547,609,agreement,0.0446880140784352,0.9988200552761556,0.1561958472264767,0.9966962933540344
agreement_609_a004521,a004521,609,agreement,0.0244288904299773,0.999158250167966,0.0804200309933135,0.9978117197752
agreement_609_a004524,a004524,609,agreement,0.0116893379765197,0.999296641908586,0.1481429898501211,0.9971622824668884
agreement_609_a004543,a004543,609,agreement,0.0244267650741754,0.9991574175655842,0.0275940564838173,0.998538300395012
agreement_612_a004563,a004563,612,agreement,0.294247535045543,0.9969848096370696,0.245330754848458,0.9967376887798308
agreement_612_a004570,a004570,612,agreement,0.1259567765022912,0.9984942078590392,0.3075260619709409,0.9974675178527832
agreement_615_a004600,a004600,615,agreement,0.0259629514792864,0.9991083536297084,0.2944557595677798,0.9964434504508972
agreement_615_a004580,a004580,615,agreement,0.0124341672943902,0.9994278764352202,0.1825106228490569,0.997808426618576
agreement_615_a004604,a004604,615,agreement,0.029319716461355,0.9990156907588243,0.148119541223019,0.9976460933685304
agreement_615_a004603,a004603,615,agreement,0.0216186430174013,0.999143784865737,0.1192385084578736,0.9981161057949066
agreement_620_a004684,a004684,620,agreement,0.071605799033347,0.9983448088169098,0.0637500980970789,0.997522048652172
agreement_622_a004702,a004702,622,agreement,0.0534158897529235,0.998865120112896,0.4534436199635333,0.997526913881302
agreement_624_a004759,a004759,624,agreement,0.9648572830549188,0.99901232868433,0.7551470548089181,0.9963514655828476
agreement_624_a004759,a004759,624,agreement,0.9648572830549188,0.99901232868433,0.7551470548089181,0.9963514655828476
agreement_624_a004752,a004752,624,agreement,0.8808122442561166,0.998343214392662,0.8083578622119671,0.995987355709076
agreement_625_a004772,a004772,625,agreement,0.1919609517224814,0.9976685494184494,0.1825121669165428,0.9959455877542496
agreement_625_a004791,a004791,625,agreement,0.0191275037473875,0.9991768058389424,0.1733473720681202,0.9977459907531738
agreement_625_a004772,a004772,625,agreement,0.1919609517224814,0.9976685494184494,0.1825121669165428,0.9959455877542496
agreement_627_a004818,a004818,627,agreement,0.0566661425876701,0.9989240281283857,0.2228787599813601,0.9969094097614288
agreement_627_a004832,a004832,627,agreement,0.0259634785488568,0.9991797562688588,0.0851538704787371,0.9977626502513884
agreement_627_a004827,a004827,627,agreement,0.0373354018919825,0.9989437758922576,0.0474811806815683,0.9982090815901756
agreement_627_a004803,a004803,627,agreement,0.0203381867727193,0.9993650615215302,0.0504278537228062,0.9979707710444928
agreement_628_a004838,a004838,628,agreement,0.0149601770248436,0.9992889557033776,0.0954405033251279,0.9973359853029252
agreement_628_a004860,a004860,628,agreement,0.1008947363503579,0.998592048883438,0.0804147343616067,0.9968816190958024
agreement_629_a004870,a004870,629,agreement,0.0085790412840201,0.999460745602846,0.0293286511205181,0.9986315835267304
agreement_632_a004929,a004929,632,agreement,0.0534139116855706,0.9987150579690932,0.0716697010922049,0.9978056252002716
agreement_632_a004931,a004931,632,agreement,0.0373310844111694,0.9988607242703438,0.0534365124583255,0.9975765496492386
agreement_632_a004931,a004931,632,agreement,0.0373310844111694,0.9988607242703438,0.0534365124583255,0.9975765496492386
agreement_632_a004911,a004911,632,agreement,0.1733302291085858,0.9983311742544174,0.23383004675289,0.9966728538274764
agreement_634_a004972,a004972,634,agreement,0.0716117397319114,0.9988666772842408,0.1734093232498598,0.9971663802862168
agreement_634_a004982,a004982,634,agreement,0.016917667977422,0.9993204772472382,0.050353094720963,0.9985420145094396
agreement_636_a005013,a005013,636,agreement,0.8267457345520449,0.998714193701744,0.5314479273183299,0.9956247508525848
agreement_636_a005013,a005013,636,agreement,0.8267457345520449,0.998714193701744,0.5314479273183299,0.9956247508525848
agreement_636_a005017,a005017,636,agreement,0.5312635811299619,0.99673393368721,0.5626664152897491,0.9971399307250975
agreement_636_a005024,a005024,636,agreement,0.8740986220943894,0.9983559846878052,0.6656846043560959,0.995856374502182
agreement_636_a005017,a005017,636,agreement,0.5312635811299619,0.99673393368721,0.5626664152897491,0.9971399307250975
agreement_637_a005047,a005047,637,agreement,0.928416287681031,0.9989701882004738,0.8268471216727911,0.9980228245258332
agreement_637_a005053,a005053,637,agreement,0.9626797039102648,0.9991549588739872,0.8439981861194588,0.9970474541187286
agreement_637_a005041,a005041,637,agreement,0.9688580712692648,0.9992387983947992,0.9197854184232502,0.9978413134813308
agreement_637_a005041,a005041,637,agreement,0.9688580712692648,0.9992387983947992,0.9197854184232502,0.9978413134813308
agreement_637_a005047,a005047,637,agreement,0.928416287681031,0.9989701882004738,0.8268471216727911,0.9980228245258332
agreement_638_a005062,a005062,638,agreement,0.9796675803715656,0.9995567314326764,0.6515878513623538,0.9966985285282136
agreement_640_a005078,a005078,640,agreement,0.9241549223825244,0.9987591058015824,0.8522953125451688,0.99660262465477
agreement_640_a005077,a005077,640,agreement,0.82673637654868,0.997676208615303,0.867247894914939,0.9970867186784744
agreement_640_a005078,a005078,640,agreement,0.9241549223825244,0.9987591058015824,0.8522953125451688,0.99660262465477
agreement_640_a005078,a005078,640,agreement,0.9241549223825244,0.9987591058015824,0.8522953125451688,0.99660262465477
agreement_640_a005078,a005078,640,agreement,0.9241549223825244,0.9987591058015824,0.8522953125451688,0.99660262465477
agreement_640_a005077,a005077,640,agreement,0.82673637654868,0.997676208615303,0.867247894914939,0.9970867186784744
agreement_640_a005078,a005078,640,agreement,0.9241549223825244,0.9987591058015824,0.8522953125451688,0.99660262465477
agreement_640_a005078,a005078,640,agreement,0.9241549223825244,0.9987591058015824,0.8522953125451688,0.99660262465477
agreement_641_a005092,a005092,641,agreement,0.985040669834108,0.9994315654039384,0.904774811743012,0.997326448559761
agreement_641_a005089,a005089,641,agreement,0.4378480767460919,0.9979115128517152,0.3631906572506733,0.9951633810997008
agreement_641_a005092,a005092,641,agreement,0.985040669834108,0.9994315654039384,0.904774811743012,0.997326448559761
agreement_641_a005089,a005089,641,agreement,0.4378480767460919,0.9979115128517152,0.3631906572506733,0.9951633810997008
agreement_649_a005100,a005100,649,agreement,0.5622341165954581,0.9953338801860808,0.4075706675181155,0.9966553151607512
agreement_649_a005110,a005110,649,agreement,0.3073947725973592,0.9978112280368804,0.2452170664348834,0.9969749003648758
agreement_649_a005100,a005100,649,agreement,0.5622341165954581,0.9953338801860808,0.4075706675181155,0.9966553151607512
agreement_650_a005139,a005139,650,agreement,0.1008981037685184,0.9989070370793344,0.4075247000706903,0.996860682964325
agreement_650_a005139,a005139,650,agreement,0.1008981037685184,0.9989070370793344,0.4075247000706903,0.996860682964325
agreement_650_a005139,a005139,650,agreement,0.1008981037685184,0.9989070370793344,0.4075247000706903,0.996860682964325
agreement_659_a005276,a005276,659,agreement,0.9149117707885756,0.9990289434790612,0.8082753681019678,0.9981111884117126
agreement_659_a005289,a005289,659,agreement,0.9241562486691346,0.9987658634781836,0.6228614641622053,0.9939381778240204
agreement_659_a005288,a005288,659,agreement,0.893335133136226,0.9981002733111382,0.7433535620522836,0.9962482750415802
agreement_659_a005276,a005276,659,agreement,0.9149117707885756,0.9990289434790612,0.8082753681019678,0.9981111884117126
agreement_659_a005289,a005289,659,agreement,0.9241562486691346,0.9987658634781836,0.6228614641622053,0.9939381778240204
agreement_659_a005275,a005275,659,agreement,0.8741019314189598,0.9987039268016816,0.706015236794663,0.9970934391021729
agreement_659_a005275,a005275,659,agreement,0.8741019314189598,0.9987039268016816,0.706015236794663,0.9970934391021729
agreement_659_a005289,a005289,659,agreement,0.9241562486691346,0.9987658634781836,0.6228614641622053,0.9939381778240204
agreement_660_a005306,a005306,660,agreement,0.0216198707334021,0.9990961793810128,0.3489278403909889,0.9967865347862244
agreement_660_a005306,a005306,660,agreement,0.0216198707334021,0.9990961793810128,0.3489278403909889,0.9967865347862244
agreement_660_a005306,a005306,660,agreement,0.0216198707334021,0.9990961793810128,0.3489278403909889,0.9967865347862244
agreement_660_a005326,a005326,660,agreement,0.0901170093631103,0.9986563995480536,0.2122294103989673,0.9957886785268784
agreement_661_a005352,a005352,661,agreement,0.987567287337686,0.9994988907128572,0.919722599853399,0.9975188747048378
agreement_661_a005351,a005351,661,agreement,0.9937101079699816,0.9996261852793396,0.9100002866195952,0.9974121525883676
agreement_661_a005340,a005340,661,agreement,0.2942576369876115,0.9984496235847472,0.4535327452404427,0.995987743139267
agreement_661_a005354,a005354,661,agreement,0.3486638200190009,0.9974214136600494,0.4228036342797742,0.9937660396099092
agreement_662_a005373,a005373,662,agreement,0.0159095055283449,0.999380338937044,0.140417491100396,0.9973161816596984
agreement_667_a005473,a005473,667,agreement,0.0803792428249834,0.9986296892166138,0.1481698156556783,0.9970909655094148
agreement_667_a005473,a005473,667,agreement,0.0803792428249834,0.9986296892166138,0.1481698156556783,0.9970909655094148
agreement_667_a005466,a005466,667,agreement,0.053418615179641,0.9988978430628777,0.2019897496926297,0.9975657761096954
agreement_667_a005466,a005466,667,agreement,0.053418615179641,0.9988978430628777,0.2019897496926297,0.9975657761096954
agreement_670_a005529,a005529,670,agreement,0.1824643970286056,0.9981291592121124,0.1562801222274173,0.9968310296535492
agreement_670_a005529,a005529,670,agreement,0.1824643970286056,0.9981291592121124,0.1562801222274173,0.9968310296535492
agreement_680_a005622,a005622,680,agreement,0.8670572885414362,0.9979607611894608,0.6226491470278759,0.9938463270664216
agreement_680_a005631,a005631,680,agreement,0.9284169990050204,0.9984850957989692,0.7983918743379949,0.9950825721025468
agreement_680_a005602,a005602,680,agreement,0.2120984416094798,0.9979891031980516,0.4380334914266147,0.9949582815170288
agreement_680_a005631,a005631,680,agreement,0.9284169990050204,0.9984850957989692,0.7983918743379949,0.9950825721025468
agreement_684_a005687,a005687,684,agreement,0.1259474676641414,0.997890904545784,0.2691834692088944,0.9951227903366088
agreement_688_a005741,a005741,688,agreement,0.8355079762781309,0.9979524314403534,0.8521304684879291,0.996778279542923
agreement_688_a005732,a005732,688,agreement,0.8991387976127357,0.9990221560001372,0.755184095123206,0.9964939951896667
agreement_688_a005732,a005732,688,agreement,0.8991387976127357,0.9990221560001372,0.755184095123206,0.9964939951896667
agreement_688_a005732,a005732,688,agreement,0.8991387976127357,0.9990221560001372,0.755184095123206,0.9964939951896667
agreement_698_a005907,a005907,698,agreement,0.8596819176657344,0.9988914132118224,0.4227708033286945,0.9967890381813048
agreement_698_a005919,a005919,698,agreement,0.5622201921748756,0.9977920353412628,0.6793615750112896,0.9954164922237396
agreement_698_a005914,a005914,698,agreement,0.9937104285010712,0.9996083481237292,0.9755932042232608,0.9985096342861652
agreement_698_a005907,a005907,698,agreement,0.8596819176657344,0.9988914132118224,0.4227708033286945,0.9967890381813048
agreement_698_a005917,a005917,698,agreement,0.7982042244057058,0.9982104748487473,0.8082299899820128,0.9958478063344957
agreement_698_a005917,a005917,698,agreement,0.7982042244057058,0.9982104748487473,0.8082299899820128,0.9958478063344957
agreement_698_a005921,a005921,698,agreement,0.9783844884059658,0.9993443693965672,0.9325456134912062,0.9974087029695512
agreement_698_a005896,a005896,698,agreement,0.7432089617697006,0.9981220364570618,0.422644343486012,0.9972547590732574
agreement_698_a005914,a005914,698,agreement,0.9937104285010712,0.9996083481237292,0.9755932042232608,0.9985096342861652
agreement_698_a005921,a005921,698,agreement,0.9783844884059658,0.9993443693965672,0.9325456134912062,0.9974087029695512
agreement_698_a005928,a005928,698,agreement,0.5927381571811913,0.997292160987854,0.4380185452014402,0.9975256621837616
agreement_705_a005969,a005969,705,agreement,0.9859389463625928,0.9994753338396548,0.919778297288594,0.9970979690551758
agreement_707_a005988,a005988,707,agreement,0.0373347162329931,0.9991506077349186,0.2121829506281782,0.9976036995649338
agreement_708_a006009,a006009,708,agreement,0.0132252626420121,0.9993025865405798,0.1404393727632599,0.997085139155388
agreement_712_a006073,a006073,712,agreement,0.3630335563789732,0.997018337249756,0.0716425013444331,0.99708291888237
agreement_712_a006066,a006066,712,agreement,0.0169181644373222,0.999343778938055,0.0421127327610392,0.9983982890844344
agreement_712_a006066,a006066,712,agreement,0.0169181644373222,0.999343778938055,0.0421127327610392,0.9983982890844344
agreement_712_a006073,a006073,712,agreement,0.3630335563789732,0.997018337249756,0.0716425013444331,0.99708291888237
agreement_713_a006094,a006094,713,agreement,0.0420978962290654,0.998840857297182,0.2228453645637405,0.9975067526102066
agreement_713_a006094,a006094,713,agreement,0.0420978962290654,0.998840857297182,0.2228453645637405,0.9975067526102066
agreement_713_a006094,a006094,713,agreement,0.0420978962290654,0.998840857297182,0.2228453645637405,0.9975067526102066
agreement_716_a006150,a006150,716,agreement,0.9840949178132632,0.9994609449058772,0.9604446960579072,0.9984074234962464
agreement_716_a006150,a006150,716,agreement,0.9840949178132632,0.9994609449058772,0.9604446960579072,0.9984074234962464
agreement_716_a006145,a006145,716,agreement,0.5000801069377812,0.9977890849113464,0.6793833000062293,0.9956189095973969
agreement_717_a006167,a006167,717,agreement,0.0420949204194391,0.9990863390266896,0.2122018552211633,0.997023344039917
agreement_717_a006167,a006167,717,agreement,0.0420949204194391,0.9990863390266896,0.2122018552211633,0.997023344039917
agreement_718_a006210,a006210,718,agreement,0.3487169579167324,0.9984693229198456,0.1920088330144047,0.9978717416524888
